District,S.No.,Parameters,Type,April - Total [(A+B) or (C+D)],April - Public [A],April - Private [B],April - Urban [C],April - Rural [D],May - Total [(A+B) or (C+D)],May - Public [A],May - Private [B],May - Urban [C],May - Rural [D],June - Total [(A+B) or (C+D)],June - Public [A],June - Private [B],June - Urban [C],June - Rural [D],July - Total [(A+B) or (C+D)],July - Public [A],July - Private [B],July - Urban [C],July - Rural [D],August - Total [(A+B) or (C+D)],August - Public [A],August - Private [B],August - Urban [C],August - Rural [D],September - Total [(A+B) or (C+D)],September - Public [A],September - Private [B],September - Urban [C],September - Rural [D],October - Total [(A+B) or (C+D)],October - Public [A],October - Private [B],October - Urban [C],October - Rural [D],November - Total [(A+B) or (C+D)],November - Public [A],November - Private [B],November - Urban [C],November - Rural [D],December - Total [(A+B) or (C+D)],December - Public [A],December - Private [B],December - Urban [C],December - Rural [D],January - Total [(A+B) or (C+D)],January - Public [A],January - Private [B],January - Urban [C],January - Rural [D],February - Total [(A+B) or (C+D)],February - Public [A],February - Private [B],February - Urban [C],February - Rural [D],March - Total [(A+B) or (C+D)],March - Public [A],March - Private [B],March - Urban [C],March - Rural [D],Total - Total [(A+B) or (C+D)],Total - Public [A],Total - Private [B],Total - Urban [C],Total - Rural [D]
Karaikal,'1.1',Total number of pregnant women registered for ANC,TOTAL,514,499,15,86,428,569,552,17,94,475,463,451,12,87,376,476,468,8,73,403,402,392,10,70,332,425,419,6,69,356,445,431,14,84,361,518,503,15,98,420,492,480,12,94,398,554,544,10,116,438,556,547,9,103,453,399,389,10,80,319,5813,5675,138,1054,4759
Karaikal,'1.1.1',"Out of the total ANC registered, number registered within 1st trimester (within 12 weeks)",TOTAL,302,287,15,63,239,319,304,15,69,250,261,251,10,59,202,224,216,8,44,180,194,184,10,44,150,232,226,6,20,212,302,288,14,67,235,362,348,14,75,287,315,305,10,61,254,338,329,9,82,256,338,329,9,82,256,232,232,0,48,184,3419,3299,120,714,2705
Karaikal,'1.2.1',Number of PW given TT1,TOTAL,176,166,10,47,129,215,200,15,69,146,188,178,10,64,124,175,167,8,65,110,152,142,10,42,110,160,154,6,47,113,185,171,14,55,130,211,197,14,69,142,180,170,10,63,117,211,202,9,68,143,247,238,9,93,154,161,153,8,53,108,2261,2138,123,735,1526
Karaikal,'1.2.2',Number of PW given TT2,TOTAL,187,177,10,59,128,175,160,15,63,112,216,206,10,76,140,208,200,8,76,132,176,166,10,62,114,141,135,6,45,96,145,135,10,46,99,157,143,14,50,107,169,159,10,61,108,205,196,9,76,129,181,172,9,77,104,217,209,8,89,128,2177,2058,119,780,1397
Karaikal,'1.2.3',Number of PW given TT Booster,TOTAL,4,4,0,1,3,10,8,2,4,6,4,4,0,1,3,13,13,0,6,7,12,12,0,5,7,33,33,0,24,9,4,4,0,2,2,10,9,1,3,7,5,5,0,1,4,17,17,0,4,13,20,20,0,7,13,7,7,0,2,5,139,136,3,60,79
Karaikal,'1.2.4',Number of PW given 180 Iron Folic Acid (IFA) tablets,TOTAL,212,212,0,75,137,217,217,0,72,145,254,254,0,68,186,213,213,0,70,143,194,194,0,79,115,196,196,0,31,165,207,207,0,66,141,212,212,0,76,136,200,200,0,56,144,177,177,0,57,120,247,247,0,67,180,161,161,0,46,115,2490,2490,0,763,1727
Karaikal,'1.2.5',Number of PW given 360 Calcium tablets,TOTAL,218,218,0,73,145,223,223,0,72,151,221,221,0,68,153,202,202,0,70,132,180,180,0,79,101,209,209,0,66,143,143,143,0,21,122,210,210,0,76,134,195,195,0,56,139,184,184,0,57,127,197,197,0,67,130,151,151,0,46,105,2333,2333,0,751,1582
Karaikal,'1.2.6',Number of PW given one Albendazole tablet after 1st trimester,TOTAL,141,141,0,61,80,136,136,0,53,83,152,152,0,54,98,151,151,0,62,89,103,103,0,45,58,88,88,0,18,70,131,131,0,46,85,118,118,0,43,75,163,163,0,51,112,129,129,0,54,75,143,143,0,55,88,99,99,0,48,51,1554,1554,0,590,964
Karaikal,'1.2.7',Number of PW received 4 or more ANC check ups,TOTAL,830,820,10,113,717,898,883,15,119,779,790,780,10,105,685,797,789,8,119,678,796,796,0,88,708,709,705,4,73,636,723,723,0,69,654,737,723,14,94,643,672,662,10,88,584,622,622,0,82,540,703,703,0,82,621,631,631,0,53,578,8908,8837,71,1085,7823
Karaikal,'1.2.8',Number of PW given ANC Corticosteroids in Pre Term Labour,TOTAL,5,4,1,1,4,6,6,0,0,6,10,9,1,1,9,5,4,1,1,4,4,2,2,2,2,6,6,0,0,6,4,4,0,0,4,8,8,0,0,8,12,12,0,0,12,3,3,0,0,3,5,3,2,2,3,8,7,1,1,7,76,68,8,8,68
Karaikal,'1.3.1',New cases of PW with hypertension detected,TOTAL,11,11,0,0,11,14,13,1,1,13,14,13,1,1,13,12,11,1,1,11,13,12,1,1,12,11,11,0,0,11,7,7,0,0,7,7,6,1,1,6,10,10,0,0,10,8,7,1,2,6,7,6,1,1,6,9,8,1,1,8,123,115,8,9,114
Karaikal,'1.3.1.a',"Out of the new cases of PW with hypertension detected, cases managed at institution",TOTAL,11,11,0,0,11,14,13,1,1,13,10,9,1,1,9,12,11,1,1,11,12,11,1,1,11,11,11,0,0,11,7,7,0,0,7,6,6,0,0,6,10,10,0,0,10,8,7,1,2,6,7,6,1,1,6,9,8,1,1,8,117,110,7,8,109
Karaikal,'1.3.2',Number of Eclampsia cases managed during delivery,TOTAL,0,0,0,0,0,0,0,0,0,0,0,0,0,0,0,0,0,0,0,0,1,1,0,0,1,2,2,0,0,2,1,1,0,0,1,2,2,0,0,2,0,0,0,0,0,1,1,0,0,1,3,3,0,0,3,3,3,0,0,3,13,13,0,0,13
Karaikal,'1.4.1',Number of PW tested for Haemoglobin (Hb ) 4 or more than 4 times for respective ANCs,TOTAL,178,168,10,14,164,238,223,15,53,185,191,181,10,22,169,191,183,8,25,166,168,158,10,34,134,184,178,6,16,168,144,130,14,19,125,213,199,14,14,199,147,147,0,6,141,131,121,10,20,111,224,215,9,17,207,91,83,8,13,78,2100,1986,114,253,1847
Karaikal,'1.4.2',Number of PW having Hb level<11 (tested cases)(7.1 to 10.9),TOTAL,269,266,3,44,225,238,228,10,54,184,248,242,6,71,177,250,248,2,65,185,233,231,2,67,166,217,215,2,56,161,261,259,2,105,156,281,281,0,75,206,293,293,0,95,198,299,290,9,109,190,310,310,0,124,186,246,244,2,79,167,3145,3107,38,944,2201
Karaikal,'1.4.3',Number of PW having Hb level<7 (tested cases),TOTAL,7,4,3,4,3,3,3,0,2,1,4,3,1,2,2,2,2,0,0,2,1,1,0,0,1,30,29,1,28,2,2,2,0,2,0,9,9,0,0,9,3,3,0,2,1,9,7,2,7,2,2,2,0,2,0,2,2,0,2,0,74,67,7,51,23
Karaikal,'1.4.4',Number of PW having severe anaemia (Hb<7) treated,TOTAL,3,3,0,1,2,0,0,0,0,0,0,0,0,0,0,2,2,0,0,2,1,1,0,0,1,0,0,0,0,0,0,0,0,0,0,1,1,0,0,1,1,1,0,0,1,3,3,0,1,2,0,0,0,0,0,0,0,0,0,0,11,11,0,2,9
Karaikal,'1.5.1',Number of PW tested for blood sugar using OGTT (Oral Glucose Tolerance Test),TOTAL,12,2,10,10,2,23,8,15,15,8,28,18,10,11,17,16,8,8,8,8,16,6,10,11,5,8,8,0,1,7,23,9,14,14,9,21,7,14,14,7,6,6,0,0,6,22,13,9,10,12,49,40,9,10,39,38,30,8,8,30,262,155,107,112,150
Karaikal,'1.5.2',Number of PW tested positive for GDM,TOTAL,1,1,0,0,1,5,3,2,2,3,7,7,0,0,7,2,2,0,0,2,2,2,0,0,2,6,6,0,0,6,13,13,0,0,13,4,4,0,0,4,3,3,0,0,3,1,1,0,0,1,2,2,0,0,2,2,2,0,0,2,48,46,2,2,46
Karaikal,'1.5.3',Number of PW given insulin out of total tested positive for GDM,TOTAL,1,1,0,0,1,5,3,2,2,3,5,5,0,0,5,2,2,0,0,2,1,1,0,0,1,3,3,0,0,3,3,3,0,0,3,3,3,0,0,3,3,3,0,0,3,1,1,0,0,1,2,2,0,0,2,0,0,0,0,0,29,27,2,2,27
Karaikal,'1.6.1.a',Number of PW tested using POC test for Syphilis,TOTAL,0,0,NA,NA,0,0,0,NA,NA,0,21,21,NA,NA,21,30,30,NA,NA,30,31,31,NA,NA,31,29,29,NA,NA,29,21,21,NA,NA,21,34,34,NA,NA,34,33,33,NA,NA,33,19,19,NA,NA,19,26,26,NA,NA,26,18,18,NA,NA,18,262,262,NA,NA,262
Karaikal,'1.6.1.b',"Out of above, number of PW found sero positive for syphilis",TOTAL,0,0,NA,NA,0,0,0,NA,NA,0,0,0,NA,NA,0,0,0,NA,NA,0,0,0,NA,NA,0,0,0,NA,NA,0,0,0,NA,NA,0,0,0,NA,NA,0,5,5,NA,NA,5,0,0,NA,NA,0,4,4,NA,NA,4,7,7,NA,NA,7,16,16,NA,NA,16
Karaikal,'1.6.2.a',Number of pregnant women tested for Syphilis,TOTAL,412,402,10,23,389,436,421,15,46,390,413,403,10,34,379,418,410,8,45,373,355,342,13,49,306,330,324,6,27,303,382,368,14,57,325,394,380,14,31,363,387,387,0,20,367,381,381,0,50,331,489,480,9,55,434,293,293,0,20,273,4690,4591,99,457,4233
Karaikal,'1.6.2.b',Number of pregnant women tested found sero positive for Syphilis,TOTAL,0,0,0,0,0,0,0,0,0,0,0,0,0,0,0,0,0,0,0,0,0,0,0,0,0,0,0,0,0,0,0,0,0,0,0,0,0,0,0,0,0,0,0,0,0,0,0,0,0,0,1,1,0,0,1,0,0,0,0,0,1,1,0,0,1
Karaikal,'1.6.2.c',Number of syphilis positive pregnant women treated for Syphilis,TOTAL,0,0,0,0,0,0,0,0,0,0,0,0,0,0,0,0,0,0,0,0,0,0,0,0,0,0,0,0,0,0,0,0,0,0,0,0,0,0,0,0,0,0,0,0,0,0,0,0,0,0,1,1,0,0,1,0,0,0,0,0,1,1,0,0,1
Karaikal,'1.6.2.d',Number of babies diagnosed with Congenital Syphilis,TOTAL,0,0,0,0,0,0,0,0,0,0,0,0,0,0,0,0,0,0,0,0,0,0,0,0,0,0,0,0,0,0,0,0,0,0,0,0,0,0,0,0,0,0,0,0,0,0,0,0,0,0,0,0,0,0,0,0,0,0,0,0,0,0,0,0,0
Karaikal,'1.6.2.e',Number of babies treated for congenital Syphilis,TOTAL,0,0,0,0,0,0,0,0,0,0,0,0,0,0,0,0,0,0,0,0,0,0,0,0,0,0,0,0,0,0,0,0,0,0,0,0,0,0,0,0,0,0,0,0,0,0,0,0,0,0,0,0,0,0,0,0,0,0,0,0,0,0,0,0,0
Karaikal,'2.1.1.a',Number of Home Deliveries attended by Skill Birth Attendant(SBA) (Doctor/Nurse/ANM),TOTAL,0,0,NA,0,0,0,0,NA,0,0,0,0,NA,0,0,0,0,NA,0,0,0,0,NA,0,0,0,0,NA,0,0,0,0,NA,0,0,0,0,NA,0,0,0,0,NA,0,0,0,0,NA,0,0,0,0,NA,0,0,0,0,NA,0,0,0,0,NA,0,0
Karaikal,'2.1.1.b',Number of Home Deliveries attended by Non SBA (Trained Birth Attendant(TBA) /Relatives/etc.),TOTAL,0,0,NA,0,0,0,0,NA,0,0,0,0,NA,0,0,0,0,NA,0,0,0,0,NA,0,0,0,0,NA,0,0,0,0,NA,0,0,0,0,NA,0,0,0,0,NA,0,0,0,0,NA,0,0,0,0,NA,0,0,0,0,NA,0,0,0,0,NA,0,0
Karaikal,'2.1.2',Number of PW given Tablet Misoprostol during home delivery,TOTAL,0,0,NA,0,0,0,0,NA,0,0,0,0,NA,0,0,0,0,NA,0,0,0,0,NA,0,0,0,0,NA,0,0,0,0,NA,0,0,0,0,NA,0,0,0,0,NA,0,0,0,0,NA,0,0,0,0,NA,0,0,0,0,NA,0,0,0,0,NA,0,0
Karaikal,'2.1.3',Number of newborns received 7 Home Based Newborn Care (HBNC) visits in case of Home delivery,TOTAL,0,0,NA,0,0,0,0,NA,0,0,0,0,NA,0,0,0,0,NA,0,0,0,0,NA,0,0,0,0,NA,0,0,0,0,NA,0,0,0,0,NA,0,0,0,0,NA,0,0,0,0,NA,0,0,0,0,NA,0,0,0,0,NA,0,0,0,0,NA,0,0
Karaikal,'2.2',Number of Institutional Deliveries conducted (Including C-Sections),TOTAL,269,160,109,109,160,353,192,161,161,192,318,185,133,133,185,298,173,125,125,173,245,136,109,109,136,303,184,119,119,184,334,200,134,134,200,320,195,125,125,195,265,168,97,97,168,211,122,89,89,122,195,106,89,89,106,228,137,91,91,137,3339,1958,1381,1381,1958
Karaikal,'2.2.1',Out of total institutional deliveries number of women discharged within 48 hours of delivery,TOTAL,20,0,20,20,0,41,0,41,41,0,55,15,40,40,15,41,12,29,29,12,29,7,22,22,7,41,9,32,32,9,41,3,38,38,3,49,4,45,45,4,26,3,23,23,3,26,2,24,24,2,28,2,26,26,2,46,21,25,25,21,443,78,365,365,78
Karaikal,'2.2.2',Number of newborns received 6 HBNC  visits after Institutional Delivery,TOTAL,51,48,3,41,10,48,48,0,37,11,62,62,0,34,28,105,105,0,53,52,65,65,0,40,25,79,79,0,44,35,75,75,0,39,36,87,87,0,42,45,106,106,0,55,51,99,99,0,57,42,78,78,0,43,35,52,52,0,32,20,907,904,3,517,390
Karaikal,'3.1',Total C -Section deliveries performed,TOTAL,187,99,88,88,99,230,113,117,117,113,214,124,90,90,124,210,115,95,95,115,174,88,86,86,88,203,117,86,86,117,215,120,95,95,120,209,130,79,79,130,173,100,73,73,100,139,75,64,64,75,129,67,62,62,67,145,79,66,66,79,2228,1227,1001,1001,1227
Karaikal,'3.1.1',"C-sections, performed at night (8 PM- 8 AM)",TOTAL,62,27,35,35,27,108,38,70,70,38,99,43,56,56,43,86,26,60,60,26,57,27,30,30,27,82,30,52,52,30,79,39,40,40,39,85,52,33,33,52,76,38,38,38,38,60,24,36,36,24,69,24,45,45,24,68,29,39,39,29,931,397,534,534,397
Karaikal,'4.1.1.a',Live Birth - Male,TOTAL,141,77,64,64,77,179,98,81,81,98,155,93,62,62,93,151,92,59,59,92,119,62,57,57,62,161,98,63,63,98,160,94,66,66,94,162,101,61,61,101,146,100,46,46,100,107,62,45,45,62,103,61,42,42,61,111,61,50,50,61,1695,999,696,696,999
Karaikal,'4.1.1.b',Live Birth - Female,TOTAL,129,83,46,46,83,174,91,83,83,91,163,92,71,71,92,147,80,67,67,80,126,74,52,52,74,145,88,57,57,88,175,107,68,68,107,161,96,65,65,96,118,66,52,52,66,104,60,44,44,60,91,43,48,48,43,114,73,41,41,73,1647,953,694,694,953
Karaikal,'4.1.2',Number of Pre term newborns ( < 37 weeks of pregnancy),TOTAL,7,3,4,4,3,9,6,3,3,6,9,9,0,0,9,3,2,1,1,2,3,2,1,1,2,7,6,1,1,6,4,4,0,0,4,9,8,1,1,8,9,9,0,0,9,3,3,0,0,3,3,3,0,0,3,8,7,1,1,7,74,62,12,12,62
Karaikal,'4.1.3',Still Birth,TOTAL,1,1,0,0,1,3,3,0,0,3,3,1,2,2,1,3,2,1,1,2,1,0,1,1,0,1,0,1,1,0,1,1,0,0,1,1,1,0,0,1,4,3,1,1,3,0,0,0,0,0,2,2,0,0,2,3,3,0,0,3,23,17,6,6,17
Karaikal,'4.2',Abortion (spontaneous),TOTAL,18,14,4,4,14,5,3,2,2,3,15,10,5,5,10,18,9,9,9,9,11,7,4,4,7,12,6,6,6,6,13,10,3,3,10,18,13,5,5,13,21,15,6,6,15,14,11,3,3,11,28,15,13,14,14,17,12,5,5,12,190,125,65,66,124
Karaikal,'4.3.1.a',MTP up to 12 weeks of pregnancy,TOTAL,12,2,10,10,2,14,3,11,11,3,9,2,7,7,2,12,2,10,10,2,3,3,0,0,3,12,1,11,11,1,11,0,11,11,0,12,1,11,11,1,14,4,10,10,4,12,2,10,10,2,13,3,10,10,3,16,5,11,11,5,140,28,112,112,28
Karaikal,'4.3.1.b',MTP more than 12 weeks of pregnancy,TOTAL,0,0,0,0,0,1,0,1,1,0,0,0,0,0,0,0,0,0,0,0,4,0,4,4,0,0,0,0,0,0,1,0,1,1,0,0,0,0,0,0,0,0,0,0,0,0,0,0,0,0,0,0,0,0,0,0,0,0,0,0,6,0,6,6,0
Karaikal,'4.3.2.a',Post Abortion/ MTP Complications Identified,TOTAL,0,0,0,0,0,0,0,0,0,0,0,0,0,0,0,0,0,0,0,0,0,0,0,0,0,0,0,0,0,0,0,0,0,0,0,0,0,0,0,0,0,0,0,0,0,0,0,0,0,0,0,0,0,0,0,0,0,0,0,0,0,0,0,0,0
Karaikal,'4.3.2.b',Post Abortion/ MTP Complications Treated,TOTAL,0,0,0,0,0,0,0,0,0,0,0,0,0,0,0,0,0,0,0,0,0,0,0,0,0,0,0,0,0,0,0,0,0,0,0,0,0,0,0,0,0,0,0,0,0,0,0,0,0,0,0,0,0,0,0,0,0,0,0,0,0,0,0,0,0
Karaikal,'4.3.3',Number of women provided with post abortion/ MTP contraception,TOTAL,0,0,0,0,0,0,0,0,0,0,0,0,0,0,0,0,0,0,0,0,0,0,0,0,0,0,0,0,0,0,0,0,0,0,0,0,0,0,0,0,0,0,0,0,0,0,0,0,0,0,0,0,0,0,0,0,0,0,0,0,0,0,0,0,0
Karaikal,'4.4.1',Number of newborns weighed at birth,TOTAL,270,160,110,110,160,344,189,155,155,189,310,186,124,124,186,300,174,126,126,174,245,136,109,109,136,306,186,120,120,186,335,201,134,134,201,323,197,126,126,197,263,166,97,97,166,211,122,89,89,122,194,104,90,90,104,225,134,91,91,134,3326,1955,1371,1371,1955
Karaikal,'4.4.2',Number of newborns having weight less than 2.5 kg,TOTAL,28,13,15,15,13,23,11,12,12,11,40,28,12,12,28,25,8,17,17,8,37,17,20,20,17,32,23,9,9,23,44,27,17,17,27,42,24,18,18,24,39,25,14,14,25,31,21,10,10,21,16,10,6,6,10,24,9,15,15,9,381,216,165,165,216
Karaikal,'4.4.3',Number of Newborns breast fed within 1 hour of birth ,TOTAL,268,158,110,110,158,353,189,164,164,189,309,185,124,124,185,298,172,126,126,172,245,136,109,109,136,305,185,120,120,185,335,201,134,134,201,313,187,126,126,187,206,109,97,97,109,142,53,89,89,53,162,72,90,90,72,175,84,91,91,84,3111,1731,1380,1380,1731
Karaikal,'5.1',"Number of cases of pregnant women with Obstetric Complications attended (Antepartum haemorrhage (APH), Post-Partum Hemorrhage (PPH), Sepsis, Eclampsia and others)",TOTAL,108,108,0,0,108,115,112,3,3,112,133,130,3,3,130,108,108,0,0,108,85,85,0,0,85,120,120,0,0,120,92,92,0,0,92,76,72,4,4,72,56,52,4,4,52,25,22,3,3,22,28,24,4,4,24,58,53,5,5,53,1004,978,26,26,978
Karaikal,'5.2',Number of Complicated pregnancies treated with Blood Transfusion,TOTAL,55,55,0,0,55,45,42,3,3,42,76,73,3,3,73,58,55,3,3,55,67,64,3,3,64,52,49,3,3,49,52,49,3,3,49,34,30,4,4,30,56,52,4,4,52,3,0,3,3,0,28,24,4,4,24,58,53,5,5,53,584,546,38,38,546
Karaikal,'6.1',Women receiving 1st post partum checkup within 48 hours of home delivery,TOTAL,0,0,0,0,0,0,0,0,0,0,0,0,0,0,0,0,0,0,0,0,0,0,0,0,0,0,0,0,0,0,0,0,0,0,0,0,0,0,0,0,0,0,0,0,0,0,0,0,0,0,0,0,0,0,0,0,0,0,0,0,0,0,0,0,0
Karaikal,'6.2',Women receiving 1st post partum checkup between 48 hours and 14 days,TOTAL,227,146,81,133,94,233,218,15,87,146,213,203,10,77,136,227,219,8,94,133,181,171,10,71,110,175,169,6,59,116,238,238,0,98,140,255,245,10,112,143,174,164,10,27,147,134,134,0,19,115,126,119,7,29,97,128,120,8,27,101,2311,2146,165,833,1478
Karaikal,'6.3',Number of mothers provided full course of 180 IFA tablets after delivery,TOTAL,135,135,0,62,73,178,178,0,62,116,157,157,0,51,106,175,175,0,65,110,157,147,10,55,102,182,176,6,59,123,214,214,0,70,144,202,202,0,76,126,185,185,0,61,124,157,157,0,72,85,200,193,7,66,134,135,135,0,52,83,2077,2054,23,751,1326
Karaikal,'6.4',Number of mothers provided 360 Calcium tablets after delivery,TOTAL,136,136,0,62,74,187,187,0,62,125,147,147,0,51,96,165,165,0,65,100,133,133,0,45,88,139,139,0,26,113,148,148,0,29,119,190,190,0,76,114,178,178,0,61,117,141,141,0,72,69,181,181,0,59,122,131,131,0,52,79,1876,1876,0,660,1216
Karaikal,'7.1.1',New RTI/STI cases identified - Male,TOTAL,261,261,0,2,259,223,223,0,0,223,2,2,0,0,2,0,0,0,0,0,3,3,0,0,3,1,1,0,0,1,1,1,0,0,1,0,0,0,0,0,1,1,0,0,1,0,0,0,0,0,5,5,0,0,5,0,0,0,0,0,497,497,0,2,495
Karaikal,'7.1.2',New RTI/STI cases identified - Female,TOTAL,330,330,0,50,280,318,318,0,51,267,182,182,0,51,131,141,141,0,52,89,138,138,0,47,91,145,145,0,46,99,147,147,0,46,101,136,136,0,51,85,137,137,0,49,88,125,125,0,46,79,142,142,0,44,98,113,113,0,32,81,2054,2054,0,565,1489
Karaikal,'7.2.1',RTI/STI for which treatment initiated - Male,TOTAL,261,261,0,2,259,223,223,0,0,223,2,2,0,0,2,0,0,0,0,0,0,0,0,0,0,1,1,0,0,1,1,1,0,0,1,0,0,0,0,0,1,1,0,0,1,0,0,0,0,0,0,0,0,0,0,0,0,0,0,0,489,489,0,2,487
Karaikal,'7.2.2',RTI/STI for which treatment initiated -Female,TOTAL,275,275,0,19,256,234,234,0,9,225,110,110,0,15,95,83,83,0,14,69,81,81,0,12,69,95,95,0,15,80,115,115,0,14,101,105,105,0,20,85,106,106,0,18,88,94,94,0,15,79,91,91,0,15,76,78,78,0,11,67,1467,1467,0,177,1290
Karaikal,'8.1.1',Number of Non Scalpel Vasectomy (NSV) / Conventional Vasectomy conducted,TOTAL,0,0,0,0,0,0,0,0,0,0,0,0,0,0,0,0,0,0,0,0,0,0,0,0,0,0,0,0,0,0,0,0,0,0,0,0,0,0,0,0,0,0,0,0,0,0,0,0,0,0,0,0,0,0,0,0,0,0,0,0,0,0,0,0,0
Karaikal,'8.2.1',Number of Laparoscopic sterilizations (excluding post abortion) conducted,TOTAL,0,0,0,0,0,0,0,0,0,0,1,0,1,1,0,2,0,2,2,0,3,0,3,3,0,0,0,0,0,0,1,0,1,1,0,0,0,0,0,0,0,0,0,0,0,0,0,0,0,0,0,0,0,0,0,0,0,0,0,0,7,0,7,7,0
Karaikal,'8.2.2',Number of Interval Mini-lap (other than post-partum and post abortion) sterilizations conducted,TOTAL,2,0,2,2,0,2,0,2,2,0,3,3,0,0,3,1,1,0,0,1,3,3,0,0,3,5,2,3,3,2,2,2,0,0,2,1,1,0,0,1,5,0,5,5,0,0,0,0,0,0,2,2,0,0,2,2,0,2,2,0,28,14,14,14,14
Karaikal,'8.2.3',Number of Postpartum sterilizations (within 7 days of delivery by minilap or concurrent with caesarean section) conducted,TOTAL,74,52,22,22,52,54,36,18,18,36,41,29,12,12,29,63,48,15,15,48,24,24,0,0,24,47,47,0,0,47,39,39,0,0,39,65,65,0,0,65,44,43,1,1,43,28,27,1,1,27,33,33,0,0,33,26,10,16,16,10,538,453,85,85,453
Karaikal,'8.2.4',Number of Post Abortion sterilizations (within 7 days of spontaneous or surgical abortion) conducted,TOTAL,2,2,0,0,2,4,3,1,1,3,2,2,0,0,2,2,2,0,0,2,15,3,12,12,3,14,1,13,13,1,18,0,18,18,0,13,1,12,12,1,9,4,5,5,4,16,2,14,14,2,21,3,18,18,3,5,5,0,0,5,121,28,93,93,28
Karaikal,'8.3',Number of Interval IUCD Insertions (excluding PPIUCD and PAIUCD),TOTAL,8,8,0,0,8,14,7,7,7,7,8,2,6,6,2,11,5,6,6,5,14,4,10,10,4,1,1,0,0,1,3,3,0,0,3,16,10,6,7,9,18,8,10,10,8,16,6,10,10,6,7,7,0,0,7,5,5,0,0,5,121,66,55,56,65
Karaikal,'8.4',Number of Postpartum (within 48 hours of delivery) IUCD insertions,TOTAL,8,2,6,6,2,0,0,0,0,0,1,1,0,0,1,1,1,0,0,1,1,1,0,0,1,0,0,0,0,0,10,0,10,10,0,3,3,0,0,3,1,1,0,0,1,1,1,0,0,1,0,0,0,0,0,4,4,0,0,4,30,14,16,16,14
Karaikal,'8.5',Number of Post Abortion (within 12 days of spontaneous or surgical abortion) IUCD insertions,TOTAL,0,0,0,0,0,0,0,0,0,0,0,0,0,0,0,0,0,0,0,0,0,0,0,0,0,0,0,0,0,0,0,0,0,0,0,0,0,0,0,0,0,0,0,0,0,0,0,0,0,0,5,0,5,5,0,0,0,0,0,0,5,0,5,5,0
Karaikal,'8.6',Number of IUCD Removals,TOTAL,15,10,5,6,9,12,7,5,6,6,11,7,4,5,6,9,9,0,0,9,14,10,4,5,9,10,5,5,5,5,9,4,5,6,3,17,7,10,11,6,10,5,5,5,5,5,3,2,3,2,11,6,5,5,6,3,3,0,0,3,126,76,50,57,69
Karaikal,'8.7',Number of complications following IUCD Insertion,TOTAL,0,0,0,0,0,0,0,0,0,0,0,0,0,0,0,2,2,0,0,2,0,0,0,0,0,0,0,0,0,0,0,0,0,0,0,1,1,0,0,1,2,2,0,0,2,0,0,0,0,0,1,1,0,0,1,0,0,0,0,0,6,6,0,0,6
Karaikal,'8.8',Injectable Contraceptive-Antara Program- First Dose,TOTAL,0,0,0,0,0,0,0,0,0,0,11,11,0,1,10,68,68,0,8,60,45,45,0,7,38,39,39,0,4,35,21,21,0,4,17,17,17,0,2,15,11,11,0,1,10,7,7,0,0,7,17,17,0,5,12,11,11,0,4,7,247,247,0,36,211
Karaikal,'8.9',Injectable Contraceptive-Antara Program- Second Dose,TOTAL,0,0,0,0,0,0,0,0,0,0,1,1,0,0,1,5,5,0,2,3,0,0,0,0,0,5,5,0,1,4,25,25,0,3,22,20,20,0,4,16,6,6,0,2,4,8,8,0,4,4,22,22,0,2,20,9,9,0,1,8,101,101,0,19,82
Karaikal,'8.10',Injectable Contraceptive-Antara Program- Third Dose,TOTAL,0,0,0,0,0,0,0,0,0,0,0,0,0,0,0,0,0,0,0,0,0,0,0,0,0,0,0,0,0,0,3,3,0,1,2,1,1,0,1,0,0,0,0,0,0,3,3,0,1,2,20,20,0,5,15,3,3,0,2,1,30,30,0,10,20
Karaikal,'8.11',Injectable Contraceptive-Antara Program- Fourth or more than fourth,TOTAL,0,0,0,0,0,0,0,0,0,0,1,1,0,0,1,0,0,0,0,0,1,1,0,1,0,0,0,0,0,0,0,0,0,0,0,5,5,0,1,4,0,0,0,0,0,5,5,0,1,4,10,10,0,1,9,3,3,0,1,2,25,25,0,5,20
Karaikal,'8.12',Number of Combined Oral Pill cycles distributed,TOTAL,263,263,0,67,196,285,285,0,71,214,275,275,0,67,208,268,268,0,83,185,243,243,0,63,180,253,253,0,49,204,269,269,0,64,205,246,246,0,50,196,221,221,0,39,182,290,290,0,81,209,290,290,0,86,204,249,249,0,49,200,3152,3152,0,769,2383
Karaikal,'8.13',Number of Condom pieces distributed,TOTAL,9707,9707,0,2690,7017,11439,11439,0,2585,8854,11792,11792,0,2990,8802,11045,11045,0,2880,8165,12369,12369,0,2805,9564,11319,11319,0,2950,8369,9782,9782,0,2252,7530,9959,9959,0,2470,7489,12666,12666,0,5955,6711,10166,10166,0,3320,6846,9329,9329,0,2550,6779,8904,8904,0,1869,7035,128477,128477,0,35316,93161
Karaikal,'8.14',Number of Centchroman (weekly) pill strips distributed,TOTAL,0,0,0,0,0,2,2,0,0,2,0,0,0,0,0,2,2,0,0,2,1,1,0,0,1,9,9,0,2,7,10,10,0,0,10,10,10,0,0,10,16,16,0,0,16,12,12,0,2,10,14,14,0,2,12,580,580,0,570,10,656,656,0,576,80
Karaikal,'8.15',Number of Emergency Contraceptive Pills (ECP) given,TOTAL,0,0,0,0,0,2,2,0,0,2,0,0,0,0,0,0,0,0,0,0,0,0,0,0,0,0,0,0,0,0,0,0,0,0,0,0,0,0,0,0,0,0,0,0,0,15,15,0,11,4,45,25,20,34,11,19,19,0,12,7,81,61,20,57,24
Karaikal,'8.16',Number of Pregnancy Test Kits (PTK) used,TOTAL,190,190,0,14,176,191,190,1,32,159,191,191,0,20,171,358,358,0,98,260,401,401,0,119,282,663,663,0,161,502,692,692,0,157,535,687,687,0,96,591,453,453,0,129,324,376,376,0,92,284,287,287,0,93,194,153,153,0,27,126,4642,4641,1,1038,3604
Karaikal,'8.17.1',Complications following male sterilization,TOTAL,0,0,0,0,0,0,0,0,0,0,0,0,0,0,0,0,0,0,0,0,0,0,0,0,0,0,0,0,0,0,0,0,0,0,0,0,0,0,0,0,0,0,0,0,0,0,0,0,0,0,0,0,0,0,0,0,0,0,0,0,0,0,0,0,0
Karaikal,'8.17.2',Complications following female sterilization,TOTAL,0,0,0,0,0,0,0,0,0,0,0,0,0,0,0,0,0,0,0,0,0,0,0,0,0,0,0,0,0,0,0,0,0,0,0,0,0,0,0,0,0,0,0,0,0,0,0,0,0,0,0,0,0,0,0,0,0,0,0,0,0,0,0,0,0
Karaikal,'8.17.3',Failures following male sterilization,TOTAL,0,0,0,0,0,0,0,0,0,0,0,0,0,0,0,0,0,0,0,0,0,0,0,0,0,0,0,0,0,0,0,0,0,0,0,0,0,0,0,0,0,0,0,0,0,0,0,0,0,0,0,0,0,0,0,0,0,0,0,0,0,0,0,0,0
Karaikal,'8.17.4',Failures following female sterilization,TOTAL,1,1,0,0,1,1,1,0,0,1,1,1,0,0,1,0,0,0,0,0,1,1,0,0,1,0,0,0,0,0,0,0,0,0,0,0,0,0,0,0,0,0,0,0,0,0,0,0,0,0,0,0,0,0,0,0,0,0,0,0,4,4,0,0,4
Karaikal,'8.17.5',Deaths following male sterilization,TOTAL,0,0,0,0,0,0,0,0,0,0,0,0,0,0,0,0,0,0,0,0,0,0,0,0,0,0,0,0,0,0,0,0,0,0,0,0,0,0,0,0,0,0,0,0,0,0,0,0,0,0,0,0,0,0,0,0,0,0,0,0,0,0,0,0,0
Karaikal,'8.17.6',Deaths following female sterilization,TOTAL,0,0,0,0,0,0,0,0,0,0,0,0,0,0,0,0,0,0,0,0,0,0,0,0,0,0,0,0,0,0,0,0,0,0,0,0,0,0,0,0,0,0,0,0,0,0,0,0,0,0,0,0,0,0,0,0,0,0,0,0,0,0,0,0,0
Karaikal,'9.1.1',Child immunisation - Vitamin K1 (Birth Dose),TOTAL,268,158,110,110,158,353,189,164,164,189,315,184,131,131,184,288,170,118,118,170,237,136,101,101,136,306,186,120,120,186,335,201,134,134,201,322,196,126,126,196,263,166,97,97,166,211,122,89,89,122,194,104,90,90,104,225,134,91,91,134,3317,1946,1371,1371,1946
Karaikal,'9.1.2',Child immunisation - BCG,TOTAL,269,159,110,110,159,353,189,164,164,189,317,184,133,133,184,300,174,126,126,174,245,136,109,109,136,296,176,120,120,176,312,197,115,115,197,337,211,126,126,211,252,155,97,97,155,223,134,89,89,134,190,100,90,90,100,219,128,91,91,128,3313,1943,1370,1370,1943
Karaikal,'9.1.3',Child immunisation - DPT1,TOTAL,0,0,0,0,0,0,0,0,0,0,0,0,0,0,0,0,0,0,0,0,0,0,0,0,0,0,0,0,0,0,0,0,0,0,0,0,0,0,0,0,0,0,0,0,0,0,0,0,0,0,0,0,0,0,0,0,0,0,0,0,0,0,0,0,0
Karaikal,'9.1.4',Child immunisation - DPT2,TOTAL,0,0,0,0,0,0,0,0,0,0,0,0,0,0,0,0,0,0,0,0,0,0,0,0,0,0,0,0,0,0,0,0,0,0,0,0,0,0,0,0,0,0,0,0,0,0,0,0,0,0,0,0,0,0,0,0,0,0,0,0,0,0,0,0,0
Karaikal,'9.1.5',Child immunisation - DPT3,TOTAL,0,0,0,0,0,0,0,0,0,0,0,0,0,0,0,0,0,0,0,0,0,0,0,0,0,0,0,0,0,0,0,0,0,0,0,0,0,0,0,0,0,0,0,0,0,0,0,0,0,0,0,0,0,0,0,0,0,0,0,0,0,0,0,0,0
Karaikal,'9.1.6',Child immunisation - Pentavalent 1,TOTAL,122,122,0,40,82,178,178,0,66,112,220,220,0,69,151,231,231,0,68,163,232,232,0,72,160,231,231,0,77,154,213,213,0,65,148,221,221,0,88,133,222,222,0,70,152,253,253,0,81,172,159,159,0,57,102,119,119,0,33,86,2401,2401,0,786,1615
Karaikal,'9.1.7',Child immunisation - Pentavalent 2,TOTAL,101,101,0,34,67,151,151,0,52,99,211,211,0,75,136,195,195,0,67,128,202,202,0,60,142,242,242,0,87,155,221,221,0,81,140,182,182,0,58,124,216,216,0,86,130,262,262,0,104,158,214,214,0,71,143,147,147,0,40,107,2344,2344,0,815,1529
Karaikal,'9.1.8',Child immunisation - Pentavalent 3,TOTAL,123,123,0,43,80,150,150,0,43,107,161,161,0,50,111,197,197,0,70,127,164,164,0,54,110,194,194,0,57,137,254,254,0,86,168,192,192,0,66,126,162,162,0,52,110,239,239,0,96,143,210,210,0,82,128,179,179,0,54,125,2225,2225,0,753,1472
Karaikal,'9.1.9',Child immunisation - OPV 0 (Birth Dose),TOTAL,269,159,110,110,159,353,189,164,164,189,317,184,133,133,184,300,174,126,126,174,245,136,109,109,136,296,176,120,120,176,331,197,134,134,197,328,202,126,126,202,253,156,97,97,156,213,124,89,89,124,190,100,90,90,100,219,128,91,91,128,3314,1925,1389,1389,1925
Karaikal,'9.1.10',Child immunisation - OPV1,TOTAL,130,130,0,50,80,178,178,0,66,112,220,220,0,69,151,231,231,0,68,163,232,232,0,72,160,231,231,0,77,154,213,213,0,65,148,221,221,0,88,133,222,222,0,70,152,253,253,0,81,172,159,159,0,57,102,119,119,0,33,86,2409,2409,0,796,1613
Karaikal,'9.1.11',Child immunisation - OPV2,TOTAL,100,100,0,34,66,151,151,0,52,99,211,211,0,75,136,195,195,0,67,128,202,202,0,60,142,242,242,0,87,155,221,221,0,81,140,182,182,0,58,124,216,216,0,86,130,262,262,0,104,158,214,214,0,71,143,147,147,0,40,107,2343,2343,0,815,1528
Karaikal,'9.1.12',Child immunisation - OPV3,TOTAL,126,126,0,43,83,150,150,0,43,107,161,161,0,50,111,197,197,0,70,127,161,161,0,54,107,194,194,0,57,137,253,253,0,86,167,192,192,0,66,126,162,162,0,52,110,239,239,0,96,143,210,210,0,82,128,179,179,0,54,125,2224,2224,0,753,1471
Karaikal,'9.1.13',Child immunisation - Hepatitis-B0 (Birth Dose),TOTAL,269,159,110,110,159,353,189,164,164,189,317,184,133,133,184,296,170,126,126,170,245,136,109,109,136,296,176,120,120,176,331,197,134,134,197,328,202,126,126,202,252,155,97,97,155,213,124,89,89,124,190,100,90,90,100,219,128,91,91,128,3309,1920,1389,1389,1920
Karaikal,'9.1.14',Child immunisation - Hepatitis-B1,TOTAL,0,0,0,0,0,0,0,0,0,0,0,0,0,0,0,0,0,0,0,0,0,0,0,0,0,0,0,0,0,0,0,0,0,0,0,0,0,0,0,0,0,0,0,0,0,0,0,0,0,0,0,0,0,0,0,0,0,0,0,0,0,0,0,0,0
Karaikal,'9.1.15',Child immunisation - Hepatitis-B2,TOTAL,0,0,0,0,0,0,0,0,0,0,0,0,0,0,0,0,0,0,0,0,0,0,0,0,0,0,0,0,0,0,0,0,0,0,0,0,0,0,0,0,0,0,0,0,0,0,0,0,0,0,0,0,0,0,0,0,0,0,0,0,0,0,0,0,0
Karaikal,'9.1.16',Child immunisation - Hepatitis-B3,TOTAL,0,0,0,0,0,0,0,0,0,0,0,0,0,0,0,0,0,0,0,0,0,0,0,0,0,0,0,0,0,0,0,0,0,0,0,0,0,0,0,0,0,0,0,0,0,0,0,0,0,0,0,0,0,0,0,0,0,0,0,0,0,0,0,0,0
Karaikal,'9.1.17',Child immunisation - Inactivated Polio Vaccine 1 (IPV 1),TOTAL,119,119,0,40,79,178,178,0,66,112,209,209,0,69,140,230,230,0,68,162,235,235,0,72,163,231,231,0,77,154,212,212,0,65,147,221,221,0,88,133,222,222,0,70,152,253,253,0,81,172,156,156,0,57,99,118,118,0,33,85,2384,2384,0,786,1598
Karaikal,'9.1.18',Child immunisation - Inactivated Polio Vaccine 2 (IPV 2),TOTAL,125,125,0,43,82,151,151,0,43,108,158,158,0,50,108,198,198,0,70,128,167,167,0,54,113,194,194,0,57,137,253,253,0,86,167,192,192,0,66,126,162,162,0,52,110,239,239,0,96,143,218,218,0,82,136,179,179,0,54,125,2236,2236,0,753,1483
Karaikal,'9.1.19',Child immunisation - Rotavirus 1,TOTAL,0,0,0,0,0,0,0,0,0,0,0,0,0,0,0,0,0,0,0,0,18,18,0,4,14,225,225,0,77,148,213,213,0,65,148,222,222,0,89,133,222,222,0,70,152,253,253,0,81,172,156,156,0,57,99,118,118,0,33,85,1427,1427,0,476,951
Karaikal,'9.1.20',Child immunisation - Rotavirus 2,TOTAL,0,0,0,0,0,0,0,0,0,0,0,0,0,0,0,0,0,0,0,0,2,2,0,0,2,59,59,0,22,37,212,212,0,79,133,181,181,0,58,123,213,213,0,86,127,262,262,0,104,158,208,208,0,71,137,147,147,0,40,107,1284,1284,0,460,824
Karaikal,'9.1.21',Child immunisation - Rotavirus 3,TOTAL,0,0,0,0,0,0,0,0,0,0,0,0,0,0,0,0,0,0,0,0,0,0,0,0,0,10,10,0,0,10,98,98,0,26,72,174,174,0,63,111,160,160,0,52,108,239,239,0,97,142,218,218,0,82,136,180,180,0,54,126,1079,1079,0,374,705
Karaikal,'9.2.1',Child immunisation (9-11months) - Measles & Rubella (MR)- 1st Dose,TOTAL,132,132,0,56,76,203,203,0,55,148,206,206,0,61,145,217,217,0,66,151,216,216,0,81,135,197,197,0,67,130,164,164,0,47,117,155,155,0,51,104,111,111,0,38,73,216,216,0,81,135,187,187,0,58,129,180,180,0,58,122,2184,2184,0,719,1465
Karaikal,'9.2.2',Child immunisation (9-11months) - Measles 1st dose,TOTAL,5,5,0,0,5,0,0,0,0,0,4,4,0,0,4,5,5,0,0,5,6,6,0,0,6,0,0,0,0,0,20,20,0,14,6,3,3,0,0,3,4,4,0,0,4,6,6,0,0,6,7,7,0,0,7,7,7,0,0,7,67,67,0,14,53
Karaikal,'9.2.3',Child immunisation (9-11months) - JE 1st dose,TOTAL,0,0,0,0,0,0,0,0,0,0,0,0,0,0,0,0,0,0,0,0,0,0,0,0,0,0,0,0,0,0,0,0,0,0,0,0,0,0,0,0,0,0,0,0,0,0,0,0,0,0,0,0,0,0,0,0,0,0,0,0,0,0,0,0,0
Karaikal,'9.2.4.a',Children aged between 9 and 11 months fully immunized- Male,TOTAL,71,71,0,32,39,98,98,0,27,71,102,102,0,30,72,112,112,0,32,80,105,105,0,42,63,90,90,0,36,54,90,90,0,34,56,63,63,0,24,39,59,59,0,20,39,112,112,0,38,74,94,94,0,31,63,78,78,0,27,51,1074,1074,0,373,701
Karaikal,'9.2.4.b',Children aged between 9 and 11 months fully immunized - Female,TOTAL,55,55,0,24,31,79,79,0,28,51,104,104,0,31,73,105,105,0,34,71,111,111,0,39,72,89,89,0,31,58,72,72,0,27,45,64,64,0,20,44,49,49,0,18,31,104,104,0,43,61,93,93,0,27,66,94,94,0,31,63,1019,1019,0,353,666
Karaikal,'9.3.1',Child immunisation - Measles & Rubella (MR)- 1st Dose,TOTAL,0,0,0,0,0,0,0,0,0,0,21,21,0,0,21,0,0,0,0,0,0,0,0,0,0,1,1,0,0,1,0,0,0,0,0,3,3,0,0,3,5,5,0,0,5,6,6,0,0,6,14,14,0,0,14,8,8,0,0,8,58,58,0,0,58
Karaikal,'9.3.2',Child immunisation - Measles-1st dose,TOTAL,0,0,0,0,0,0,0,0,0,0,0,0,0,0,0,0,0,0,0,0,0,0,0,0,0,0,0,0,0,0,0,0,0,0,0,0,0,0,0,0,0,0,0,0,0,0,0,0,0,0,0,0,0,0,0,0,0,0,0,0,0,0,0,0,0
Karaikal,'9.3.3',Child immunisation - JE 1st dose,TOTAL,0,0,0,0,0,0,0,0,0,0,0,0,0,0,0,0,0,0,0,0,0,0,0,0,0,0,0,0,0,0,0,0,0,0,0,0,0,0,0,0,0,0,0,0,0,0,0,0,0,0,0,0,0,0,0,0,0,0,0,0,0,0,0,0,0
Karaikal,'9.4.1',Child immunisation - Measles & Rubella (MR)- 2nd Dose (16-24 months),TOTAL,119,119,0,37,82,200,200,0,60,140,208,208,0,73,135,202,202,0,71,131,147,147,0,44,103,154,154,0,56,98,153,153,0,51,102,145,145,0,50,95,190,190,0,77,113,187,187,0,60,127,207,207,0,73,134,158,158,0,52,106,2070,2070,0,704,1366
Karaikal,'9.4.2',Child immunisation - Measles 2nd dose (More than 16 months),TOTAL,9,9,0,0,9,12,12,0,12,0,0,0,0,0,0,0,0,0,0,0,0,0,0,0,0,41,41,0,41,0,16,16,0,0,16,0,0,0,0,0,5,5,0,0,5,5,5,0,0,5,0,0,0,0,0,0,0,0,0,0,88,88,0,53,35
Karaikal,'9.4.3',Child immunisation - DPT 1st Booster,TOTAL,121,121,0,39,82,211,211,0,72,139,207,207,0,73,134,202,202,0,71,131,143,143,0,44,99,155,155,0,56,99,144,144,0,51,93,142,142,0,50,92,190,190,0,77,113,183,183,0,60,123,208,208,0,73,135,169,169,0,52,117,2075,2075,0,718,1357
Karaikal,'9.4.4',Child immunisation - OPV Booster,TOTAL,121,121,0,39,82,211,211,0,72,139,209,209,0,73,136,202,202,0,71,131,143,143,0,44,99,155,155,0,56,99,144,144,0,51,93,139,139,0,50,89,190,190,0,77,113,185,185,0,60,125,208,208,0,73,135,169,169,0,52,117,2076,2076,0,718,1358
Karaikal,'9.4.5',"Child immunisation - Measles, Mumps, Rubella (MMR) Vaccine",TOTAL,0,0,0,0,0,0,0,0,0,0,0,0,0,0,0,0,0,0,0,0,0,0,0,0,0,0,0,0,0,0,1,1,0,0,1,0,0,0,0,0,0,0,0,0,0,0,0,0,0,0,0,0,0,0,0,10,10,0,0,10,11,11,0,0,11
Karaikal,'9.4.6',Number of children more than 16 months of age who received Japanese Encephalitis (JE) vaccine,TOTAL,0,0,0,0,0,0,0,0,0,0,0,0,0,0,0,0,0,0,0,0,0,0,0,0,0,0,0,0,0,0,0,0,0,0,0,0,0,0,0,0,0,0,0,0,0,0,0,0,0,0,0,0,0,0,0,0,0,0,0,0,0,0,0,0,0
Karaikal,'9.5.1',Child immunisation - Typhoid,TOTAL,0,0,0,0,0,0,0,0,0,0,0,0,0,0,0,0,0,0,0,0,0,0,0,0,0,0,0,0,0,0,0,0,0,0,0,0,0,0,0,0,0,0,0,0,0,0,0,0,0,0,0,0,0,0,0,0,0,0,0,0,0,0,0,0,0
Karaikal,'9.5.2',Children more than 5 years received DPT5 (2nd Booster),TOTAL,0,0,0,0,0,0,0,0,0,0,0,0,0,0,0,0,0,0,0,0,6,6,0,0,6,35,35,0,0,35,236,236,0,69,167,769,769,0,131,638,672,672,0,514,158,163,163,0,72,91,78,78,0,78,0,0,0,0,0,0,1959,1959,0,864,1095
Karaikal,'9.5.3',Children more than 10 years received TT10,TOTAL,0,0,0,0,0,0,0,0,0,0,0,0,0,0,0,0,0,0,0,0,4,4,0,0,4,44,44,0,0,44,278,278,0,77,201,771,771,0,230,541,743,743,0,581,162,185,185,0,16,169,71,71,0,71,0,0,0,0,0,0,2096,2096,0,975,1121
Karaikal,'9.5.4',Children more than 16 years received TT16,TOTAL,0,0,0,0,0,0,0,0,0,0,0,0,0,0,0,0,0,0,0,0,0,0,0,0,0,69,69,0,0,69,290,290,0,78,212,882,882,0,433,449,759,759,0,587,172,151,151,0,11,140,26,26,0,26,0,0,0,0,0,0,2177,2177,0,1135,1042
Karaikal,'9.6.1',Number of cases of AEFI - Abscess,TOTAL,8,8,0,4,4,12,12,0,2,10,10,10,0,3,7,11,11,0,2,9,9,9,0,2,7,7,7,0,3,4,5,5,0,2,3,5,5,0,3,2,4,4,0,2,2,3,3,0,3,0,2,2,0,2,0,3,3,0,2,1,79,79,0,30,49
Karaikal,'9.6.2',Number of cases of AEFI - Death,TOTAL,0,0,0,0,0,0,0,0,0,0,0,0,0,0,0,0,0,0,0,0,0,0,0,0,0,0,0,0,0,0,0,0,0,0,0,0,0,0,0,0,0,0,0,0,0,0,0,0,0,0,0,0,0,0,0,0,0,0,0,0,0,0,0,0,0
Karaikal,'9.6.3',Number of cases of AEFI - Others,TOTAL,55,55,0,5,50,49,49,0,4,45,60,60,0,5,55,65,65,0,5,60,69,69,0,0,69,47,47,0,0,47,48,48,0,3,45,53,53,0,0,53,59,59,0,0,59,77,77,0,5,72,66,66,0,0,66,52,52,0,0,52,700,700,0,27,673
Karaikal,'9.7.1',Immunisation sessions planned,TOTAL,116,113,3,15,101,141,137,4,18,123,120,120,0,12,108,128,128,0,13,115,121,121,0,13,108,133,131,2,18,115,134,134,0,13,121,130,130,0,12,118,128,128,0,16,112,127,127,0,17,110,134,134,0,20,114,143,143,0,20,123,1555,1546,9,187,1368
Karaikal,'9.7.2',Immunisation sessions held,TOTAL,108,105,3,13,95,140,136,4,18,122,120,120,0,12,108,127,127,0,13,114,115,115,0,12,103,131,129,2,17,114,133,133,0,13,120,128,128,0,12,116,127,127,0,15,112,115,115,0,13,102,134,134,0,20,114,122,122,0,19,103,1500,1491,9,177,1323
Karaikal,'9.7.3',Number of Immunisation sessions where ASHAs were present,TOTAL,53,53,0,3,50,79,79,0,5,74,76,76,0,4,72,73,73,0,4,69,67,67,0,4,63,77,77,0,4,73,89,89,0,5,84,82,82,0,4,78,82,82,0,4,78,69,69,0,4,65,76,76,0,4,72,68,68,0,3,65,891,891,0,48,843
Karaikal,'9.8.1',Child immunisation - Vitamin A Dose - 1,TOTAL,132,132,0,56,76,203,203,0,55,148,201,201,0,61,140,221,221,0,71,150,211,211,0,81,130,197,197,0,67,130,167,167,0,50,117,146,146,0,51,95,112,112,0,38,74,205,205,0,69,136,188,188,0,50,138,162,162,0,50,112,2145,2145,0,699,1446
Karaikal,'9.8.2',Child immunisation - Vitamin A Dose - 5,TOTAL,113,113,0,61,52,126,126,0,67,59,124,124,0,62,62,231,231,0,61,170,111,111,0,44,67,223,223,0,50,173,89,89,0,46,43,120,120,0,62,58,121,121,0,61,60,206,206,0,56,150,106,106,0,42,64,58,58,0,17,41,1628,1628,0,629,999
Karaikal,'9.8.3',Child immunisation - Vitamin A Dose - 9,TOTAL,124,124,0,58,66,94,94,0,47,47,97,97,0,47,50,247,247,0,47,200,98,98,0,41,57,262,262,0,56,206,75,75,0,31,44,127,127,0,62,65,119,119,0,55,64,190,190,0,44,146,63,63,0,31,32,32,32,0,22,10,1528,1528,0,541,987
Karaikal,'9.9',Number of children (6-59 months) provided 8-10 doses (1ml) of IFA syrup (Bi weekly),TOTAL,751,751,NA,49,702,1099,1099,NA,359,740,1929,1929,NA,369,1560,1620,1620,NA,260,1360,1535,1535,NA,948,587,1320,1320,NA,750,570,1297,1297,NA,741,556,1271,1271,NA,926,345,1370,1370,NA,1027,343,915,915,NA,568,347,1023,1023,NA,568,455,1091,1091,NA,568,523,15221,15221,NA,7133,8088
Karaikal,'9.10',Number of children (12-59 months) provided Albendazole,TOTAL,3,3,0,0,3,15,15,0,15,0,3,3,0,3,0,0,0,0,0,0,5020,5020,0,772,4248,2,2,0,0,2,12,12,0,0,12,33,33,0,3,30,31,31,0,3,28,9,9,0,4,5,3362,3362,0,551,2811,15,15,0,0,15,8505,8505,0,1351,7154
Karaikal,'9.11',Number of severely underweight children provided Health Checkup (0-5 yrs),TOTAL,0,0,0,0,0,0,0,0,0,0,0,0,0,0,0,0,0,0,0,0,0,0,0,0,0,0,0,0,0,0,0,0,0,0,0,0,0,0,0,0,1,1,0,1,0,0,0,0,0,0,0,0,0,0,0,25,25,0,0,25,26,26,0,1,25
Karaikal,'10.1',Childhood Diseases - Pneumonia,TOTAL,29,28,1,27,2,35,35,0,35,0,37,37,0,37,0,34,34,0,33,1,33,33,0,31,2,34,34,0,34,0,37,37,0,34,3,43,41,2,41,2,46,46,0,46,0,44,44,0,37,7,41,41,0,36,5,19,19,0,17,2,432,429,3,408,24
Karaikal,'10.2',Childhood Diseases - Asthma,TOTAL,1,0,1,1,0,2,2,0,0,2,11,11,0,0,11,14,14,0,0,14,15,15,0,0,15,19,19,0,0,19,10,10,0,0,10,22,19,3,3,19,16,16,0,0,16,13,13,0,0,13,13,13,0,0,13,5,5,0,0,5,141,137,4,4,137
Karaikal,'10.3',Childhood Diseases - Sepsis,TOTAL,4,4,0,0,4,1,1,0,0,1,0,0,0,0,0,0,0,0,0,0,0,0,0,0,0,1,1,0,0,1,0,0,0,0,0,0,0,0,0,0,3,2,1,1,2,0,0,0,0,0,0,0,0,0,0,0,0,0,0,0,9,8,1,1,8
Karaikal,'10.4',Childhood Diseases - Diphtheria,TOTAL,0,0,0,0,0,0,0,0,0,0,0,0,0,0,0,0,0,0,0,0,0,0,0,0,0,0,0,0,0,0,0,0,0,0,0,0,0,0,0,0,0,0,0,0,0,0,0,0,0,0,0,0,0,0,0,0,0,0,0,0,0,0,0,0,0
Karaikal,'10.5',Childhood Diseases - Pertussis,TOTAL,0,0,0,0,0,0,0,0,0,0,0,0,0,0,0,0,0,0,0,0,0,0,0,0,0,0,0,0,0,0,0,0,0,0,0,0,0,0,0,0,0,0,0,0,0,0,0,0,0,0,0,0,0,0,0,0,0,0,0,0,0,0,0,0,0
Karaikal,'10.6',Childhood Diseases - Tetanus Neonatorum,TOTAL,0,0,0,0,0,0,0,0,0,0,0,0,0,0,0,0,0,0,0,0,0,0,0,0,0,0,0,0,0,0,0,0,0,0,0,0,0,0,0,0,0,0,0,0,0,0,0,0,0,0,0,0,0,0,0,0,0,0,0,0,0,0,0,0,0
Karaikal,'10.7',Childhood Diseases - Tuberculosis (TB),TOTAL,0,0,0,0,0,0,0,0,0,0,0,0,0,0,0,1,1,0,0,1,0,0,0,0,0,0,0,0,0,0,0,0,0,0,0,0,0,0,0,0,0,0,0,0,0,0,0,0,0,0,0,0,0,0,0,0,0,0,0,0,1,1,0,0,1
Karaikal,'10.8',Childhood Diseases - Acute Flaccid Paralysis(AFP),TOTAL,0,0,0,0,0,0,0,0,0,0,0,0,0,0,0,0,0,0,0,0,0,0,0,0,0,0,0,0,0,0,0,0,0,0,0,0,0,0,0,0,0,0,0,0,0,0,0,0,0,0,0,0,0,0,0,0,0,0,0,0,0,0,0,0,0
Karaikal,'10.9',Childhood Diseases - Measles,TOTAL,0,0,0,0,0,0,0,0,0,0,0,0,0,0,0,0,0,0,0,0,0,0,0,0,0,0,0,0,0,0,0,0,0,0,0,0,0,0,0,0,0,0,0,0,0,0,0,0,0,0,0,0,0,0,0,0,0,0,0,0,0,0,0,0,0
Karaikal,'10.10',Childhood Diseases - Malaria,TOTAL,0,0,0,0,0,0,0,0,0,0,1,1,0,0,1,0,0,0,0,0,0,0,0,0,0,0,0,0,0,0,0,0,0,0,0,2,2,0,0,2,0,0,0,0,0,0,0,0,0,0,1,1,0,0,1,0,0,0,0,0,4,4,0,0,4
Karaikal,'10.11',Childhood Diseases - Diarrhoea,TOTAL,110,105,5,52,58,162,157,5,49,113,162,158,4,51,111,138,135,3,46,92,135,135,0,41,94,142,142,0,39,103,138,137,1,43,95,147,136,11,61,86,184,182,2,52,132,133,121,12,52,81,135,135,0,41,94,88,84,4,36,52,1674,1627,47,563,1111
Karaikal,'10.12',Childhood Diseases - Diarrhoea treated in Inpatients,TOTAL,22,22,0,0,22,27,27,0,0,27,54,50,4,4,50,28,25,3,3,25,100,100,0,0,100,23,23,0,0,23,2,2,0,0,2,10,9,1,1,9,35,33,2,2,33,26,14,12,12,14,17,12,5,5,12,12,11,1,1,11,356,328,28,28,328
Karaikal,'10.13',Children admitted with upper respiratory infections,TOTAL,10,10,0,0,10,4,4,0,0,4,14,12,2,2,12,33,31,2,18,15,38,36,2,18,20,34,30,4,24,10,66,60,6,17,49,103,84,19,38,65,28,25,3,22,6,45,42,3,18,27,79,78,1,23,56,51,51,0,10,41,505,463,42,190,315
Karaikal,'10.14',Childhood Diseases - Severe Acute Malnutrition (SAM),TOTAL,0,0,0,0,0,0,0,0,0,0,0,0,0,0,0,0,0,0,0,0,3,3,0,0,3,0,0,0,0,0,0,0,0,0,0,0,0,0,0,0,0,0,0,0,0,0,0,0,0,0,0,0,0,0,0,0,0,0,0,0,3,3,0,0,3
Karaikal,'11.1.1.a',Total Blood Smears Examined for Malaria,TOTAL,1472,1472,0,229,1243,1336,1333,3,86,1250,1491,1491,0,364,1127,1866,1866,0,316,1550,2122,2122,0,345,1777,1937,1937,0,266,1671,2181,2181,0,381,1800,2318,2318,0,352,1966,2064,2064,0,356,1708,1119,1119,0,63,1056,1638,1638,0,255,1383,1155,1155,0,135,1020,20699,20696,3,3148,17551
Karaikal,'11.1.1.b',Malaria (Microscopy Tests ) - Plasmodium Vivax test positive,TOTAL,1,1,0,0,1,1,1,0,0,1,0,0,0,0,0,2,2,0,0,2,1,1,0,0,1,0,0,0,0,0,0,0,0,0,0,0,0,0,0,0,1,1,0,0,1,1,1,0,0,1,2,2,0,0,2,0,0,0,0,0,9,9,0,0,9
Karaikal,'11.1.1.c',Malaria (Microscopy Tests ) - Plasmodium Falciparum test positive,TOTAL,0,0,0,0,0,0,0,0,0,0,0,0,0,0,0,0,0,0,0,0,0,0,0,0,0,0,0,0,0,0,0,0,0,0,0,0,0,0,0,0,0,0,0,0,0,0,0,0,0,0,0,0,0,0,0,0,0,0,0,0,0,0,0,0,0
Karaikal,'11.1.2.a',RDT conducted for Malaria,TOTAL,80,78,2,2,78,54,53,1,1,53,68,63,5,5,63,111,104,7,7,104,132,118,14,14,118,183,165,18,18,165,31,0,31,31,0,34,0,34,34,0,34,0,34,34,0,22,0,22,22,0,19,0,19,19,0,37,0,37,37,0,805,581,224,224,581
Karaikal,'11.1.2.b',Malaria (RDT) - Plasmodium Vivax test positive,TOTAL,0,0,0,0,0,0,0,0,0,0,0,0,0,0,0,0,0,0,0,0,0,0,0,0,0,0,0,0,0,0,0,0,0,0,0,1,0,1,1,0,0,0,0,0,0,0,0,0,0,0,0,0,0,0,0,0,0,0,0,0,1,0,1,1,0
Karaikal,'11.1.2.c',Malaria (RDT) - Plamodium Falciparum test positive,TOTAL,0,0,0,0,0,0,0,0,0,0,0,0,0,0,0,0,0,0,0,0,0,0,0,0,0,0,0,0,0,0,0,0,0,0,0,0,0,0,0,0,0,0,0,0,0,0,0,0,0,0,0,0,0,0,0,0,0,0,0,0,0,0,0,0,0
Karaikal,'11.2.1',Kala Azar (RDT) - Tests Conducted,TOTAL,0,0,0,0,0,0,0,0,0,0,0,0,0,0,0,0,0,0,0,0,0,0,0,0,0,0,0,0,0,0,0,0,0,0,0,0,0,0,0,0,0,0,0,0,0,0,0,0,0,0,0,0,0,0,0,0,0,0,0,0,0,0,0,0,0
Karaikal,'11.2.2',Kala Azar Positive Cases,TOTAL,0,0,0,0,0,0,0,0,0,0,0,0,0,0,0,0,0,0,0,0,0,0,0,0,0,0,0,0,0,0,0,0,0,0,0,0,0,0,0,0,0,0,0,0,0,0,0,0,0,0,0,0,0,0,0,0,0,0,0,0,0,0,0,0,0
Karaikal,'11.2.3',Post-kala-azar dermal leishmaniasis (PKDL) cases,TOTAL,0,0,0,0,0,6,6,0,0,6,0,0,0,0,0,0,0,0,0,0,0,0,0,0,0,0,0,0,0,0,0,0,0,0,0,0,0,0,0,0,0,0,0,0,0,0,0,0,0,0,0,0,0,0,0,0,0,0,0,0,6,6,0,0,6
Karaikal,'11.3.1',Dengue - RDT Test Positive,TOTAL,0,0,0,0,0,0,0,0,0,0,0,0,0,0,0,3,3,0,0,3,3,1,2,2,1,3,0,3,3,0,8,0,8,8,0,2,0,2,2,0,0,0,0,0,0,3,0,3,3,0,1,0,1,1,0,10,0,10,10,0,33,4,29,29,4
Karaikal,'11.3.2',Dengue - Enzyme- Linked Immuno Sorbent Assay (ELISA) Test Positive,TOTAL,1,1,0,0,1,0,0,0,0,0,0,0,0,0,0,0,0,0,0,0,0,0,0,0,0,24,24,0,0,24,90,88,2,2,88,48,48,0,0,48,29,29,0,0,29,18,18,0,0,18,0,0,0,0,0,5,5,0,0,5,215,213,2,2,213
Karaikal,'11.4.1',Tests Conducted for JE,TOTAL,0,0,0,0,0,0,0,0,0,0,0,0,0,0,0,0,0,0,0,0,0,0,0,0,0,0,0,0,0,0,0,0,0,0,0,0,0,0,0,0,0,0,0,0,0,0,0,0,0,0,0,0,0,0,0,0,0,0,0,0,0,0,0,0,0
Karaikal,'11.4.2',Tests Positive for JE,TOTAL,0,0,0,0,0,0,0,0,0,0,0,0,0,0,0,0,0,0,0,0,0,0,0,0,0,0,0,0,0,0,0,0,0,0,0,0,0,0,0,0,0,0,0,0,0,0,0,0,0,0,0,0,0,0,0,0,0,0,0,0,0,0,0,0,0
Karaikal,'12.1.1.a',Girls registered in AFHC,TOTAL,184,184,0,43,141,385,385,0,245,140,463,463,0,146,317,601,601,0,175,426,518,518,0,164,354,553,553,0,188,365,527,527,0,152,375,540,540,0,166,374,506,506,0,134,372,438,438,0,178,260,1307,1307,0,314,993,1155,1155,0,241,914,7177,7177,0,2146,5031
Karaikal,'12.1.1.b',Boys registered in AFHC,TOTAL,51,51,0,6,45,51,51,0,39,12,76,76,0,29,47,114,114,0,58,56,108,108,0,59,49,105,105,0,60,45,98,98,0,52,46,86,86,0,59,27,69,69,0,48,21,64,64,0,46,18,1004,1004,0,159,845,996,996,0,153,843,2822,2822,0,768,2054
Karaikal,'12.1.2.a',"Out of registered, Girls received clinical services",TOTAL,132,132,0,43,89,333,333,0,245,88,275,275,0,44,231,263,263,0,98,165,236,236,0,96,140,255,255,0,101,154,261,261,0,108,153,207,207,0,55,152,287,287,0,134,153,329,329,0,178,151,317,317,0,157,160,201,201,0,83,118,3096,3096,0,1342,1754
Karaikal,'12.1.2.b',"Out of registered, Boys received clinical services",TOTAL,51,51,0,6,45,49,49,0,39,10,54,54,0,16,38,97,97,0,51,46,87,87,0,48,39,83,83,0,48,35,92,92,0,46,46,63,63,0,40,23,69,69,0,48,21,64,64,0,46,18,68,68,0,52,16,48,48,0,34,14,825,825,0,474,351
Karaikal,'12.1.3.a',"Out of registered, Girls received counselling",TOTAL,184,184,0,43,141,385,385,0,245,140,432,432,0,146,286,601,601,0,175,426,496,496,0,164,332,553,553,0,188,365,527,527,0,152,375,540,540,0,166,374,506,506,0,134,372,373,373,0,178,195,292,292,0,157,135,220,220,0,83,137,5109,5109,0,1831,3278
Karaikal,'12.1.3.b',"Out of registered, Boys received counselling",TOTAL,51,51,0,6,45,51,51,0,39,12,76,76,0,29,47,114,114,0,58,56,108,108,0,59,49,105,105,0,60,45,98,98,0,52,46,86,86,0,59,27,69,69,0,48,21,64,64,0,46,18,68,68,0,52,16,48,48,0,34,14,938,938,0,542,396
Karaikal,'13.1',Number of on-going DOTS patients registered,TOTAL,43,43,0,5,38,52,52,0,6,46,38,38,0,5,33,39,39,0,5,34,51,51,0,5,46,68,68,0,5,63,52,52,0,4,48,40,40,0,4,36,58,58,0,2,56,42,42,0,2,40,41,41,0,2,39,40,40,0,2,38,564,564,0,47,517
Karaikal,'13.2',Number of DOTS cases completed successfully,TOTAL,18,18,0,3,15,12,12,0,0,12,13,13,0,2,11,13,13,0,2,11,11,11,0,0,11,10,10,0,1,9,27,27,0,0,27,18,18,0,0,18,8,8,0,1,7,11,11,0,0,11,9,9,0,0,9,2,2,0,0,2,152,152,0,9,143
Karaikal,'14.1.1',Outpatient - Diabetes,TOTAL,1269,998,271,276,993,1402,1191,211,218,1184,1285,1216,69,73,1212,1163,1057,106,114,1049,1404,1272,132,139,1265,1339,1230,109,113,1226,1162,1064,98,104,1058,1152,1091,61,67,1085,1203,1125,78,84,1119,998,990,8,12,986,1214,1063,151,158,1056,1143,1080,63,76,1067,14734,13377,1357,1434,13300
Karaikal,'14.1.2',Outpatient - Hypertension,TOTAL,805,626,179,192,613,1153,1022,131,136,1017,1188,1093,95,98,1090,1442,1347,95,113,1329,1530,1394,136,145,1385,1448,1369,79,83,1365,1244,1157,87,93,1151,1222,1158,64,77,1145,1209,1127,82,86,1123,1199,1188,11,24,1175,1179,1027,152,162,1017,1057,1005,52,59,998,14676,13513,1163,1268,13408
Karaikal,'14.1.3',Outpatient - Stroke (Paralysis),TOTAL,5,5,0,0,5,66,64,2,2,64,8,6,2,2,6,10,7,3,3,7,21,14,7,7,14,7,7,0,0,7,51,50,1,1,50,68,67,1,1,67,70,68,2,2,68,74,72,2,2,72,61,61,0,0,61,54,54,0,0,54,495,475,20,20,475
Karaikal,'14.1.4',Outpatient - Acute Heart Diseases,TOTAL,460,422,38,38,422,414,370,44,44,370,375,365,10,10,365,359,354,5,5,354,388,379,9,9,379,368,367,1,2,366,261,257,4,4,257,284,284,0,0,284,115,115,0,0,115,172,169,3,3,169,261,259,2,2,259,143,143,0,0,143,3600,3484,116,117,3483
Karaikal,'14.1.5',Outpatient - Mental illness,TOTAL,781,781,0,0,781,808,808,0,0,808,792,792,0,0,792,799,796,3,3,796,768,763,5,5,763,744,739,5,5,739,601,596,5,5,596,599,599,0,0,599,622,622,0,0,622,576,575,1,1,575,516,516,0,0,516,448,445,3,3,445,8054,8032,22,22,8032
Karaikal,'14.1.6',Outpatient - Epilepsy,TOTAL,73,63,10,10,63,73,65,8,8,65,64,63,1,1,63,59,59,0,0,59,55,53,2,2,53,64,64,0,0,64,159,158,1,1,158,88,88,0,0,88,138,138,0,0,138,111,111,0,0,111,39,14,25,25,14,89,89,0,0,89,1012,965,47,47,965
Karaikal,'14.1.7',Outpatient - Ophthalmic Related,TOTAL,4281,4281,0,76,4205,4485,4485,0,92,4393,4129,4129,0,89,4040,4316,4316,0,97,4219,4243,4243,0,81,4162,4001,4001,0,86,3915,3238,3238,0,106,3132,3933,3933,0,89,3844,4071,4071,0,88,3983,3949,3949,0,79,3870,3348,3348,0,104,3244,3454,3454,0,109,3345,47448,47448,0,1096,46352
Karaikal,'14.1.8',Outpatient - Dental,TOTAL,2457,2377,80,186,2271,2441,2351,90,135,2306,2375,2338,37,140,2235,2539,2514,25,121,2418,2461,2406,55,137,2324,2579,2550,29,134,2445,2587,2535,52,190,2397,2039,2039,0,110,1929,2375,2338,37,135,2240,2403,2403,0,108,2295,2835,2835,0,114,2721,2199,2162,37,141,2058,29290,28848,442,1651,27639
Karaikal,'14.1.9',Outpatient - Oncology,TOTAL,15,5,10,10,5,4,2,2,2,2,10,3,7,7,3,6,5,1,1,5,9,7,2,2,7,2,2,0,0,2,3,3,0,0,3,5,5,0,0,5,0,0,0,0,0,41,0,41,41,0,46,1,45,45,1,0,0,0,0,0,141,33,108,108,33
Karaikal,'14.2.1',Allopathic- Outpatient attendance,TOTAL,77298,75904,1394,7365,69933,82542,81128,1414,7520,75022,87086,85207,1879,8109,78977,96253,94243,2010,8853,87400,104077,102422,1655,8492,95585,104274,102108,2166,9055,95219,111900,109586,2314,10798,101102,119743,117788,1955,10992,108751,104908,102857,2051,9572,95336,93379,91817,1562,8720,84659,92050,90478,1572,8797,83253,71649,69967,1682,8763,62886,1145159,1123505,21654,107036,1038123
Karaikal,'14.2.2',Ayush - Outpatient attendance,TOTAL,19707,19707,0,7636,12071,14148,14148,0,2063,12085,14760,14760,0,2424,12336,13563,13563,0,2232,11331,13905,13905,0,1843,12062,14112,14112,0,2274,11838,15416,15416,0,2209,13207,19117,19117,0,2258,16859,18681,18681,0,2315,16366,18645,18645,0,2229,16416,11360,11360,0,1475,9885,4368,4368,0,0,4368,177782,177782,0,28958,148824
Karaikal,'14.3.1.a',Inpatient (Male)- Children<18yrs,TOTAL,120,95,25,26,94,94,89,5,8,86,115,101,14,14,101,123,112,11,13,110,139,129,10,19,120,182,157,25,29,153,324,285,39,45,279,507,434,73,75,432,128,111,17,19,109,152,134,18,19,133,124,108,16,18,106,92,80,12,14,78,2100,1835,265,299,1801
Karaikal,'14.3.1.b',Inpatient (Male)- Adults,TOTAL,1287,1210,77,82,1205,1293,1214,79,86,1207,1365,1296,69,74,1291,1484,1397,87,97,1387,1496,1419,77,86,1410,1025,938,87,96,929,1154,1064,90,93,1061,1276,1225,51,58,1218,1069,973,96,108,961,983,911,72,78,905,876,794,82,92,784,726,658,68,72,654,14034,13099,935,1022,13012
Karaikal,'14.3.2.a',Inpatient (Female)- Children<18yrs,TOTAL,79,70,9,9,70,96,87,9,12,84,104,93,11,14,90,119,107,12,13,106,163,131,32,48,115,117,94,23,40,77,174,144,30,34,140,266,214,52,58,208,129,105,24,26,103,105,88,17,22,83,94,76,18,19,75,86,72,14,14,72,1532,1281,251,309,1223
Karaikal,'14.3.2.b',Inpatient (Female)- Adults,TOTAL,1890,1623,267,292,1598,1920,1551,369,410,1510,1953,1653,300,324,1629,2125,1825,300,356,1769,2053,1740,313,356,1697,1139,762,377,385,754,1181,887,294,323,858,1529,1221,308,349,1180,1205,923,282,294,911,985,736,249,279,706,1007,745,262,299,708,892,625,267,302,590,17879,14291,3588,3969,13910
Karaikal,'14.3.3',Number of Left Against Medical Advice (LAMA) cases,TOTAL,312,312,0,0,312,302,302,0,0,302,343,343,0,0,343,490,490,0,0,490,494,494,0,0,494,304,304,0,0,304,496,495,1,1,495,550,549,1,1,549,423,423,0,0,423,395,394,1,1,394,264,264,0,0,264,307,307,0,0,307,4680,4677,3,3,4677
Karaikal,'14.4.1',Inpatient - Malaria,TOTAL,1,1,0,0,1,0,0,0,0,0,0,0,0,0,0,0,0,0,0,0,0,0,0,0,0,0,0,0,0,0,0,0,0,0,0,3,2,1,1,2,0,0,0,0,0,0,0,0,0,0,0,0,0,0,0,0,0,0,0,0,4,3,1,1,3
Karaikal,'14.4.2',Inpatient - Dengue,TOTAL,4,1,3,3,1,0,0,0,0,0,1,1,0,0,1,4,2,2,2,2,6,3,3,3,3,19,17,2,2,17,81,74,7,7,74,58,52,6,6,52,26,25,1,1,25,23,18,5,5,18,12,9,3,3,9,3,3,0,0,3,237,205,32,32,205
Karaikal,'14.4.3',Inpatient - Typhoid,TOTAL,12,4,8,8,4,2,2,0,0,2,5,5,0,0,5,23,23,0,0,23,14,13,1,1,13,29,28,1,1,28,57,54,3,3,54,69,66,3,3,66,23,22,1,1,22,20,20,0,0,20,21,19,2,2,19,14,14,0,0,14,289,270,19,19,270
Karaikal,'14.4.4',"Inpatient - Asthma, Chronic Obstructive Pulmonary Disease (COPD), Respiratory infections",TOTAL,59,43,16,16,43,26,21,5,5,21,28,27,1,1,27,59,58,1,1,58,56,51,5,5,51,30,29,1,1,29,128,118,10,10,118,233,227,6,6,227,75,73,2,2,73,52,50,2,2,50,16,14,2,2,14,37,36,1,1,36,799,747,52,52,747
Karaikal,'14.4.5',Inpatient - Tuberculosis,TOTAL,31,31,0,0,31,19,19,0,0,19,18,17,1,1,17,16,14,2,2,14,24,24,0,0,24,12,11,1,1,11,21,21,0,0,21,22,22,0,0,22,24,24,0,0,24,28,28,0,0,28,21,20,1,1,20,13,13,0,0,13,249,244,5,5,244
Karaikal,'14.4.6',Inpatient - Pyrexia of unknown origin (PUO),TOTAL,53,22,31,31,22,38,22,16,16,22,38,27,11,11,27,66,46,20,20,46,85,55,30,30,55,70,32,38,38,32,162,107,55,55,107,200,137,63,63,137,112,75,37,37,75,50,28,22,22,28,46,28,18,18,28,39,16,23,23,16,959,595,364,364,595
Karaikal,'14.4.7',Inpatient - Diarrhea with dehydration,TOTAL,126,99,27,27,99,142,129,13,13,129,149,132,17,25,124,188,163,25,40,148,155,138,17,17,138,204,187,17,18,186,160,150,10,10,150,174,161,13,13,161,184,172,12,12,172,160,147,13,13,147,138,115,23,23,115,94,83,11,14,80,1874,1676,198,225,1649
Karaikal,'14.4.8',Inpatient - Hepatitis,TOTAL,2,1,1,1,1,0,0,0,0,0,5,3,2,2,3,5,5,0,0,5,28,26,2,2,26,1,1,0,0,1,2,2,0,0,2,3,3,0,0,3,1,0,1,1,0,6,4,2,2,4,4,0,4,4,0,1,1,0,0,1,58,46,12,12,46
Karaikal,'14.5',Patients registered at Emergency Department,TOTAL,5501,5501,0,0,5501,5456,5456,0,0,5456,6079,6079,0,0,6079,6307,6307,0,0,6307,7215,7215,0,0,7215,7170,7170,0,0,7170,7771,7770,1,1,7770,9342,9342,0,0,9342,7006,7004,2,2,7004,6959,6959,0,0,6959,6718,6708,10,10,6708,5564,5564,0,0,5564,81088,81075,13,13,81075
Karaikal,'14.6.1',"Emergency - Trauma ( accident, injury, poisoning etc)",TOTAL,1057,1047,10,10,1047,1084,1080,4,4,1080,1125,1125,0,0,1125,1113,1113,0,0,1113,1333,1333,0,0,1333,135,135,0,0,135,1801,1801,0,0,1801,2249,2249,0,0,2249,1385,1385,0,0,1385,1731,1731,0,0,1731,76,74,2,2,74,1375,1375,0,0,1375,14464,14448,16,16,14448
Karaikal,'14.6.2',Emergency - Burn,TOTAL,13,13,0,0,13,6,4,2,2,4,7,7,0,0,7,4,4,0,0,4,8,8,0,0,8,7,7,0,0,7,10,10,0,0,10,9,9,0,0,9,0,0,0,0,0,1,1,0,0,1,1,0,1,1,0,0,0,0,0,0,66,63,3,3,63
Karaikal,'14.6.3',Emergency - Obstetrics complications,TOTAL,17,9,8,8,9,13,12,1,1,12,11,11,0,0,11,8,8,0,0,8,6,6,0,0,6,16,16,0,0,16,4,4,0,0,4,10,10,0,0,10,8,8,0,0,8,7,7,0,0,7,1,0,1,1,0,12,12,0,0,12,113,103,10,10,103
Karaikal,'14.6.4',Emergency - Snake Bite,TOTAL,19,19,0,0,19,11,11,0,0,11,17,17,0,0,17,7,7,0,0,7,20,20,0,0,20,30,30,0,0,30,16,16,0,0,16,34,34,0,0,34,18,18,0,0,18,4,4,0,0,4,14,14,0,0,14,12,12,0,0,12,202,202,0,0,202
Karaikal,'14.6.5',Emergency - Acute Caridiac Emergencies,TOTAL,34,27,7,7,27,15,12,3,3,12,37,37,0,0,37,22,22,0,0,22,82,82,0,0,82,12,12,0,0,12,9,9,0,0,9,46,46,0,0,46,12,12,0,0,12,105,105,0,0,105,12,8,4,4,8,18,18,0,0,18,404,390,14,14,390
Karaikal,'14.6.7',Emergency - CVA ( Cerebovascular Disease),TOTAL,24,21,3,3,21,18,18,0,0,18,21,21,0,0,21,26,26,0,0,26,43,43,0,0,43,16,16,0,0,16,32,31,1,1,31,45,45,0,0,45,32,30,2,2,30,15,15,0,0,15,34,32,2,2,32,32,32,0,0,32,338,330,8,8,330
Karaikal,'14.7',Number of deaths occurring at Emergency Department,TOTAL,6,6,0,0,6,2,2,0,0,2,6,6,0,0,6,1,1,0,0,1,4,4,0,0,4,1,1,0,0,1,5,5,0,0,5,5,5,0,0,5,5,5,0,0,5,3,3,0,0,3,4,4,0,0,4,4,4,0,0,4,46,46,0,0,46
Karaikal,'14.8.1',Operation major (General and spinal anaesthesia),TOTAL,289,176,113,113,176,333,152,181,181,152,329,225,104,104,225,237,194,43,43,194,313,201,112,112,201,320,183,137,137,183,318,205,113,113,205,297,201,96,96,201,245,154,91,91,154,210,133,77,77,133,209,129,80,80,129,152,117,35,35,117,3252,2070,1182,1182,2070
Karaikal,'14.8.2',"Out of Operation major, Gynecology- Hysterectomy surgeries",TOTAL,22,1,21,21,1,18,1,17,17,1,11,1,10,10,1,9,1,8,8,1,7,0,7,7,0,13,1,12,12,1,25,22,3,3,22,9,1,8,8,1,14,0,14,14,0,8,0,8,8,0,3,0,3,3,0,4,0,4,4,0,143,28,115,115,28
Karaikal,'14.8.3',"Major Surgeries excluding Obstetrics, Gynaecology and Opthalmology etc.",TOTAL,62,62,NA,NA,62,105,105,NA,NA,105,177,177,NA,NA,177,72,72,NA,NA,72,34,34,NA,NA,34,68,68,NA,NA,68,63,63,NA,NA,63,54,54,NA,NA,54,19,19,NA,NA,19,27,27,NA,NA,27,22,22,NA,NA,22,27,27,NA,NA,27,730,730,NA,NA,730
Karaikal,'14.8.4',Operation minor (No or local anaesthesia),TOTAL,1006,955,51,217,789,735,688,47,47,688,900,813,87,197,703,896,822,74,194,702,764,691,73,73,691,1328,1229,99,209,1119,1178,1113,65,291,887,942,857,85,180,762,1510,1424,86,176,1334,1256,1199,57,162,1094,7919,7828,91,156,7763,1308,1214,94,214,1094,19742,18833,909,2116,17626
Karaikal,'14.8.5',Number of post operative Surgical Site infection,TOTAL,0,0,NA,NA,0,0,0,NA,NA,0,0,0,NA,NA,0,0,0,NA,NA,0,0,0,NA,NA,0,0,0,NA,NA,0,2,2,NA,NA,2,1,1,NA,NA,1,1,1,NA,NA,1,0,0,NA,NA,0,3,3,NA,NA,3,1,1,NA,NA,1,8,8,NA,NA,8
Karaikal,'14.8.6',Number of blood units issued,TOTAL,130,119,11,11,119,121,115,6,6,115,142,142,0,0,142,115,114,1,1,114,128,126,2,2,126,151,150,1,1,150,155,155,0,0,155,156,155,1,1,155,57,57,0,0,57,126,126,0,0,126,135,106,29,29,106,162,105,57,57,105,1578,1470,108,108,1470
Karaikal,'14.8.7',Number of blood transfusions done,TOTAL,170,119,51,51,119,160,115,45,45,115,169,142,27,27,142,149,114,35,35,114,168,126,42,42,126,208,150,58,58,150,189,155,34,34,155,197,155,42,42,155,100,57,43,43,57,168,126,42,42,126,151,106,45,45,106,157,105,52,52,105,1986,1470,516,516,1470
Karaikal,'14.9.1',Inpatient Deaths - Male,TOTAL,16,16,0,0,16,12,10,2,2,10,21,19,2,2,19,16,16,0,0,16,26,26,0,0,26,18,17,1,1,17,26,25,1,1,25,17,16,1,1,16,29,29,0,0,29,24,24,0,0,24,19,19,0,0,19,11,10,1,1,10,235,227,8,8,227
Karaikal,'14.9.2',Inpatient Deaths - Female,TOTAL,18,16,2,2,16,5,5,0,0,5,12,12,0,0,12,10,10,0,0,10,7,7,0,0,7,9,9,0,0,9,17,17,0,0,17,12,12,0,0,12,11,10,1,1,10,9,8,1,1,8,12,12,0,0,12,8,7,1,1,7,130,125,5,5,125
Karaikal,'14.10',In-Patient Head Count at midnight,TOTAL,7586,7586,0,0,7586,7239,7239,0,0,7239,7311,7311,0,0,7311,7182,7182,0,0,7182,6816,6816,0,0,6816,7754,7754,0,0,7754,8328,8328,0,0,8328,7234,7234,0,0,7234,6873,6873,0,0,6873,6200,6200,0,0,6200,6996,6996,0,0,6996,5576,5576,0,0,5576,85095,85095,0,0,85095
Karaikal,'14.11',Number of Admission in NBSU ( New Born Stabilisation Unit),TOTAL,33,33,0,0,33,31,31,0,0,31,47,47,0,0,47,38,38,0,0,38,29,29,0,0,29,35,35,0,0,35,32,32,0,0,32,28,28,0,0,28,39,39,0,0,39,32,32,0,0,32,14,14,0,0,14,24,24,0,0,24,382,382,0,0,382
Karaikal,'14.12.1',Special Newborn Care Unit (SNCU Admissions) - Inborn Male,TOTAL,18,18,0,0,18,16,16,0,0,16,25,25,0,0,25,15,15,0,0,15,16,16,0,0,16,21,21,0,0,21,18,18,0,0,18,16,16,0,0,16,22,22,0,0,22,17,17,0,0,17,8,8,0,0,8,11,11,0,0,11,203,203,0,0,203
Karaikal,'14.12.2',Special Newborn Care Unit (SNCU Admissions) - Inborn Female,TOTAL,14,14,0,0,14,13,13,0,0,13,20,20,0,0,20,21,21,0,0,21,9,9,0,0,9,13,13,0,0,13,14,14,0,0,14,9,9,0,0,9,17,17,0,0,17,14,14,0,0,14,6,6,0,0,6,13,13,0,0,13,163,163,0,0,163
Karaikal,'14.12.3',Outborn – Male,TOTAL,1,1,0,0,1,3,2,1,1,2,2,2,0,0,2,2,2,0,0,2,2,2,0,0,2,0,0,0,0,0,1,1,0,0,1,9,2,7,7,2,1,1,0,0,1,0,0,0,0,0,0,0,0,0,0,0,0,0,0,0,21,13,8,8,13
Karaikal,'14.12.4',Outborn - Female,TOTAL,0,0,0,0,0,0,0,0,0,0,0,0,0,0,0,0,0,0,0,0,2,2,0,0,2,0,0,0,0,0,0,0,0,0,0,8,1,7,7,1,0,0,0,0,0,1,1,0,0,1,0,0,0,0,0,0,0,0,0,0,11,4,7,7,4
Karaikal,'14.12.5',Number of newborns admitted in SNCU - referred by ASHA,TOTAL,0,0,0,0,0,0,0,0,0,0,0,0,0,0,0,0,0,0,0,0,0,0,0,0,0,0,0,0,0,0,0,0,0,0,0,0,0,0,0,0,0,0,0,0,0,0,0,0,0,0,0,0,0,0,0,0,0,0,0,0,0,0,0,0,0
Karaikal,'14.13',Number of deaths occurring at SNCU,TOTAL,2,2,0,0,2,0,0,0,0,0,1,1,0,0,1,3,3,0,0,3,1,1,0,0,1,1,1,0,0,1,2,2,0,0,2,0,0,0,0,0,1,1,0,0,1,0,0,0,0,0,0,0,0,0,0,1,1,0,0,1,12,12,0,0,12
Karaikal,'14.14.1',Number of children admitted in NRC,TOTAL,0,0,0,0,0,0,0,0,0,0,0,0,0,0,0,0,0,0,0,0,0,0,0,0,0,0,0,0,0,0,0,0,0,0,0,0,0,0,0,0,0,0,0,0,0,0,0,0,0,0,0,0,0,0,0,0,0,0,0,0,0,0,0,0,0
Karaikal,'14.14.2',Number of children discharged with target weight gain from the NRCs,TOTAL,0,0,0,0,0,0,0,0,0,0,0,0,0,0,0,0,0,0,0,0,0,0,0,0,0,0,0,0,0,0,0,0,0,0,0,0,0,0,0,0,0,0,0,0,0,0,0,0,0,0,0,0,0,0,0,0,0,0,0,0,0,0,0,0,0
Karaikal,'14.15',Number of Rogi Kalyan Samiti (RKS) meetings held,TOTAL,10,10,0,2,8,8,8,0,2,6,13,13,0,3,10,10,10,0,3,7,8,8,0,3,5,6,6,0,2,4,8,8,0,2,6,6,6,0,2,4,6,6,0,2,4,5,5,0,1,4,5,5,0,1,4,5,5,0,1,4,90,90,0,24,66
Karaikal,'14.16',Number of Anganwadi centres/ UPHCs reported to have conducted Village Health & Nutrition Day (VHNDs)/ Urban Health & Nutrition Day (UHNDs)/ Outreach / Special Outreach,TOTAL,144,144,NA,20,124,135,135,NA,18,117,147,147,NA,18,129,142,142,NA,16,126,129,129,NA,18,111,119,119,NA,18,101,129,129,NA,18,111,120,120,NA,18,102,120,120,NA,18,102,120,120,NA,18,102,118,118,NA,8,110,113,113,NA,8,105,1536,1536,NA,196,1340
Karaikal,'14.17',Stock out rate of essential Drugs,TOTAL,0,0,NA,NA,0,0,0,NA,NA,0,0,0,NA,NA,0,0,0,NA,NA,0,NA,NA,NA,NA,NA,0,0,NA,NA,0,0,0,NA,NA,0,0,0,NA,NA,0,0,0,NA,NA,0,0,0,NA,NA,0,0,0,NA,NA,0,0,0,NA,NA,0,0,0,NA,NA,0
Karaikal,'14.18',Blood Units Issued on replacement (Family Donors to be considered as replacement donations),TOTAL,0,0,NA,NA,0,0,0,NA,NA,0,0,0,NA,NA,0,0,0,NA,NA,0,0,0,NA,NA,0,0,0,NA,NA,0,0,0,NA,NA,0,0,0,NA,NA,0,0,0,NA,NA,0,0,0,NA,NA,0,0,0,NA,NA,0,0,0,NA,NA,0,0,0,NA,NA,0
Karaikal,'14.19',Total number of blood units issued in year,TOTAL,0,0,NA,NA,0,0,0,NA,NA,0,0,0,NA,NA,0,0,0,NA,NA,0,0,0,NA,NA,0,0,0,NA,NA,0,0,0,NA,NA,0,155,155,NA,NA,155,57,57,NA,NA,57,126,126,NA,NA,126,106,106,NA,NA,106,105,105,NA,NA,105,549,549,NA,NA,549
Karaikal,'14.20',Patient Satisfaction Score of the facility in percentage (from Mera Aspatal),TOTAL,0,0,NA,NA,0,0,0,NA,NA,0,0,0,NA,NA,0,NA,NA,NA,NA,NA,0,0,NA,NA,0,0,0,NA,NA,0,NA,NA,NA,NA,NA,NA,NA,NA,NA,NA,NA,NA,NA,NA,NA,NA,NA,NA,NA,NA,0,0,NA,NA,0,0,0,NA,NA,0,0,0,NA,NA,0
Karaikal,'15.1',Number of Lab Tests done,TOTAL,39524,33465,6059,6675,32849,44643,36498,8145,8542,36101,42153,34755,7398,8072,34081,50246,43278,6968,7879,42367,42605,35604,7001,7931,34674,39972,32192,7780,8788,31184,44927,36007,8920,10152,34775,48002,37682,10320,11471,36531,42222,32860,9362,10339,31883,39591,31993,7598,8621,30970,43042,35402,7640,8729,34313,32977,26020,6957,7887,25090,509904,415756,94148,105086,404818
Karaikal,'15.2.1',Number of Hb tests conducted,TOTAL,4991,4523,468,618,4373,4959,4502,457,624,4335,5403,4965,438,594,4809,4985,4506,479,620,4365,5076,4551,525,675,4401,5246,4766,480,808,4438,5487,4903,584,753,4734,5704,5086,618,799,4905,4583,4074,509,674,3909,4745,4300,445,683,4062,4961,4520,441,670,4291,4903,4498,405,567,4336,61043,55194,5849,8085,52958
Karaikal,'15.2.2',"Out of the total number of Hb tests done, Number having Hb < 7 mg",TOTAL,229,211,18,21,208,237,216,21,23,214,214,199,15,16,198,181,166,15,15,166,255,234,21,23,232,110,89,21,31,79,276,251,25,27,249,243,233,10,12,231,72,66,6,8,64,289,285,4,11,278,232,219,13,15,217,214,200,14,17,197,2552,2369,183,219,2333
Karaikal,'15.3.1.a',Male HIV - Number Tested,TOTAL,348,329,19,23,325,306,292,14,15,291,321,312,9,17,304,368,351,17,26,342,325,293,32,37,288,300,298,2,3,297,310,296,14,32,278,333,329,4,10,323,332,327,5,12,320,368,365,3,10,358,353,345,8,11,342,248,237,11,14,234,3912,3774,138,210,3702
Karaikal,'15.3.1.b',Male HIV - Number Positive,TOTAL,0,0,0,0,0,0,0,0,0,0,0,0,0,0,0,0,0,0,0,0,16,1,15,15,1,0,0,0,0,0,1,1,0,0,1,1,1,0,0,1,0,0,0,0,0,0,0,0,0,0,1,0,1,1,0,3,3,0,0,3,22,6,16,16,6
Karaikal,'15.3.2.a',Female Non ANC HIV - Number Tested,TOTAL,319,272,47,47,272,335,293,42,66,269,305,255,50,50,255,296,267,29,29,267,287,242,45,45,242,299,272,27,27,272,253,222,31,32,221,251,227,24,24,227,284,258,26,27,257,294,267,27,27,267,258,229,29,29,229,235,201,34,34,201,3416,3005,411,437,2979
Karaikal,'15.3.2.b',Female Non ANC HIV - Number Positive,TOTAL,0,0,0,0,0,0,0,0,0,0,0,0,0,0,0,0,0,0,0,0,0,0,0,0,0,0,0,0,0,0,1,1,0,0,1,0,0,0,0,0,0,0,0,0,0,0,0,0,0,0,0,0,0,0,0,0,0,0,0,0,1,1,0,0,1
Karaikal,'15.3.3.a',Number of pregnant women screened for HIV,TOTAL,509,491,18,31,478,674,505,169,176,498,596,459,137,161,435,538,396,142,170,368,469,360,109,140,329,541,382,159,179,362,546,401,145,172,374,468,336,132,149,319,547,442,105,115,432,539,441,98,148,391,621,524,97,131,490,454,344,110,142,312,6502,5081,1421,1714,4788
Karaikal,'15.3.3.b',"Out of the above, number screened positive",TOTAL,0,0,0,0,0,0,0,0,0,0,0,0,0,0,0,1,0,1,1,0,0,0,0,0,0,0,0,0,0,0,0,0,0,0,0,0,0,0,0,0,0,0,0,0,0,0,0,0,0,0,0,0,0,0,0,0,0,0,0,0,1,0,1,1,0
Karaikal,'15.3.3.c',"Out of the above number screened positive, number confirmed with HIV infection at Integrated Counselling and Testing Centre (ICTC)",TOTAL,0,0,0,0,0,0,0,0,0,0,0,0,0,0,0,0,0,0,0,0,0,0,0,0,0,0,0,0,0,0,0,0,0,0,0,0,0,0,0,0,0,0,0,0,0,0,0,0,0,0,0,0,0,0,0,0,0,0,0,0,0,0,0,0,0
Karaikal,'15.3.4.a',Number of Male STI/RTI attendees tested for syphilis,TOTAL,326,326,0,0,326,414,410,4,5,409,412,412,0,8,404,301,298,3,12,289,300,298,2,7,293,244,244,0,1,243,234,231,3,11,223,388,385,3,9,379,309,308,1,8,301,281,280,1,8,273,308,307,1,4,304,265,258,7,10,255,3782,3757,25,83,3699
Karaikal,'15.3.4.b',Number of Male STI/RTI attendees found sero Positive for syphilis,TOTAL,0,0,0,0,0,1,1,0,0,1,0,0,0,0,0,0,0,0,0,0,0,0,0,0,0,0,0,0,0,0,0,0,0,0,0,1,1,0,0,1,0,0,0,0,0,0,0,0,0,0,0,0,0,0,0,0,0,0,0,0,2,2,0,0,2
Karaikal,'15.3.4.c',Number of Female (Non ANC)STI/RTI attendees tested for syphilis,TOTAL,294,264,30,30,264,246,225,21,21,225,394,268,126,126,268,388,265,123,123,265,284,246,38,42,242,387,261,126,126,261,238,212,26,27,211,134,113,21,21,113,267,241,26,26,241,255,236,19,19,236,297,267,30,30,267,237,203,34,34,203,3421,2801,620,625,2796
Karaikal,'15.3.4.d',Number of Female (Non ANC) STI/RTI attendees found sero Positive for syphilis,TOTAL,0,0,0,0,0,0,0,0,0,0,0,0,0,0,0,0,0,0,0,0,0,0,0,0,0,0,0,0,0,0,0,0,0,0,0,0,0,0,0,0,0,0,0,0,0,0,0,0,0,0,1,0,1,1,0,0,0,0,0,0,1,0,1,1,0
Karaikal,'15.4.1',Widal tests - Number Tested,TOTAL,139,103,36,40,99,161,120,41,51,110,174,148,26,45,129,183,169,14,32,151,287,241,46,62,225,339,295,44,62,277,976,880,96,139,837,1493,1399,94,208,1285,609,531,78,115,494,424,358,66,95,329,266,218,48,78,188,173,160,13,39,134,5224,4622,602,966,4258
Karaikal,'15.4.2',Widal tests - Number Positive,TOTAL,11,5,6,6,5,16,10,6,6,10,17,14,3,3,14,18,18,0,0,18,15,12,3,3,12,21,12,9,9,12,93,81,12,12,81,92,81,11,11,81,36,36,0,1,35,19,19,0,0,19,11,11,0,0,11,18,16,2,2,16,367,315,52,53,314
Karaikal,'16.1',Infant deaths within 24 hrs(1 to 23 Hrs) of birth,TOTAL,0,0,0,0,0,0,0,0,0,0,0,0,0,0,0,3,2,1,1,2,0,0,0,0,0,1,1,0,0,1,0,0,0,0,0,1,1,0,0,1,1,1,0,0,1,0,0,0,0,0,0,0,0,0,0,1,1,0,0,1,7,6,1,1,6
Karaikal,'16.2.1',Infant Deaths up to 4 weeks due to Sepsis,TOTAL,1,1,0,0,1,0,0,0,0,0,0,0,0,0,0,1,1,0,0,1,0,0,0,0,0,0,0,0,0,0,0,0,0,0,0,0,0,0,0,0,1,1,0,0,1,0,0,0,0,0,0,0,0,0,0,0,0,0,0,0,3,3,0,0,3
Karaikal,'16.2.2',Infant Deaths up to 4 weeks due to Asphyxia,TOTAL,1,1,0,0,1,0,0,0,0,0,1,1,0,0,1,0,0,0,0,0,0,0,0,0,0,0,0,0,0,0,1,1,0,0,1,0,0,0,0,0,0,0,0,0,0,0,0,0,0,0,0,0,0,0,0,0,0,0,0,0,3,3,0,0,3
Karaikal,'16.2.3',Infant Deaths up to 4 weeks due to Other causes,TOTAL,0,0,0,0,0,0,0,0,0,0,0,0,0,0,0,0,0,0,0,0,1,1,0,0,1,0,0,0,0,0,1,1,0,0,1,0,0,0,0,0,0,0,0,0,0,0,0,0,0,0,0,0,0,0,0,0,0,0,0,0,2,2,0,0,2
Karaikal,'16.3.1',Number of Infant Deaths (1 -12 months) due to Pneumonia,TOTAL,0,0,0,0,0,0,0,0,0,0,0,0,0,0,0,0,0,0,0,0,0,0,0,0,0,0,0,0,0,0,0,0,0,0,0,0,0,0,0,0,0,0,0,0,0,0,0,0,0,0,0,0,0,0,0,0,0,0,0,0,0,0,0,0,0
Karaikal,'16.3.2',Number of Infant Deaths (1 -12 months) due to Diarrhoea,TOTAL,0,0,0,0,0,0,0,0,0,0,0,0,0,0,0,0,0,0,0,0,0,0,0,0,0,0,0,0,0,0,0,0,0,0,0,0,0,0,0,0,0,0,0,0,0,0,0,0,0,0,0,0,0,0,0,0,0,0,0,0,0,0,0,0,0
Karaikal,'16.3.3',Number of Infant Deaths (1 -12 months) due to Fever related,TOTAL,0,0,0,0,0,0,0,0,0,0,0,0,0,0,0,0,0,0,0,0,0,0,0,0,0,0,0,0,0,0,0,0,0,0,0,0,0,0,0,0,0,0,0,0,0,0,0,0,0,0,0,0,0,0,0,0,0,0,0,0,0,0,0,0,0
Karaikal,'16.3.4',Number of Infant Deaths (1 -12 months) due to Measles,TOTAL,0,0,0,0,0,0,0,0,0,0,0,0,0,0,0,0,0,0,0,0,0,0,0,0,0,0,0,0,0,0,0,0,0,0,0,0,0,0,0,0,0,0,0,0,0,0,0,0,0,0,0,0,0,0,0,0,0,0,0,0,0,0,0,0,0
Karaikal,'16.3.5',Number of Infant Deaths (1 -12 months) due to Others,TOTAL,0,0,0,0,0,0,0,0,0,0,0,0,0,0,0,0,0,0,0,0,0,0,0,0,0,0,0,0,0,0,0,0,0,0,0,0,0,0,0,0,0,0,0,0,0,0,0,0,0,0,0,0,0,0,0,0,0,0,0,0,0,0,0,0,0
Karaikal,'16.4.1',Number of Child Deaths (1 -5 years) due to Pneumonia,TOTAL,0,0,0,0,0,0,0,0,0,0,0,0,0,0,0,0,0,0,0,0,0,0,0,0,0,0,0,0,0,0,0,0,0,0,0,1,1,0,0,1,0,0,0,0,0,0,0,0,0,0,0,0,0,0,0,0,0,0,0,0,1,1,0,0,1
Karaikal,'16.4.2',Number of Child Deaths (1 -5 years) due to Diarrhoea,TOTAL,0,0,0,0,0,0,0,0,0,0,0,0,0,0,0,0,0,0,0,0,0,0,0,0,0,0,0,0,0,0,0,0,0,0,0,0,0,0,0,0,0,0,0,0,0,0,0,0,0,0,0,0,0,0,0,0,0,0,0,0,0,0,0,0,0
Karaikal,'16.4.3',Number of Child Deaths (1 -5 years) due to Fever related,TOTAL,0,0,0,0,0,0,0,0,0,0,0,0,0,0,0,0,0,0,0,0,0,0,0,0,0,0,0,0,0,0,0,0,0,0,0,0,0,0,0,0,0,0,0,0,0,0,0,0,0,0,0,0,0,0,0,0,0,0,0,0,0,0,0,0,0
Karaikal,'16.4.4',Number of Child Deaths (1 -5 years) due to Measles,TOTAL,0,0,0,0,0,0,0,0,0,0,0,0,0,0,0,0,0,0,0,0,0,0,0,0,0,0,0,0,0,0,0,0,0,0,0,0,0,0,0,0,0,0,0,0,0,0,0,0,0,0,0,0,0,0,0,0,0,0,0,0,0,0,0,0,0
Karaikal,'16.4.5',Number of Child Deaths (1 -5 years) due to Others,TOTAL,0,0,0,0,0,0,0,0,0,0,0,0,0,0,0,0,0,0,0,0,0,0,0,0,0,0,0,0,0,0,0,0,0,0,0,0,0,0,0,0,0,0,0,0,0,0,0,0,0,0,0,0,0,0,0,0,0,0,0,0,0,0,0,0,0
Karaikal,'16.5.1',Number of Maternal Deaths due to Bleeding,TOTAL,0,0,0,0,0,0,0,0,0,0,0,0,0,0,0,0,0,0,0,0,0,0,0,0,0,0,0,0,0,0,0,0,0,0,0,0,0,0,0,0,0,0,0,0,0,0,0,0,0,0,0,0,0,0,0,0,0,0,0,0,0,0,0,0,0
Karaikal,'16.5.2',Number of Maternal Deaths due to High fever,TOTAL,0,0,0,0,0,0,0,0,0,0,0,0,0,0,0,0,0,0,0,0,0,0,0,0,0,0,0,0,0,0,0,0,0,0,0,0,0,0,0,0,0,0,0,0,0,0,0,0,0,0,0,0,0,0,0,0,0,0,0,0,0,0,0,0,0
Karaikal,'16.5.3',Number of Maternal Deaths due to Abortion,TOTAL,0,0,0,0,0,0,0,0,0,0,0,0,0,0,0,0,0,0,0,0,0,0,0,0,0,0,0,0,0,0,0,0,0,0,0,0,0,0,0,0,0,0,0,0,0,0,0,0,0,0,0,0,0,0,0,0,0,0,0,0,0,0,0,0,0
Karaikal,'16.5.4',Number of Maternal Deaths due to Obstructed/prolonged labour,TOTAL,0,0,0,0,0,0,0,0,0,0,0,0,0,0,0,0,0,0,0,0,0,0,0,0,0,0,0,0,0,0,0,0,0,0,0,0,0,0,0,0,0,0,0,0,0,0,0,0,0,0,0,0,0,0,0,0,0,0,0,0,0,0,0,0,0
Karaikal,'16.5.5',Number of Maternal Deaths due to Severe hypertesnion/fits,TOTAL,0,0,0,0,0,0,0,0,0,0,0,0,0,0,0,0,0,0,0,0,0,0,0,0,0,0,0,0,0,0,0,0,0,0,0,0,0,0,0,0,0,0,0,0,0,0,0,0,0,0,0,0,0,0,0,0,0,0,0,0,0,0,0,0,0
Karaikal,'16.5.6',Number of Maternal Deaths due to Other Causes (including causes not known),TOTAL,0,0,0,0,0,0,0,0,0,0,0,0,0,0,0,0,0,0,0,0,0,0,0,0,0,0,0,0,0,0,0,0,0,0,0,0,0,0,0,0,0,0,0,0,0,0,0,0,0,0,0,0,0,0,0,0,0,0,0,0,0,0,0,0,0
Karaikal,'16.6',Total Facility Based Maternal Death Reviews (FBMDR) done,TOTAL,0,0,0,0,0,0,0,0,0,0,0,0,0,0,0,0,0,0,0,0,0,0,0,0,0,0,0,0,0,0,0,0,0,0,0,0,0,0,0,0,0,0,0,0,0,0,0,0,0,0,0,0,0,0,0,0,0,0,0,0,0,0,0,0,0
Karaikal,'16.7.1',Number of Adolscent / Adult deaths due to Diarrhoeal diseases,TOTAL,0,0,0,0,0,0,0,0,0,0,0,0,0,0,0,0,0,0,0,0,0,0,0,0,0,0,0,0,0,0,0,0,0,0,0,0,0,0,0,0,0,0,0,0,0,0,0,0,0,0,0,0,0,0,0,0,0,0,0,0,0,0,0,0,0
Karaikal,'16.7.2',Number of Adolscent / Adult deaths due to Tuberculosis,TOTAL,2,2,0,0,2,0,0,0,0,0,0,0,0,0,0,0,0,0,0,0,0,0,0,0,0,1,1,0,0,1,0,0,0,0,0,1,1,0,0,1,4,4,0,0,4,1,1,0,0,1,0,0,0,0,0,0,0,0,0,0,9,9,0,0,9
Karaikal,'16.7.3',Number of Adolscent / Adult deaths due to Respiratory diseases including infections (other than TB),TOTAL,4,3,1,1,3,5,5,0,0,5,8,7,1,1,7,3,2,1,1,2,6,6,0,0,6,2,2,0,0,2,9,8,1,1,8,5,4,1,1,4,3,3,0,0,3,2,2,0,0,2,7,7,0,0,7,4,4,0,0,4,58,53,5,5,53
Karaikal,'16.7.4',Number of Adolscent / Adult deaths due to Other Fever Related,TOTAL,0,0,0,0,0,0,0,0,0,0,0,0,0,0,0,0,0,0,0,0,0,0,0,0,0,0,0,0,0,0,0,0,0,0,0,1,1,0,0,1,0,0,0,0,0,0,0,0,0,0,0,0,0,0,0,0,0,0,0,0,1,1,0,0,1
Karaikal,'16.7.5',Number of Adolscent / Adult deaths due to HIV/AIDS,TOTAL,0,0,0,0,0,0,0,0,0,0,0,0,0,0,0,0,0,0,0,0,0,0,0,0,0,0,0,0,0,0,0,0,0,0,0,0,0,0,0,0,0,0,0,0,0,0,0,0,0,0,0,0,0,0,0,0,0,0,0,0,0,0,0,0,0
Karaikal,'16.7.6',Number of Adolscent / Adult deaths due to Heart disease/Hypertension related,TOTAL,16,15,1,1,15,12,10,2,2,10,9,9,0,0,9,16,15,1,1,15,6,6,0,0,6,11,11,0,0,11,12,12,0,0,12,14,14,0,0,14,16,15,1,1,15,14,14,0,0,14,10,10,0,0,10,10,8,2,2,8,146,139,7,7,139
Karaikal,'16.7.7',Number of Adolscent / Adult deaths due to Cancer,TOTAL,4,4,0,1,3,1,1,0,0,1,2,1,1,1,1,1,1,0,0,1,0,0,0,0,0,0,0,0,0,0,1,1,0,0,1,1,0,1,1,0,1,1,0,0,1,1,1,0,0,1,1,1,0,0,1,3,3,0,0,3,16,14,2,3,13
Karaikal,'16.7.8',Number of Adolscent / Adult deaths due to Neurological disease including strokes,TOTAL,3,3,0,0,3,1,0,1,1,0,2,2,0,0,2,2,2,0,0,2,4,4,0,0,4,8,8,0,0,8,0,0,0,0,0,2,2,0,0,2,6,6,0,0,6,2,2,0,0,2,2,2,0,0,2,1,1,0,0,1,33,32,1,1,32
Karaikal,'16.7.9',Number of Adolscent / Adult deaths due to Accidents/Burn cases,TOTAL,4,4,0,1,3,3,3,0,0,3,2,2,0,1,1,0,0,0,0,0,0,0,0,0,0,2,2,0,0,2,5,5,0,0,5,1,1,0,0,1,2,2,0,0,2,3,3,0,0,3,4,4,0,0,4,1,1,0,0,1,27,27,0,2,25
Karaikal,'16.7.10',Number of Adolscent / Adult deaths due to Suicide,TOTAL,0,0,0,0,0,0,0,0,0,0,2,2,0,1,1,3,3,0,0,3,2,2,0,0,2,0,0,0,0,0,5,5,0,0,5,3,3,0,0,3,1,1,0,0,1,2,2,0,0,2,2,2,0,0,2,1,1,0,0,1,21,21,0,1,20
Karaikal,'16.7.11',Number of Adolscent / Adult deaths due to Animal bites and stings,TOTAL,0,0,0,0,0,1,1,0,0,1,0,0,0,0,0,1,1,0,0,1,0,0,0,0,0,0,0,0,0,0,0,0,0,0,0,1,1,0,0,1,0,0,0,0,0,0,0,0,0,0,0,0,0,0,0,0,0,0,0,0,3,3,0,0,3
Karaikal,'16.7.12',Number of Adolscent / Adult deaths due to Known Acute Disease,TOTAL,6,6,0,0,6,1,1,0,0,1,3,3,0,0,3,4,4,0,0,4,11,11,0,0,11,2,2,0,0,2,4,4,0,0,4,1,1,0,0,1,3,3,0,0,3,25,25,0,0,25,2,2,0,0,2,1,1,0,0,1,63,63,0,0,63
Karaikal,'16.7.13',Number of Adolscent / Adult deaths due to Known Chronic Disease,TOTAL,11,11,0,0,11,2,2,0,0,2,19,19,0,0,19,2,2,0,0,2,12,12,0,0,12,1,1,0,0,1,16,16,0,0,16,8,8,0,0,8,9,9,0,0,9,14,14,0,0,14,9,9,0,0,9,5,5,0,0,5,108,108,0,0,108
Karaikal,'16.7.14',Number of Adolscent / Adult deaths due to Causes not known,TOTAL,8,8,0,2,6,7,7,0,0,7,19,19,0,11,8,9,9,0,0,9,3,3,0,0,3,8,8,0,0,8,5,5,0,0,5,11,11,0,0,11,13,13,0,0,13,5,5,0,0,5,5,5,0,0,5,13,13,0,0,13,106,106,0,13,93
Karaikal,'16.8.1',Number of Deaths due to Malaria- Plasmodium Vivax,TOTAL,0,0,0,0,0,0,0,0,0,0,0,0,0,0,0,0,0,0,0,0,0,0,0,0,0,0,0,0,0,0,0,0,0,0,0,0,0,0,0,0,0,0,0,0,0,0,0,0,0,0,0,0,0,0,0,0,0,0,0,0,0,0,0,0,0
Karaikal,'16.8.2',Number of Deaths due to Malaria- Plasmodium Falciparum,TOTAL,0,0,0,0,0,0,0,0,0,0,0,0,0,0,0,0,0,0,0,0,0,0,0,0,0,0,0,0,0,0,0,0,0,0,0,0,0,0,0,0,0,0,0,0,0,0,0,0,0,0,0,0,0,0,0,0,0,0,0,0,0,0,0,0,0
Karaikal,'16.8.3',Number of Deaths due to Kala Azar,TOTAL,0,0,0,0,0,0,0,0,0,0,0,0,0,0,0,0,0,0,0,0,0,0,0,0,0,0,0,0,0,0,0,0,0,0,0,0,0,0,0,0,0,0,0,0,0,0,0,0,0,0,0,0,0,0,0,0,0,0,0,0,0,0,0,0,0
Karaikal,'16.8.4',Number of Deaths due to Dengue,TOTAL,0,0,0,0,0,0,0,0,0,0,0,0,0,0,0,0,0,0,0,0,0,0,0,0,0,0,0,0,0,0,0,0,0,0,0,0,0,0,0,0,0,0,0,0,0,0,0,0,0,0,0,0,0,0,0,0,0,0,0,0,0,0,0,0,0
Karaikal,'16.8.5',Number of Deaths due to Acute Encephelitis Syndrome (AES),TOTAL,0,0,0,0,0,0,0,0,0,0,0,0,0,0,0,0,0,0,0,0,0,0,0,0,0,0,0,0,0,0,0,0,0,0,0,0,0,0,0,0,0,0,0,0,0,0,0,0,0,0,0,0,0,0,0,0,0,0,0,0,0,0,0,0,0
Karaikal,'16.8.6',Number of Deaths due to Japanese Encephalitis (JE),TOTAL,0,0,0,0,0,0,0,0,0,0,0,0,0,0,0,0,0,0,0,0,0,0,0,0,0,0,0,0,0,0,0,0,0,0,0,0,0,0,0,0,0,0,0,0,0,0,0,0,0,0,0,0,0,0,0,0,0,0,0,0,0,0,0,0,0
Karaikal,'15.5.1',Radiology - X-ray,TOTAL,1111,933,178,178,933,1254,909,345,345,909,1071,917,154,154,917,1540,1363,177,177,1363,1231,1024,207,207,1024,1177,936,241,241,936,1201,935,266,266,935,1082,966,116,116,966,1148,1033,115,115,1033,1228,1030,198,198,1030,1125,1011,114,114,1011,932,761,171,171,761,14100,11818,2282,2282,11818
Karaikal,'15.5.2',Radiology - Ultrasonography (USG),TOTAL,183,180,3,3,180,270,265,5,5,265,208,207,1,1,207,71,67,4,4,67,311,309,2,2,309,266,264,2,2,264,227,223,4,4,223,311,310,1,1,310,276,275,1,1,275,328,326,2,2,326,346,344,2,2,344,206,202,4,4,202,3003,2972,31,31,2972
Karaikal,'17.1',Vaccine - DPT,1. Balance From Previous Month,236,NA,NA,NA,NA,200,NA,NA,NA,NA,183,NA,NA,NA,NA,162,NA,NA,NA,NA,139,NA,NA,NA,NA,312,NA,NA,NA,NA,287,NA,NA,NA,NA,141,NA,NA,NA,NA,233,NA,NA,NA,NA,30,NA,NA,NA,NA,19,NA,NA,NA,NA,97,NA,NA,NA,NA,2039,NA,NA,NA,NA
Karaikal,17.1',Vaccine - DPT,2. Stocks Received,0,NA,NA,NA,NA,0,NA,NA,NA,NA,0,NA,NA,NA,NA,0,NA,NA,NA,NA,200,NA,NA,NA,NA,0,NA,NA,NA,NA,0,NA,NA,NA,NA,200,NA,NA,NA,NA,0,NA,NA,NA,NA,0,NA,NA,NA,NA,100,NA,NA,NA,NA,0,NA,NA,NA,NA,500,NA,NA,NA,NA
Karaikal,17.1',Vaccine - DPT,3. Unusable Stock,0,NA,NA,NA,NA,0,NA,NA,NA,NA,0,NA,NA,NA,NA,0,NA,NA,NA,NA,0,NA,NA,NA,NA,0,NA,NA,NA,NA,0,NA,NA,NA,NA,0,NA,NA,NA,NA,0,NA,NA,NA,NA,0,NA,NA,NA,NA,0,NA,NA,NA,NA,0,NA,NA,NA,NA,0,NA,NA,NA,NA
Karaikal,17.1',Vaccine - DPT,4. Stock Distributed,36,NA,NA,NA,NA,17,NA,NA,NA,NA,21,NA,NA,NA,NA,23,NA,NA,NA,NA,27,NA,NA,NA,NA,25,NA,NA,NA,NA,146,NA,NA,NA,NA,108,NA,NA,NA,NA,203,NA,NA,NA,NA,11,NA,NA,NA,NA,22,NA,NA,NA,NA,25,NA,NA,NA,NA,664,NA,NA,NA,NA
Karaikal,17.1',Vaccine - DPT,5. Total Stock,200,NA,NA,NA,NA,183,NA,NA,NA,NA,162,NA,NA,NA,NA,139,NA,NA,NA,NA,312,NA,NA,NA,NA,287,NA,NA,NA,NA,141,NA,NA,NA,NA,233,NA,NA,NA,NA,30,NA,NA,NA,NA,19,NA,NA,NA,NA,97,NA,NA,NA,NA,72,NA,NA,NA,NA,1875,NA,NA,NA,NA
Karaikal,'17.2',Vaccine - Pentavalent,1. Balance From Previous Month,27,NA,NA,NA,NA,11,NA,NA,NA,NA,134,NA,NA,NA,NA,60,NA,NA,NA,NA,246,NA,NA,NA,NA,177,NA,NA,NA,NA,60,NA,NA,NA,NA,192,NA,NA,NA,NA,109,NA,NA,NA,NA,132,NA,NA,NA,NA,227,NA,NA,NA,NA,146,NA,NA,NA,NA,1521,NA,NA,NA,NA
Karaikal,17.2',Vaccine - Pentavalent,2. Stocks Received,60,NA,NA,NA,NA,170,NA,NA,NA,NA,0,NA,NA,NA,NA,250,NA,NA,NA,NA,0,NA,NA,NA,NA,0,NA,NA,NA,NA,200,NA,NA,NA,NA,0,NA,NA,NA,NA,100,NA,NA,NA,NA,150,NA,NA,NA,NA,0,NA,NA,NA,NA,0,NA,NA,NA,NA,930,NA,NA,NA,NA
Karaikal,17.2',Vaccine - Pentavalent,3. Unusable Stock,0,NA,NA,NA,NA,0,NA,NA,NA,NA,0,NA,NA,NA,NA,0,NA,NA,NA,NA,0,NA,NA,NA,NA,0,NA,NA,NA,NA,0,NA,NA,NA,NA,0,NA,NA,NA,NA,0,NA,NA,NA,NA,0,NA,NA,NA,NA,0,NA,NA,NA,NA,0,NA,NA,NA,NA,0,NA,NA,NA,NA
Karaikal,17.2',Vaccine - Pentavalent,4. Stock Distributed,76,NA,NA,NA,NA,47,NA,NA,NA,NA,74,NA,NA,NA,NA,64,NA,NA,NA,NA,69,NA,NA,NA,NA,117,NA,NA,NA,NA,68,NA,NA,NA,NA,83,NA,NA,NA,NA,77,NA,NA,NA,NA,55,NA,NA,NA,NA,81,NA,NA,NA,NA,42,NA,NA,NA,NA,853,NA,NA,NA,NA
Karaikal,17.2',Vaccine - Pentavalent,5. Total Stock,11,NA,NA,NA,NA,134,NA,NA,NA,NA,60,NA,NA,NA,NA,246,NA,NA,NA,NA,177,NA,NA,NA,NA,60,NA,NA,NA,NA,192,NA,NA,NA,NA,109,NA,NA,NA,NA,132,NA,NA,NA,NA,227,NA,NA,NA,NA,146,NA,NA,NA,NA,104,NA,NA,NA,NA,1598,NA,NA,NA,NA
Karaikal,'17.3',Vaccine - OPV,1. Balance From Previous Month,96,NA,NA,NA,NA,79,NA,NA,NA,NA,141,NA,NA,NA,NA,100,NA,NA,NA,NA,229,NA,NA,NA,NA,153,NA,NA,NA,NA,86,NA,NA,NA,NA,139,NA,NA,NA,NA,125,NA,NA,NA,NA,36,NA,NA,NA,NA,122,NA,NA,NA,NA,76,NA,NA,NA,NA,1382,NA,NA,NA,NA
Karaikal,17.3',Vaccine - OPV,2. Stocks Received,0,NA,NA,NA,NA,100,NA,NA,NA,NA,0,NA,NA,NA,NA,200,NA,NA,NA,NA,0,NA,NA,NA,NA,0,NA,NA,NA,NA,100,NA,NA,NA,NA,50,NA,NA,NA,NA,0,NA,NA,NA,NA,1100,NA,NA,NA,NA,0,NA,NA,NA,NA,0,NA,NA,NA,NA,1550,NA,NA,NA,NA
Karaikal,17.3',Vaccine - OPV,3. Unusable Stock,0,NA,NA,NA,NA,0,NA,NA,NA,NA,0,NA,NA,NA,NA,0,NA,NA,NA,NA,0,NA,NA,NA,NA,0,NA,NA,NA,NA,0,NA,NA,NA,NA,0,NA,NA,NA,NA,0,NA,NA,NA,NA,0,NA,NA,NA,NA,0,NA,NA,NA,NA,0,NA,NA,NA,NA,0,NA,NA,NA,NA
Karaikal,17.3',Vaccine - OPV,4. Stock Distributed,17,NA,NA,NA,NA,38,NA,NA,NA,NA,41,NA,NA,NA,NA,71,NA,NA,NA,NA,76,NA,NA,NA,NA,67,NA,NA,NA,NA,47,NA,NA,NA,NA,64,NA,NA,NA,NA,89,NA,NA,NA,NA,1014,NA,NA,NA,NA,46,NA,NA,NA,NA,4,NA,NA,NA,NA,1574,NA,NA,NA,NA
Karaikal,17.3',Vaccine - OPV,5. Total Stock,79,NA,NA,NA,NA,141,NA,NA,NA,NA,100,NA,NA,NA,NA,229,NA,NA,NA,NA,153,NA,NA,NA,NA,86,NA,NA,NA,NA,139,NA,NA,NA,NA,125,NA,NA,NA,NA,36,NA,NA,NA,NA,122,NA,NA,NA,NA,76,NA,NA,NA,NA,72,NA,NA,NA,NA,1358,NA,NA,NA,NA
Karaikal,'17.4',Vaccine - TT,1. Balance From Previous Month,31,NA,NA,NA,NA,0,NA,NA,NA,NA,0,NA,NA,NA,NA,0,NA,NA,NA,NA,0,NA,NA,NA,NA,0,NA,NA,NA,NA,0,NA,NA,NA,NA,0,NA,NA,NA,NA,0,NA,NA,NA,NA,0,NA,NA,NA,NA,0,NA,NA,NA,NA,0,NA,NA,NA,NA,31,NA,NA,NA,NA
Karaikal,17.4',Vaccine - TT,2. Stocks Received,0,NA,NA,NA,NA,0,NA,NA,NA,NA,0,NA,NA,NA,NA,0,NA,NA,NA,NA,0,NA,NA,NA,NA,0,NA,NA,NA,NA,0,NA,NA,NA,NA,0,NA,NA,NA,NA,0,NA,NA,NA,NA,0,NA,NA,NA,NA,0,NA,NA,NA,NA,0,NA,NA,NA,NA,0,NA,NA,NA,NA
Karaikal,17.4',Vaccine - TT,3. Unusable Stock,0,NA,NA,NA,NA,0,NA,NA,NA,NA,0,NA,NA,NA,NA,0,NA,NA,NA,NA,0,NA,NA,NA,NA,0,NA,NA,NA,NA,0,NA,NA,NA,NA,0,NA,NA,NA,NA,0,NA,NA,NA,NA,0,NA,NA,NA,NA,0,NA,NA,NA,NA,0,NA,NA,NA,NA,0,NA,NA,NA,NA
Karaikal,17.4',Vaccine - TT,4. Stock Distributed,31,NA,NA,NA,NA,0,NA,NA,NA,NA,0,NA,NA,NA,NA,0,NA,NA,NA,NA,0,NA,NA,NA,NA,0,NA,NA,NA,NA,0,NA,NA,NA,NA,0,NA,NA,NA,NA,0,NA,NA,NA,NA,0,NA,NA,NA,NA,0,NA,NA,NA,NA,0,NA,NA,NA,NA,31,NA,NA,NA,NA
Karaikal,17.4',Vaccine - TT,5. Total Stock,0,NA,NA,NA,NA,0,NA,NA,NA,NA,0,NA,NA,NA,NA,0,NA,NA,NA,NA,0,NA,NA,NA,NA,0,NA,NA,NA,NA,0,NA,NA,NA,NA,0,NA,NA,NA,NA,0,NA,NA,NA,NA,0,NA,NA,NA,NA,0,NA,NA,NA,NA,0,NA,NA,NA,NA,0,NA,NA,NA,NA
Karaikal,'17.5',Vaccine - DT,1. Balance From Previous Month,0,NA,NA,NA,NA,78,NA,NA,NA,NA,39,NA,NA,NA,NA,7,NA,NA,NA,NA,59,NA,NA,NA,NA,49,NA,NA,NA,NA,14,NA,NA,NA,NA,563,NA,NA,NA,NA,376,NA,NA,NA,NA,100,NA,NA,NA,NA,69,NA,NA,NA,NA,134,NA,NA,NA,NA,1488,NA,NA,NA,NA
Karaikal,17.5',Vaccine - DT,2. Stocks Received,100,NA,NA,NA,NA,0,NA,NA,NA,NA,0,NA,NA,NA,NA,100,NA,NA,NA,NA,50,NA,NA,NA,NA,0,NA,NA,NA,NA,800,NA,NA,NA,NA,0,NA,NA,NA,NA,100,NA,NA,NA,NA,0,NA,NA,NA,NA,100,NA,NA,NA,NA,0,NA,NA,NA,NA,1250,NA,NA,NA,NA
Karaikal,17.5',Vaccine - DT,3. Unusable Stock,0,NA,NA,NA,NA,0,NA,NA,NA,NA,0,NA,NA,NA,NA,0,NA,NA,NA,NA,0,NA,NA,NA,NA,0,NA,NA,NA,NA,0,NA,NA,NA,NA,0,NA,NA,NA,NA,0,NA,NA,NA,NA,0,NA,NA,NA,NA,0,NA,NA,NA,NA,0,NA,NA,NA,NA,0,NA,NA,NA,NA
Karaikal,17.5',Vaccine - DT,4. Stock Distributed,22,NA,NA,NA,NA,39,NA,NA,NA,NA,32,NA,NA,NA,NA,48,NA,NA,NA,NA,60,NA,NA,NA,NA,35,NA,NA,NA,NA,251,NA,NA,NA,NA,187,NA,NA,NA,NA,376,NA,NA,NA,NA,31,NA,NA,NA,NA,35,NA,NA,NA,NA,37,NA,NA,NA,NA,1153,NA,NA,NA,NA
Karaikal,17.5',Vaccine - DT,5. Total Stock,78,NA,NA,NA,NA,39,NA,NA,NA,NA,7,NA,NA,NA,NA,59,NA,NA,NA,NA,49,NA,NA,NA,NA,14,NA,NA,NA,NA,563,NA,NA,NA,NA,376,NA,NA,NA,NA,100,NA,NA,NA,NA,69,NA,NA,NA,NA,134,NA,NA,NA,NA,97,NA,NA,NA,NA,1585,NA,NA,NA,NA
Karaikal,'17.6',Vaccine - BCG,1. Balance From Previous Month,19,NA,NA,NA,NA,65,NA,NA,NA,NA,160,NA,NA,NA,NA,110,NA,NA,NA,NA,55,NA,NA,NA,NA,55,NA,NA,NA,NA,101,NA,NA,NA,NA,92,NA,NA,NA,NA,42,NA,NA,NA,NA,36,NA,NA,NA,NA,32,NA,NA,NA,NA,77,NA,NA,NA,NA,844,NA,NA,NA,NA
Karaikal,17.6',Vaccine - BCG,2. Stocks Received,100,NA,NA,NA,NA,100,NA,NA,NA,NA,0,NA,NA,NA,NA,0,NA,NA,NA,NA,0,NA,NA,NA,NA,100,NA,NA,NA,NA,0,NA,NA,NA,NA,0,NA,NA,NA,NA,0,NA,NA,NA,NA,50,NA,NA,NA,NA,50,NA,NA,NA,NA,0,NA,NA,NA,NA,400,NA,NA,NA,NA
Karaikal,17.6',Vaccine - BCG,3. Unusable Stock,0,NA,NA,NA,NA,0,NA,NA,NA,NA,0,NA,NA,NA,NA,0,NA,NA,NA,NA,0,NA,NA,NA,NA,0,NA,NA,NA,NA,0,NA,NA,NA,NA,0,NA,NA,NA,NA,0,NA,NA,NA,NA,0,NA,NA,NA,NA,0,NA,NA,NA,NA,0,NA,NA,NA,NA,0,NA,NA,NA,NA
Karaikal,17.6',Vaccine - BCG,4. Stock Distributed,54,NA,NA,NA,NA,5,NA,NA,NA,NA,50,NA,NA,NA,NA,55,NA,NA,NA,NA,0,NA,NA,NA,NA,54,NA,NA,NA,NA,9,NA,NA,NA,NA,50,NA,NA,NA,NA,6,NA,NA,NA,NA,54,NA,NA,NA,NA,5,NA,NA,NA,NA,50,NA,NA,NA,NA,392,NA,NA,NA,NA
Karaikal,17.6',Vaccine - BCG,5. Total Stock,65,NA,NA,NA,NA,160,NA,NA,NA,NA,110,NA,NA,NA,NA,55,NA,NA,NA,NA,55,NA,NA,NA,NA,101,NA,NA,NA,NA,92,NA,NA,NA,NA,42,NA,NA,NA,NA,36,NA,NA,NA,NA,32,NA,NA,NA,NA,77,NA,NA,NA,NA,27,NA,NA,NA,NA,852,NA,NA,NA,NA
Karaikal,'17.7',Vaccine - Measles,1. Balance From Previous Month,0,NA,NA,NA,NA,0,NA,NA,NA,NA,0,NA,NA,NA,NA,0,NA,NA,NA,NA,0,NA,NA,NA,NA,0,NA,NA,NA,NA,0,NA,NA,NA,NA,0,NA,NA,NA,NA,0,NA,NA,NA,NA,0,NA,NA,NA,NA,0,NA,NA,NA,NA,0,NA,NA,NA,NA,0,NA,NA,NA,NA
Karaikal,17.7',Vaccine - Measles,2. Stocks Received,0,NA,NA,NA,NA,0,NA,NA,NA,NA,0,NA,NA,NA,NA,0,NA,NA,NA,NA,0,NA,NA,NA,NA,0,NA,NA,NA,NA,0,NA,NA,NA,NA,0,NA,NA,NA,NA,0,NA,NA,NA,NA,0,NA,NA,NA,NA,0,NA,NA,NA,NA,0,NA,NA,NA,NA,0,NA,NA,NA,NA
Karaikal,17.7',Vaccine - Measles,3. Unusable Stock,0,NA,NA,NA,NA,0,NA,NA,NA,NA,0,NA,NA,NA,NA,0,NA,NA,NA,NA,0,NA,NA,NA,NA,0,NA,NA,NA,NA,0,NA,NA,NA,NA,0,NA,NA,NA,NA,0,NA,NA,NA,NA,0,NA,NA,NA,NA,0,NA,NA,NA,NA,0,NA,NA,NA,NA,0,NA,NA,NA,NA
Karaikal,17.7',Vaccine - Measles,4. Stock Distributed,0,NA,NA,NA,NA,0,NA,NA,NA,NA,0,NA,NA,NA,NA,0,NA,NA,NA,NA,0,NA,NA,NA,NA,0,NA,NA,NA,NA,0,NA,NA,NA,NA,0,NA,NA,NA,NA,0,NA,NA,NA,NA,0,NA,NA,NA,NA,0,NA,NA,NA,NA,0,NA,NA,NA,NA,0,NA,NA,NA,NA
Karaikal,17.7',Vaccine - Measles,5. Total Stock,0,NA,NA,NA,NA,0,NA,NA,NA,NA,0,NA,NA,NA,NA,0,NA,NA,NA,NA,0,NA,NA,NA,NA,0,NA,NA,NA,NA,0,NA,NA,NA,NA,0,NA,NA,NA,NA,0,NA,NA,NA,NA,0,NA,NA,NA,NA,0,NA,NA,NA,NA,0,NA,NA,NA,NA,0,NA,NA,NA,NA
Karaikal,'17.8',Vaccine - JE,1. Balance From Previous Month,0,NA,NA,NA,NA,0,NA,NA,NA,NA,0,NA,NA,NA,NA,0,NA,NA,NA,NA,0,NA,NA,NA,NA,0,NA,NA,NA,NA,0,NA,NA,NA,NA,0,NA,NA,NA,NA,0,NA,NA,NA,NA,0,NA,NA,NA,NA,0,NA,NA,NA,NA,0,NA,NA,NA,NA,0,NA,NA,NA,NA
Karaikal,17.8',Vaccine - JE,2. Stocks Received,0,NA,NA,NA,NA,0,NA,NA,NA,NA,0,NA,NA,NA,NA,0,NA,NA,NA,NA,0,NA,NA,NA,NA,0,NA,NA,NA,NA,0,NA,NA,NA,NA,0,NA,NA,NA,NA,0,NA,NA,NA,NA,0,NA,NA,NA,NA,0,NA,NA,NA,NA,0,NA,NA,NA,NA,0,NA,NA,NA,NA
Karaikal,17.8',Vaccine - JE,3. Unusable Stock,0,NA,NA,NA,NA,0,NA,NA,NA,NA,0,NA,NA,NA,NA,0,NA,NA,NA,NA,0,NA,NA,NA,NA,0,NA,NA,NA,NA,0,NA,NA,NA,NA,0,NA,NA,NA,NA,0,NA,NA,NA,NA,0,NA,NA,NA,NA,0,NA,NA,NA,NA,0,NA,NA,NA,NA,0,NA,NA,NA,NA
Karaikal,17.8',Vaccine - JE,4. Stock Distributed,0,NA,NA,NA,NA,0,NA,NA,NA,NA,0,NA,NA,NA,NA,0,NA,NA,NA,NA,0,NA,NA,NA,NA,0,NA,NA,NA,NA,0,NA,NA,NA,NA,0,NA,NA,NA,NA,0,NA,NA,NA,NA,0,NA,NA,NA,NA,0,NA,NA,NA,NA,0,NA,NA,NA,NA,0,NA,NA,NA,NA
Karaikal,17.8',Vaccine - JE,5. Total Stock,0,NA,NA,NA,NA,0,NA,NA,NA,NA,0,NA,NA,NA,NA,0,NA,NA,NA,NA,0,NA,NA,NA,NA,0,NA,NA,NA,NA,0,NA,NA,NA,NA,0,NA,NA,NA,NA,0,NA,NA,NA,NA,0,NA,NA,NA,NA,0,NA,NA,NA,NA,0,NA,NA,NA,NA,0,NA,NA,NA,NA
Karaikal,'17.9',Vaccine - Hepatitis B,1. Balance From Previous Month,16,NA,NA,NA,NA,44,NA,NA,NA,NA,72,NA,NA,NA,NA,52,NA,NA,NA,NA,70,NA,NA,NA,NA,44,NA,NA,NA,NA,27,NA,NA,NA,NA,74,NA,NA,NA,NA,44,NA,NA,NA,NA,16,NA,NA,NA,NA,65,NA,NA,NA,NA,38,NA,NA,NA,NA,562,NA,NA,NA,NA
Karaikal,17.9',Vaccine - Hepatitis B,2. Stocks Received,50,NA,NA,NA,NA,50,NA,NA,NA,NA,0,NA,NA,NA,NA,50,NA,NA,NA,NA,0,NA,NA,NA,NA,0,NA,NA,NA,NA,50,NA,NA,NA,NA,0,NA,NA,NA,NA,0,NA,NA,NA,NA,50,NA,NA,NA,NA,0,NA,NA,NA,NA,0,NA,NA,NA,NA,250,NA,NA,NA,NA
Karaikal,17.9',Vaccine - Hepatitis B,3. Unusable Stock,0,NA,NA,NA,NA,0,NA,NA,NA,NA,0,NA,NA,NA,NA,0,NA,NA,NA,NA,0,NA,NA,NA,NA,0,NA,NA,NA,NA,0,NA,NA,NA,NA,0,NA,NA,NA,NA,0,NA,NA,NA,NA,0,NA,NA,NA,NA,0,NA,NA,NA,NA,0,NA,NA,NA,NA,0,NA,NA,NA,NA
Karaikal,17.9',Vaccine - Hepatitis B,4. Stock Distributed,22,NA,NA,NA,NA,22,NA,NA,NA,NA,20,NA,NA,NA,NA,32,NA,NA,NA,NA,26,NA,NA,NA,NA,17,NA,NA,NA,NA,3,NA,NA,NA,NA,30,NA,NA,NA,NA,28,NA,NA,NA,NA,1,NA,NA,NA,NA,27,NA,NA,NA,NA,0,NA,NA,NA,NA,228,NA,NA,NA,NA
Karaikal,17.9',Vaccine - Hepatitis B,5. Total Stock,44,NA,NA,NA,NA,72,NA,NA,NA,NA,52,NA,NA,NA,NA,70,NA,NA,NA,NA,44,NA,NA,NA,NA,27,NA,NA,NA,NA,74,NA,NA,NA,NA,44,NA,NA,NA,NA,16,NA,NA,NA,NA,65,NA,NA,NA,NA,38,NA,NA,NA,NA,38,NA,NA,NA,NA,584,NA,NA,NA,NA
Karaikal,'17.10',Vaccine - Typhoid,1. Balance From Previous Month,0,NA,NA,NA,NA,0,NA,NA,NA,NA,0,NA,NA,NA,NA,0,NA,NA,NA,NA,0,NA,NA,NA,NA,0,NA,NA,NA,NA,0,NA,NA,NA,NA,0,NA,NA,NA,NA,0,NA,NA,NA,NA,0,NA,NA,NA,NA,0,NA,NA,NA,NA,0,NA,NA,NA,NA,0,NA,NA,NA,NA
Karaikal,17.10',Vaccine - Typhoid,2. Stocks Received,0,NA,NA,NA,NA,0,NA,NA,NA,NA,0,NA,NA,NA,NA,0,NA,NA,NA,NA,0,NA,NA,NA,NA,0,NA,NA,NA,NA,0,NA,NA,NA,NA,0,NA,NA,NA,NA,0,NA,NA,NA,NA,0,NA,NA,NA,NA,0,NA,NA,NA,NA,0,NA,NA,NA,NA,0,NA,NA,NA,NA
Karaikal,17.10',Vaccine - Typhoid,3. Unusable Stock,0,NA,NA,NA,NA,0,NA,NA,NA,NA,0,NA,NA,NA,NA,0,NA,NA,NA,NA,0,NA,NA,NA,NA,0,NA,NA,NA,NA,0,NA,NA,NA,NA,0,NA,NA,NA,NA,0,NA,NA,NA,NA,0,NA,NA,NA,NA,0,NA,NA,NA,NA,0,NA,NA,NA,NA,0,NA,NA,NA,NA
Karaikal,17.10',Vaccine - Typhoid,4. Stock Distributed,0,NA,NA,NA,NA,0,NA,NA,NA,NA,0,NA,NA,NA,NA,0,NA,NA,NA,NA,0,NA,NA,NA,NA,0,NA,NA,NA,NA,0,NA,NA,NA,NA,0,NA,NA,NA,NA,0,NA,NA,NA,NA,0,NA,NA,NA,NA,0,NA,NA,NA,NA,0,NA,NA,NA,NA,0,NA,NA,NA,NA
Karaikal,17.10',Vaccine - Typhoid,5. Total Stock,0,NA,NA,NA,NA,0,NA,NA,NA,NA,0,NA,NA,NA,NA,0,NA,NA,NA,NA,0,NA,NA,NA,NA,0,NA,NA,NA,NA,0,NA,NA,NA,NA,0,NA,NA,NA,NA,0,NA,NA,NA,NA,0,NA,NA,NA,NA,0,NA,NA,NA,NA,0,NA,NA,NA,NA,0,NA,NA,NA,NA
Karaikal,'17.11',Vaccine - Vitamin K,1. Balance From Previous Month,0,NA,NA,NA,NA,0,NA,NA,NA,NA,0,NA,NA,NA,NA,0,NA,NA,NA,NA,0,NA,NA,NA,NA,0,NA,NA,NA,NA,0,NA,NA,NA,NA,0,NA,NA,NA,NA,0,NA,NA,NA,NA,0,NA,NA,NA,NA,0,NA,NA,NA,NA,0,NA,NA,NA,NA,0,NA,NA,NA,NA
Karaikal,17.11',Vaccine - Vitamin K,2. Stocks Received,0,NA,NA,NA,NA,0,NA,NA,NA,NA,0,NA,NA,NA,NA,0,NA,NA,NA,NA,0,NA,NA,NA,NA,0,NA,NA,NA,NA,0,NA,NA,NA,NA,0,NA,NA,NA,NA,0,NA,NA,NA,NA,0,NA,NA,NA,NA,0,NA,NA,NA,NA,0,NA,NA,NA,NA,0,NA,NA,NA,NA
Karaikal,17.11',Vaccine - Vitamin K,3. Unusable Stock,0,NA,NA,NA,NA,0,NA,NA,NA,NA,0,NA,NA,NA,NA,0,NA,NA,NA,NA,0,NA,NA,NA,NA,0,NA,NA,NA,NA,0,NA,NA,NA,NA,0,NA,NA,NA,NA,0,NA,NA,NA,NA,0,NA,NA,NA,NA,0,NA,NA,NA,NA,0,NA,NA,NA,NA,0,NA,NA,NA,NA
Karaikal,17.11',Vaccine - Vitamin K,4. Stock Distributed,0,NA,NA,NA,NA,0,NA,NA,NA,NA,0,NA,NA,NA,NA,0,NA,NA,NA,NA,0,NA,NA,NA,NA,0,NA,NA,NA,NA,0,NA,NA,NA,NA,0,NA,NA,NA,NA,0,NA,NA,NA,NA,0,NA,NA,NA,NA,0,NA,NA,NA,NA,0,NA,NA,NA,NA,0,NA,NA,NA,NA
Karaikal,17.11',Vaccine - Vitamin K,5. Total Stock,0,NA,NA,NA,NA,0,NA,NA,NA,NA,0,NA,NA,NA,NA,0,NA,NA,NA,NA,0,NA,NA,NA,NA,0,NA,NA,NA,NA,0,NA,NA,NA,NA,0,NA,NA,NA,NA,0,NA,NA,NA,NA,0,NA,NA,NA,NA,0,NA,NA,NA,NA,0,NA,NA,NA,NA,0,NA,NA,NA,NA
Karaikal,'17.12',Rotavirus,1. Balance From Previous Month,0,NA,NA,NA,NA,0,NA,NA,NA,NA,0,NA,NA,NA,NA,0,NA,NA,NA,NA,800,NA,NA,NA,NA,527,NA,NA,NA,NA,405,NA,NA,NA,NA,154,NA,NA,NA,NA,90,NA,NA,NA,NA,11,NA,NA,NA,NA,350,NA,NA,NA,NA,380,NA,NA,NA,NA,2717,NA,NA,NA,NA
Karaikal,17.12',Rotavirus,2. Stocks Received,0,NA,NA,NA,NA,0,NA,NA,NA,NA,0,NA,NA,NA,NA,800,NA,NA,NA,NA,0,NA,NA,NA,NA,0,NA,NA,NA,NA,0,NA,NA,NA,NA,300,NA,NA,NA,NA,250,NA,NA,NA,NA,800,NA,NA,NA,NA,300,NA,NA,NA,NA,0,NA,NA,NA,NA,2450,NA,NA,NA,NA
Karaikal,17.12',Rotavirus,3. Unusable Stock,0,NA,NA,NA,NA,0,NA,NA,NA,NA,0,NA,NA,NA,NA,0,NA,NA,NA,NA,0,NA,NA,NA,NA,0,NA,NA,NA,NA,0,NA,NA,NA,NA,0,NA,NA,NA,NA,0,NA,NA,NA,NA,0,NA,NA,NA,NA,0,NA,NA,NA,NA,0,NA,NA,NA,NA,0,NA,NA,NA,NA
Karaikal,17.12',Rotavirus,4. Stock Distributed,0,NA,NA,NA,NA,0,NA,NA,NA,NA,0,NA,NA,NA,NA,0,NA,NA,NA,NA,273,NA,NA,NA,NA,122,NA,NA,NA,NA,251,NA,NA,NA,NA,364,NA,NA,NA,NA,351,NA,NA,NA,NA,461,NA,NA,NA,NA,270,NA,NA,NA,NA,145,NA,NA,NA,NA,2237,NA,NA,NA,NA
Karaikal,17.12',Rotavirus,5. Total Stock,0,NA,NA,NA,NA,0,NA,NA,NA,NA,0,NA,NA,NA,NA,800,NA,NA,NA,NA,527,NA,NA,NA,NA,405,NA,NA,NA,NA,154,NA,NA,NA,NA,90,NA,NA,NA,NA,11,NA,NA,NA,NA,350,NA,NA,NA,NA,380,NA,NA,NA,NA,235,NA,NA,NA,NA,2952,NA,NA,NA,NA
Karaikal,'17.13',Inactivated Polio Vaccine,1. Balance From Previous Month,22,NA,NA,NA,NA,18,NA,NA,NA,NA,24,NA,NA,NA,NA,3,NA,NA,NA,NA,29,NA,NA,NA,NA,7,NA,NA,NA,NA,32,NA,NA,NA,NA,8,NA,NA,NA,NA,32,NA,NA,NA,NA,3,NA,NA,NA,NA,26,NA,NA,NA,NA,30,NA,NA,NA,NA,234,NA,NA,NA,NA
Karaikal,17.13',Inactivated Polio Vaccine,2. Stocks Received,22,NA,NA,NA,NA,22,NA,NA,NA,NA,0,NA,NA,NA,NA,50,NA,NA,NA,NA,0,NA,NA,NA,NA,50,NA,NA,NA,NA,0,NA,NA,NA,NA,50,NA,NA,NA,NA,0,NA,NA,NA,NA,50,NA,NA,NA,NA,30,NA,NA,NA,NA,0,NA,NA,NA,NA,274,NA,NA,NA,NA
Karaikal,17.13',Inactivated Polio Vaccine,3. Unusable Stock,0,NA,NA,NA,NA,0,NA,NA,NA,NA,0,NA,NA,NA,NA,0,NA,NA,NA,NA,0,NA,NA,NA,NA,0,NA,NA,NA,NA,0,NA,NA,NA,NA,0,NA,NA,NA,NA,0,NA,NA,NA,NA,0,NA,NA,NA,NA,0,NA,NA,NA,NA,0,NA,NA,NA,NA,0,NA,NA,NA,NA
Karaikal,17.13',Inactivated Polio Vaccine,4. Stock Distributed,26,NA,NA,NA,NA,16,NA,NA,NA,NA,21,NA,NA,NA,NA,24,NA,NA,NA,NA,22,NA,NA,NA,NA,25,NA,NA,NA,NA,24,NA,NA,NA,NA,26,NA,NA,NA,NA,29,NA,NA,NA,NA,27,NA,NA,NA,NA,26,NA,NA,NA,NA,13,NA,NA,NA,NA,279,NA,NA,NA,NA
Karaikal,17.13',Inactivated Polio Vaccine,5. Total Stock,18,NA,NA,NA,NA,24,NA,NA,NA,NA,3,NA,NA,NA,NA,29,NA,NA,NA,NA,7,NA,NA,NA,NA,32,NA,NA,NA,NA,8,NA,NA,NA,NA,32,NA,NA,NA,NA,3,NA,NA,NA,NA,26,NA,NA,NA,NA,30,NA,NA,NA,NA,17,NA,NA,NA,NA,229,NA,NA,NA,NA
Karaikal,'17.14',Measles Rubella (MR),1. Balance From Previous Month,41,NA,NA,NA,NA,68,NA,NA,NA,NA,161,NA,NA,NA,NA,100,NA,NA,NA,NA,229,NA,NA,NA,NA,154,NA,NA,NA,NA,63,NA,NA,NA,NA,111,NA,NA,NA,NA,127,NA,NA,NA,NA,63,NA,NA,NA,NA,114,NA,NA,NA,NA,157,NA,NA,NA,NA,1388,NA,NA,NA,NA
Karaikal,17.14',Measles Rubella (MR),2. Stocks Received,100,NA,NA,NA,NA,150,NA,NA,NA,NA,0,NA,NA,NA,NA,200,NA,NA,NA,NA,0,NA,NA,NA,NA,0,NA,NA,NA,NA,100,NA,NA,NA,NA,100,NA,NA,NA,NA,0,NA,NA,NA,NA,100,NA,NA,NA,NA,100,NA,NA,NA,NA,0,NA,NA,NA,NA,850,NA,NA,NA,NA
Karaikal,17.14',Measles Rubella (MR),3. Unusable Stock,0,NA,NA,NA,NA,0,NA,NA,NA,NA,0,NA,NA,NA,NA,0,NA,NA,NA,NA,0,NA,NA,NA,NA,0,NA,NA,NA,NA,0,NA,NA,NA,NA,0,NA,NA,NA,NA,0,NA,NA,NA,NA,0,NA,NA,NA,NA,0,NA,NA,NA,NA,0,NA,NA,NA,NA,0,NA,NA,NA,NA
Karaikal,17.14',Measles Rubella (MR),4. Stock Distributed,73,NA,NA,NA,NA,57,NA,NA,NA,NA,61,NA,NA,NA,NA,71,NA,NA,NA,NA,75,NA,NA,NA,NA,83,NA,NA,NA,NA,49,NA,NA,NA,NA,84,NA,NA,NA,NA,64,NA,NA,NA,NA,49,NA,NA,NA,NA,27,NA,NA,NA,NA,41,NA,NA,NA,NA,734,NA,NA,NA,NA
Karaikal,17.14',Measles Rubella (MR),5. Total Stock,68,NA,NA,NA,NA,161,NA,NA,NA,NA,100,NA,NA,NA,NA,229,NA,NA,NA,NA,154,NA,NA,NA,NA,71,NA,NA,NA,NA,114,NA,NA,NA,NA,127,NA,NA,NA,NA,63,NA,NA,NA,NA,114,NA,NA,NA,NA,38,NA,NA,NA,NA,116,NA,NA,NA,NA,1355,NA,NA,NA,NA
Karaikal,'18.1',IUD 380 A,1. Balance From Previous Month,0,NA,NA,NA,NA,0,NA,NA,NA,NA,0,NA,NA,NA,NA,0,NA,NA,NA,NA,0,NA,NA,NA,NA,0,NA,NA,NA,NA,0,NA,NA,NA,NA,0,NA,NA,NA,NA,0,NA,NA,NA,NA,0,NA,NA,NA,NA,0,NA,NA,NA,NA,0,NA,NA,NA,NA,0,NA,NA,NA,NA
Karaikal,18.1',IUD 380 A,2. Stocks Received,0,NA,NA,NA,NA,0,NA,NA,NA,NA,0,NA,NA,NA,NA,0,NA,NA,NA,NA,0,NA,NA,NA,NA,0,NA,NA,NA,NA,0,NA,NA,NA,NA,0,NA,NA,NA,NA,0,NA,NA,NA,NA,0,NA,NA,NA,NA,0,NA,NA,NA,NA,0,NA,NA,NA,NA,0,NA,NA,NA,NA
Karaikal,18.1',IUD 380 A,3. Unusable Stock,0,NA,NA,NA,NA,0,NA,NA,NA,NA,0,NA,NA,NA,NA,0,NA,NA,NA,NA,0,NA,NA,NA,NA,0,NA,NA,NA,NA,0,NA,NA,NA,NA,0,NA,NA,NA,NA,0,NA,NA,NA,NA,0,NA,NA,NA,NA,0,NA,NA,NA,NA,0,NA,NA,NA,NA,0,NA,NA,NA,NA
Karaikal,18.1',IUD 380 A,4. Stock Distributed,0,NA,NA,NA,NA,0,NA,NA,NA,NA,0,NA,NA,NA,NA,0,NA,NA,NA,NA,0,NA,NA,NA,NA,0,NA,NA,NA,NA,0,NA,NA,NA,NA,0,NA,NA,NA,NA,0,NA,NA,NA,NA,0,NA,NA,NA,NA,0,NA,NA,NA,NA,0,NA,NA,NA,NA,0,NA,NA,NA,NA
Karaikal,18.1',IUD 380 A,5. Total Stock,0,NA,NA,NA,NA,0,NA,NA,NA,NA,0,NA,NA,NA,NA,0,NA,NA,NA,NA,0,NA,NA,NA,NA,0,NA,NA,NA,NA,0,NA,NA,NA,NA,0,NA,NA,NA,NA,0,NA,NA,NA,NA,0,NA,NA,NA,NA,0,NA,NA,NA,NA,0,NA,NA,NA,NA,0,NA,NA,NA,NA
Karaikal,'18.2',IUD 375 A,1. Balance From Previous Month,0,NA,NA,NA,NA,0,NA,NA,NA,NA,0,NA,NA,NA,NA,0,NA,NA,NA,NA,0,NA,NA,NA,NA,0,NA,NA,NA,NA,0,NA,NA,NA,NA,0,NA,NA,NA,NA,0,NA,NA,NA,NA,0,NA,NA,NA,NA,0,NA,NA,NA,NA,0,NA,NA,NA,NA,0,NA,NA,NA,NA
Karaikal,18.2',IUD 375 A,2. Stocks Received,0,NA,NA,NA,NA,0,NA,NA,NA,NA,0,NA,NA,NA,NA,0,NA,NA,NA,NA,0,NA,NA,NA,NA,0,NA,NA,NA,NA,0,NA,NA,NA,NA,0,NA,NA,NA,NA,0,NA,NA,NA,NA,0,NA,NA,NA,NA,0,NA,NA,NA,NA,0,NA,NA,NA,NA,0,NA,NA,NA,NA
Karaikal,18.2',IUD 375 A,3. Unusable Stock,0,NA,NA,NA,NA,0,NA,NA,NA,NA,0,NA,NA,NA,NA,0,NA,NA,NA,NA,0,NA,NA,NA,NA,0,NA,NA,NA,NA,0,NA,NA,NA,NA,0,NA,NA,NA,NA,0,NA,NA,NA,NA,0,NA,NA,NA,NA,0,NA,NA,NA,NA,0,NA,NA,NA,NA,0,NA,NA,NA,NA
Karaikal,18.2',IUD 375 A,4. Stock Distributed,0,NA,NA,NA,NA,0,NA,NA,NA,NA,0,NA,NA,NA,NA,0,NA,NA,NA,NA,0,NA,NA,NA,NA,0,NA,NA,NA,NA,0,NA,NA,NA,NA,0,NA,NA,NA,NA,0,NA,NA,NA,NA,0,NA,NA,NA,NA,0,NA,NA,NA,NA,0,NA,NA,NA,NA,0,NA,NA,NA,NA
Karaikal,18.2',IUD 375 A,5. Total Stock,0,NA,NA,NA,NA,0,NA,NA,NA,NA,0,NA,NA,NA,NA,0,NA,NA,NA,NA,0,NA,NA,NA,NA,0,NA,NA,NA,NA,0,NA,NA,NA,NA,0,NA,NA,NA,NA,0,NA,NA,NA,NA,0,NA,NA,NA,NA,0,NA,NA,NA,NA,0,NA,NA,NA,NA,0,NA,NA,NA,NA
Karaikal,'18.3',Condoms,1. Balance From Previous Month,140400,NA,NA,NA,NA,3400,NA,NA,NA,NA,0,NA,NA,NA,NA,0,NA,NA,NA,NA,0,NA,NA,NA,NA,0,NA,NA,NA,NA,0,NA,NA,NA,NA,0,NA,NA,NA,NA,0,NA,NA,NA,NA,0,NA,NA,NA,NA,0,NA,NA,NA,NA,0,NA,NA,NA,NA,143800,NA,NA,NA,NA
Karaikal,18.3',Condoms,2. Stocks Received,0,NA,NA,NA,NA,0,NA,NA,NA,NA,0,NA,NA,NA,NA,0,NA,NA,NA,NA,0,NA,NA,NA,NA,0,NA,NA,NA,NA,0,NA,NA,NA,NA,0,NA,NA,NA,NA,86400,NA,NA,NA,NA,0,NA,NA,NA,NA,0,NA,NA,NA,NA,0,NA,NA,NA,NA,86400,NA,NA,NA,NA
Karaikal,18.3',Condoms,3. Unusable Stock,0,NA,NA,NA,NA,0,NA,NA,NA,NA,0,NA,NA,NA,NA,0,NA,NA,NA,NA,0,NA,NA,NA,NA,0,NA,NA,NA,NA,0,NA,NA,NA,NA,0,NA,NA,NA,NA,0,NA,NA,NA,NA,0,NA,NA,NA,NA,0,NA,NA,NA,NA,0,NA,NA,NA,NA,0,NA,NA,NA,NA
Karaikal,18.3',Condoms,4. Stock Distributed,137000,NA,NA,NA,NA,3400,NA,NA,NA,NA,0,NA,NA,NA,NA,0,NA,NA,NA,NA,0,NA,NA,NA,NA,0,NA,NA,NA,NA,0,NA,NA,NA,NA,0,NA,NA,NA,NA,86400,NA,NA,NA,NA,0,NA,NA,NA,NA,0,NA,NA,NA,NA,0,NA,NA,NA,NA,226800,NA,NA,NA,NA
Karaikal,18.3',Condoms,5. Total Stock,3400,NA,NA,NA,NA,0,NA,NA,NA,NA,0,NA,NA,NA,NA,0,NA,NA,NA,NA,0,NA,NA,NA,NA,0,NA,NA,NA,NA,0,NA,NA,NA,NA,0,NA,NA,NA,NA,0,NA,NA,NA,NA,0,NA,NA,NA,NA,0,NA,NA,NA,NA,0,NA,NA,NA,NA,3400,NA,NA,NA,NA
Karaikal,'18.4',Oral Contraceptive,1. Balance From Previous Month,1350,NA,NA,NA,NA,0,NA,NA,NA,NA,0,NA,NA,NA,NA,0,NA,NA,NA,NA,0,NA,NA,NA,NA,0,NA,NA,NA,NA,0,NA,NA,NA,NA,0,NA,NA,NA,NA,0,NA,NA,NA,NA,0,NA,NA,NA,NA,0,NA,NA,NA,NA,0,NA,NA,NA,NA,1350,NA,NA,NA,NA
Karaikal,18.4',Oral Contraceptive,2. Stocks Received,0,NA,NA,NA,NA,500,NA,NA,NA,NA,0,NA,NA,NA,NA,0,NA,NA,NA,NA,0,NA,NA,NA,NA,0,NA,NA,NA,NA,0,NA,NA,NA,NA,0,NA,NA,NA,NA,0,NA,NA,NA,NA,0,NA,NA,NA,NA,0,NA,NA,NA,NA,0,NA,NA,NA,NA,500,NA,NA,NA,NA
Karaikal,18.4',Oral Contraceptive,3. Unusable Stock,0,NA,NA,NA,NA,0,NA,NA,NA,NA,0,NA,NA,NA,NA,0,NA,NA,NA,NA,0,NA,NA,NA,NA,0,NA,NA,NA,NA,0,NA,NA,NA,NA,0,NA,NA,NA,NA,0,NA,NA,NA,NA,0,NA,NA,NA,NA,0,NA,NA,NA,NA,0,NA,NA,NA,NA,0,NA,NA,NA,NA
Karaikal,18.4',Oral Contraceptive,4. Stock Distributed,1350,NA,NA,NA,NA,500,NA,NA,NA,NA,0,NA,NA,NA,NA,0,NA,NA,NA,NA,0,NA,NA,NA,NA,0,NA,NA,NA,NA,0,NA,NA,NA,NA,0,NA,NA,NA,NA,0,NA,NA,NA,NA,0,NA,NA,NA,NA,0,NA,NA,NA,NA,0,NA,NA,NA,NA,1850,NA,NA,NA,NA
Karaikal,18.4',Oral Contraceptive,5. Total Stock,0,NA,NA,NA,NA,0,NA,NA,NA,NA,0,NA,NA,NA,NA,0,NA,NA,NA,NA,0,NA,NA,NA,NA,0,NA,NA,NA,NA,0,NA,NA,NA,NA,0,NA,NA,NA,NA,0,NA,NA,NA,NA,0,NA,NA,NA,NA,0,NA,NA,NA,NA,0,NA,NA,NA,NA,0,NA,NA,NA,NA
Karaikal,'18.5',Emergency Contraceptive Pills,1. Balance From Previous Month,0,NA,NA,NA,NA,0,NA,NA,NA,NA,0,NA,NA,NA,NA,0,NA,NA,NA,NA,0,NA,NA,NA,NA,0,NA,NA,NA,NA,0,NA,NA,NA,NA,0,NA,NA,NA,NA,0,NA,NA,NA,NA,0,NA,NA,NA,NA,0,NA,NA,NA,NA,0,NA,NA,NA,NA,0,NA,NA,NA,NA
Karaikal,18.5',Emergency Contraceptive Pills,2. Stocks Received,0,NA,NA,NA,NA,0,NA,NA,NA,NA,0,NA,NA,NA,NA,0,NA,NA,NA,NA,0,NA,NA,NA,NA,0,NA,NA,NA,NA,0,NA,NA,NA,NA,0,NA,NA,NA,NA,0,NA,NA,NA,NA,0,NA,NA,NA,NA,0,NA,NA,NA,NA,0,NA,NA,NA,NA,0,NA,NA,NA,NA
Karaikal,18.5',Emergency Contraceptive Pills,3. Unusable Stock,0,NA,NA,NA,NA,0,NA,NA,NA,NA,0,NA,NA,NA,NA,0,NA,NA,NA,NA,0,NA,NA,NA,NA,0,NA,NA,NA,NA,0,NA,NA,NA,NA,0,NA,NA,NA,NA,0,NA,NA,NA,NA,0,NA,NA,NA,NA,0,NA,NA,NA,NA,0,NA,NA,NA,NA,0,NA,NA,NA,NA
Karaikal,18.5',Emergency Contraceptive Pills,4. Stock Distributed,0,NA,NA,NA,NA,0,NA,NA,NA,NA,0,NA,NA,NA,NA,0,NA,NA,NA,NA,0,NA,NA,NA,NA,0,NA,NA,NA,NA,0,NA,NA,NA,NA,0,NA,NA,NA,NA,0,NA,NA,NA,NA,0,NA,NA,NA,NA,0,NA,NA,NA,NA,0,NA,NA,NA,NA,0,NA,NA,NA,NA
Karaikal,18.5',Emergency Contraceptive Pills,5. Total Stock,0,NA,NA,NA,NA,0,NA,NA,NA,NA,0,NA,NA,NA,NA,0,NA,NA,NA,NA,0,NA,NA,NA,NA,0,NA,NA,NA,NA,0,NA,NA,NA,NA,0,NA,NA,NA,NA,0,NA,NA,NA,NA,0,NA,NA,NA,NA,0,NA,NA,NA,NA,0,NA,NA,NA,NA,0,NA,NA,NA,NA
Karaikal,'18.6',Centchroman weekly pills,1. Balance From Previous Month,0,NA,NA,NA,NA,0,NA,NA,NA,NA,0,NA,NA,NA,NA,0,NA,NA,NA,NA,0,NA,NA,NA,NA,0,NA,NA,NA,NA,0,NA,NA,NA,NA,0,NA,NA,NA,NA,0,NA,NA,NA,NA,0,NA,NA,NA,NA,0,NA,NA,NA,NA,0,NA,NA,NA,NA,0,NA,NA,NA,NA
Karaikal,18.6',Centchroman weekly pills,2. Stocks Received,0,NA,NA,NA,NA,0,NA,NA,NA,NA,0,NA,NA,NA,NA,0,NA,NA,NA,NA,0,NA,NA,NA,NA,0,NA,NA,NA,NA,0,NA,NA,NA,NA,0,NA,NA,NA,NA,0,NA,NA,NA,NA,0,NA,NA,NA,NA,0,NA,NA,NA,NA,0,NA,NA,NA,NA,0,NA,NA,NA,NA
Karaikal,18.6',Centchroman weekly pills,3. Unusable Stock,0,NA,NA,NA,NA,0,NA,NA,NA,NA,0,NA,NA,NA,NA,0,NA,NA,NA,NA,0,NA,NA,NA,NA,0,NA,NA,NA,NA,0,NA,NA,NA,NA,0,NA,NA,NA,NA,0,NA,NA,NA,NA,0,NA,NA,NA,NA,0,NA,NA,NA,NA,0,NA,NA,NA,NA,0,NA,NA,NA,NA
Karaikal,18.6',Centchroman weekly pills,4. Stock Distributed,0,NA,NA,NA,NA,0,NA,NA,NA,NA,0,NA,NA,NA,NA,0,NA,NA,NA,NA,0,NA,NA,NA,NA,0,NA,NA,NA,NA,0,NA,NA,NA,NA,0,NA,NA,NA,NA,0,NA,NA,NA,NA,0,NA,NA,NA,NA,0,NA,NA,NA,NA,0,NA,NA,NA,NA,0,NA,NA,NA,NA
Karaikal,18.6',Centchroman weekly pills,5. Total Stock,0,NA,NA,NA,NA,0,NA,NA,NA,NA,0,NA,NA,NA,NA,0,NA,NA,NA,NA,0,NA,NA,NA,NA,0,NA,NA,NA,NA,0,NA,NA,NA,NA,0,NA,NA,NA,NA,0,NA,NA,NA,NA,0,NA,NA,NA,NA,0,NA,NA,NA,NA,0,NA,NA,NA,NA,0,NA,NA,NA,NA
Karaikal,'18.7',Injectable Contraceptive MPA (Vials),1. Balance From Previous Month,0,NA,NA,NA,NA,0,NA,NA,NA,NA,0,NA,NA,NA,NA,0,NA,NA,NA,NA,0,NA,NA,NA,NA,0,NA,NA,NA,NA,0,NA,NA,NA,NA,0,NA,NA,NA,NA,0,NA,NA,NA,NA,0,NA,NA,NA,NA,0,NA,NA,NA,NA,0,NA,NA,NA,NA,0,NA,NA,NA,NA
Karaikal,18.7',Injectable Contraceptive MPA (Vials),2. Stocks Received,0,NA,NA,NA,NA,0,NA,NA,NA,NA,0,NA,NA,NA,NA,0,NA,NA,NA,NA,0,NA,NA,NA,NA,0,NA,NA,NA,NA,0,NA,NA,NA,NA,0,NA,NA,NA,NA,0,NA,NA,NA,NA,0,NA,NA,NA,NA,0,NA,NA,NA,NA,0,NA,NA,NA,NA,0,NA,NA,NA,NA
Karaikal,18.7',Injectable Contraceptive MPA (Vials),3. Unusable Stock,0,NA,NA,NA,NA,0,NA,NA,NA,NA,0,NA,NA,NA,NA,0,NA,NA,NA,NA,0,NA,NA,NA,NA,0,NA,NA,NA,NA,0,NA,NA,NA,NA,0,NA,NA,NA,NA,0,NA,NA,NA,NA,0,NA,NA,NA,NA,0,NA,NA,NA,NA,0,NA,NA,NA,NA,0,NA,NA,NA,NA
Karaikal,18.7',Injectable Contraceptive MPA (Vials),4. Stock Distributed,0,NA,NA,NA,NA,0,NA,NA,NA,NA,0,NA,NA,NA,NA,0,NA,NA,NA,NA,0,NA,NA,NA,NA,0,NA,NA,NA,NA,0,NA,NA,NA,NA,0,NA,NA,NA,NA,0,NA,NA,NA,NA,0,NA,NA,NA,NA,0,NA,NA,NA,NA,0,NA,NA,NA,NA,0,NA,NA,NA,NA
Karaikal,18.7',Injectable Contraceptive MPA (Vials),5. Total Stock,0,NA,NA,NA,NA,0,NA,NA,NA,NA,0,NA,NA,NA,NA,0,NA,NA,NA,NA,0,NA,NA,NA,NA,0,NA,NA,NA,NA,0,NA,NA,NA,NA,0,NA,NA,NA,NA,0,NA,NA,NA,NA,0,NA,NA,NA,NA,0,NA,NA,NA,NA,0,NA,NA,NA,NA,0,NA,NA,NA,NA
Karaikal,'18.8',Tubal rings,1. Balance From Previous Month,0,NA,NA,NA,NA,0,NA,NA,NA,NA,0,NA,NA,NA,NA,0,NA,NA,NA,NA,0,NA,NA,NA,NA,0,NA,NA,NA,NA,0,NA,NA,NA,NA,0,NA,NA,NA,NA,0,NA,NA,NA,NA,0,NA,NA,NA,NA,0,NA,NA,NA,NA,0,NA,NA,NA,NA,0,NA,NA,NA,NA
Karaikal,18.8',Tubal rings,2. Stocks Received,0,NA,NA,NA,NA,0,NA,NA,NA,NA,0,NA,NA,NA,NA,0,NA,NA,NA,NA,0,NA,NA,NA,NA,0,NA,NA,NA,NA,0,NA,NA,NA,NA,0,NA,NA,NA,NA,0,NA,NA,NA,NA,0,NA,NA,NA,NA,0,NA,NA,NA,NA,0,NA,NA,NA,NA,0,NA,NA,NA,NA
Karaikal,18.8',Tubal rings,3. Unusable Stock,0,NA,NA,NA,NA,0,NA,NA,NA,NA,0,NA,NA,NA,NA,0,NA,NA,NA,NA,0,NA,NA,NA,NA,0,NA,NA,NA,NA,0,NA,NA,NA,NA,0,NA,NA,NA,NA,0,NA,NA,NA,NA,0,NA,NA,NA,NA,0,NA,NA,NA,NA,0,NA,NA,NA,NA,0,NA,NA,NA,NA
Karaikal,18.8',Tubal rings,4. Stock Distributed,0,NA,NA,NA,NA,0,NA,NA,NA,NA,0,NA,NA,NA,NA,0,NA,NA,NA,NA,0,NA,NA,NA,NA,0,NA,NA,NA,NA,0,NA,NA,NA,NA,0,NA,NA,NA,NA,0,NA,NA,NA,NA,0,NA,NA,NA,NA,0,NA,NA,NA,NA,0,NA,NA,NA,NA,0,NA,NA,NA,NA
Karaikal,18.8',Tubal rings,5. Total Stock,0,NA,NA,NA,NA,0,NA,NA,NA,NA,0,NA,NA,NA,NA,0,NA,NA,NA,NA,0,NA,NA,NA,NA,0,NA,NA,NA,NA,0,NA,NA,NA,NA,0,NA,NA,NA,NA,0,NA,NA,NA,NA,0,NA,NA,NA,NA,0,NA,NA,NA,NA,0,NA,NA,NA,NA,0,NA,NA,NA,NA
Karaikal,'18.9',Pregnancy testing Kits (Nischay Kits),1. Balance From Previous Month,4000,NA,NA,NA,NA,0,NA,NA,NA,NA,0,NA,NA,NA,NA,0,NA,NA,NA,NA,0,NA,NA,NA,NA,0,NA,NA,NA,NA,0,NA,NA,NA,NA,0,NA,NA,NA,NA,0,NA,NA,NA,NA,0,NA,NA,NA,NA,0,NA,NA,NA,NA,0,NA,NA,NA,NA,4000,NA,NA,NA,NA
Karaikal,18.9',Pregnancy testing Kits (Nischay Kits),2. Stocks Received,0,NA,NA,NA,NA,6000,NA,NA,NA,NA,0,NA,NA,NA,NA,0,NA,NA,NA,NA,0,NA,NA,NA,NA,0,NA,NA,NA,NA,0,NA,NA,NA,NA,0,NA,NA,NA,NA,0,NA,NA,NA,NA,0,NA,NA,NA,NA,0,NA,NA,NA,NA,0,NA,NA,NA,NA,6000,NA,NA,NA,NA
Karaikal,18.9',Pregnancy testing Kits (Nischay Kits),3. Unusable Stock,0,NA,NA,NA,NA,0,NA,NA,NA,NA,0,NA,NA,NA,NA,0,NA,NA,NA,NA,0,NA,NA,NA,NA,0,NA,NA,NA,NA,0,NA,NA,NA,NA,0,NA,NA,NA,NA,0,NA,NA,NA,NA,0,NA,NA,NA,NA,0,NA,NA,NA,NA,0,NA,NA,NA,NA,0,NA,NA,NA,NA
Karaikal,18.9',Pregnancy testing Kits (Nischay Kits),4. Stock Distributed,4000,NA,NA,NA,NA,6000,NA,NA,NA,NA,0,NA,NA,NA,NA,0,NA,NA,NA,NA,0,NA,NA,NA,NA,0,NA,NA,NA,NA,0,NA,NA,NA,NA,0,NA,NA,NA,NA,0,NA,NA,NA,NA,0,NA,NA,NA,NA,0,NA,NA,NA,NA,0,NA,NA,NA,NA,10000,NA,NA,NA,NA
Karaikal,18.9',Pregnancy testing Kits (Nischay Kits),5. Total Stock,0,NA,NA,NA,NA,0,NA,NA,NA,NA,0,NA,NA,NA,NA,0,NA,NA,NA,NA,0,NA,NA,NA,NA,0,NA,NA,NA,NA,0,NA,NA,NA,NA,0,NA,NA,NA,NA,0,NA,NA,NA,NA,0,NA,NA,NA,NA,0,NA,NA,NA,NA,0,NA,NA,NA,NA,0,NA,NA,NA,NA
Karaikal,'19.1',Gloves,1. Balance From Previous Month,0,NA,NA,NA,NA,0,NA,NA,NA,NA,0,NA,NA,NA,NA,0,NA,NA,NA,NA,0,NA,NA,NA,NA,0,NA,NA,NA,NA,0,NA,NA,NA,NA,0,NA,NA,NA,NA,0,NA,NA,NA,NA,0,NA,NA,NA,NA,0,NA,NA,NA,NA,0,NA,NA,NA,NA,0,NA,NA,NA,NA
Karaikal,19.1',Gloves,2. Stocks Received,0,NA,NA,NA,NA,0,NA,NA,NA,NA,0,NA,NA,NA,NA,0,NA,NA,NA,NA,0,NA,NA,NA,NA,0,NA,NA,NA,NA,0,NA,NA,NA,NA,0,NA,NA,NA,NA,0,NA,NA,NA,NA,0,NA,NA,NA,NA,0,NA,NA,NA,NA,0,NA,NA,NA,NA,0,NA,NA,NA,NA
Karaikal,19.1',Gloves,3. Unusable Stock,0,NA,NA,NA,NA,0,NA,NA,NA,NA,0,NA,NA,NA,NA,0,NA,NA,NA,NA,0,NA,NA,NA,NA,0,NA,NA,NA,NA,0,NA,NA,NA,NA,0,NA,NA,NA,NA,0,NA,NA,NA,NA,0,NA,NA,NA,NA,0,NA,NA,NA,NA,0,NA,NA,NA,NA,0,NA,NA,NA,NA
Karaikal,19.1',Gloves,4. Stock Distributed,0,NA,NA,NA,NA,0,NA,NA,NA,NA,0,NA,NA,NA,NA,0,NA,NA,NA,NA,0,NA,NA,NA,NA,0,NA,NA,NA,NA,0,NA,NA,NA,NA,0,NA,NA,NA,NA,0,NA,NA,NA,NA,0,NA,NA,NA,NA,0,NA,NA,NA,NA,0,NA,NA,NA,NA,0,NA,NA,NA,NA
Karaikal,19.1',Gloves,5. Total Stock,0,NA,NA,NA,NA,0,NA,NA,NA,NA,0,NA,NA,NA,NA,0,NA,NA,NA,NA,0,NA,NA,NA,NA,0,NA,NA,NA,NA,0,NA,NA,NA,NA,0,NA,NA,NA,NA,0,NA,NA,NA,NA,0,NA,NA,NA,NA,0,NA,NA,NA,NA,0,NA,NA,NA,NA,0,NA,NA,NA,NA
Karaikal,'19.2',MVA Syringes,1. Balance From Previous Month,0,NA,NA,NA,NA,0,NA,NA,NA,NA,0,NA,NA,NA,NA,0,NA,NA,NA,NA,0,NA,NA,NA,NA,0,NA,NA,NA,NA,0,NA,NA,NA,NA,0,NA,NA,NA,NA,0,NA,NA,NA,NA,0,NA,NA,NA,NA,0,NA,NA,NA,NA,0,NA,NA,NA,NA,0,NA,NA,NA,NA
Karaikal,19.2',MVA Syringes,2. Stocks Received,0,NA,NA,NA,NA,0,NA,NA,NA,NA,0,NA,NA,NA,NA,0,NA,NA,NA,NA,0,NA,NA,NA,NA,0,NA,NA,NA,NA,0,NA,NA,NA,NA,0,NA,NA,NA,NA,0,NA,NA,NA,NA,0,NA,NA,NA,NA,0,NA,NA,NA,NA,0,NA,NA,NA,NA,0,NA,NA,NA,NA
Karaikal,19.2',MVA Syringes,3. Unusable Stock,0,NA,NA,NA,NA,0,NA,NA,NA,NA,0,NA,NA,NA,NA,0,NA,NA,NA,NA,0,NA,NA,NA,NA,0,NA,NA,NA,NA,0,NA,NA,NA,NA,0,NA,NA,NA,NA,0,NA,NA,NA,NA,0,NA,NA,NA,NA,0,NA,NA,NA,NA,0,NA,NA,NA,NA,0,NA,NA,NA,NA
Karaikal,19.2',MVA Syringes,4. Stock Distributed,0,NA,NA,NA,NA,0,NA,NA,NA,NA,0,NA,NA,NA,NA,0,NA,NA,NA,NA,0,NA,NA,NA,NA,0,NA,NA,NA,NA,0,NA,NA,NA,NA,0,NA,NA,NA,NA,0,NA,NA,NA,NA,0,NA,NA,NA,NA,0,NA,NA,NA,NA,0,NA,NA,NA,NA,0,NA,NA,NA,NA
Karaikal,19.2',MVA Syringes,5. Total Stock,0,NA,NA,NA,NA,0,NA,NA,NA,NA,0,NA,NA,NA,NA,0,NA,NA,NA,NA,0,NA,NA,NA,NA,0,NA,NA,NA,NA,0,NA,NA,NA,NA,0,NA,NA,NA,NA,0,NA,NA,NA,NA,0,NA,NA,NA,NA,0,NA,NA,NA,NA,0,NA,NA,NA,NA,0,NA,NA,NA,NA
Karaikal,'19.3',Tab. Fluconazole,1. Balance From Previous Month,0,NA,NA,NA,NA,0,NA,NA,NA,NA,0,NA,NA,NA,NA,0,NA,NA,NA,NA,0,NA,NA,NA,NA,0,NA,NA,NA,NA,0,NA,NA,NA,NA,0,NA,NA,NA,NA,0,NA,NA,NA,NA,0,NA,NA,NA,NA,0,NA,NA,NA,NA,0,NA,NA,NA,NA,0,NA,NA,NA,NA
Karaikal,19.3',Tab. Fluconazole,2. Stocks Received,0,NA,NA,NA,NA,0,NA,NA,NA,NA,0,NA,NA,NA,NA,0,NA,NA,NA,NA,0,NA,NA,NA,NA,0,NA,NA,NA,NA,0,NA,NA,NA,NA,0,NA,NA,NA,NA,0,NA,NA,NA,NA,0,NA,NA,NA,NA,0,NA,NA,NA,NA,0,NA,NA,NA,NA,0,NA,NA,NA,NA
Karaikal,19.3',Tab. Fluconazole,3. Unusable Stock,0,NA,NA,NA,NA,0,NA,NA,NA,NA,0,NA,NA,NA,NA,0,NA,NA,NA,NA,0,NA,NA,NA,NA,0,NA,NA,NA,NA,0,NA,NA,NA,NA,0,NA,NA,NA,NA,0,NA,NA,NA,NA,0,NA,NA,NA,NA,0,NA,NA,NA,NA,0,NA,NA,NA,NA,0,NA,NA,NA,NA
Karaikal,19.3',Tab. Fluconazole,4. Stock Distributed,0,NA,NA,NA,NA,0,NA,NA,NA,NA,0,NA,NA,NA,NA,0,NA,NA,NA,NA,0,NA,NA,NA,NA,0,NA,NA,NA,NA,0,NA,NA,NA,NA,0,NA,NA,NA,NA,0,NA,NA,NA,NA,0,NA,NA,NA,NA,0,NA,NA,NA,NA,0,NA,NA,NA,NA,0,NA,NA,NA,NA
Karaikal,19.3',Tab. Fluconazole,5. Total Stock,0,NA,NA,NA,NA,0,NA,NA,NA,NA,0,NA,NA,NA,NA,0,NA,NA,NA,NA,0,NA,NA,NA,NA,0,NA,NA,NA,NA,0,NA,NA,NA,NA,0,NA,NA,NA,NA,0,NA,NA,NA,NA,0,NA,NA,NA,NA,0,NA,NA,NA,NA,0,NA,NA,NA,NA,0,NA,NA,NA,NA
Karaikal,'19.4',Blood Transfusion sets,1. Balance From Previous Month,0,NA,NA,NA,NA,0,NA,NA,NA,NA,0,NA,NA,NA,NA,0,NA,NA,NA,NA,0,NA,NA,NA,NA,0,NA,NA,NA,NA,0,NA,NA,NA,NA,0,NA,NA,NA,NA,0,NA,NA,NA,NA,0,NA,NA,NA,NA,0,NA,NA,NA,NA,0,NA,NA,NA,NA,0,NA,NA,NA,NA
Karaikal,19.4',Blood Transfusion sets,2. Stocks Received,0,NA,NA,NA,NA,0,NA,NA,NA,NA,0,NA,NA,NA,NA,0,NA,NA,NA,NA,0,NA,NA,NA,NA,0,NA,NA,NA,NA,0,NA,NA,NA,NA,0,NA,NA,NA,NA,0,NA,NA,NA,NA,0,NA,NA,NA,NA,0,NA,NA,NA,NA,0,NA,NA,NA,NA,0,NA,NA,NA,NA
Karaikal,19.4',Blood Transfusion sets,3. Unusable Stock,0,NA,NA,NA,NA,0,NA,NA,NA,NA,0,NA,NA,NA,NA,0,NA,NA,NA,NA,0,NA,NA,NA,NA,0,NA,NA,NA,NA,0,NA,NA,NA,NA,0,NA,NA,NA,NA,0,NA,NA,NA,NA,0,NA,NA,NA,NA,0,NA,NA,NA,NA,0,NA,NA,NA,NA,0,NA,NA,NA,NA
Karaikal,19.4',Blood Transfusion sets,4. Stock Distributed,0,NA,NA,NA,NA,0,NA,NA,NA,NA,0,NA,NA,NA,NA,0,NA,NA,NA,NA,0,NA,NA,NA,NA,0,NA,NA,NA,NA,0,NA,NA,NA,NA,0,NA,NA,NA,NA,0,NA,NA,NA,NA,0,NA,NA,NA,NA,0,NA,NA,NA,NA,0,NA,NA,NA,NA,0,NA,NA,NA,NA
Karaikal,19.4',Blood Transfusion sets,5. Total Stock,0,NA,NA,NA,NA,0,NA,NA,NA,NA,0,NA,NA,NA,NA,0,NA,NA,NA,NA,0,NA,NA,NA,NA,0,NA,NA,NA,NA,0,NA,NA,NA,NA,0,NA,NA,NA,NA,0,NA,NA,NA,NA,0,NA,NA,NA,NA,0,NA,NA,NA,NA,0,NA,NA,NA,NA,0,NA,NA,NA,NA
Karaikal,'19.5',Gluteraldehyde 2%,1. Balance From Previous Month,0,NA,NA,NA,NA,0,NA,NA,NA,NA,0,NA,NA,NA,NA,0,NA,NA,NA,NA,0,NA,NA,NA,NA,0,NA,NA,NA,NA,0,NA,NA,NA,NA,0,NA,NA,NA,NA,0,NA,NA,NA,NA,0,NA,NA,NA,NA,0,NA,NA,NA,NA,0,NA,NA,NA,NA,0,NA,NA,NA,NA
Karaikal,19.5',Gluteraldehyde 2%,2. Stocks Received,0,NA,NA,NA,NA,0,NA,NA,NA,NA,0,NA,NA,NA,NA,0,NA,NA,NA,NA,0,NA,NA,NA,NA,0,NA,NA,NA,NA,0,NA,NA,NA,NA,0,NA,NA,NA,NA,0,NA,NA,NA,NA,0,NA,NA,NA,NA,0,NA,NA,NA,NA,0,NA,NA,NA,NA,0,NA,NA,NA,NA
Karaikal,19.5',Gluteraldehyde 2%,3. Unusable Stock,0,NA,NA,NA,NA,0,NA,NA,NA,NA,0,NA,NA,NA,NA,0,NA,NA,NA,NA,0,NA,NA,NA,NA,0,NA,NA,NA,NA,0,NA,NA,NA,NA,0,NA,NA,NA,NA,0,NA,NA,NA,NA,0,NA,NA,NA,NA,0,NA,NA,NA,NA,0,NA,NA,NA,NA,0,NA,NA,NA,NA
Karaikal,19.5',Gluteraldehyde 2%,4. Stock Distributed,0,NA,NA,NA,NA,0,NA,NA,NA,NA,0,NA,NA,NA,NA,0,NA,NA,NA,NA,0,NA,NA,NA,NA,0,NA,NA,NA,NA,0,NA,NA,NA,NA,0,NA,NA,NA,NA,0,NA,NA,NA,NA,0,NA,NA,NA,NA,0,NA,NA,NA,NA,0,NA,NA,NA,NA,0,NA,NA,NA,NA
Karaikal,19.5',Gluteraldehyde 2%,5. Total Stock,0,NA,NA,NA,NA,0,NA,NA,NA,NA,0,NA,NA,NA,NA,0,NA,NA,NA,NA,0,NA,NA,NA,NA,0,NA,NA,NA,NA,0,NA,NA,NA,NA,0,NA,NA,NA,NA,0,NA,NA,NA,NA,0,NA,NA,NA,NA,0,NA,NA,NA,NA,0,NA,NA,NA,NA,0,NA,NA,NA,NA
Karaikal,'19.6',IFA tablets ( Adult),1. Balance From Previous Month,138000,NA,NA,NA,NA,138000,NA,NA,NA,NA,1226000,NA,NA,NA,NA,931000,NA,NA,NA,NA,71000,NA,NA,NA,NA,0,NA,NA,NA,NA,0,NA,NA,NA,NA,850000,NA,NA,NA,NA,1125000,NA,NA,NA,NA,825000,NA,NA,NA,NA,200000,NA,NA,NA,NA,200000,NA,NA,NA,NA,5704000,NA,NA,NA,NA
Karaikal,19.6',IFA tablets ( Adult),2. Stocks Received,0,NA,NA,NA,NA,1400000,NA,NA,NA,NA,0,NA,NA,NA,NA,0,NA,NA,NA,NA,130000,NA,NA,NA,NA,0,NA,NA,NA,NA,1250000,NA,NA,NA,NA,1600000,NA,NA,NA,NA,0,NA,NA,NA,NA,0,NA,NA,NA,NA,0,NA,NA,NA,NA,0,NA,NA,NA,NA,4380000,NA,NA,NA,NA
Karaikal,19.6',IFA tablets ( Adult),3. Unusable Stock,0,NA,NA,NA,NA,0,NA,NA,NA,NA,0,NA,NA,NA,NA,0,NA,NA,NA,NA,0,NA,NA,NA,NA,0,NA,NA,NA,NA,0,NA,NA,NA,NA,0,NA,NA,NA,NA,0,NA,NA,NA,NA,0,NA,NA,NA,NA,0,NA,NA,NA,NA,0,NA,NA,NA,NA,0,NA,NA,NA,NA
Karaikal,19.6',IFA tablets ( Adult),4. Stock Distributed,138000,NA,NA,NA,NA,312000,NA,NA,NA,NA,295000,NA,NA,NA,NA,860000,NA,NA,NA,NA,201000,NA,NA,NA,NA,0,NA,NA,NA,NA,400000,NA,NA,NA,NA,1325000,NA,NA,NA,NA,300000,NA,NA,NA,NA,625000,NA,NA,NA,NA,0,NA,NA,NA,NA,0,NA,NA,NA,NA,4456000,NA,NA,NA,NA
Karaikal,19.6',IFA tablets ( Adult),5. Total Stock,0,NA,NA,NA,NA,1226000,NA,NA,NA,NA,931000,NA,NA,NA,NA,71000,NA,NA,NA,NA,0,NA,NA,NA,NA,0,NA,NA,NA,NA,850000,NA,NA,NA,NA,1125000,NA,NA,NA,NA,825000,NA,NA,NA,NA,200000,NA,NA,NA,NA,200000,NA,NA,NA,NA,200000,NA,NA,NA,NA,5628000,NA,NA,NA,NA
Karaikal,'19.7',IFA - Blue ( Adolescent 10-19 yrs),1. Balance From Previous Month,0,NA,NA,NA,NA,0,NA,NA,NA,NA,585000,NA,NA,NA,NA,0,NA,NA,NA,NA,0,NA,NA,NA,NA,0,NA,NA,NA,NA,0,NA,NA,NA,NA,0,NA,NA,NA,NA,0,NA,NA,NA,NA,0,NA,NA,NA,NA,0,NA,NA,NA,NA,0,NA,NA,NA,NA,585000,NA,NA,NA,NA
Karaikal,19.7',IFA - Blue ( Adolescent 10-19 yrs),2. Stocks Received,0,NA,NA,NA,NA,585000,NA,NA,NA,NA,0,NA,NA,NA,NA,0,NA,NA,NA,NA,0,NA,NA,NA,NA,0,NA,NA,NA,NA,0,NA,NA,NA,NA,0,NA,NA,NA,NA,0,NA,NA,NA,NA,0,NA,NA,NA,NA,0,NA,NA,NA,NA,400000,NA,NA,NA,NA,985000,NA,NA,NA,NA
Karaikal,19.7',IFA - Blue ( Adolescent 10-19 yrs),3. Unusable Stock,0,NA,NA,NA,NA,0,NA,NA,NA,NA,0,NA,NA,NA,NA,0,NA,NA,NA,NA,0,NA,NA,NA,NA,0,NA,NA,NA,NA,0,NA,NA,NA,NA,0,NA,NA,NA,NA,0,NA,NA,NA,NA,0,NA,NA,NA,NA,0,NA,NA,NA,NA,0,NA,NA,NA,NA,0,NA,NA,NA,NA
Karaikal,19.7',IFA - Blue ( Adolescent 10-19 yrs),4. Stock Distributed,0,NA,NA,NA,NA,0,NA,NA,NA,NA,585000,NA,NA,NA,NA,0,NA,NA,NA,NA,0,NA,NA,NA,NA,0,NA,NA,NA,NA,0,NA,NA,NA,NA,0,NA,NA,NA,NA,0,NA,NA,NA,NA,0,NA,NA,NA,NA,0,NA,NA,NA,NA,0,NA,NA,NA,NA,585000,NA,NA,NA,NA
Karaikal,19.7',IFA - Blue ( Adolescent 10-19 yrs),5. Total Stock,0,NA,NA,NA,NA,585000,NA,NA,NA,NA,0,NA,NA,NA,NA,0,NA,NA,NA,NA,0,NA,NA,NA,NA,0,NA,NA,NA,NA,0,NA,NA,NA,NA,0,NA,NA,NA,NA,0,NA,NA,NA,NA,0,NA,NA,NA,NA,0,NA,NA,NA,NA,400000,NA,NA,NA,NA,985000,NA,NA,NA,NA
Karaikal,'19.8',IFA- Pink ( Junior 6-10 yrs),1. Balance From Previous Month,0,NA,NA,NA,NA,0,NA,NA,NA,NA,0,NA,NA,NA,NA,0,NA,NA,NA,NA,0,NA,NA,NA,NA,0,NA,NA,NA,NA,0,NA,NA,NA,NA,0,NA,NA,NA,NA,0,NA,NA,NA,NA,0,NA,NA,NA,NA,0,NA,NA,NA,NA,0,NA,NA,NA,NA,0,NA,NA,NA,NA
Karaikal,19.8',IFA- Pink ( Junior 6-10 yrs),2. Stocks Received,0,NA,NA,NA,NA,0,NA,NA,NA,NA,0,NA,NA,NA,NA,0,NA,NA,NA,NA,400000,NA,NA,NA,NA,0,NA,NA,NA,NA,0,NA,NA,NA,NA,0,NA,NA,NA,NA,0,NA,NA,NA,NA,0,NA,NA,NA,NA,0,NA,NA,NA,NA,0,NA,NA,NA,NA,400000,NA,NA,NA,NA
Karaikal,19.8',IFA- Pink ( Junior 6-10 yrs),3. Unusable Stock,0,NA,NA,NA,NA,0,NA,NA,NA,NA,0,NA,NA,NA,NA,0,NA,NA,NA,NA,0,NA,NA,NA,NA,0,NA,NA,NA,NA,0,NA,NA,NA,NA,0,NA,NA,NA,NA,0,NA,NA,NA,NA,0,NA,NA,NA,NA,0,NA,NA,NA,NA,0,NA,NA,NA,NA,0,NA,NA,NA,NA
Karaikal,19.8',IFA- Pink ( Junior 6-10 yrs),4. Stock Distributed,0,NA,NA,NA,NA,0,NA,NA,NA,NA,0,NA,NA,NA,NA,0,NA,NA,NA,NA,400000,NA,NA,NA,NA,0,NA,NA,NA,NA,0,NA,NA,NA,NA,0,NA,NA,NA,NA,0,NA,NA,NA,NA,0,NA,NA,NA,NA,0,NA,NA,NA,NA,0,NA,NA,NA,NA,400000,NA,NA,NA,NA
Karaikal,19.8',IFA- Pink ( Junior 6-10 yrs),5. Total Stock,0,NA,NA,NA,NA,0,NA,NA,NA,NA,0,NA,NA,NA,NA,0,NA,NA,NA,NA,0,NA,NA,NA,NA,0,NA,NA,NA,NA,0,NA,NA,NA,NA,0,NA,NA,NA,NA,0,NA,NA,NA,NA,0,NA,NA,NA,NA,0,NA,NA,NA,NA,0,NA,NA,NA,NA,0,NA,NA,NA,NA
Karaikal,'19.9',IFA Syrup (Paediatric),1. Balance From Previous Month,27000,NA,NA,NA,NA,24120,NA,NA,NA,NA,17208,NA,NA,NA,NA,15912,NA,NA,NA,NA,9124,NA,NA,NA,NA,3076,NA,NA,NA,NA,1060,NA,NA,NA,NA,1060,NA,NA,NA,NA,20039,NA,NA,NA,NA,15239,NA,NA,NA,NA,3959,NA,NA,NA,NA,3815,NA,NA,NA,NA,141612,NA,NA,NA,NA
Karaikal,19.9',IFA Syrup (Paediatric),2. Stocks Received,0,NA,NA,NA,NA,0,NA,NA,NA,NA,0,NA,NA,NA,NA,0,NA,NA,NA,NA,0,NA,NA,NA,NA,0,NA,NA,NA,NA,0,NA,NA,NA,NA,19915,NA,NA,NA,NA,0,NA,NA,NA,NA,0,NA,NA,NA,NA,0,NA,NA,NA,NA,0,NA,NA,NA,NA,19915,NA,NA,NA,NA
Karaikal,19.9',IFA Syrup (Paediatric),3. Unusable Stock,0,NA,NA,NA,NA,0,NA,NA,NA,NA,0,NA,NA,NA,NA,0,NA,NA,NA,NA,0,NA,NA,NA,NA,0,NA,NA,NA,NA,0,NA,NA,NA,NA,0,NA,NA,NA,NA,0,NA,NA,NA,NA,0,NA,NA,NA,NA,0,NA,NA,NA,NA,0,NA,NA,NA,NA,0,NA,NA,NA,NA
Karaikal,19.9',IFA Syrup (Paediatric),4. Stock Distributed,2880,NA,NA,NA,NA,6912,NA,NA,NA,NA,1296,NA,NA,NA,NA,6788,NA,NA,NA,NA,6048,NA,NA,NA,NA,2016,NA,NA,NA,NA,0,NA,NA,NA,NA,936,NA,NA,NA,NA,4800,NA,NA,NA,NA,11280,NA,NA,NA,NA,144,NA,NA,NA,NA,0,NA,NA,NA,NA,43100,NA,NA,NA,NA
Karaikal,19.9',IFA Syrup (Paediatric),5. Total Stock,24120,NA,NA,NA,NA,17208,NA,NA,NA,NA,15912,NA,NA,NA,NA,9124,NA,NA,NA,NA,3076,NA,NA,NA,NA,1060,NA,NA,NA,NA,1060,NA,NA,NA,NA,20039,NA,NA,NA,NA,15239,NA,NA,NA,NA,3959,NA,NA,NA,NA,3815,NA,NA,NA,NA,3815,NA,NA,NA,NA,118427,NA,NA,NA,NA
Karaikal,'19.10',Paediatrics Antibiotics ( Amoxycillin and Injectable Gentamicin),1. Balance From Previous Month,0,NA,NA,NA,NA,0,NA,NA,NA,NA,0,NA,NA,NA,NA,0,NA,NA,NA,NA,0,NA,NA,NA,NA,0,NA,NA,NA,NA,0,NA,NA,NA,NA,0,NA,NA,NA,NA,0,NA,NA,NA,NA,0,NA,NA,NA,NA,0,NA,NA,NA,NA,0,NA,NA,NA,NA,0,NA,NA,NA,NA
Karaikal,19.10',Paediatrics Antibiotics ( Amoxycillin and Injectable Gentamicin),2. Stocks Received,0,NA,NA,NA,NA,0,NA,NA,NA,NA,0,NA,NA,NA,NA,0,NA,NA,NA,NA,0,NA,NA,NA,NA,0,NA,NA,NA,NA,0,NA,NA,NA,NA,0,NA,NA,NA,NA,0,NA,NA,NA,NA,0,NA,NA,NA,NA,0,NA,NA,NA,NA,0,NA,NA,NA,NA,0,NA,NA,NA,NA
Karaikal,19.10',Paediatrics Antibiotics ( Amoxycillin and Injectable Gentamicin),3. Unusable Stock,0,NA,NA,NA,NA,0,NA,NA,NA,NA,0,NA,NA,NA,NA,0,NA,NA,NA,NA,0,NA,NA,NA,NA,0,NA,NA,NA,NA,0,NA,NA,NA,NA,0,NA,NA,NA,NA,0,NA,NA,NA,NA,0,NA,NA,NA,NA,0,NA,NA,NA,NA,0,NA,NA,NA,NA,0,NA,NA,NA,NA
Karaikal,19.10',Paediatrics Antibiotics ( Amoxycillin and Injectable Gentamicin),4. Stock Distributed,0,NA,NA,NA,NA,0,NA,NA,NA,NA,0,NA,NA,NA,NA,0,NA,NA,NA,NA,0,NA,NA,NA,NA,0,NA,NA,NA,NA,0,NA,NA,NA,NA,0,NA,NA,NA,NA,0,NA,NA,NA,NA,0,NA,NA,NA,NA,0,NA,NA,NA,NA,0,NA,NA,NA,NA,0,NA,NA,NA,NA
Karaikal,19.10',Paediatrics Antibiotics ( Amoxycillin and Injectable Gentamicin),5. Total Stock,0,NA,NA,NA,NA,0,NA,NA,NA,NA,0,NA,NA,NA,NA,0,NA,NA,NA,NA,0,NA,NA,NA,NA,0,NA,NA,NA,NA,0,NA,NA,NA,NA,0,NA,NA,NA,NA,0,NA,NA,NA,NA,0,NA,NA,NA,NA,0,NA,NA,NA,NA,0,NA,NA,NA,NA,0,NA,NA,NA,NA
Karaikal,'19.11',Vit A syrup,1. Balance From Previous Month,180,NA,NA,NA,NA,180,NA,NA,NA,NA,165,NA,NA,NA,NA,165,NA,NA,NA,NA,65,NA,NA,NA,NA,0,NA,NA,NA,NA,0,NA,NA,NA,NA,0,NA,NA,NA,NA,0,NA,NA,NA,NA,0,NA,NA,NA,NA,0,NA,NA,NA,NA,0,NA,NA,NA,NA,755,NA,NA,NA,NA
Karaikal,19.11',Vit A syrup,2. Stocks Received,0,NA,NA,NA,NA,0,NA,NA,NA,NA,0,NA,NA,NA,NA,0,NA,NA,NA,NA,0,NA,NA,NA,NA,0,NA,NA,NA,NA,0,NA,NA,NA,NA,0,NA,NA,NA,NA,0,NA,NA,NA,NA,0,NA,NA,NA,NA,0,NA,NA,NA,NA,0,NA,NA,NA,NA,0,NA,NA,NA,NA
Karaikal,19.11',Vit A syrup,3. Unusable Stock,0,NA,NA,NA,NA,0,NA,NA,NA,NA,0,NA,NA,NA,NA,0,NA,NA,NA,NA,0,NA,NA,NA,NA,0,NA,NA,NA,NA,0,NA,NA,NA,NA,0,NA,NA,NA,NA,0,NA,NA,NA,NA,0,NA,NA,NA,NA,0,NA,NA,NA,NA,0,NA,NA,NA,NA,0,NA,NA,NA,NA
Karaikal,19.11',Vit A syrup,4. Stock Distributed,180,NA,NA,NA,NA,15,NA,NA,NA,NA,0,NA,NA,NA,NA,100,NA,NA,NA,NA,65,NA,NA,NA,NA,0,NA,NA,NA,NA,0,NA,NA,NA,NA,0,NA,NA,NA,NA,0,NA,NA,NA,NA,0,NA,NA,NA,NA,0,NA,NA,NA,NA,0,NA,NA,NA,NA,360,NA,NA,NA,NA
Karaikal,19.11',Vit A syrup,5. Total Stock,0,NA,NA,NA,NA,165,NA,NA,NA,NA,165,NA,NA,NA,NA,65,NA,NA,NA,NA,0,NA,NA,NA,NA,0,NA,NA,NA,NA,0,NA,NA,NA,NA,0,NA,NA,NA,NA,0,NA,NA,NA,NA,0,NA,NA,NA,NA,0,NA,NA,NA,NA,0,NA,NA,NA,NA,395,NA,NA,NA,NA
Karaikal,'19.12',ORS (New WHO),1. Balance From Previous Month,0,NA,NA,NA,NA,0,NA,NA,NA,NA,0,NA,NA,NA,NA,0,NA,NA,NA,NA,0,NA,NA,NA,NA,0,NA,NA,NA,NA,0,NA,NA,NA,NA,0,NA,NA,NA,NA,0,NA,NA,NA,NA,0,NA,NA,NA,NA,0,NA,NA,NA,NA,0,NA,NA,NA,NA,0,NA,NA,NA,NA
Karaikal,19.12',ORS (New WHO),2. Stocks Received,0,NA,NA,NA,NA,0,NA,NA,NA,NA,0,NA,NA,NA,NA,0,NA,NA,NA,NA,0,NA,NA,NA,NA,0,NA,NA,NA,NA,0,NA,NA,NA,NA,0,NA,NA,NA,NA,0,NA,NA,NA,NA,0,NA,NA,NA,NA,0,NA,NA,NA,NA,0,NA,NA,NA,NA,0,NA,NA,NA,NA
Karaikal,19.12',ORS (New WHO),3. Unusable Stock,0,NA,NA,NA,NA,0,NA,NA,NA,NA,0,NA,NA,NA,NA,0,NA,NA,NA,NA,0,NA,NA,NA,NA,0,NA,NA,NA,NA,0,NA,NA,NA,NA,0,NA,NA,NA,NA,0,NA,NA,NA,NA,0,NA,NA,NA,NA,0,NA,NA,NA,NA,0,NA,NA,NA,NA,0,NA,NA,NA,NA
Karaikal,19.12',ORS (New WHO),4. Stock Distributed,0,NA,NA,NA,NA,0,NA,NA,NA,NA,0,NA,NA,NA,NA,0,NA,NA,NA,NA,0,NA,NA,NA,NA,0,NA,NA,NA,NA,0,NA,NA,NA,NA,0,NA,NA,NA,NA,0,NA,NA,NA,NA,0,NA,NA,NA,NA,0,NA,NA,NA,NA,0,NA,NA,NA,NA,0,NA,NA,NA,NA
Karaikal,19.12',ORS (New WHO),5. Total Stock,0,NA,NA,NA,NA,0,NA,NA,NA,NA,0,NA,NA,NA,NA,0,NA,NA,NA,NA,0,NA,NA,NA,NA,0,NA,NA,NA,NA,0,NA,NA,NA,NA,0,NA,NA,NA,NA,0,NA,NA,NA,NA,0,NA,NA,NA,NA,0,NA,NA,NA,NA,0,NA,NA,NA,NA,0,NA,NA,NA,NA
Karaikal,'19.13',RTI /STI colour coded syndromic kits ( I to VII),1. Balance From Previous Month,0,NA,NA,NA,NA,0,NA,NA,NA,NA,0,NA,NA,NA,NA,0,NA,NA,NA,NA,0,NA,NA,NA,NA,0,NA,NA,NA,NA,0,NA,NA,NA,NA,0,NA,NA,NA,NA,0,NA,NA,NA,NA,0,NA,NA,NA,NA,0,NA,NA,NA,NA,0,NA,NA,NA,NA,0,NA,NA,NA,NA
Karaikal,19.13',RTI /STI colour coded syndromic kits ( I to VII),2. Stocks Received,0,NA,NA,NA,NA,0,NA,NA,NA,NA,0,NA,NA,NA,NA,0,NA,NA,NA,NA,0,NA,NA,NA,NA,0,NA,NA,NA,NA,0,NA,NA,NA,NA,0,NA,NA,NA,NA,0,NA,NA,NA,NA,0,NA,NA,NA,NA,0,NA,NA,NA,NA,0,NA,NA,NA,NA,0,NA,NA,NA,NA
Karaikal,19.13',RTI /STI colour coded syndromic kits ( I to VII),3. Unusable Stock,0,NA,NA,NA,NA,0,NA,NA,NA,NA,0,NA,NA,NA,NA,0,NA,NA,NA,NA,0,NA,NA,NA,NA,0,NA,NA,NA,NA,0,NA,NA,NA,NA,0,NA,NA,NA,NA,0,NA,NA,NA,NA,0,NA,NA,NA,NA,0,NA,NA,NA,NA,0,NA,NA,NA,NA,0,NA,NA,NA,NA
Karaikal,19.13',RTI /STI colour coded syndromic kits ( I to VII),4. Stock Distributed,0,NA,NA,NA,NA,0,NA,NA,NA,NA,0,NA,NA,NA,NA,0,NA,NA,NA,NA,0,NA,NA,NA,NA,0,NA,NA,NA,NA,0,NA,NA,NA,NA,0,NA,NA,NA,NA,0,NA,NA,NA,NA,0,NA,NA,NA,NA,0,NA,NA,NA,NA,0,NA,NA,NA,NA,0,NA,NA,NA,NA
Karaikal,19.13',RTI /STI colour coded syndromic kits ( I to VII),5. Total Stock,0,NA,NA,NA,NA,0,NA,NA,NA,NA,0,NA,NA,NA,NA,0,NA,NA,NA,NA,0,NA,NA,NA,NA,0,NA,NA,NA,NA,0,NA,NA,NA,NA,0,NA,NA,NA,NA,0,NA,NA,NA,NA,0,NA,NA,NA,NA,0,NA,NA,NA,NA,0,NA,NA,NA,NA,0,NA,NA,NA,NA
Karaikal,'19.14',Zinc 20 mg tablet,1. Balance From Previous Month,5000,NA,NA,NA,NA,5000,NA,NA,NA,NA,13000,NA,NA,NA,NA,13000,NA,NA,NA,NA,13000,NA,NA,NA,NA,11500,NA,NA,NA,NA,11500,NA,NA,NA,NA,11500,NA,NA,NA,NA,11500,NA,NA,NA,NA,6000,NA,NA,NA,NA,0,NA,NA,NA,NA,0,NA,NA,NA,NA,101000,NA,NA,NA,NA
Karaikal,19.14',Zinc 20 mg tablet,2. Stocks Received,0,NA,NA,NA,NA,25000,NA,NA,NA,NA,0,NA,NA,NA,NA,0,NA,NA,NA,NA,0,NA,NA,NA,NA,0,NA,NA,NA,NA,0,NA,NA,NA,NA,0,NA,NA,NA,NA,0,NA,NA,NA,NA,0,NA,NA,NA,NA,0,NA,NA,NA,NA,0,NA,NA,NA,NA,25000,NA,NA,NA,NA
Karaikal,19.14',Zinc 20 mg tablet,3. Unusable Stock,0,NA,NA,NA,NA,0,NA,NA,NA,NA,0,NA,NA,NA,NA,0,NA,NA,NA,NA,0,NA,NA,NA,NA,0,NA,NA,NA,NA,0,NA,NA,NA,NA,0,NA,NA,NA,NA,0,NA,NA,NA,NA,0,NA,NA,NA,NA,0,NA,NA,NA,NA,0,NA,NA,NA,NA,0,NA,NA,NA,NA
Karaikal,19.14',Zinc 20 mg tablet,4. Stock Distributed,5000,NA,NA,NA,NA,17000,NA,NA,NA,NA,0,NA,NA,NA,NA,0,NA,NA,NA,NA,1500,NA,NA,NA,NA,0,NA,NA,NA,NA,0,NA,NA,NA,NA,0,NA,NA,NA,NA,5500,NA,NA,NA,NA,6000,NA,NA,NA,NA,0,NA,NA,NA,NA,0,NA,NA,NA,NA,35000,NA,NA,NA,NA
Karaikal,19.14',Zinc 20 mg tablet,5. Total Stock,0,NA,NA,NA,NA,13000,NA,NA,NA,NA,13000,NA,NA,NA,NA,13000,NA,NA,NA,NA,11500,NA,NA,NA,NA,11500,NA,NA,NA,NA,11500,NA,NA,NA,NA,11500,NA,NA,NA,NA,6000,NA,NA,NA,NA,0,NA,NA,NA,NA,0,NA,NA,NA,NA,0,NA,NA,NA,NA,91000,NA,NA,NA,NA
Karaikal,'19.15',Albendazole 400 mg tablet,1. Balance From Previous Month,14250,NA,NA,NA,NA,14250,NA,NA,NA,NA,14250,NA,NA,NA,NA,14250,NA,NA,NA,NA,39000,NA,NA,NA,NA,3000,NA,NA,NA,NA,3000,NA,NA,NA,NA,3000,NA,NA,NA,NA,3000,NA,NA,NA,NA,3000,NA,NA,NA,NA,68800,NA,NA,NA,NA,33800,NA,NA,NA,NA,213600,NA,NA,NA,NA
Karaikal,19.15',Albendazole 400 mg tablet,2. Stocks Received,0,NA,NA,NA,NA,0,NA,NA,NA,NA,0,NA,NA,NA,NA,60000,NA,NA,NA,NA,0,NA,NA,NA,NA,0,NA,NA,NA,NA,0,NA,NA,NA,NA,0,NA,NA,NA,NA,0,NA,NA,NA,NA,100800,NA,NA,NA,NA,0,NA,NA,NA,NA,0,NA,NA,NA,NA,160800,NA,NA,NA,NA
Karaikal,19.15',Albendazole 400 mg tablet,3. Unusable Stock,0,NA,NA,NA,NA,0,NA,NA,NA,NA,0,NA,NA,NA,NA,0,NA,NA,NA,NA,0,NA,NA,NA,NA,0,NA,NA,NA,NA,0,NA,NA,NA,NA,0,NA,NA,NA,NA,0,NA,NA,NA,NA,0,NA,NA,NA,NA,0,NA,NA,NA,NA,0,NA,NA,NA,NA,0,NA,NA,NA,NA
Karaikal,19.15',Albendazole 400 mg tablet,4. Stock Distributed,14250,NA,NA,NA,NA,0,NA,NA,NA,NA,0,NA,NA,NA,NA,35250,NA,NA,NA,NA,36000,NA,NA,NA,NA,0,NA,NA,NA,NA,0,NA,NA,NA,NA,0,NA,NA,NA,NA,0,NA,NA,NA,NA,35000,NA,NA,NA,NA,35000,NA,NA,NA,NA,0,NA,NA,NA,NA,155500,NA,NA,NA,NA
Karaikal,19.15',Albendazole 400 mg tablet,5. Total Stock,0,NA,NA,NA,NA,14250,NA,NA,NA,NA,14250,NA,NA,NA,NA,39000,NA,NA,NA,NA,3000,NA,NA,NA,NA,3000,NA,NA,NA,NA,3000,NA,NA,NA,NA,3000,NA,NA,NA,NA,3000,NA,NA,NA,NA,68800,NA,NA,NA,NA,33800,NA,NA,NA,NA,33800,NA,NA,NA,NA,218900,NA,NA,NA,NA
Karaikal,'19.16',Calcium Tablets,1. Balance From Previous Month,72500,NA,NA,NA,NA,58750,NA,NA,NA,NA,17500,NA,NA,NA,NA,17500,NA,NA,NA,NA,0,NA,NA,NA,NA,0,NA,NA,NA,NA,0,NA,NA,NA,NA,0,NA,NA,NA,NA,625600,NA,NA,NA,NA,487600,NA,NA,NA,NA,84400,NA,NA,NA,NA,84400,NA,NA,NA,NA,1448250,NA,NA,NA,NA
Karaikal,19.16',Calcium Tablets,2. Stocks Received,0,NA,NA,NA,NA,0,NA,NA,NA,NA,0,NA,NA,NA,NA,0,NA,NA,NA,NA,0,NA,NA,NA,NA,0,NA,NA,NA,NA,0,NA,NA,NA,NA,1000000,NA,NA,NA,NA,0,NA,NA,NA,NA,0,NA,NA,NA,NA,0,NA,NA,NA,NA,0,NA,NA,NA,NA,1000000,NA,NA,NA,NA
Karaikal,19.16',Calcium Tablets,3. Unusable Stock,0,NA,NA,NA,NA,0,NA,NA,NA,NA,0,NA,NA,NA,NA,0,NA,NA,NA,NA,0,NA,NA,NA,NA,0,NA,NA,NA,NA,0,NA,NA,NA,NA,0,NA,NA,NA,NA,0,NA,NA,NA,NA,0,NA,NA,NA,NA,0,NA,NA,NA,NA,0,NA,NA,NA,NA,0,NA,NA,NA,NA
Karaikal,19.16',Calcium Tablets,4. Stock Distributed,72500,NA,NA,NA,NA,41250,NA,NA,NA,NA,0,NA,NA,NA,NA,17500,NA,NA,NA,NA,0,NA,NA,NA,NA,0,NA,NA,NA,NA,0,NA,NA,NA,NA,0,NA,NA,NA,NA,138000,NA,NA,NA,NA,403200,NA,NA,NA,NA,0,NA,NA,NA,NA,0,NA,NA,NA,NA,672450,NA,NA,NA,NA
Karaikal,19.16',Calcium Tablets,5. Total Stock,0,NA,NA,NA,NA,17500,NA,NA,NA,NA,17500,NA,NA,NA,NA,0,NA,NA,NA,NA,0,NA,NA,NA,NA,0,NA,NA,NA,NA,0,NA,NA,NA,NA,1000000,NA,NA,NA,NA,487600,NA,NA,NA,NA,84400,NA,NA,NA,NA,84400,NA,NA,NA,NA,84400,NA,NA,NA,NA,1775800,NA,NA,NA,NA
Karaikal,'20.1',Syringes - 0.1 ml (AD),1. Balance From Previous Month,1130,NA,NA,NA,NA,0,NA,NA,NA,NA,900,NA,NA,NA,NA,100,NA,NA,NA,NA,2500,NA,NA,NA,NA,1550,NA,NA,NA,NA,1520,NA,NA,NA,NA,770,NA,NA,NA,NA,1870,NA,NA,NA,NA,1020,NA,NA,NA,NA,620,NA,NA,NA,NA,1995,NA,NA,NA,NA,13975,NA,NA,NA,NA
Karaikal,20.1',Syringes - 0.1 ml (AD),2. Stocks Received,0,NA,NA,NA,NA,1000,NA,NA,NA,NA,0,NA,NA,NA,NA,4000,NA,NA,NA,NA,0,NA,NA,NA,NA,1000,NA,NA,NA,NA,0,NA,NA,NA,NA,2000,NA,NA,NA,NA,0,NA,NA,NA,NA,0,NA,NA,NA,NA,2000,NA,NA,NA,NA,0,NA,NA,NA,NA,10000,NA,NA,NA,NA
Karaikal,20.1',Syringes - 0.1 ml (AD),3. Unusable Stock,0,NA,NA,NA,NA,0,NA,NA,NA,NA,0,NA,NA,NA,NA,0,NA,NA,NA,NA,0,NA,NA,NA,NA,0,NA,NA,NA,NA,0,NA,NA,NA,NA,0,NA,NA,NA,NA,0,NA,NA,NA,NA,0,NA,NA,NA,NA,0,NA,NA,NA,NA,0,NA,NA,NA,NA,0,NA,NA,NA,NA
Karaikal,20.1',Syringes - 0.1 ml (AD),4. Stock Distributed,1130,NA,NA,NA,NA,100,NA,NA,NA,NA,800,NA,NA,NA,NA,1600,NA,NA,NA,NA,950,NA,NA,NA,NA,1030,NA,NA,NA,NA,750,NA,NA,NA,NA,900,NA,NA,NA,NA,850,NA,NA,NA,NA,400,NA,NA,NA,NA,625,NA,NA,NA,NA,100,NA,NA,NA,NA,9235,NA,NA,NA,NA
Karaikal,20.1',Syringes - 0.1 ml (AD),5. Total Stock,0,NA,NA,NA,NA,900,NA,NA,NA,NA,100,NA,NA,NA,NA,2500,NA,NA,NA,NA,1550,NA,NA,NA,NA,1520,NA,NA,NA,NA,770,NA,NA,NA,NA,1870,NA,NA,NA,NA,1020,NA,NA,NA,NA,620,NA,NA,NA,NA,1995,NA,NA,NA,NA,1895,NA,NA,NA,NA,14740,NA,NA,NA,NA
Karaikal,'20.2',Syringes - 0.5 ml (AD),1. Balance From Previous Month,6570,NA,NA,NA,NA,5170,NA,NA,NA,NA,9170,NA,NA,NA,NA,8020,NA,NA,NA,NA,5620,NA,NA,NA,NA,11560,NA,NA,NA,NA,7660,NA,NA,NA,NA,2900,NA,NA,NA,NA,50,NA,NA,NA,NA,2450,NA,NA,NA,NA,1150,NA,NA,NA,NA,4350,NA,NA,NA,NA,64670,NA,NA,NA,NA
Karaikal,20.2',Syringes - 0.5 ml (AD),2. Stocks Received,0,NA,NA,NA,NA,5000,NA,NA,NA,NA,0,NA,NA,NA,NA,0,NA,NA,NA,NA,10000,NA,NA,NA,NA,0,NA,NA,NA,NA,0,NA,NA,NA,NA,0,NA,NA,NA,NA,10000,NA,NA,NA,NA,0,NA,NA,NA,NA,6000,NA,NA,NA,NA,0,NA,NA,NA,NA,31000,NA,NA,NA,NA
Karaikal,20.2',Syringes - 0.5 ml (AD),3. Unusable Stock,0,NA,NA,NA,NA,0,NA,NA,NA,NA,0,NA,NA,NA,NA,0,NA,NA,NA,NA,0,NA,NA,NA,NA,0,NA,NA,NA,NA,0,NA,NA,NA,NA,0,NA,NA,NA,NA,0,NA,NA,NA,NA,0,NA,NA,NA,NA,0,NA,NA,NA,NA,0,NA,NA,NA,NA,0,NA,NA,NA,NA
Karaikal,20.2',Syringes - 0.5 ml (AD),4. Stock Distributed,1400,NA,NA,NA,NA,1000,NA,NA,NA,NA,1150,NA,NA,NA,NA,2400,NA,NA,NA,NA,4060,NA,NA,NA,NA,3900,NA,NA,NA,NA,4760,NA,NA,NA,NA,2850,NA,NA,NA,NA,7600,NA,NA,NA,NA,1300,NA,NA,NA,NA,2800,NA,NA,NA,NA,1250,NA,NA,NA,NA,34470,NA,NA,NA,NA
Karaikal,20.2',Syringes - 0.5 ml (AD),5. Total Stock,5170,NA,NA,NA,NA,9170,NA,NA,NA,NA,8020,NA,NA,NA,NA,5620,NA,NA,NA,NA,11560,NA,NA,NA,NA,7660,NA,NA,NA,NA,2900,NA,NA,NA,NA,50,NA,NA,NA,NA,2450,NA,NA,NA,NA,1150,NA,NA,NA,NA,4350,NA,NA,NA,NA,3100,NA,NA,NA,NA,61200,NA,NA,NA,NA
Karaikal,'20.3',Syringes - 5.0 ml (Disposable),1. Balance From Previous Month,945,NA,NA,NA,NA,745,NA,NA,NA,NA,745,NA,NA,NA,NA,245,NA,NA,NA,NA,45,NA,NA,NA,NA,0,NA,NA,NA,NA,0,NA,NA,NA,NA,0,NA,NA,NA,NA,0,NA,NA,NA,NA,0,NA,NA,NA,NA,0,NA,NA,NA,NA,0,NA,NA,NA,NA,2725,NA,NA,NA,NA
Karaikal,20.3',Syringes - 5.0 ml (Disposable),2. Stocks Received,0,NA,NA,NA,NA,0,NA,NA,NA,NA,0,NA,NA,NA,NA,0,NA,NA,NA,NA,0,NA,NA,NA,NA,0,NA,NA,NA,NA,0,NA,NA,NA,NA,0,NA,NA,NA,NA,0,NA,NA,NA,NA,0,NA,NA,NA,NA,0,NA,NA,NA,NA,0,NA,NA,NA,NA,0,NA,NA,NA,NA
Karaikal,20.3',Syringes - 5.0 ml (Disposable),3. Unusable Stock,0,NA,NA,NA,NA,0,NA,NA,NA,NA,0,NA,NA,NA,NA,0,NA,NA,NA,NA,0,NA,NA,NA,NA,0,NA,NA,NA,NA,0,NA,NA,NA,NA,0,NA,NA,NA,NA,0,NA,NA,NA,NA,0,NA,NA,NA,NA,0,NA,NA,NA,NA,0,NA,NA,NA,NA,0,NA,NA,NA,NA
Karaikal,20.3',Syringes - 5.0 ml (Disposable),4. Stock Distributed,200,NA,NA,NA,NA,0,NA,NA,NA,NA,500,NA,NA,NA,NA,200,NA,NA,NA,NA,45,NA,NA,NA,NA,0,NA,NA,NA,NA,0,NA,NA,NA,NA,0,NA,NA,NA,NA,0,NA,NA,NA,NA,0,NA,NA,NA,NA,0,NA,NA,NA,NA,0,NA,NA,NA,NA,945,NA,NA,NA,NA
Karaikal,20.3',Syringes - 5.0 ml (Disposable),5. Total Stock,745,NA,NA,NA,NA,745,NA,NA,NA,NA,245,NA,NA,NA,NA,45,NA,NA,NA,NA,0,NA,NA,NA,NA,0,NA,NA,NA,NA,0,NA,NA,NA,NA,0,NA,NA,NA,NA,0,NA,NA,NA,NA,0,NA,NA,NA,NA,0,NA,NA,NA,NA,0,NA,NA,NA,NA,1780,NA,NA,NA,NA
Karaikal,'21.1',Number of newborn screened for defects at birth (as per RBSK),TOTAL,110,NA,NA,NA,NA,110,NA,NA,NA,NA,125,NA,NA,NA,NA,111,NA,NA,NA,NA,115,NA,NA,NA,NA,121,NA,NA,NA,NA,127,NA,NA,NA,NA,121,NA,NA,NA,NA,106,NA,NA,NA,NA,120,NA,NA,NA,NA,151,NA,NA,NA,NA,160,NA,NA,NA,NA,1477,NA,NA,NA,NA
Karaikal,'21.2',Number of children (6 month to 6 years) screened by RBSK mobile health teams at Anganwadi center,TOTAL,50,NA,NA,NA,NA,389,NA,NA,NA,NA,207,NA,NA,NA,NA,229,NA,NA,NA,NA,68,NA,NA,NA,NA,161,NA,NA,NA,NA,330,NA,NA,NA,NA,247,NA,NA,NA,NA,197,NA,NA,NA,NA,796,NA,NA,NA,NA,700,NA,NA,NA,NA,545,NA,NA,NA,NA,3919,NA,NA,NA,NA
Karaikal,'21.3',Number of children (6 years to 18 years) screened by RBSK mobile health teams at Govt and Govt aided schools,TOTAL,0,NA,NA,NA,NA,0,NA,NA,NA,NA,2410,NA,NA,NA,NA,2410,NA,NA,NA,NA,2112,NA,NA,NA,NA,1125,NA,NA,NA,NA,2466,NA,NA,NA,NA,2369,NA,NA,NA,NA,796,NA,NA,NA,NA,2112,NA,NA,NA,NA,1680,NA,NA,NA,NA,1120,NA,NA,NA,NA,18600,NA,NA,NA,NA
Karaikal,'21.4.1.a',Number of Male children identified with Disease,TOTAL,0,NA,NA,NA,NA,0,NA,NA,NA,NA,0,NA,NA,NA,NA,0,NA,NA,NA,NA,0,NA,NA,NA,NA,0,NA,NA,NA,NA,0,NA,NA,NA,NA,0,NA,NA,NA,NA,0,NA,NA,NA,NA,0,NA,NA,NA,NA,0,NA,NA,NA,NA,0,NA,NA,NA,NA,0,NA,NA,NA,NA
Karaikal,'21.4.1.b',Number of Female children identified with Disease,TOTAL,0,NA,NA,NA,NA,0,NA,NA,NA,NA,0,NA,NA,NA,NA,0,NA,NA,NA,NA,0,NA,NA,NA,NA,0,NA,NA,NA,NA,0,NA,NA,NA,NA,0,NA,NA,NA,NA,0,NA,NA,NA,NA,0,NA,NA,NA,NA,0,NA,NA,NA,NA,0,NA,NA,NA,NA,0,NA,NA,NA,NA
Karaikal,'21.4.2.a',Number of Male children identified with Deficiency,TOTAL,0,NA,NA,NA,NA,0,NA,NA,NA,NA,0,NA,NA,NA,NA,0,NA,NA,NA,NA,0,NA,NA,NA,NA,0,NA,NA,NA,NA,0,NA,NA,NA,NA,0,NA,NA,NA,NA,0,NA,NA,NA,NA,0,NA,NA,NA,NA,0,NA,NA,NA,NA,0,NA,NA,NA,NA,0,NA,NA,NA,NA
Karaikal,'21.4.2.b',Number of Female children identified with Deficiency,TOTAL,0,NA,NA,NA,NA,0,NA,NA,NA,NA,0,NA,NA,NA,NA,0,NA,NA,NA,NA,0,NA,NA,NA,NA,0,NA,NA,NA,NA,0,NA,NA,NA,NA,0,NA,NA,NA,NA,0,NA,NA,NA,NA,0,NA,NA,NA,NA,0,NA,NA,NA,NA,0,NA,NA,NA,NA,0,NA,NA,NA,NA
Karaikal,'21.4.3.a',Number of Male children identified with Developmental delay,TOTAL,0,NA,NA,NA,NA,0,NA,NA,NA,NA,0,NA,NA,NA,NA,0,NA,NA,NA,NA,0,NA,NA,NA,NA,0,NA,NA,NA,NA,0,NA,NA,NA,NA,0,NA,NA,NA,NA,0,NA,NA,NA,NA,0,NA,NA,NA,NA,0,NA,NA,NA,NA,0,NA,NA,NA,NA,0,NA,NA,NA,NA
Karaikal,'21.4.3.b',Number of Female children identified with Developmental delay,TOTAL,0,NA,NA,NA,NA,0,NA,NA,NA,NA,0,NA,NA,NA,NA,0,NA,NA,NA,NA,0,NA,NA,NA,NA,0,NA,NA,NA,NA,0,NA,NA,NA,NA,0,NA,NA,NA,NA,0,NA,NA,NA,NA,0,NA,NA,NA,NA,0,NA,NA,NA,NA,0,NA,NA,NA,NA,0,NA,NA,NA,NA
Karaikal,'21.5.1',Number of Children Managed by Intervention - Medical,TOTAL,0,NA,NA,NA,NA,0,NA,NA,NA,NA,0,NA,NA,NA,NA,0,NA,NA,NA,NA,0,NA,NA,NA,NA,0,NA,NA,NA,NA,0,NA,NA,NA,NA,0,NA,NA,NA,NA,0,NA,NA,NA,NA,0,NA,NA,NA,NA,0,NA,NA,NA,NA,0,NA,NA,NA,NA,0,NA,NA,NA,NA
Karaikal,'21.5.2',Number of Children Managed by Intervention - Surgical,TOTAL,0,NA,NA,NA,NA,0,NA,NA,NA,NA,0,NA,NA,NA,NA,0,NA,NA,NA,NA,0,NA,NA,NA,NA,0,NA,NA,NA,NA,0,NA,NA,NA,NA,0,NA,NA,NA,NA,0,NA,NA,NA,NA,0,NA,NA,NA,NA,0,NA,NA,NA,NA,0,NA,NA,NA,NA,0,NA,NA,NA,NA
Karaikal,'21.5.3',Early intervention at DEIC ( District Early Intervention Centre),TOTAL,0,NA,NA,NA,NA,0,NA,NA,NA,NA,0,NA,NA,NA,NA,0,NA,NA,NA,NA,0,NA,NA,NA,NA,0,NA,NA,NA,NA,0,NA,NA,NA,NA,0,NA,NA,NA,NA,0,NA,NA,NA,NA,0,NA,NA,NA,NA,0,NA,NA,NA,NA,0,NA,NA,NA,NA,0,NA,NA,NA,NA
Karaikal,'22.1.1.a',Girls (6th -12th class) provided 4 IFA tablets in schools,TOTAL,7604,NA,NA,NA,NA,7604,NA,NA,NA,NA,7604,NA,NA,NA,NA,7743,NA,NA,NA,NA,7743,NA,NA,NA,NA,7708,NA,NA,NA,NA,7702,NA,NA,NA,NA,7731,NA,NA,NA,NA,7719,NA,NA,NA,NA,7740,NA,NA,NA,NA,7708,NA,NA,NA,NA,4620,NA,NA,NA,NA,89226,NA,NA,NA,NA
Karaikal,'22.1.1.b',Boys (6th -12th class) provided 4 IFA tablets in schools,TOTAL,6125,NA,NA,NA,NA,6125,NA,NA,NA,NA,6125,NA,NA,NA,NA,6940,NA,NA,NA,NA,6935,NA,NA,NA,NA,6895,NA,NA,NA,NA,6843,NA,NA,NA,NA,6910,NA,NA,NA,NA,6954,NA,NA,NA,NA,6852,NA,NA,NA,NA,6741,NA,NA,NA,NA,4251,NA,NA,NA,NA,77696,NA,NA,NA,NA
Karaikal,'22.1.2.a',Girls (6th -12th class) provided albendazole in schools,TOTAL,0,NA,NA,NA,NA,0,NA,NA,NA,NA,0,NA,NA,NA,NA,0,NA,NA,NA,NA,7743,NA,NA,NA,NA,0,NA,NA,NA,NA,0,NA,NA,NA,NA,0,NA,NA,NA,NA,0,NA,NA,NA,NA,0,NA,NA,NA,NA,7708,NA,NA,NA,NA,0,NA,NA,NA,NA,15451,NA,NA,NA,NA
Karaikal,'22.1.2.b',Boys (6th -12th class) provided albendazole in schools,TOTAL,0,NA,NA,NA,NA,0,NA,NA,NA,NA,0,NA,NA,NA,NA,0,NA,NA,NA,NA,6935,NA,NA,NA,NA,0,NA,NA,NA,NA,0,NA,NA,NA,NA,0,NA,NA,NA,NA,0,NA,NA,NA,NA,0,NA,NA,NA,NA,6741,NA,NA,NA,NA,0,NA,NA,NA,NA,13676,NA,NA,NA,NA
Karaikal,'22.1.3',Number of out of school adolscent girls (10-19 years) provided 4 IFA tablets at Anganwadi Centres,TOTAL,249,NA,NA,NA,NA,241,NA,NA,NA,NA,235,NA,NA,NA,NA,243,NA,NA,NA,NA,240,NA,NA,NA,NA,243,NA,NA,NA,NA,229,NA,NA,NA,NA,231,NA,NA,NA,NA,229,NA,NA,NA,NA,208,NA,NA,NA,NA,205,NA,NA,NA,NA,175,NA,NA,NA,NA,2728,NA,NA,NA,NA
Karaikal,'22.1.4',Number of out of school adolscent girls (10-19 years) provided albendazole at Anganwadi Centres,TOTAL,0,NA,NA,NA,NA,0,NA,NA,NA,NA,0,NA,NA,NA,NA,0,NA,NA,NA,NA,240,NA,NA,NA,NA,0,NA,NA,NA,NA,0,NA,NA,NA,NA,0,NA,NA,NA,NA,0,NA,NA,NA,NA,0,NA,NA,NA,NA,205,NA,NA,NA,NA,0,NA,NA,NA,NA,445,NA,NA,NA,NA
Karaikal,'22.2.1',Number of adolescent girls provided sanitary napkin packs,TOTAL,0,NA,NA,NA,NA,0,NA,NA,NA,NA,0,NA,NA,NA,NA,0,NA,NA,NA,NA,0,NA,NA,NA,NA,0,NA,NA,NA,NA,0,NA,NA,NA,NA,0,NA,NA,NA,NA,0,NA,NA,NA,NA,0,NA,NA,NA,NA,0,NA,NA,NA,NA,0,NA,NA,NA,NA,0,NA,NA,NA,NA
Karaikal,'22.2.2',Number of sanitary napkin packs sold to adolescent girls,TOTAL,0,NA,NA,NA,NA,0,NA,NA,NA,NA,0,NA,NA,NA,NA,0,NA,NA,NA,NA,0,NA,NA,NA,NA,0,NA,NA,NA,NA,0,NA,NA,NA,NA,0,NA,NA,NA,NA,0,NA,NA,NA,NA,0,NA,NA,NA,NA,0,NA,NA,NA,NA,0,NA,NA,NA,NA,0,NA,NA,NA,NA
Karaikal,'22.2.3',Number of sanitary napkin packs distributed free to ASHA,TOTAL,0,NA,NA,NA,NA,0,NA,NA,NA,NA,0,NA,NA,NA,NA,0,NA,NA,NA,NA,0,NA,NA,NA,NA,0,NA,NA,NA,NA,0,NA,NA,NA,NA,0,NA,NA,NA,NA,0,NA,NA,NA,NA,0,NA,NA,NA,NA,0,NA,NA,NA,NA,0,NA,NA,NA,NA,0,NA,NA,NA,NA
Karaikal,'22.2.4',Number of adolescent girls attended monthly meeting,TOTAL,0,NA,NA,NA,NA,0,NA,NA,NA,NA,0,NA,NA,NA,NA,0,NA,NA,NA,NA,0,NA,NA,NA,NA,0,NA,NA,NA,NA,0,NA,NA,NA,NA,0,NA,NA,NA,NA,0,NA,NA,NA,NA,0,NA,NA,NA,NA,0,NA,NA,NA,NA,0,NA,NA,NA,NA,0,NA,NA,NA,NA
Karaikal,'23.1',Number of children covered under WIFS JUNIOR (6 - 10 years ) provided 4-5 IFA tablets in schools,TOTAL,17444,NA,NA,NA,NA,17444,NA,NA,NA,NA,17444,NA,NA,NA,NA,17553,NA,NA,NA,NA,17553,NA,NA,NA,NA,17553,NA,NA,NA,NA,17553,NA,NA,NA,NA,17553,NA,NA,NA,NA,17444,NA,NA,NA,NA,17444,NA,NA,NA,NA,17553,NA,NA,NA,NA,17553,NA,NA,NA,NA,210091,NA,NA,NA,NA
Karaikal,'23.2',Number of children (6 - 10 years) provided albendazole in schools,TOTAL,23181,NA,NA,NA,NA,23181,NA,NA,NA,NA,23182,NA,NA,NA,NA,0,NA,NA,NA,NA,23181,NA,NA,NA,NA,23181,NA,NA,NA,NA,23181,NA,NA,NA,NA,0,NA,NA,NA,NA,23181,NA,NA,NA,NA,23181,NA,NA,NA,NA,17553,NA,NA,NA,NA,23181,NA,NA,NA,NA,226183,NA,NA,NA,NA
Karaikal,'23.3',Number of out of school children (6-10 years) given 4-5 IFA tablets at Anganwadi Centres,TOTAL,13,NA,NA,NA,NA,13,NA,NA,NA,NA,13,NA,NA,NA,NA,0,NA,NA,NA,NA,13,NA,NA,NA,NA,13,NA,NA,NA,NA,13,NA,NA,NA,NA,0,NA,NA,NA,NA,13,NA,NA,NA,NA,13,NA,NA,NA,NA,13,NA,NA,NA,NA,13,NA,NA,NA,NA,130,NA,NA,NA,NA
Karaikal,'23.4',Number of out of school children (6-10 years) provided albendazole at Anganwadi Centres,TOTAL,13,NA,NA,NA,NA,13,NA,NA,NA,NA,13,NA,NA,NA,NA,0,NA,NA,NA,NA,13,NA,NA,NA,NA,13,NA,NA,NA,NA,13,NA,NA,NA,NA,0,NA,NA,NA,NA,13,NA,NA,NA,NA,13,NA,NA,NA,NA,13,NA,NA,NA,NA,13,NA,NA,NA,NA,130,NA,NA,NA,NA
Karaikal,'24.1',Total Maternal Deaths Reviewed (MDR) by CMO,TOTAL,0,NA,NA,NA,NA,0,NA,NA,NA,NA,0,NA,NA,NA,NA,0,NA,NA,NA,NA,0,NA,NA,NA,NA,1,NA,NA,NA,NA,0,NA,NA,NA,NA,0,NA,NA,NA,NA,0,NA,NA,NA,NA,0,NA,NA,NA,NA,0,NA,NA,NA,NA,0,NA,NA,NA,NA,1,NA,NA,NA,NA
Karaikal,'24.2',Total Maternal Deaths Reviewed (MDR) by DM,TOTAL,0,NA,NA,NA,NA,0,NA,NA,NA,NA,0,NA,NA,NA,NA,0,NA,NA,NA,NA,0,NA,NA,NA,NA,1,NA,NA,NA,NA,0,NA,NA,NA,NA,0,NA,NA,NA,NA,0,NA,NA,NA,NA,0,NA,NA,NA,NA,0,NA,NA,NA,NA,0,NA,NA,NA,NA,1,NA,NA,NA,NA
Karaikal,'24.3',Number of maternal deaths reported through Community based Maternal Death Review (CBMDR),TOTAL,0,NA,NA,NA,NA,0,NA,NA,NA,NA,0,NA,NA,NA,NA,0,NA,NA,NA,NA,0,NA,NA,NA,NA,1,NA,NA,NA,NA,0,NA,NA,NA,NA,0,NA,NA,NA,NA,0,NA,NA,NA,NA,0,NA,NA,NA,NA,0,NA,NA,NA,NA,0,NA,NA,NA,NA,1,NA,NA,NA,NA
Karaikal,'25.1.1',Number of Pregnant Women provided - Free Medicines under JSSK,TOTAL,0,NA,NA,NA,NA,0,NA,NA,NA,NA,0,NA,NA,NA,NA,0,NA,NA,NA,NA,282,NA,NA,NA,NA,282,NA,NA,NA,NA,282,NA,NA,NA,NA,282,NA,NA,NA,NA,282,NA,NA,NA,NA,282,NA,NA,NA,NA,282,NA,NA,NA,NA,282,NA,NA,NA,NA,2256,NA,NA,NA,NA
Karaikal,'25.1.2',Number of Pregnant Women provided - Free Diet under JSSK,TOTAL,0,NA,NA,NA,NA,0,NA,NA,NA,NA,0,NA,NA,NA,NA,0,NA,NA,NA,NA,136,NA,NA,NA,NA,184,NA,NA,NA,NA,200,NA,NA,NA,NA,195,NA,NA,NA,NA,168,NA,NA,NA,NA,122,NA,NA,NA,NA,106,NA,NA,NA,NA,137,NA,NA,NA,NA,1248,NA,NA,NA,NA
Karaikal,'25.1.3',Number of Pregnant Women provided - Free Diagnostics under JSSK,TOTAL,0,NA,NA,NA,NA,0,NA,NA,NA,NA,0,NA,NA,NA,NA,0,NA,NA,NA,NA,296,NA,NA,NA,NA,296,NA,NA,NA,NA,296,NA,NA,NA,NA,296,NA,NA,NA,NA,296,NA,NA,NA,NA,296,NA,NA,NA,NA,296,NA,NA,NA,NA,296,NA,NA,NA,NA,2368,NA,NA,NA,NA
Karaikal,'25.1.4',Number of Pregnant Women provided - Free Home to facility transport under JSSK,TOTAL,0,NA,NA,NA,NA,0,NA,NA,NA,NA,0,NA,NA,NA,NA,0,NA,NA,NA,NA,0,NA,NA,NA,NA,0,NA,NA,NA,NA,0,NA,NA,NA,NA,0,NA,NA,NA,NA,0,NA,NA,NA,NA,0,NA,NA,NA,NA,0,NA,NA,NA,NA,0,NA,NA,NA,NA,0,NA,NA,NA,NA
Karaikal,'25.1.5',Number of Pregnant Women provided - Interfacility transfers when needed under JSSK,TOTAL,0,NA,NA,NA,NA,0,NA,NA,NA,NA,0,NA,NA,NA,NA,0,NA,NA,NA,NA,2,NA,NA,NA,NA,2,NA,NA,NA,NA,2,NA,NA,NA,NA,2,NA,NA,NA,NA,2,NA,NA,NA,NA,2,NA,NA,NA,NA,2,NA,NA,NA,NA,2,NA,NA,NA,NA,16,NA,NA,NA,NA
Karaikal,'25.1.6',Number of Pregnant Women provided - Free Drop Back home under JSSK,TOTAL,0,NA,NA,NA,NA,0,NA,NA,NA,NA,0,NA,NA,NA,NA,0,NA,NA,NA,NA,17,NA,NA,NA,NA,17,NA,NA,NA,NA,17,NA,NA,NA,NA,17,NA,NA,NA,NA,17,NA,NA,NA,NA,17,NA,NA,NA,NA,17,NA,NA,NA,NA,17,NA,NA,NA,NA,136,NA,NA,NA,NA
Karaikal,'25.2.1',Number of sick infants provided - Free Medicines under JSSK,TOTAL,0,NA,NA,NA,NA,0,NA,NA,NA,NA,0,NA,NA,NA,NA,0,NA,NA,NA,NA,245,NA,NA,NA,NA,306,NA,NA,NA,NA,330,NA,NA,NA,NA,323,NA,NA,NA,NA,264,NA,NA,NA,NA,211,NA,NA,NA,NA,194,NA,NA,NA,NA,225,NA,NA,NA,NA,2098,NA,NA,NA,NA
Karaikal,'25.2.2',Number of sick infants provided - Free Diagnostics under JSSK,TOTAL,0,NA,NA,NA,NA,0,NA,NA,NA,NA,0,NA,NA,NA,NA,0,NA,NA,NA,NA,245,NA,NA,NA,NA,306,NA,NA,NA,NA,313,NA,NA,NA,NA,323,NA,NA,NA,NA,264,NA,NA,NA,NA,211,NA,NA,NA,NA,194,NA,NA,NA,NA,225,NA,NA,NA,NA,2081,NA,NA,NA,NA
Karaikal,'25.2.3',Number of sick infants provided - Free Home to facility transport under JSSK,TOTAL,0,NA,NA,NA,NA,0,NA,NA,NA,NA,0,NA,NA,NA,NA,0,NA,NA,NA,NA,0,NA,NA,NA,NA,0,NA,NA,NA,NA,0,NA,NA,NA,NA,0,NA,NA,NA,NA,0,NA,NA,NA,NA,0,NA,NA,NA,NA,0,NA,NA,NA,NA,0,NA,NA,NA,NA,0,NA,NA,NA,NA
Karaikal,'25.2.4',Number of sick infants provided - Interfacility transfers when needed under JSSK,TOTAL,0,NA,NA,NA,NA,0,NA,NA,NA,NA,0,NA,NA,NA,NA,0,NA,NA,NA,NA,0,NA,NA,NA,NA,0,NA,NA,NA,NA,0,NA,NA,NA,NA,0,NA,NA,NA,NA,0,NA,NA,NA,NA,0,NA,NA,NA,NA,0,NA,NA,NA,NA,0,NA,NA,NA,NA,0,NA,NA,NA,NA
Karaikal,'25.2.5',Number of sick infants provided - Free Drop Back home under JSSK,TOTAL,0,NA,NA,NA,NA,0,NA,NA,NA,NA,0,NA,NA,NA,NA,0,NA,NA,NA,NA,0,NA,NA,NA,NA,0,NA,NA,NA,NA,0,NA,NA,NA,NA,0,NA,NA,NA,NA,0,NA,NA,NA,NA,0,NA,NA,NA,NA,0,NA,NA,NA,NA,0,NA,NA,NA,NA,0,NA,NA,NA,NA
Mahe,'1.1',Total number of pregnant women registered for ANC,TOTAL,35,29,6,27,8,59,51,8,38,21,62,62,NA,36,26,67,59,8,39,28,67,61,6,29,38,65,61,4,35,30,47,45,2,30,17,50,50,NA,30,20,61,61,NA,38,23,63,63,NA,36,27,43,43,NA,24,19,46,46,NA,27,19,665,631,34,389,276
Mahe,'1.1.1',"Out of the total ANC registered, number registered within 1st trimester (within 12 weeks)",TOTAL,31,23,8,23,8,47,39,8,28,19,48,43,5,25,23,46,40,6,21,25,53,47,6,15,38,45,41,4,23,22,35,33,2,19,16,36,36,NA,19,17,43,43,NA,22,21,51,51,NA,24,27,36,36,NA,17,19,35,35,NA,19,16,506,467,39,255,251
Mahe,'1.2.1',Number of PW given TT1,TOTAL,22,9,13,19,3,35,32,3,12,23,45,26,19,29,16,51,37,14,25,26,27,16,11,16,11,39,27,12,21,18,32,23,9,18,14,44,30,14,26,18,56,30,26,38,18,51,34,17,30,21,45,34,11,18,27,21,21,0,6,15,468,319,149,258,210
Mahe,'1.2.2',Number of PW given TT2,TOTAL,27,6,21,25,2,29,27,2,10,19,39,27,12,22,17,57,39,18,30,27,28,18,10,15,13,47,36,11,22,25,36,23,13,17,19,40,29,11,22,18,43,29,14,26,17,52,39,13,30,22,43,28,15,24,19,18,18,0,7,11,459,319,140,250,209
Mahe,'1.2.3',Number of PW given TT Booster,TOTAL,2,2,NA,2,0,1,1,NA,0,1,0,0,NA,0,0,1,0,1,1,0,0,0,0,0,0,0,0,0,0,0,0,0,0,0,0,1,1,NA,1,0,3,1,2,2,1,0,0,0,0,0,0,0,0,0,0,1,1,0,1,0,9,6,3,7,2
Mahe,'1.2.4',Number of PW given 180 Iron Folic Acid (IFA) tablets,TOTAL,20,20,NA,16,4,50,50,NA,25,25,46,46,NA,17,29,58,58,NA,17,41,48,48,NA,12,36,46,46,0,13,33,29,29,0,21,8,54,54,NA,34,20,57,57,NA,27,30,46,46,NA,18,28,32,32,NA,13,19,52,52,NA,24,28,538,538,0,237,301
Mahe,'1.2.5',Number of PW given 360 Calcium tablets,TOTAL,20,20,NA,16,4,49,49,NA,25,24,46,46,NA,17,29,56,56,NA,15,41,53,53,NA,17,36,46,46,0,13,33,31,29,2,23,8,54,54,NA,34,20,57,57,NA,27,30,46,46,NA,18,28,32,32,NA,13,19,52,52,NA,24,28,542,540,2,242,300
Mahe,'1.2.6',Number of PW given one Albendazole tablet after 1st trimester,TOTAL,25,25,NA,21,4,44,44,NA,23,21,61,61,NA,34,27,68,68,NA,31,37,62,62,NA,26,36,58,55,3,22,36,26,24,2,21,5,45,45,NA,29,16,60,60,NA,32,28,45,45,NA,21,24,51,51,NA,32,19,30,30,NA,24,6,575,570,5,316,259
Mahe,'1.2.7',Number of PW received 4 or more ANC check ups,TOTAL,25,25,NA,22,3,42,42,NA,20,22,53,53,NA,21,32,46,46,NA,17,29,57,57,NA,20,37,45,41,4,17,28,25,25,0,20,5,50,50,NA,34,16,73,73,NA,32,41,48,48,NA,17,31,48,48,NA,14,34,28,28,NA,24,4,540,536,4,258,282
Mahe,'1.2.8',Number of PW given ANC Corticosteroids in Pre Term Labour,TOTAL,0,0,NA,0,0,0,0,NA,0,0,0,0,NA,0,0,0,0,NA,0,0,0,0,NA,0,0,0,0,0,0,0,0,0,0,0,0,0,0,NA,0,0,0,0,NA,0,NA,0,0,NA,0,NA,0,0,NA,0,NA,0,0,NA,0,NA,0,0,0,0,0
Mahe,'1.3.1',New cases of PW with hypertension detected,TOTAL,1,1,NA,0,1,1,1,NA,1,0,0,0,NA,0,0,0,0,NA,0,0,0,0,NA,0,0,0,0,0,0,0,0,0,0,0,0,3,3,NA,3,0,2,2,NA,2,0,1,1,NA,1,0,0,0,NA,0,0,0,0,NA,0,0,8,8,0,7,1
Mahe,'1.3.1.a',"Out of the new cases of PW with hypertension detected, cases managed at institution",TOTAL,0,0,NA,0,0,1,1,NA,1,0,0,0,NA,0,0,0,0,NA,0,0,0,0,NA,0,0,0,0,0,0,0,0,0,0,0,0,1,1,NA,1,0,0,0,NA,0,0,0,0,NA,0,0,0,0,NA,0,0,0,0,NA,0,0,2,2,0,2,0
Mahe,'1.3.2',Number of Eclampsia cases managed during delivery,TOTAL,0,0,NA,0,0,0,0,NA,0,0,0,0,NA,0,0,0,0,NA,0,0,0,0,NA,0,0,0,0,0,0,0,0,0,0,0,0,0,0,NA,0,0,0,0,NA,0,0,0,0,NA,0,0,0,0,NA,0,0,0,0,NA,0,0,0,0,0,0,0
Mahe,'1.4.1',Number of PW tested for Haemoglobin (Hb ) 4 or more than 4 times for respective ANCs,TOTAL,33,33,NA,30,3,38,38,NA,19,19,39,39,NA,27,12,44,44,NA,19,25,52,52,NA,14,38,48,48,0,16,32,30,30,0,19,11,37,37,NA,17,20,49,49,NA,24,25,39,39,NA,9,30,20,20,NA,0,20,23,23,NA,18,5,452,452,0,212,240
Mahe,'1.4.2',Number of PW having Hb level<11 (tested cases)(7.1 to 10.9),TOTAL,4,4,NA,4,0,8,8,NA,8,0,3,3,NA,2,1,4,4,NA,4,0,1,1,NA,1,0,0,0,0,0,0,4,4,0,4,0,3,3,NA,3,0,3,3,NA,3,0,0,0,NA,0,0,1,1,NA,0,1,1,1,NA,1,0,32,32,0,30,2
Mahe,'1.4.3',Number of PW having Hb level<7 (tested cases),TOTAL,0,0,NA,0,0,0,0,NA,0,0,0,0,NA,0,0,0,0,NA,0,0,0,0,NA,0,0,0,0,0,0,0,0,0,0,0,0,0,0,NA,0,0,1,1,NA,1,0,0,0,NA,0,0,0,0,NA,0,0,0,0,NA,0,0,1,1,0,1,0
Mahe,'1.4.4',Number of PW having severe anaemia (Hb<7) treated,TOTAL,0,0,NA,0,0,0,0,NA,0,0,0,0,NA,0,0,0,0,NA,0,0,0,0,NA,0,0,0,0,0,0,0,0,0,0,0,0,0,0,NA,0,0,0,0,NA,0,0,0,0,NA,0,0,0,0,NA,0,0,0,0,NA,0,0,0,0,0,0,0
Mahe,'1.5.1',Number of PW tested for blood sugar using OGTT (Oral Glucose Tolerance Test),TOTAL,0,0,NA,0,0,28,28,NA,11,17,19,19,NA,10,9,10,10,NA,8,2,43,43,NA,6,37,4,4,0,0,4,8,8,0,0,8,23,23,NA,8,15,33,33,NA,10,23,4,4,NA,0,4,18,18,NA,0,18,8,8,NA,5,3,198,198,0,58,140
Mahe,'1.5.2',Number of PW tested positive for GDM,TOTAL,0,0,NA,0,0,1,1,NA,1,0,0,0,NA,0,0,0,0,NA,0,0,2,2,NA,2,0,0,0,0,0,0,0,0,0,0,0,0,0,NA,0,0,0,0,NA,0,0,0,0,NA,0,0,0,0,NA,0,0,0,0,NA,0,0,3,3,0,3,0
Mahe,'1.5.3',Number of PW given insulin out of total tested positive for GDM,TOTAL,0,0,NA,0,0,0,0,NA,0,0,0,0,NA,0,0,0,0,NA,0,0,0,0,NA,0,0,0,0,0,0,0,0,0,0,0,0,0,0,NA,0,0,0,0,NA,0,0,0,0,NA,0,0,0,0,NA,0,0,0,0,NA,0,0,0,0,0,0,0
Mahe,'1.6.1.a',Number of PW tested using POC test for Syphilis,TOTAL,NA,NA,NA,NA,NA,NA,NA,NA,NA,NA,NA,NA,NA,NA,NA,NA,NA,NA,NA,NA,NA,NA,NA,NA,NA,NA,NA,NA,NA,NA,NA,NA,NA,NA,NA,NA,NA,NA,NA,NA,NA,NA,NA,NA,NA,NA,NA,NA,NA,NA,NA,NA,NA,NA,NA,NA,NA,NA,NA,NA,NA,NA,NA,NA,NA
Mahe,'1.6.1.b',"Out of above, number of PW found sero positive for syphilis",TOTAL,NA,NA,NA,NA,NA,NA,NA,NA,NA,NA,NA,NA,NA,NA,NA,NA,NA,NA,NA,NA,NA,NA,NA,NA,NA,NA,NA,NA,NA,NA,NA,NA,NA,NA,NA,NA,NA,NA,NA,NA,NA,NA,NA,NA,NA,NA,NA,NA,NA,NA,NA,NA,NA,NA,NA,NA,NA,NA,NA,NA,NA,NA,NA,NA,NA
Mahe,'1.6.2.a',Number of pregnant women tested for Syphilis,TOTAL,8,8,NA,0,8,21,21,NA,0,21,10,10,NA,0,10,26,26,NA,0,26,10,10,NA,0,10,30,30,0,0,30,46,46,0,0,46,49,49,NA,0,49,44,44,NA,6,38,36,36,NA,0,36,6,6,NA,6,0,0,0,NA,0,0,286,286,0,12,274
Mahe,'1.6.2.b',Number of pregnant women tested found sero positive for Syphilis,TOTAL,0,0,NA,0,0,0,0,NA,0,0,0,0,NA,0,0,0,0,NA,0,0,0,0,NA,0,0,0,0,0,0,0,1,1,0,0,1,0,0,NA,0,0,0,0,NA,0,0,0,0,NA,0,0,0,0,NA,0,0,0,0,NA,0,0,1,1,0,0,1
Mahe,'1.6.2.c',Number of syphilis positive pregnant women treated for Syphilis,TOTAL,0,0,NA,0,0,0,0,NA,0,0,0,0,NA,0,0,0,0,NA,0,0,0,0,NA,0,0,0,0,0,0,0,0,0,0,0,0,0,0,NA,0,0,0,0,NA,0,0,0,0,NA,0,0,0,0,NA,0,0,0,0,NA,0,0,0,0,0,0,0
Mahe,'1.6.2.d',Number of babies diagnosed with Congenital Syphilis,TOTAL,0,0,NA,0,0,0,0,NA,0,0,0,0,NA,0,0,0,0,NA,0,0,0,0,NA,0,0,0,0,0,0,0,0,0,0,0,0,0,0,NA,0,0,0,0,NA,0,0,0,0,NA,0,0,0,0,NA,0,0,0,0,NA,0,0,0,0,0,0,0
Mahe,'1.6.2.e',Number of babies treated for congenital Syphilis,TOTAL,0,0,NA,0,0,0,0,NA,0,0,0,0,NA,0,0,0,0,NA,0,0,0,0,NA,0,0,0,0,0,0,0,0,0,0,0,0,0,0,NA,0,0,0,0,NA,0,0,0,0,NA,0,0,0,0,NA,0,0,0,0,NA,0,0,0,0,0,0,0
Mahe,'2.1.1.a',Number of Home Deliveries attended by Skill Birth Attendant(SBA) (Doctor/Nurse/ANM),TOTAL,NA,NA,NA,NA,NA,NA,NA,NA,NA,NA,NA,NA,NA,NA,NA,NA,NA,NA,NA,NA,0,0,NA,0,NA,0,0,NA,0,NA,0,0,NA,0,NA,0,0,NA,0,NA,NA,NA,NA,NA,NA,NA,NA,NA,NA,NA,NA,NA,NA,NA,NA,NA,NA,NA,NA,NA,0,0,NA,0,NA
Mahe,'2.1.1.b',Number of Home Deliveries attended by Non SBA (Trained Birth Attendant(TBA) /Relatives/etc.),TOTAL,NA,NA,NA,NA,NA,NA,NA,NA,NA,NA,NA,NA,NA,NA,NA,NA,NA,NA,NA,NA,0,0,NA,0,NA,0,0,NA,0,NA,0,0,NA,0,NA,0,0,NA,0,NA,NA,NA,NA,NA,NA,NA,NA,NA,NA,NA,NA,NA,NA,NA,NA,NA,NA,NA,NA,NA,0,0,NA,0,NA
Mahe,'2.1.2',Number of PW given Tablet Misoprostol during home delivery,TOTAL,NA,NA,NA,NA,NA,NA,NA,NA,NA,NA,NA,NA,NA,NA,NA,NA,NA,NA,NA,NA,0,0,NA,0,NA,0,0,NA,0,NA,0,0,NA,0,NA,0,0,NA,0,NA,NA,NA,NA,NA,NA,NA,NA,NA,NA,NA,NA,NA,NA,NA,NA,NA,NA,NA,NA,NA,0,0,NA,0,NA
Mahe,'2.1.3',Number of newborns received 7 Home Based Newborn Care (HBNC) visits in case of Home delivery,TOTAL,NA,NA,NA,NA,NA,NA,NA,NA,NA,NA,NA,NA,NA,NA,NA,NA,NA,NA,NA,NA,0,0,NA,0,NA,0,0,NA,0,NA,0,0,NA,0,NA,0,0,NA,0,NA,NA,NA,NA,NA,NA,NA,NA,NA,NA,NA,NA,NA,NA,NA,NA,NA,NA,NA,NA,NA,0,0,NA,0,NA
Mahe,'2.2',Number of Institutional Deliveries conducted (Including C-Sections),TOTAL,32,9,23,23,9,48,16,32,32,16,36,7,29,29,7,29,5,24,24,5,40,10,30,30,10,37,16,21,21,16,35,18,17,17,18,58,17,41,41,17,52,14,38,38,14,54,19,35,35,19,33,12,21,21,12,31,8,23,23,8,485,151,334,334,151
Mahe,'2.2.1',Out of total institutional deliveries number of women discharged within 48 hours of delivery,TOTAL,0,0,0,0,0,0,0,NA,0,0,0,0,NA,0,0,0,0,NA,0,0,0,0,NA,0,0,0,0,0,0,0,0,0,0,0,0,0,0,NA,NA,0,0,0,0,0,0,0,0,0,0,0,0,0,0,0,0,0,0,0,0,0,0,0,0,0,0
Mahe,'2.2.2',Number of newborns received 6 HBNC  visits after Institutional Delivery,TOTAL,0,0,NA,0,NA,0,0,NA,0,NA,0,0,NA,0,NA,0,0,NA,0,NA,0,0,NA,0,NA,0,0,0,0,NA,0,0,0,0,NA,NA,NA,NA,NA,NA,NA,NA,NA,NA,NA,NA,NA,NA,NA,NA,2,2,NA,2,NA,5,5,NA,5,NA,7,7,0,7,NA
Mahe,'3.1',Total C -Section deliveries performed,TOTAL,20,9,11,11,9,21,4,17,17,4,16,5,11,11,5,17,4,13,13,4,19,7,12,12,7,24,13,11,11,13,21,11,10,10,11,28,9,19,19,9,26,4,22,22,4,28,11,17,17,11,23,10,13,13,10,13,5,8,8,5,256,92,164,164,92
Mahe,'3.1.1',"C-sections, performed at night (8 PM- 8 AM)",TOTAL,0,0,0,0,0,0,0,NA,0,0,0,0,NA,0,0,0,0,NA,0,0,0,0,NA,0,0,0,0,0,0,0,0,0,0,0,0,0,0,NA,NA,0,0,0,NA,NA,0,0,0,NA,NA,0,0,0,NA,NA,0,0,0,NA,NA,0,0,0,0,0,0
Mahe,'4.1.1.a',Live Birth - Male,TOTAL,16,7,9,9,7,27,9,18,18,9,13,4,9,9,4,17,3,14,14,3,18,5,13,13,5,11,4,7,7,4,22,13,9,9,13,23,8,15,15,8,20,0,20,20,0,28,7,21,21,7,17,5,12,12,5,13,5,8,8,5,225,70,155,155,70
Mahe,'4.1.1.b',Live Birth - Female,TOTAL,16,2,14,14,2,21,7,14,14,7,23,3,20,20,3,12,2,10,10,2,22,5,17,17,5,25,11,14,14,11,13,5,8,8,5,35,9,26,26,9,18,0,18,18,0,26,12,14,14,12,16,7,9,9,7,18,3,15,15,3,245,66,179,179,66
Mahe,'4.1.2',Number of Pre term newborns ( < 37 weeks of pregnancy),TOTAL,0,0,NA,NA,0,0,0,NA,0,0,0,0,NA,0,0,0,0,NA,0,0,0,0,NA,0,0,0,0,0,0,0,0,0,0,0,0,0,0,NA,NA,0,0,0,NA,NA,0,1,1,NA,NA,1,0,0,NA,NA,0,0,0,NA,NA,0,1,1,0,0,1
Mahe,'4.1.3',Still Birth,TOTAL,0,0,NA,NA,0,0,0,NA,0,0,0,0,NA,NA,0,0,0,NA,0,0,0,0,NA,0,0,1,1,0,0,1,0,0,0,0,0,0,0,NA,NA,0,0,0,NA,NA,0,0,0,NA,NA,0,0,0,NA,NA,0,0,0,NA,NA,0,1,1,0,0,1
Mahe,'4.2',Abortion (spontaneous),TOTAL,0,0,NA,NA,0,5,5,NA,0,5,1,1,NA,0,1,1,1,NA,0,1,3,3,NA,0,3,0,0,0,0,0,1,1,0,0,1,0,0,NA,NA,0,2,2,NA,NA,2,1,1,NA,NA,1,0,0,NA,NA,0,0,0,NA,NA,0,14,14,0,0,14
Mahe,'4.3.1.a',MTP up to 12 weeks of pregnancy,TOTAL,0,0,NA,NA,0,1,1,NA,0,1,1,1,NA,0,1,3,3,NA,0,3,9,9,NA,0,9,6,6,0,0,6,1,1,0,0,1,2,2,NA,NA,2,1,0,1,1,0,4,0,4,4,0,7,5,2,2,5,4,2,2,2,2,39,30,9,9,30
Mahe,'4.3.1.b',MTP more than 12 weeks of pregnancy,TOTAL,0,0,NA,NA,0,0,0,NA,0,0,0,0,NA,0,0,0,0,NA,0,0,0,0,NA,0,0,0,0,0,0,0,0,0,0,0,0,0,0,NA,NA,0,0,0,NA,NA,0,1,0,1,1,0,1,0,1,1,0,0,0,0,0,0,2,0,2,2,0
Mahe,'4.3.2.a',Post Abortion/ MTP Complications Identified,TOTAL,0,0,NA,NA,0,0,0,NA,0,0,0,0,NA,0,0,0,0,NA,0,0,0,0,NA,0,0,0,0,0,0,0,0,0,0,0,0,0,0,NA,NA,0,0,0,NA,NA,0,0,0,NA,NA,0,0,0,NA,NA,0,0,0,NA,NA,0,0,0,0,0,0
Mahe,'4.3.2.b',Post Abortion/ MTP Complications Treated,TOTAL,0,0,NA,NA,0,0,0,NA,0,0,0,0,NA,0,0,0,0,NA,0,0,0,0,NA,0,0,0,0,0,0,0,0,0,0,0,0,0,0,NA,NA,0,0,0,NA,NA,0,0,0,NA,NA,0,0,0,NA,NA,0,0,0,NA,NA,0,0,0,0,0,0
Mahe,'4.3.3',Number of women provided with post abortion/ MTP contraception,TOTAL,0,0,NA,NA,0,0,0,NA,0,0,0,0,NA,0,0,0,0,NA,0,0,0,0,NA,0,0,0,0,0,0,0,0,0,0,0,0,0,0,NA,NA,0,0,0,NA,NA,0,0,0,NA,NA,0,0,0,NA,NA,0,0,0,NA,NA,0,0,0,0,0,0
Mahe,'4.4.1',Number of newborns weighed at birth,TOTAL,32,9,23,23,9,48,16,32,32,16,36,7,29,29,7,29,5,24,24,5,40,10,30,30,10,36,15,21,21,15,35,18,17,17,18,17,17,NA,NA,17,50,12,38,38,12,54,19,35,35,19,33,12,21,21,12,31,8,23,23,8,441,148,293,293,148
Mahe,'4.4.2',Number of newborns having weight less than 2.5 kg,TOTAL,2,0,2,2,0,1,0,1,1,0,0,0,0,0,0,0,0,NA,0,0,0,0,NA,0,0,2,0,2,2,0,0,0,0,0,0,0,0,NA,NA,0,0,0,0,0,0,4,0,4,4,0,0,0,0,0,0,0,0,0,0,0,9,0,9,9,0
Mahe,'4.4.3',Number of Newborns breast fed within 1 hour of birth ,TOTAL,21,9,12,12,9,29,16,13,13,16,25,7,18,18,7,11,0,11,11,0,28,10,18,18,10,25,15,10,10,15,25,18,7,7,18,17,17,NA,NA,17,50,12,38,38,12,54,19,35,35,19,33,12,21,21,12,31,8,23,23,8,349,143,206,206,143
Mahe,'5.1',"Number of cases of pregnant women with Obstetric Complications attended (Antepartum haemorrhage (APH), Post-Partum Hemorrhage (PPH), Sepsis, Eclampsia and others)",TOTAL,0,0,NA,NA,0,0,0,NA,0,0,0,0,NA,0,0,0,0,NA,0,0,0,0,NA,0,0,0,0,0,0,0,0,0,0,0,0,0,0,NA,NA,0,0,0,NA,NA,0,0,0,NA,NA,0,0,0,NA,NA,0,0,0,NA,NA,0,0,0,0,0,0
Mahe,'5.2',Number of Complicated pregnancies treated with Blood Transfusion,TOTAL,0,0,NA,NA,0,0,0,NA,0,0,0,0,NA,0,0,0,0,NA,0,0,0,0,NA,0,0,1,1,0,0,1,0,0,0,0,0,0,0,NA,NA,0,1,1,NA,NA,1,0,0,NA,NA,0,0,0,NA,NA,0,0,0,NA,NA,0,2,2,0,0,2
Mahe,'6.1',Women receiving 1st post partum checkup within 48 hours of home delivery,TOTAL,0,0,NA,0,0,0,0,NA,0,0,0,0,NA,0,0,0,0,NA,0,0,0,0,NA,0,0,0,0,0,0,0,0,0,0,0,0,0,0,NA,0,0,0,0,NA,0,0,0,0,NA,0,0,0,0,NA,0,0,0,0,NA,NA,0,0,0,0,0,0
Mahe,'6.2',Women receiving 1st post partum checkup between 48 hours and 14 days,TOTAL,22,22,NA,13,9,34,34,NA,18,16,22,22,NA,15,7,16,16,NA,11,5,31,31,NA,21,10,48,28,20,32,16,44,27,17,26,18,44,44,NA,27,17,71,33,38,59,12,78,43,35,60,18,43,22,21,31,12,41,18,23,33,8,494,340,154,346,148
Mahe,'6.3',Number of mothers provided full course of 180 IFA tablets after delivery,TOTAL,29,29,NA,20,9,37,37,NA,21,16,31,31,NA,24,7,23,23,NA,18,5,17,17,NA,7,10,36,36,0,20,16,38,38,0,20,18,40,40,NA,23,17,71,33,38,59,12,70,35,35,52,18,53,32,21,41,12,63,40,23,55,8,508,391,117,360,148
Mahe,'6.4',Number of mothers provided 360 Calcium tablets after delivery,TOTAL,29,29,NA,20,9,37,37,NA,21,16,31,31,NA,24,7,23,23,NA,18,5,20,20,NA,10,10,41,41,0,25,16,38,38,0,20,18,40,40,NA,23,17,71,33,38,59,12,70,35,35,52,18,53,32,21,41,12,63,40,23,55,8,516,399,117,368,148
Mahe,'7.1.1',New RTI/STI cases identified - Male,TOTAL,7,7,NA,0,7,3,3,NA,0,3,5,5,NA,0,5,2,2,NA,0,2,5,5,NA,0,5,10,10,0,0,10,4,4,0,0,4,14,14,NA,0,14,5,5,NA,0,5,14,14,NA,0,14,0,0,NA,0,0,0,0,0,0,0,69,69,0,0,69
Mahe,'7.1.2',New RTI/STI cases identified - Female,TOTAL,46,46,NA,1,45,73,73,NA,1,72,46,46,NA,1,45,43,43,NA,0,43,62,62,NA,2,60,41,41,0,0,41,50,50,0,0,50,53,53,NA,1,52,72,69,3,3,69,57,54,3,4,53,46,43,3,4,42,16,15,1,2,14,605,595,10,19,586
Mahe,'7.2.1',RTI/STI for which treatment initiated - Male,TOTAL,7,7,NA,0,7,3,3,NA,0,3,5,5,NA,0,5,0,0,NA,0,0,0,0,NA,0,0,0,0,0,0,0,0,0,0,0,0,14,14,NA,0,14,5,5,0,0,5,14,14,NA,0,14,0,0,NA,0,0,0,0,0,0,0,48,48,0,0,48
Mahe,'7.2.2',RTI/STI for which treatment initiated -Female,TOTAL,46,46,NA,1,45,73,73,NA,1,72,45,45,NA,0,45,0,0,NA,0,0,2,2,NA,2,0,0,0,0,0,0,0,0,0,0,0,53,53,NA,1,52,72,69,3,3,69,57,54,3,4,53,4,1,3,4,0,16,15,1,2,14,368,358,10,18,350
Mahe,'8.1.1',Number of Non Scalpel Vasectomy (NSV) / Conventional Vasectomy conducted,TOTAL,0,0,NA,NA,0,0,0,NA,0,0,0,0,NA,0,0,0,0,NA,0,0,0,0,NA,0,0,0,0,0,0,0,0,0,0,0,0,0,0,NA,0,0,0,0,NA,0,0,0,0,NA,0,0,0,0,NA,0,0,0,0,NA,0,0,0,0,0,0,0
Mahe,'8.2.1',Number of Laparoscopic sterilizations (excluding post abortion) conducted,TOTAL,0,0,NA,NA,0,0,0,NA,0,0,0,0,NA,0,0,0,0,NA,0,0,0,0,NA,0,0,0,0,0,0,0,0,0,0,0,0,0,0,NA,NA,0,0,0,NA,0,0,0,0,NA,NA,0,0,0,NA,NA,0,0,0,NA,NA,0,0,0,0,0,0
Mahe,'8.2.2',Number of Interval Mini-lap (other than post-partum and post abortion) sterilizations conducted,TOTAL,1,1,NA,NA,1,4,4,NA,0,4,2,2,NA,0,2,5,5,NA,0,5,0,0,NA,0,0,0,0,0,0,0,0,0,0,0,0,0,0,NA,NA,0,1,0,1,1,0,2,1,1,1,1,1,0,1,1,0,1,1,0,0,1,17,14,3,3,14
Mahe,'8.2.3',Number of Postpartum sterilizations (within 7 days of delivery by minilap or concurrent with caesarean section) conducted,TOTAL,5,1,4,4,1,10,6,4,4,6,10,3,7,7,3,11,3,8,8,3,11,6,5,5,6,7,6,1,1,6,10,7,3,3,7,15,8,7,7,8,10,6,4,4,6,8,5,3,3,5,5,3,2,2,3,4,4,0,0,4,106,58,48,48,58
Mahe,'8.2.4',Number of Post Abortion sterilizations (within 7 days of spontaneous or surgical abortion) conducted,TOTAL,1,1,0,0,1,0,0,NA,0,0,0,0,NA,0,0,0,0,NA,0,0,0,0,NA,0,0,0,0,0,0,0,0,0,NA,0,0,0,0,NA,NA,0,0,0,NA,0,0,0,0,NA,NA,0,0,0,NA,NA,0,0,0,NA,NA,0,1,1,0,0,1
Mahe,'8.3',Number of Interval IUCD Insertions (excluding PPIUCD and PAIUCD),TOTAL,1,0,1,1,0,1,1,NA,0,1,0,0,NA,0,0,6,4,2,2,4,0,0,NA,0,0,6,6,0,1,5,3,3,NA,0,3,2,2,NA,NA,2,2,2,NA,0,2,1,1,NA,NA,1,1,0,1,1,0,1,1,0,0,1,24,20,4,5,19
Mahe,'8.4',Number of Postpartum (within 48 hours of delivery) IUCD insertions,TOTAL,0,0,NA,NA,0,0,0,NA,0,0,0,0,NA,0,0,0,0,NA,0,0,0,0,NA,0,0,0,0,0,0,0,1,1,NA,1,0,0,0,NA,NA,0,0,0,NA,0,0,0,0,NA,NA,0,0,0,NA,NA,0,0,0,NA,NA,0,1,1,0,1,0
Mahe,'8.5',Number of Post Abortion (within 12 days of spontaneous or surgical abortion) IUCD insertions,TOTAL,0,0,NA,NA,0,0,0,NA,0,0,0,0,NA,0,0,0,0,NA,0,0,0,0,NA,0,0,0,0,0,0,0,0,0,NA,0,0,0,0,NA,NA,0,0,0,NA,0,0,0,0,NA,NA,0,0,0,NA,NA,0,0,0,NA,NA,0,0,0,0,0,0
Mahe,'8.6',Number of IUCD Removals,TOTAL,0,0,NA,NA,0,0,0,NA,0,0,0,0,NA,0,0,2,2,NA,0,2,0,0,NA,0,0,0,0,0,0,0,0,0,NA,0,0,0,0,NA,NA,0,0,0,NA,0,0,1,1,NA,1,0,0,0,NA,NA,0,0,0,NA,NA,0,3,3,0,1,2
Mahe,'8.7',Number of complications following IUCD Insertion,TOTAL,0,0,NA,NA,0,0,0,NA,0,0,0,0,NA,0,0,0,0,NA,0,0,0,0,NA,0,0,0,0,0,0,0,0,0,NA,0,0,0,0,NA,NA,0,0,0,NA,0,0,0,0,NA,NA,0,0,0,NA,NA,0,0,0,NA,NA,0,0,0,0,0,0
Mahe,'8.8',Injectable Contraceptive-Antara Program- First Dose,TOTAL,0,0,NA,0,0,0,0,NA,0,0,0,0,NA,0,0,0,0,NA,0,0,0,0,NA,0,0,2,2,0,0,2,0,0,NA,0,0,0,0,NA,NA,0,2,2,NA,0,2,0,0,NA,NA,0,0,0,NA,NA,0,0,0,NA,NA,0,4,4,0,0,4
Mahe,'8.9',Injectable Contraceptive-Antara Program- Second Dose,TOTAL,0,0,NA,0,0,0,0,NA,0,0,0,0,NA,0,0,0,0,NA,0,0,0,0,NA,0,0,0,0,0,0,0,0,0,NA,0,0,0,0,NA,NA,0,0,0,NA,0,0,0,0,NA,NA,0,0,0,NA,NA,0,0,0,NA,NA,0,0,0,0,0,0
Mahe,'8.10',Injectable Contraceptive-Antara Program- Third Dose,TOTAL,0,0,NA,0,0,0,0,NA,0,0,0,0,NA,0,0,0,0,NA,0,0,0,0,NA,0,0,0,0,0,0,0,0,0,NA,0,0,0,0,NA,NA,0,0,0,NA,0,0,0,0,NA,NA,0,0,0,NA,NA,0,0,0,NA,NA,0,0,0,0,0,0
Mahe,'8.11',Injectable Contraceptive-Antara Program- Fourth or more than fourth,TOTAL,0,0,NA,0,0,0,0,NA,0,0,0,0,NA,0,0,0,0,NA,0,0,0,0,NA,0,0,0,0,0,0,0,0,0,NA,0,0,0,0,NA,NA,0,0,0,NA,0,0,0,0,NA,NA,0,0,0,NA,NA,0,0,0,NA,NA,0,0,0,0,0,0
Mahe,'8.12',Number of Combined Oral Pill cycles distributed,TOTAL,62,62,NA,29,33,31,31,NA,23,8,35,35,NA,24,11,37,37,NA,26,11,40,40,NA,29,11,37,37,0,26,11,27,27,NA,16,11,30,30,NA,19,11,29,29,NA,18,11,30,30,NA,19,11,39,39,NA,27,12,34,34,NA,23,11,431,431,0,279,152
Mahe,'8.13',Number of Condom pieces distributed,TOTAL,3890,3890,NA,2280,1610,3520,3520,NA,1910,1610,4150,4150,NA,2420,1730,4050,4050,NA,2380,1670,4500,4500,NA,2670,1830,4090,4090,NA,2360,1730,4200,4200,NA,2460,1740,3860,3860,NA,2120,1740,3684,3684,NA,1944,1740,4060,4060,NA,2320,1740,4380,4380,NA,2620,1760,4540,4540,NA,2770,1770,48924,48924,NA,28254,20670
Mahe,'8.14',Number of Centchroman (weekly) pill strips distributed,TOTAL,0,0,NA,0,0,0,0,NA,0,0,0,0,NA,0,0,0,0,NA,0,0,1,1,NA,1,0,0,0,NA,0,0,0,0,NA,0,0,0,0,NA,0,0,0,0,NA,0,0,0,0,NA,0,0,0,0,NA,0,0,0,0,NA,0,0,1,1,NA,1,0
Mahe,'8.15',Number of Emergency Contraceptive Pills (ECP) given,TOTAL,27,27,NA,21,6,32,32,NA,18,14,30,30,NA,18,12,22,22,NA,12,10,27,27,NA,13,14,30,30,NA,13,17,28,28,NA,11,17,22,22,NA,13,9,37,37,NA,19,18,48,48,NA,32,16,58,58,NA,43,15,43,43,NA,30,13,404,404,NA,243,161
Mahe,'8.16',Number of Pregnancy Test Kits (PTK) used,TOTAL,36,36,NA,17,19,47,47,NA,18,29,81,81,NA,16,65,89,89,NA,23,66,46,46,NA,15,31,64,64,NA,31,33,105,105,NA,37,68,32,32,NA,32,0,5,5,NA,5,0,9,9,NA,0,9,58,58,NA,34,24,30,30,NA,30,0,602,602,NA,258,344
Mahe,'8.17.1',Complications following male sterilization,TOTAL,0,0,NA,NA,0,0,0,NA,0,0,0,0,NA,0,0,0,0,NA,0,0,0,0,NA,0,0,0,0,NA,0,0,0,0,NA,0,0,0,0,NA,NA,0,0,0,NA,NA,0,0,0,NA,NA,0,0,0,NA,NA,0,0,0,NA,NA,0,0,0,NA,0,0
Mahe,'8.17.2',Complications following female sterilization,TOTAL,0,0,NA,NA,0,0,0,NA,0,0,0,0,NA,0,0,0,0,NA,0,0,0,0,NA,0,0,0,0,NA,0,0,0,0,NA,0,0,0,0,NA,NA,0,0,0,NA,NA,0,0,0,NA,NA,0,0,0,NA,NA,0,0,0,NA,NA,0,0,0,NA,0,0
Mahe,'8.17.3',Failures following male sterilization,TOTAL,0,0,NA,NA,0,0,0,NA,0,0,0,0,NA,0,0,0,0,NA,0,0,0,0,NA,0,0,0,0,NA,0,0,0,0,NA,0,0,0,0,NA,NA,0,0,0,NA,NA,0,0,0,NA,NA,0,0,0,NA,NA,0,0,0,NA,NA,0,0,0,NA,0,0
Mahe,'8.17.4',Failures following female sterilization,TOTAL,0,0,NA,NA,0,0,0,NA,0,0,0,0,NA,0,0,0,0,NA,0,0,0,0,NA,0,0,0,0,NA,0,0,0,0,NA,0,0,0,0,NA,NA,0,0,0,NA,NA,0,0,0,NA,NA,0,0,0,NA,NA,0,0,0,NA,NA,0,0,0,NA,0,0
Mahe,'8.17.5',Deaths following male sterilization,TOTAL,0,0,NA,NA,0,0,0,NA,0,0,0,0,NA,0,0,0,0,NA,0,0,0,0,NA,0,0,0,0,NA,0,0,0,0,NA,0,0,0,0,NA,NA,0,0,0,NA,NA,0,0,0,NA,NA,0,0,0,NA,NA,0,0,0,NA,NA,0,0,0,NA,0,0
Mahe,'8.17.6',Deaths following female sterilization,TOTAL,0,0,NA,NA,0,0,0,NA,0,0,0,0,NA,0,0,0,0,NA,0,0,0,0,NA,0,0,0,0,NA,0,0,0,0,NA,0,0,0,0,NA,NA,0,0,0,NA,NA,0,0,0,NA,NA,0,0,0,NA,NA,0,0,0,NA,NA,0,0,0,NA,0,0
Mahe,'9.1.1',Child immunisation - Vitamin K1 (Birth Dose),TOTAL,23,0,23,23,0,48,16,32,32,16,36,7,29,29,7,29,5,24,24,5,40,10,30,30,10,35,15,20,20,15,35,18,17,17,18,58,17,41,41,17,52,14,38,38,14,54,19,35,35,19,33,12,21,21,12,31,8,23,23,8,474,141,333,333,141
Mahe,'9.1.2',Child immunisation - BCG,TOTAL,32,9,23,23,9,48,16,32,32,16,36,7,29,29,7,29,5,24,24,5,40,10,30,30,10,35,15,20,20,15,35,18,17,17,18,58,17,41,41,17,52,14,38,38,14,54,19,35,35,19,33,12,21,21,12,31,8,23,23,8,483,150,333,333,150
Mahe,'9.1.3',Child immunisation - DPT1,TOTAL,0,0,NA,NA,0,0,0,NA,0,0,0,0,NA,0,0,0,0,NA,0,0,0,0,NA,0,0,0,0,0,0,0,0,0,NA,0,0,NA,NA,NA,NA,NA,NA,NA,NA,NA,NA,NA,NA,NA,NA,NA,NA,NA,NA,NA,NA,NA,NA,NA,NA,NA,0,0,0,0,0
Mahe,'9.1.4',Child immunisation - DPT2,TOTAL,0,0,NA,NA,0,0,0,NA,0,0,0,0,NA,0,0,0,0,NA,0,0,0,0,NA,0,0,0,0,0,0,0,0,0,NA,0,0,NA,NA,NA,NA,NA,NA,NA,NA,NA,NA,NA,NA,NA,NA,NA,NA,NA,NA,NA,NA,NA,NA,NA,NA,NA,0,0,0,0,0
Mahe,'9.1.5',Child immunisation - DPT3,TOTAL,0,0,NA,NA,0,0,0,NA,0,0,0,0,NA,0,0,0,0,NA,0,0,0,0,NA,0,0,0,0,0,0,0,0,0,NA,0,0,NA,NA,NA,NA,NA,NA,NA,NA,NA,NA,NA,NA,NA,NA,NA,NA,NA,NA,NA,NA,NA,NA,NA,NA,NA,0,0,0,0,0
Mahe,'9.1.6',Child immunisation - Pentavalent 1,TOTAL,53,44,9,37,16,63,54,9,45,18,59,50,9,42,17,55,43,12,41,14,45,42,3,28,17,63,56,7,43,20,46,43,3,32,14,61,58,3,43,18,66,59,7,43,23,63,45,18,45,18,71,59,12,38,33,48,39,9,38,10,693,592,101,475,218
Mahe,'9.1.7',Child immunisation - Pentavalent 2,TOTAL,47,42,5,30,17,58,46,12,45,13,56,50,6,38,18,61,54,7,39,22,41,33,8,31,10,56,51,5,38,18,49,44,5,37,12,49,47,2,35,14,60,58,2,38,22,55,49,6,40,15,69,59,10,45,24,42,34,8,30,12,643,567,76,446,197
Mahe,'9.1.8',Child immunisation - Pentavalent 3,TOTAL,45,43,2,30,15,49,41,8,36,13,60,54,6,47,13,47,43,4,26,21,51,45,6,38,13,48,43,5,33,15,50,40,10,37,13,57,51,6,42,15,49,45,4,33,16,57,55,2,36,21,43,40,3,30,13,47,39,8,39,8,603,539,64,427,176
Mahe,'9.1.9',Child immunisation - OPV 0 (Birth Dose),TOTAL,32,9,23,23,9,48,16,32,32,16,36,7,29,29,7,29,5,24,24,5,40,10,30,30,10,35,15,20,20,15,35,18,17,17,18,58,17,41,41,17,52,14,38,38,14,54,19,35,35,19,33,12,21,21,12,31,8,23,23,8,483,150,333,333,150
Mahe,'9.1.10',Child immunisation - OPV1,TOTAL,53,44,9,37,16,63,54,9,45,18,59,50,9,42,17,55,43,12,41,14,45,42,3,28,17,63,56,7,43,20,46,43,3,32,14,61,58,3,43,18,66,59,7,43,23,63,45,18,45,18,71,59,12,38,33,48,39,9,38,10,693,592,101,475,218
Mahe,'9.1.11',Child immunisation - OPV2,TOTAL,47,42,5,30,17,58,46,12,45,13,56,50,6,38,18,61,54,7,39,22,41,33,8,31,10,56,51,5,38,18,49,44,5,37,12,49,47,2,35,14,60,58,2,38,22,55,49,6,40,15,69,59,10,45,24,42,34,8,30,12,643,567,76,446,197
Mahe,'9.1.12',Child immunisation - OPV3,TOTAL,45,43,2,30,15,48,40,8,35,13,60,54,6,47,13,47,43,4,26,21,51,45,6,38,13,48,43,5,33,15,50,40,10,37,13,57,51,6,42,15,49,45,4,33,16,57,55,2,36,21,43,40,3,30,13,47,39,8,39,8,602,538,64,426,176
Mahe,'9.1.13',Child immunisation - Hepatitis-B0 (Birth Dose),TOTAL,32,9,23,23,9,48,16,32,32,16,36,7,29,29,7,29,5,24,24,5,40,10,30,30,10,35,15,20,20,15,35,18,17,17,18,58,17,41,41,17,52,14,38,38,14,54,19,35,35,19,33,12,21,21,12,31,8,23,23,8,483,150,333,333,150
Mahe,'9.1.14',Child immunisation - Hepatitis-B1,TOTAL,0,0,NA,0,0,0,0,NA,0,0,0,0,NA,0,0,0,0,NA,0,0,0,0,NA,0,0,0,0,0,0,0,0,0,0,0,0,NA,NA,NA,NA,NA,NA,NA,NA,NA,NA,NA,NA,NA,NA,NA,NA,NA,NA,NA,NA,NA,NA,NA,NA,NA,0,0,0,0,0
Mahe,'9.1.15',Child immunisation - Hepatitis-B2,TOTAL,0,0,NA,0,0,0,0,NA,0,0,0,0,NA,0,0,0,0,NA,0,0,0,0,NA,0,0,0,0,0,0,0,0,0,0,0,0,NA,NA,NA,NA,NA,NA,NA,NA,NA,NA,NA,NA,NA,NA,NA,NA,NA,NA,NA,NA,NA,NA,NA,NA,NA,0,0,0,0,0
Mahe,'9.1.16',Child immunisation - Hepatitis-B3,TOTAL,0,0,NA,0,0,0,0,NA,0,0,0,0,NA,0,0,0,0,NA,0,0,0,0,NA,0,0,0,0,0,0,0,0,0,0,0,0,NA,NA,NA,NA,NA,NA,NA,NA,NA,NA,NA,NA,NA,NA,NA,NA,NA,NA,NA,NA,NA,NA,NA,NA,NA,0,0,0,0,0
Mahe,'9.1.17',Child immunisation - Inactivated Polio Vaccine 1 (IPV 1),TOTAL,53,44,9,37,16,63,54,9,45,18,59,50,9,42,17,55,43,12,41,14,45,42,3,28,17,63,56,7,43,20,46,43,3,32,14,61,58,3,43,18,66,59,7,43,23,63,45,18,45,18,71,59,12,38,33,48,39,9,38,10,693,592,101,475,218
Mahe,'9.1.18',Child immunisation - Inactivated Polio Vaccine 2 (IPV 2),TOTAL,45,43,2,30,15,49,41,8,36,13,60,54,6,47,13,47,43,4,26,21,51,45,6,38,13,48,43,5,33,15,50,40,10,37,13,57,51,6,42,15,49,45,4,33,16,57,55,2,36,21,43,40,3,30,13,47,39,8,39,8,603,539,64,427,176
Mahe,'9.1.19',Child immunisation - Rotavirus 1,TOTAL,0,0,NA,0,0,0,0,NA,0,0,0,0,NA,0,0,0,0,NA,0,0,17,17,NA,0,17,51,51,0,31,20,46,43,3,32,14,61,58,3,43,18,66,59,7,43,23,63,45,18,45,18,71,59,12,38,33,48,39,9,38,10,423,371,52,270,153
Mahe,'9.1.20',Child immunisation - Rotavirus 2,TOTAL,0,0,NA,0,0,0,0,NA,0,0,0,0,NA,0,0,0,0,NA,0,0,0,0,NA,0,0,28,28,0,28,0,47,42,5,35,12,49,47,2,35,14,60,58,2,38,22,55,49,6,40,15,69,59,10,45,24,42,34,8,30,12,350,317,33,251,99
Mahe,'9.1.21',Child immunisation - Rotavirus 3,TOTAL,0,0,NA,0,0,0,0,NA,0,0,0,0,NA,0,0,0,0,NA,0,0,0,0,NA,0,0,0,0,0,0,0,1,1,0,1,0,53,47,6,38,15,49,45,4,33,16,57,55,2,36,21,43,40,3,30,13,47,39,8,39,8,250,227,23,177,73
Mahe,'9.2.1',Child immunisation (9-11months) - Measles & Rubella (MR)- 1st Dose,TOTAL,32,30,2,20,12,57,56,1,38,19,50,48,2,28,22,51,42,9,37,14,35,31,4,22,13,42,41,1,17,25,55,51,4,37,18,51,48,3,36,15,58,54,4,39,19,52,50,2,34,18,41,39,2,34,7,40,35,5,32,8,564,525,39,374,190
Mahe,'9.2.2',Child immunisation (9-11months) - Measles 1st dose,TOTAL,0,0,NA,NA,0,0,0,NA,0,0,0,0,NA,0,0,0,0,NA,0,0,0,0,0,0,0,0,0,0,0,0,0,0,0,0,0,0,0,NA,NA,0,NA,NA,NA,NA,NA,NA,NA,NA,NA,NA,NA,NA,NA,NA,NA,NA,NA,NA,NA,NA,0,0,0,0,0
Mahe,'9.2.3',Child immunisation (9-11months) - JE 1st dose,TOTAL,0,0,NA,NA,0,0,0,NA,0,0,0,0,NA,0,0,0,0,NA,0,0,0,0,NA,0,0,0,0,0,0,0,0,0,0,0,0,0,0,NA,NA,0,NA,NA,NA,NA,NA,NA,NA,NA,NA,NA,NA,NA,NA,NA,NA,NA,NA,NA,NA,NA,0,0,0,0,0
Mahe,'9.2.4.a',Children aged between 9 and 11 months fully immunized- Male,TOTAL,17,16,1,9,8,31,31,0,21,10,34,32,2,21,13,31,26,5,24,7,21,21,0,12,9,27,26,1,13,14,23,22,1,15,8,25,24,1,18,7,24,22,2,16,8,30,28,2,20,10,24,22,2,20,4,16,14,2,11,5,303,284,19,200,103
Mahe,'9.2.4.b',Children aged between 9 and 11 months fully immunized - Female,TOTAL,15,14,1,11,4,26,25,1,17,9,16,16,NA,7,9,20,16,4,13,7,13,9,4,9,4,15,15,0,4,11,32,29,3,22,10,26,24,2,18,8,34,32,2,23,11,22,22,0,14,8,17,17,0,14,3,24,21,3,21,3,260,240,20,173,87
Mahe,'9.3.1',Child immunisation - Measles & Rubella (MR)- 1st Dose,TOTAL,0,0,NA,NA,0,0,0,NA,0,0,0,0,NA,0,0,0,0,NA,0,0,0,0,NA,0,0,0,0,0,0,0,0,0,0,0,0,NA,NA,NA,NA,NA,NA,NA,NA,NA,NA,NA,NA,NA,NA,NA,NA,NA,NA,NA,NA,NA,NA,NA,NA,NA,0,0,0,0,0
Mahe,'9.3.2',Child immunisation - Measles-1st dose,TOTAL,0,0,NA,NA,0,0,0,NA,0,0,0,0,NA,0,0,0,0,NA,0,0,0,0,NA,0,0,0,0,0,0,0,0,0,0,0,0,NA,NA,NA,NA,NA,NA,NA,NA,NA,NA,NA,NA,NA,NA,NA,NA,NA,NA,NA,NA,NA,NA,NA,NA,NA,0,0,0,0,0
Mahe,'9.3.3',Child immunisation - JE 1st dose,TOTAL,0,0,NA,NA,0,0,0,NA,0,0,0,0,NA,0,0,0,0,NA,0,0,0,0,NA,0,0,0,0,0,0,0,0,0,0,0,0,NA,NA,NA,NA,NA,NA,NA,NA,NA,NA,NA,NA,NA,NA,NA,NA,NA,NA,NA,NA,NA,NA,NA,NA,NA,0,0,0,0,0
Mahe,'9.4.1',Child immunisation - Measles & Rubella (MR)- 2nd Dose (16-24 months),TOTAL,43,42,1,35,8,65,62,3,46,19,59,56,3,35,24,44,42,2,26,18,36,35,1,25,11,46,45,1,27,19,52,50,2,32,20,56,54,2,34,22,51,51,0,28,23,45,44,1,29,16,49,48,1,33,16,30,29,1,22,8,576,558,18,372,204
Mahe,'9.4.2',Child immunisation - Measles 2nd dose (More than 16 months),TOTAL,0,0,NA,0,0,0,0,0,0,0,0,0,0,0,0,0,0,0,0,0,0,0,0,0,0,0,0,0,0,0,0,0,0,0,0,0,0,NA,0,0,NA,NA,NA,NA,NA,NA,NA,NA,NA,NA,NA,NA,NA,NA,NA,NA,NA,NA,NA,NA,0,0,0,0,0
Mahe,'9.4.3',Child immunisation - DPT 1st Booster,TOTAL,43,42,1,35,8,65,62,3,46,19,59,56,3,35,24,44,42,2,26,18,36,35,1,25,11,46,45,1,27,19,52,50,2,32,20,56,54,2,34,22,51,51,0,28,23,45,44,1,29,16,49,48,1,33,16,30,29,1,22,8,576,558,18,372,204
Mahe,'9.4.4',Child immunisation - OPV Booster,TOTAL,43,42,1,35,8,65,62,3,46,19,59,56,3,35,24,44,42,2,26,18,36,35,1,25,11,46,45,1,27,19,52,50,2,32,20,56,54,2,34,22,51,51,0,28,23,45,44,1,29,16,49,48,1,33,16,30,29,1,22,8,576,558,18,372,204
Mahe,'9.4.5',"Child immunisation - Measles, Mumps, Rubella (MMR) Vaccine",TOTAL,8,8,NA,0,8,0,0,NA,0,0,0,0,NA,0,0,0,0,NA,0,0,0,0,NA,0,0,8,8,NA,8,0,0,0,0,0,0,0,0,NA,NA,0,NA,NA,NA,NA,NA,NA,NA,NA,NA,NA,NA,NA,NA,NA,NA,NA,NA,NA,NA,NA,16,16,0,8,8
Mahe,'9.4.6',Number of children more than 16 months of age who received Japanese Encephalitis (JE) vaccine,TOTAL,0,0,NA,NA,0,0,0,NA,0,0,0,0,NA,0,0,0,0,NA,0,0,0,0,NA,0,0,0,0,NA,0,0,0,0,NA,0,0,0,0,NA,NA,0,NA,NA,NA,NA,NA,NA,NA,NA,NA,NA,NA,NA,NA,NA,NA,NA,NA,NA,NA,NA,0,0,NA,0,0
Mahe,'9.5.1',Child immunisation - Typhoid,TOTAL,0,0,NA,NA,0,0,0,NA,0,0,0,0,NA,0,0,0,0,NA,0,0,0,0,NA,0,0,0,0,NA,0,0,0,0,NA,0,0,0,0,NA,NA,0,NA,NA,NA,NA,NA,NA,NA,NA,NA,NA,NA,NA,NA,NA,NA,NA,NA,NA,NA,NA,0,0,NA,0,0
Mahe,'9.5.2',Children more than 5 years received DPT5 (2nd Booster),TOTAL,15,15,NA,8,7,25,25,NA,19,6,22,22,NA,18,4,3,3,NA,3,0,4,4,NA,1,3,5,5,NA,2,3,61,61,NA,4,57,644,644,NA,540,104,122,122,0,115,7,12,12,0,9,3,4,4,0,4,0,7,7,0,5,2,924,924,0,728,196
Mahe,'9.5.3',Children more than 10 years received TT10,TOTAL,3,3,NA,3,0,12,12,NA,5,7,2,2,NA,2,0,6,6,NA,0,6,3,3,NA,1,2,5,5,NA,0,5,73,73,NA,1,72,599,599,NA,467,132,126,126,0,124,2,8,8,0,1,7,8,8,0,1,7,1,1,0,1,0,846,846,0,606,240
Mahe,'9.5.4',Children more than 16 years received TT16,TOTAL,0,0,NA,0,0,12,12,NA,6,6,1,1,NA,1,0,7,7,NA,0,7,0,0,NA,0,0,8,8,NA,0,8,81,81,NA,3,78,583,583,NA,530,53,61,61,0,61,0,54,54,0,49,5,6,6,0,1,5,2,2,0,1,1,815,815,0,652,163
Mahe,'9.6.1',Number of cases of AEFI - Abscess,TOTAL,0,0,NA,0,0,0,0,NA,0,0,0,0,NA,0,0,0,0,NA,0,0,0,0,NA,0,0,0,0,NA,0,0,0,0,NA,0,0,0,0,NA,0,0,0,0,NA,0,0,0,0,NA,0,0,1,1,NA,1,0,0,0,NA,0,0,1,1,NA,1,0
Mahe,'9.6.2',Number of cases of AEFI - Death,TOTAL,0,0,NA,0,0,0,0,NA,0,0,0,0,NA,0,0,0,0,NA,0,0,0,0,NA,0,0,0,0,NA,0,0,0,0,NA,0,0,0,0,NA,0,0,0,0,NA,0,0,0,0,NA,0,0,0,0,NA,0,0,0,0,NA,0,0,0,0,NA,0,0
Mahe,'9.6.3',Number of cases of AEFI - Others,TOTAL,77,77,NA,75,2,84,84,NA,84,0,90,90,NA,89,1,70,70,NA,70,0,67,67,NA,65,2,84,84,NA,83,1,82,82,NA,81,1,74,74,NA,72,2,83,83,NA,81,2,74,74,NA,69,5,78,78,NA,78,0,65,65,NA,61,4,928,928,NA,908,20
Mahe,'9.7.1',Immunisation sessions planned,TOTAL,34,34,NA,29,5,33,33,NA,24,9,37,37,NA,29,8,32,32,NA,24,8,32,32,NA,24,8,35,35,NA,27,8,32,32,NA,24,8,35,35,NA,27,8,30,30,NA,22,8,29,29,NA,21,8,36,36,NA,28,8,36,36,NA,28,8,401,401,NA,307,94
Mahe,'9.7.2',Immunisation sessions held,TOTAL,34,34,NA,29,5,33,33,NA,24,9,37,37,NA,29,8,32,32,NA,24,8,32,32,NA,24,8,35,35,NA,27,8,32,32,NA,24,8,35,35,NA,27,8,30,30,NA,22,8,29,29,NA,21,8,36,36,NA,28,8,34,34,NA,26,8,399,399,NA,305,94
Mahe,'9.7.3',Number of Immunisation sessions where ASHAs were present,TOTAL,34,34,NA,29,5,33,33,NA,24,9,37,37,NA,29,8,29,29,NA,24,5,29,29,NA,24,5,32,32,NA,27,5,32,32,NA,24,8,35,35,NA,27,8,27,27,NA,22,5,26,26,NA,21,5,33,33,NA,28,5,31,31,NA,26,5,378,378,NA,305,73
Mahe,'9.8.1',Child immunisation - Vitamin A Dose - 1,TOTAL,32,30,2,20,12,57,56,1,38,19,50,48,2,28,22,51,42,9,37,14,35,31,4,22,13,42,41,1,17,25,55,51,4,37,18,52,49,3,37,15,54,54,NA,35,19,52,50,2,34,18,41,39,2,34,7,38,33,5,30,8,559,524,35,369,190
Mahe,'9.8.2',Child immunisation - Vitamin A Dose - 5,TOTAL,27,27,NA,20,7,38,38,NA,25,13,51,51,NA,37,14,45,45,0,25,20,24,24,0,14,10,28,28,NA,14,14,27,27,NA,13,14,37,37,NA,24,13,36,36,NA,19,17,25,25,0,14,11,30,30,0,14,16,30,30,0,9,21,398,398,0,228,170
Mahe,'9.8.3',Child immunisation - Vitamin A Dose - 9,TOTAL,15,15,NA,8,7,25,25,NA,15,10,33,33,NA,22,11,33,33,0,17,16,20,20,0,10,10,19,19,NA,9,10,17,17,NA,10,7,30,30,NA,15,15,30,30,NA,18,12,26,26,0,14,12,21,21,0,11,10,21,21,0,10,11,290,290,0,159,131
Mahe,'9.9',Number of children (6-59 months) provided 8-10 doses (1ml) of IFA syrup (Bi weekly),TOTAL,43,43,NA,43,NA,59,59,NA,59,NA,22,22,NA,22,NA,42,42,NA,42,NA,78,78,NA,78,NA,37,37,NA,37,NA,40,40,NA,40,NA,224,224,NA,224,NA,15,15,NA,15,NA,18,18,NA,18,NA,303,303,NA,303,NA,17,17,NA,17,NA,898,898,NA,898,NA
Mahe,'9.10',Number of children (12-59 months) provided Albendazole,TOTAL,0,0,NA,0,0,0,0,NA,0,0,0,0,NA,0,0,0,0,NA,0,0,30,30,NA,30,0,1670,1670,NA,1670,0,0,0,NA,0,0,0,0,NA,0,0,0,0,NA,0,0,0,0,NA,0,0,2366,2366,NA,2366,0,0,0,NA,0,0,4066,4066,NA,4066,0
Mahe,'9.11',Number of severely underweight children provided Health Checkup (0-5 yrs),TOTAL,0,0,NA,0,0,0,0,NA,0,0,0,0,NA,0,0,0,0,NA,0,0,0,0,NA,0,0,0,0,NA,0,0,0,0,NA,0,0,0,0,NA,0,0,0,0,NA,0,0,0,0,NA,0,0,0,0,NA,0,0,0,0,NA,0,0,0,0,NA,0,0
Mahe,'10.1',Childhood Diseases - Pneumonia,TOTAL,0,0,NA,0,0,0,0,NA,0,NA,2,2,NA,0,2,0,0,NA,0,0,0,0,NA,0,0,1,1,NA,0,1,0,0,NA,0,0,1,1,NA,0,1,3,3,NA,0,3,0,0,NA,0,0,1,1,NA,0,1,0,0,NA,0,0,8,8,NA,0,8
Mahe,'10.2',Childhood Diseases - Asthma,TOTAL,0,0,NA,0,0,23,23,NA,0,23,60,60,NA,0,60,95,95,NA,0,95,85,85,NA,0,85,68,68,NA,0,68,0,0,NA,0,0,84,84,NA,0,84,84,84,NA,0,84,75,75,NA,0,75,85,85,NA,0,85,0,0,NA,0,0,659,659,NA,0,659
Mahe,'10.3',Childhood Diseases - Sepsis,TOTAL,0,0,NA,0,0,0,0,NA,0,NA,0,0,NA,0,0,0,0,NA,0,0,0,0,NA,0,0,0,0,NA,0,0,0,0,NA,0,0,0,0,NA,0,0,0,0,NA,0,0,0,0,NA,0,0,0,0,NA,0,0,0,0,NA,0,0,0,0,NA,0,0
Mahe,'10.4',Childhood Diseases - Diphtheria,TOTAL,0,0,NA,0,0,0,0,NA,0,NA,0,0,NA,0,0,0,0,NA,0,0,0,0,NA,0,0,0,0,NA,0,0,0,0,NA,0,0,0,0,NA,0,0,0,0,NA,0,0,0,0,NA,0,0,0,0,NA,0,0,0,0,NA,0,0,0,0,NA,0,0
Mahe,'10.5',Childhood Diseases - Pertussis,TOTAL,0,0,NA,0,0,0,0,NA,0,NA,0,0,NA,0,0,0,0,NA,0,0,0,0,NA,0,0,0,0,NA,0,0,0,0,NA,0,0,0,0,NA,0,0,0,0,NA,0,0,0,0,NA,0,0,0,0,NA,0,0,0,0,NA,0,0,0,0,NA,0,0
Mahe,'10.6',Childhood Diseases - Tetanus Neonatorum,TOTAL,0,0,NA,0,0,0,0,NA,0,NA,0,0,NA,0,0,0,0,NA,0,0,0,0,NA,0,0,0,0,NA,0,0,0,0,NA,0,0,0,0,NA,0,0,0,0,NA,0,0,0,0,NA,0,0,0,0,NA,0,0,0,0,NA,0,0,0,0,NA,0,0
Mahe,'10.7',Childhood Diseases - Tuberculosis (TB),TOTAL,1,1,NA,1,0,0,0,NA,0,NA,0,0,NA,0,0,0,0,NA,0,0,0,0,NA,0,0,0,0,NA,0,0,0,0,NA,0,0,0,0,NA,0,0,0,0,NA,0,0,0,0,NA,0,0,0,0,NA,0,0,0,0,NA,0,0,1,1,NA,1,0
Mahe,'10.8',Childhood Diseases - Acute Flaccid Paralysis(AFP),TOTAL,0,0,NA,0,0,0,0,NA,0,NA,0,0,NA,0,0,0,0,NA,0,0,0,0,NA,0,0,0,0,NA,0,0,0,0,NA,0,0,0,0,NA,0,0,0,0,NA,0,0,0,0,NA,0,0,0,0,NA,0,0,0,0,NA,0,0,0,0,NA,0,0
Mahe,'10.9',Childhood Diseases - Measles,TOTAL,0,0,NA,0,0,0,0,NA,0,NA,0,0,NA,0,0,0,0,NA,0,0,0,0,NA,0,0,0,0,NA,0,0,0,0,NA,0,0,0,0,NA,0,0,0,0,NA,0,0,1,1,NA,1,0,0,0,NA,0,0,0,0,NA,0,0,1,1,NA,1,0
Mahe,'10.10',Childhood Diseases - Malaria,TOTAL,0,0,NA,0,0,0,0,NA,0,NA,0,0,NA,0,0,0,0,NA,0,0,0,0,NA,0,0,0,0,NA,0,0,0,0,NA,0,0,0,0,NA,0,0,0,0,NA,0,0,0,0,NA,0,0,0,0,NA,0,0,0,0,NA,0,0,0,0,NA,0,0
Mahe,'10.11',Childhood Diseases - Diarrhoea,TOTAL,82,82,NA,9,73,48,48,NA,14,34,80,80,NA,24,56,107,107,NA,62,45,107,107,NA,28,79,92,92,NA,3,89,111,111,NA,20,91,136,136,NA,18,118,123,123,NA,43,80,130,130,NA,32,98,74,74,NA,24,50,37,37,NA,15,22,1127,1127,NA,292,835
Mahe,'10.12',Childhood Diseases - Diarrhoea treated in Inpatients,TOTAL,0,0,NA,0,0,0,0,NA,0,0,6,6,NA,0,6,11,11,NA,0,11,4,4,NA,0,4,0,0,NA,0,0,5,5,NA,0,5,1,1,NA,0,1,0,0,NA,0,0,1,1,NA,0,1,0,0,NA,0,0,0,0,NA,0,0,28,28,NA,0,28
Mahe,'10.13',Children admitted with upper respiratory infections,TOTAL,11,11,NA,0,11,4,4,NA,0,4,7,7,NA,0,7,15,15,NA,0,15,25,25,NA,0,25,3,3,NA,0,3,31,31,NA,0,31,17,17,NA,0,17,11,11,NA,0,11,521,521,NA,0,521,7,7,NA,0,7,6,6,NA,0,6,658,658,NA,0,658
Mahe,'10.14',Childhood Diseases - Severe Acute Malnutrition (SAM),TOTAL,0,0,NA,0,0,0,0,NA,0,0,0,0,NA,0,0,0,0,NA,0,0,0,0,NA,0,0,0,0,NA,0,0,0,0,NA,0,0,0,0,NA,0,0,0,0,NA,0,0,0,0,NA,0,0,0,0,NA,0,NA,0,0,NA,0,0,0,0,NA,0,0
Mahe,'11.1.1.a',Total Blood Smears Examined for Malaria,TOTAL,455,455,NA,246,209,597,597,NA,370,227,739,739,NA,493,246,779,779,NA,457,322,580,580,NA,402,178,453,453,NA,247,206,547,547,NA,328,219,406,406,NA,235,171,509,509,NA,299,210,437,437,NA,254,183,415,415,NA,200,215,256,256,NA,141,115,6173,6173,NA,3672,2501
Mahe,'11.1.1.b',Malaria (Microscopy Tests ) - Plasmodium Vivax test positive,TOTAL,0,0,NA,0,0,0,0,NA,0,0,0,0,NA,0,0,0,0,NA,0,0,1,1,NA,0,1,0,0,NA,0,0,0,0,NA,0,0,0,0,NA,0,0,0,0,NA,0,0,0,0,NA,0,0,0,0,NA,0,0,0,0,NA,0,0,1,1,NA,0,1
Mahe,'11.1.1.c',Malaria (Microscopy Tests ) - Plasmodium Falciparum test positive,TOTAL,0,0,NA,0,0,0,0,NA,0,0,0,0,NA,0,0,0,0,NA,0,0,0,0,NA,0,0,0,0,NA,0,0,0,0,NA,0,0,0,0,NA,0,0,0,0,NA,0,0,0,0,NA,0,0,0,0,NA,0,0,0,0,NA,0,0,0,0,NA,0,0
Mahe,'11.1.2.a',RDT conducted for Malaria,TOTAL,0,0,NA,0,0,0,0,NA,0,0,0,0,NA,0,0,0,0,NA,0,0,0,0,NA,0,0,0,0,NA,0,0,0,0,NA,0,0,1,1,NA,1,0,1,1,NA,1,0,0,0,NA,0,0,0,0,NA,0,0,0,0,NA,0,0,2,2,NA,2,0
Mahe,'11.1.2.b',Malaria (RDT) - Plasmodium Vivax test positive,TOTAL,0,0,NA,0,0,0,0,NA,0,0,0,0,NA,0,0,0,0,NA,0,0,0,0,NA,0,0,0,0,NA,0,0,0,0,NA,0,0,0,0,NA,0,0,0,0,NA,0,0,0,0,NA,0,0,0,0,NA,0,0,0,0,NA,0,0,0,0,NA,0,0
Mahe,'11.1.2.c',Malaria (RDT) - Plamodium Falciparum test positive,TOTAL,0,0,NA,0,0,0,0,NA,0,0,0,0,NA,0,0,0,0,NA,0,0,0,0,NA,0,0,0,0,NA,0,0,0,0,NA,0,0,0,0,NA,0,0,0,0,NA,0,0,0,0,NA,0,0,0,0,NA,0,0,0,0,NA,0,0,0,0,NA,0,0
Mahe,'11.2.1',Kala Azar (RDT) - Tests Conducted,TOTAL,0,0,NA,0,0,0,0,NA,0,0,0,0,NA,0,0,0,0,NA,0,0,0,0,NA,0,0,3,3,NA,3,0,0,0,NA,0,0,0,0,NA,NA,0,0,0,NA,NA,0,0,0,NA,NA,0,0,0,NA,NA,0,0,0,NA,NA,0,3,3,NA,3,0
Mahe,'11.2.2',Kala Azar Positive Cases,TOTAL,0,0,NA,0,0,0,0,NA,0,0,0,0,NA,0,0,0,0,NA,0,0,0,0,NA,0,0,0,0,NA,0,0,0,0,NA,0,0,0,0,NA,NA,0,0,0,NA,NA,0,0,0,NA,NA,0,0,0,NA,NA,0,0,0,NA,NA,0,0,0,NA,0,0
Mahe,'11.2.3',Post-kala-azar dermal leishmaniasis (PKDL) cases,TOTAL,0,0,NA,0,0,0,0,NA,0,0,0,0,NA,0,0,0,0,NA,0,0,0,0,NA,0,0,0,0,NA,0,0,0,0,NA,0,0,0,0,NA,NA,0,0,0,NA,NA,0,0,0,NA,NA,0,0,0,NA,NA,0,0,0,NA,NA,0,0,0,NA,0,0
Mahe,'11.3.1',Dengue - RDT Test Positive,TOTAL,0,0,NA,0,0,0,0,NA,0,0,0,0,NA,0,0,0,0,NA,0,0,34,34,NA,6,28,6,6,NA,3,3,14,14,NA,0,14,13,13,NA,1,12,4,4,NA,NA,4,0,0,NA,NA,0,0,0,NA,NA,0,0,0,NA,NA,0,71,71,NA,10,61
Mahe,'11.3.2',Dengue - Enzyme- Linked Immuno Sorbent Assay (ELISA) Test Positive,TOTAL,0,0,NA,NA,0,0,0,NA,NA,0,0,0,NA,NA,0,0,0,NA,NA,0,0,0,NA,NA,0,3,3,NA,NA,3,0,0,NA,NA,0,0,0,NA,NA,0,0,0,NA,NA,0,0,0,NA,NA,0,0,0,NA,NA,0,0,0,NA,NA,0,3,3,NA,NA,3
Mahe,'11.4.1',Tests Conducted for JE,TOTAL,0,0,NA,NA,0,0,0,NA,NA,0,0,0,NA,NA,0,0,0,NA,NA,0,0,0,NA,NA,0,0,0,NA,NA,0,0,0,NA,NA,0,0,0,NA,NA,0,0,0,NA,NA,0,0,0,NA,NA,0,0,0,NA,NA,0,0,0,NA,NA,0,0,0,NA,NA,0
Mahe,'11.4.2',Tests Positive for JE,TOTAL,0,0,NA,NA,0,0,0,NA,NA,0,0,0,NA,NA,0,0,0,NA,NA,0,0,0,NA,NA,0,0,0,NA,NA,0,0,0,NA,NA,0,0,0,NA,NA,0,0,0,NA,NA,0,0,0,NA,NA,0,0,0,NA,NA,0,0,0,NA,NA,0,0,0,NA,NA,0
Mahe,'12.1.1.a',Girls registered in AFHC,TOTAL,119,119,NA,98,21,74,74,NA,53,21,48,48,NA,9,39,54,54,NA,37,17,77,77,NA,34,43,25,25,NA,12,13,0,0,NA,0,0,1,1,NA,1,0,0,0,NA,NA,0,26,26,NA,4,22,0,0,NA,NA,0,6,6,NA,NA,6,430,430,NA,248,182
Mahe,'12.1.1.b',Boys registered in AFHC,TOTAL,85,85,NA,73,12,49,49,NA,36,13,27,27,NA,0,27,14,14,NA,3,11,78,78,NA,7,71,41,41,NA,22,19,0,0,NA,0,0,0,0,NA,0,0,0,0,NA,NA,0,31,31,NA,NA,31,0,0,NA,NA,0,2,2,NA,NA,2,327,327,NA,141,186
Mahe,'12.1.2.a',"Out of registered, Girls received clinical services",TOTAL,0,0,NA,0,0,0,0,NA,0,0,0,0,NA,0,0,12,12,NA,12,0,16,16,NA,16,0,0,0,NA,0,0,0,0,NA,0,0,0,0,NA,0,0,0,0,NA,NA,0,0,0,NA,0,0,0,0,NA,NA,0,0,0,NA,NA,0,28,28,NA,28,0
Mahe,'12.1.2.b',"Out of registered, Boys received clinical services",TOTAL,0,0,NA,0,0,4,4,NA,0,4,0,0,NA,0,0,3,3,NA,3,0,7,7,NA,7,0,0,0,NA,0,0,0,0,NA,0,0,0,0,NA,0,0,0,0,NA,NA,0,0,0,NA,NA,0,0,0,NA,NA,0,0,0,NA,NA,0,14,14,NA,10,4
Mahe,'12.1.3.a',"Out of registered, Girls received counselling",TOTAL,119,119,NA,98,21,74,74,NA,53,21,14,14,NA,9,5,40,40,NA,25,15,32,32,NA,18,14,28,28,NA,15,13,0,0,NA,0,0,1,1,NA,1,0,19,19,NA,2,17,4,4,NA,4,0,0,0,NA,NA,0,6,6,NA,NA,6,337,337,NA,225,112
Mahe,'12.1.3.b',"Out of registered, Boys received counselling",TOTAL,85,85,NA,73,12,49,49,NA,36,13,11,11,NA,0,11,11,11,NA,0,11,20,20,NA,0,20,41,41,NA,22,19,0,0,NA,0,0,0,0,NA,0,0,14,14,NA,0,14,0,0,NA,NA,0,0,0,NA,NA,0,2,2,NA,NA,2,233,233,NA,131,102
Mahe,'13.1',Number of on-going DOTS patients registered,TOTAL,3,3,NA,0,3,2,2,NA,0,2,2,2,NA,0,2,0,0,NA,0,NA,3,3,NA,0,3,1,1,NA,0,1,1,1,NA,0,1,1,1,NA,0,1,0,0,NA,NA,0,0,0,NA,NA,0,4,4,NA,NA,4,1,1,NA,NA,1,18,18,NA,0,18
Mahe,'13.2',Number of DOTS cases completed successfully,TOTAL,2,2,NA,0,2,2,2,NA,0,2,1,1,NA,0,1,0,0,NA,0,NA,2,2,NA,0,2,3,3,NA,0,3,0,0,NA,0,0,2,2,NA,0,2,0,0,NA,NA,0,2,2,NA,NA,2,3,3,NA,NA,3,0,0,NA,NA,0,17,17,NA,0,17
Mahe,'14.1.1',Outpatient - Diabetes,TOTAL,1316,1316,NA,381,935,1360,1360,NA,345,1015,1426,1426,NA,376,1050,1670,1670,NA,435,1235,1530,1530,NA,515,1015,1356,1356,NA,403,953,1418,1418,NA,251,1167,1305,1305,NA,383,922,1603,1603,NA,372,1231,1524,1524,NA,384,1140,1654,1654,NA,444,1210,970,970,NA,262,708,17132,17132,NA,4551,12581
Mahe,'14.1.2',Outpatient - Hypertension,TOTAL,1365,1365,NA,555,810,1298,1298,NA,453,845,1503,1503,NA,533,970,1761,1761,NA,666,1095,1591,1591,NA,621,970,2845,2845,NA,610,2235,1467,1467,NA,486,981,1532,1532,NA,592,940,1577,1577,NA,502,1075,1655,1655,NA,560,1095,2117,2117,NA,656,1461,981,981,NA,381,600,19692,19692,NA,6615,13077
Mahe,'14.1.3',Outpatient - Stroke (Paralysis),TOTAL,5,5,NA,5,0,0,0,NA,0,0,43,43,NA,0,43,31,31,NA,0,31,33,33,NA,0,33,25,25,NA,0,25,23,23,NA,5,18,35,35,NA,6,29,24,24,NA,5,19,33,33,NA,0,33,34,34,NA,5,29,24,24,NA,5,19,310,310,NA,31,279
Mahe,'14.1.4',Outpatient - Acute Heart Diseases,TOTAL,133,133,NA,35,98,191,191,NA,63,128,223,223,NA,111,112,306,306,NA,149,157,228,228,NA,95,133,266,266,NA,141,125,259,259,NA,147,112,274,274,NA,140,134,245,245,NA,128,117,185,185,NA,78,107,194,194,NA,74,120,129,129,NA,37,92,2633,2633,NA,1198,1435
Mahe,'14.1.5',Outpatient - Mental illness,TOTAL,25,25,NA,25,0,21,21,NA,21,0,0,0,NA,0,0,18,18,NA,18,0,18,18,NA,14,4,20,20,NA,13,7,14,14,NA,14,0,19,19,NA,18,1,21,21,NA,11,10,18,18,NA,9,9,13,13,NA,10,3,13,13,NA,7,6,200,200,NA,160,40
Mahe,'14.1.6',Outpatient - Epilepsy,TOTAL,26,26,NA,0,26,43,43,NA,0,43,57,57,NA,0,57,95,95,NA,0,95,58,58,NA,0,58,53,53,NA,0,53,62,62,NA,0,62,64,64,NA,0,64,55,55,NA,0,55,65,65,NA,0,65,47,47,NA,0,47,44,44,NA,0,44,669,669,NA,0,669
Mahe,'14.1.7',Outpatient - Ophthalmic Related,TOTAL,1737,1737,NA,105,1632,1597,1597,NA,93,1504,1873,1873,NA,109,1764,2063,2063,NA,92,1971,1677,1677,NA,56,1621,1526,1526,NA,3,1523,1761,1761,NA,0,1761,1931,1931,NA,0,1931,1685,1685,NA,146,1539,1678,1678,NA,73,1605,2438,2438,NA,73,2365,1640,1640,NA,0,1640,21606,21606,NA,750,20856
Mahe,'14.1.8',Outpatient - Dental,TOTAL,1515,1515,NA,519,996,1786,1786,NA,403,1383,1661,1661,NA,521,1140,1516,1516,NA,517,999,1412,1412,NA,402,1010,990,990,NA,0,990,1577,1577,NA,526,1051,1767,1767,NA,516,1251,1995,1995,NA,596,1399,1600,1600,NA,518,1082,2043,2043,NA,585,1458,1395,1395,NA,499,896,19257,19257,NA,5602,13655
Mahe,'14.1.9',Outpatient - Oncology,TOTAL,1,1,NA,1,0,0,0,NA,0,0,0,0,NA,0,0,16,16,NA,0,16,14,14,NA,0,14,3,3,NA,0,3,7,7,NA,0,7,4,4,NA,0,4,1,1,NA,0,1,1,1,NA,0,1,0,0,NA,0,0,5,5,NA,0,5,52,52,NA,1,51
Mahe,'14.2.1',Allopathic- Outpatient attendance,TOTAL,29896,29896,NA,11593,18303,29165,29165,NA,11025,18140,33567,33567,NA,13413,20154,41952,41952,NA,17300,24652,40332,40332,NA,16663,23669,40073,40073,NA,16067,24006,38602,38602,NA,15250,23352,40370,40370,NA,15503,24867,36580,36580,NA,13740,22840,37309,37309,NA,13920,23389,39483,39483,NA,14395,25088,29075,29075,NA,10428,18647,436404,436404,NA,169297,267107
Mahe,'14.2.2',Ayush - Outpatient attendance,TOTAL,2474,2474,NA,604,1870,1689,1689,NA,550,1139,1696,1696,NA,370,1326,660,660,NA,660,NA,1871,1871,NA,320,1551,1406,1406,NA,0,1406,2356,2356,NA,581,1775,2555,2555,NA,754,1801,1662,1662,NA,NA,1662,2356,2356,NA,682,1674,2311,2311,NA,639,1672,1672,1672,NA,420,1252,22708,22708,NA,5580,17128
Mahe,'14.3.1.a',Inpatient (Male)- Children<18yrs,TOTAL,28,28,NA,0,28,28,28,NA,1,27,23,23,NA,2,21,43,43,NA,2,41,43,43,NA,1,42,27,27,NA,2,25,47,47,NA,16,31,30,30,NA,3,27,39,39,NA,0,39,42,42,NA,2,40,28,28,NA,2,26,24,24,NA,1,23,402,402,NA,32,370
Mahe,'14.3.1.b',Inpatient (Male)- Adults,TOTAL,277,277,NA,16,261,302,302,NA,12,290,361,361,NA,26,335,368,368,NA,16,352,411,411,NA,15,396,353,353,NA,23,330,323,323,NA,1,322,296,296,NA,20,276,267,267,NA,24,243,287,287,NA,19,268,266,266,NA,14,252,204,204,NA,10,194,3715,3715,NA,196,3519
Mahe,'14.3.2.a',Inpatient (Female)- Children<18yrs,TOTAL,21,21,NA,3,18,26,26,NA,4,22,26,26,NA,3,23,17,17,NA,4,13,44,44,NA,3,41,41,41,NA,2,39,56,56,NA,24,32,39,39,NA,0,39,28,28,NA,1,27,27,27,NA,2,25,29,29,NA,3,26,21,21,NA,2,19,375,375,NA,51,324
Mahe,'14.3.2.b',Inpatient (Female)- Adults,TOTAL,323,323,NA,11,312,383,383,NA,28,355,385,385,NA,25,360,406,406,NA,33,373,383,383,NA,20,363,395,395,NA,24,371,328,328,NA,3,325,369,369,NA,15,354,341,341,NA,24,317,349,349,NA,28,321,310,310,NA,27,283,210,210,NA,11,199,4182,4182,NA,249,3933
Mahe,'14.3.3',Number of Left Against Medical Advice (LAMA) cases,TOTAL,120,120,NA,1,119,164,164,NA,2,162,150,150,NA,1,149,52,52,NA,2,50,67,67,NA,17,50,67,67,NA,1,66,52,52,NA,0,52,56,56,NA,0,56,52,52,NA,0,52,124,124,NA,0,124,107,107,NA,0,107,96,96,NA,0,96,1107,1107,NA,24,1083
Mahe,'14.4.1',Inpatient - Malaria,TOTAL,0,0,NA,0,0,0,0,NA,0,0,0,0,NA,0,0,0,0,NA,0,0,1,1,NA,0,1,0,0,NA,0,0,0,0,NA,0,0,0,0,NA,0,0,0,0,NA,0,0,0,0,NA,0,0,0,0,NA,0,0,0,0,NA,0,0,1,1,NA,0,1
Mahe,'14.4.2',Inpatient - Dengue,TOTAL,0,0,NA,NA,0,0,0,NA,0,0,0,0,NA,0,0,20,20,NA,0,20,32,32,NA,0,32,20,20,NA,0,20,30,30,NA,0,30,11,11,NA,0,11,5,5,NA,0,5,0,0,NA,0,0,0,0,NA,0,0,0,0,NA,0,0,118,118,NA,0,118
Mahe,'14.4.3',Inpatient - Typhoid,TOTAL,0,0,NA,NA,0,0,0,NA,0,0,0,0,NA,0,0,0,0,NA,0,0,0,0,NA,0,0,0,0,NA,0,0,0,0,NA,0,0,0,0,NA,0,0,0,0,NA,0,0,0,0,NA,0,0,0,0,NA,0,0,1,1,NA,0,1,1,1,NA,0,1
Mahe,'14.4.4',"Inpatient - Asthma, Chronic Obstructive Pulmonary Disease (COPD), Respiratory infections",TOTAL,16,16,NA,2,14,4,4,NA,1,3,53,53,NA,0,53,101,101,NA,9,92,133,133,NA,9,124,91,91,NA,5,86,90,90,NA,6,84,95,95,NA,4,91,73,73,NA,2,71,84,84,NA,2,82,78,78,NA,7,71,79,79,NA,5,74,897,897,NA,52,845
Mahe,'14.4.5',Inpatient - Tuberculosis,TOTAL,3,3,NA,NA,3,5,5,NA,0,5,1,1,NA,0,1,4,4,NA,0,4,2,2,NA,0,2,0,0,NA,0,0,0,0,NA,0,0,2,2,NA,0,2,0,0,NA,0,0,2,2,NA,0,2,1,1,NA,0,1,2,2,NA,0,2,22,22,NA,0,22
Mahe,'14.4.6',Inpatient - Pyrexia of unknown origin (PUO),TOTAL,0,0,NA,NA,0,0,0,NA,0,0,0,0,NA,0,0,0,0,NA,0,0,0,0,NA,0,0,0,0,NA,0,0,0,0,NA,0,0,0,0,NA,0,0,0,0,NA,0,0,0,0,NA,0,0,0,0,NA,0,0,0,0,NA,0,0,0,0,NA,0,0
Mahe,'14.4.7',Inpatient - Diarrhea with dehydration,TOTAL,20,20,NA,4,16,6,6,NA,3,3,30,30,NA,2,28,25,25,NA,0,25,24,24,NA,0,24,22,22,NA,3,19,22,22,NA,1,21,11,11,NA,1,10,9,9,NA,0,9,18,18,NA,5,13,49,49,NA,3,46,18,18,NA,3,15,254,254,NA,25,229
Mahe,'14.4.8',Inpatient - Hepatitis,TOTAL,0,0,NA,NA,0,0,0,NA,0,0,0,0,NA,0,0,4,4,NA,0,4,1,1,NA,0,1,1,1,NA,0,1,2,2,NA,0,2,1,1,NA,0,1,1,1,NA,0,1,2,2,NA,0,2,0,0,NA,0,0,1,1,NA,0,1,13,13,NA,0,13
Mahe,'14.5',Patients registered at Emergency Department,TOTAL,5676,5676,NA,14,5662,5873,5873,NA,22,5851,6802,6802,NA,26,6776,8341,8341,NA,740,7601,8487,8487,NA,NA,8487,7718,7718,NA,0,7718,7142,7142,NA,0,7142,6550,6550,NA,18,6532,6566,6566,NA,0,6566,7136,7136,NA,0,7136,6681,6681,NA,0,6681,5155,5155,NA,0,5155,82127,82127,NA,820,81307
Mahe,'14.6.1',"Emergency - Trauma ( accident, injury, poisoning etc)",TOTAL,3,3,NA,NA,3,3,3,NA,0,3,9,9,NA,0,9,49,49,NA,0,49,39,39,NA,0,39,56,56,NA,0,56,14,14,NA,0,14,51,51,NA,0,51,31,31,NA,0,31,31,31,NA,0,31,58,58,NA,0,58,31,31,NA,0,31,375,375,NA,0,375
Mahe,'14.6.2',Emergency - Burn,TOTAL,3,3,NA,NA,3,2,2,NA,0,2,4,4,NA,0,4,2,2,NA,0,2,0,0,NA,0,0,0,0,NA,0,0,2,2,NA,0,2,3,3,NA,0,3,2,2,NA,0,2,4,4,NA,0,4,0,0,NA,0,0,1,1,NA,0,1,23,23,NA,0,23
Mahe,'14.6.3',Emergency - Obstetrics complications,TOTAL,17,17,NA,NA,17,0,0,NA,0,0,0,0,NA,0,0,0,0,NA,0,0,7,7,NA,0,7,0,0,NA,0,0,11,11,NA,0,11,9,9,NA,0,9,4,4,NA,0,4,11,11,NA,0,11,9,9,NA,0,9,5,5,NA,0,5,73,73,NA,0,73
Mahe,'14.6.4',Emergency - Snake Bite,TOTAL,10,10,NA,NA,10,37,37,NA,0,37,56,56,NA,0,56,40,40,NA,0,40,33,33,NA,0,33,30,30,NA,0,30,43,43,NA,0,43,32,32,NA,0,32,16,16,NA,0,16,16,16,NA,0,16,8,8,NA,0,8,13,13,NA,0,13,334,334,NA,0,334
Mahe,'14.6.5',Emergency - Acute Caridiac Emergencies,TOTAL,2,2,NA,NA,2,13,13,NA,0,13,14,14,NA,0,14,19,19,NA,0,19,25,25,NA,0,25,25,25,NA,0,25,9,9,NA,0,9,33,33,NA,0,33,15,15,NA,0,15,22,22,NA,0,22,30,30,NA,0,30,9,9,NA,0,9,216,216,NA,0,216
Mahe,'14.6.7',Emergency - CVA ( Cerebovascular Disease),TOTAL,0,0,NA,NA,0,9,9,NA,0,9,1,1,NA,0,1,6,6,NA,0,6,7,7,NA,0,7,14,14,NA,0,14,7,7,NA,0,7,9,9,NA,0,9,1,1,NA,0,1,8,8,NA,0,8,19,19,NA,0,19,2,2,NA,0,2,83,83,NA,0,83
Mahe,'14.7',Number of deaths occurring at Emergency Department,TOTAL,0,0,NA,NA,0,0,0,NA,0,0,0,0,NA,0,0,0,0,NA,0,0,0,0,NA,0,0,1,1,NA,0,1,0,0,NA,0,0,0,0,NA,0,0,0,0,NA,0,0,1,1,NA,0,1,1,1,NA,0,1,1,1,NA,0,1,4,4,NA,0,4
Mahe,'14.8.1',Operation major (General and spinal anaesthesia),TOTAL,47,47,NA,NA,47,35,35,NA,0,35,56,56,NA,0,56,55,55,NA,0,55,33,33,NA,0,33,38,38,NA,0,38,56,56,NA,0,56,49,49,NA,0,49,52,52,NA,0,52,47,47,NA,0,47,52,52,NA,0,52,34,34,NA,0,34,554,554,NA,0,554
Mahe,'14.8.2',"Out of Operation major, Gynecology- Hysterectomy surgeries",TOTAL,0,0,NA,NA,0,0,0,NA,0,0,5,5,NA,0,5,6,6,NA,0,6,2,2,NA,0,2,5,5,NA,0,5,4,4,NA,0,4,3,3,NA,0,3,5,5,NA,0,5,4,4,NA,0,4,0,0,NA,0,0,3,3,NA,0,3,37,37,NA,0,37
Mahe,'14.8.3',"Major Surgeries excluding Obstetrics, Gynaecology and Opthalmology etc.",TOTAL,16,16,NA,NA,16,13,13,NA,NA,13,142,142,NA,NA,142,17,17,NA,NA,17,8,8,NA,NA,8,13,13,NA,NA,13,15,15,NA,NA,15,18,18,NA,NA,18,13,13,NA,NA,13,14,14,NA,NA,14,14,14,NA,NA,14,7,7,NA,NA,7,290,290,NA,NA,290
Mahe,'14.8.4',Operation minor (No or local anaesthesia),TOTAL,669,669,NA,624,45,829,829,NA,761,68,984,984,NA,921,63,830,830,NA,792,38,919,919,NA,866,53,906,906,NA,842,64,1064,1064,NA,990,74,1079,1079,NA,1014,65,1006,1006,NA,948,58,1131,1131,NA,1078,53,1076,1076,NA,996,80,889,889,NA,845,44,11382,11382,NA,10677,705
Mahe,'14.8.5',Number of post operative Surgical Site infection,TOTAL,0,0,NA,NA,0,0,0,NA,NA,0,0,0,NA,NA,0,0,0,NA,NA,0,0,0,NA,NA,0,0,0,NA,NA,0,0,0,NA,NA,0,0,0,NA,NA,0,0,0,NA,NA,0,0,0,NA,NA,0,0,0,NA,NA,0,0,0,NA,NA,0,0,0,NA,NA,0
Mahe,'14.8.6',Number of blood units issued,TOTAL,19,19,NA,NA,19,20,20,NA,0,20,17,17,NA,0,17,0,0,NA,0,0,3,3,NA,0,3,5,5,NA,0,5,2,2,NA,0,2,0,0,NA,0,0,0,0,NA,0,0,0,0,NA,0,0,0,0,NA,0,0,0,0,NA,0,0,66,66,NA,0,66
Mahe,'14.8.7',Number of blood transfusions done,TOTAL,0,0,NA,NA,0,0,0,NA,0,0,17,17,NA,0,17,0,0,NA,0,0,3,3,NA,0,3,5,5,NA,0,5,2,2,NA,0,2,0,0,NA,0,0,0,0,NA,0,0,1,1,NA,0,1,0,0,NA,0,0,0,0,NA,0,0,28,28,NA,0,28
Mahe,'14.9.1',Inpatient Deaths - Male,TOTAL,5,5,NA,2,3,5,5,NA,0,5,3,3,NA,0,3,7,7,NA,1,6,10,10,NA,0,10,10,10,NA,0,10,7,7,NA,1,6,7,7,NA,1,6,4,4,NA,1,3,1,1,NA,0,1,3,3,NA,0,3,5,5,NA,0,5,67,67,NA,6,61
Mahe,'14.9.2',Inpatient Deaths - Female,TOTAL,7,7,NA,1,6,5,5,NA,1,4,6,6,NA,2,4,9,9,NA,0,9,5,5,NA,0,5,4,4,NA,2,2,6,6,NA,0,6,6,6,NA,2,4,6,6,NA,3,3,4,4,NA,0,4,2,2,NA,0,2,3,3,NA,1,2,63,63,NA,12,51
Mahe,'14.10',In-Patient Head Count at midnight,TOTAL,2597,2597,NA,709,1888,2617,2617,NA,570,2047,2755,2755,NA,732,2023,3202,3202,NA,740,2462,791,791,NA,791,NA,3047,3047,NA,690,2357,3254,3254,NA,822,2432,3156,3156,NA,809,2347,2685,2685,NA,668,2017,2685,2685,NA,732,1953,2662,2662,NA,811,1851,1917,1917,NA,681,1236,31368,31368,NA,8755,22613
Mahe,'14.11',Number of Admission in NBSU ( New Born Stabilisation Unit),TOTAL,0,0,NA,0,0,0,0,NA,0,0,0,0,NA,0,0,0,0,NA,0,0,0,0,NA,0,0,0,0,NA,0,0,0,0,NA,0,NA,NA,NA,NA,NA,NA,NA,NA,NA,NA,NA,NA,NA,NA,NA,NA,NA,NA,NA,NA,NA,0,0,NA,NA,0,0,0,NA,0,0
Mahe,'14.12.1',Special Newborn Care Unit (SNCU Admissions) - Inborn Male,TOTAL,0,0,NA,0,0,0,0,NA,0,0,0,0,NA,0,0,0,0,NA,0,0,0,0,NA,0,0,0,0,NA,0,0,0,0,NA,0,NA,NA,NA,NA,NA,NA,NA,NA,NA,NA,NA,NA,NA,NA,NA,NA,NA,NA,NA,NA,NA,NA,NA,NA,NA,NA,0,0,NA,0,0
Mahe,'14.12.2',Special Newborn Care Unit (SNCU Admissions) - Inborn Female,TOTAL,0,0,NA,NA,0,0,0,NA,0,0,0,0,NA,0,0,0,0,NA,0,0,0,0,NA,0,0,0,0,NA,0,0,0,0,NA,0,NA,NA,NA,NA,NA,NA,NA,NA,NA,NA,NA,NA,NA,NA,NA,NA,NA,NA,NA,NA,NA,NA,NA,NA,NA,NA,0,0,NA,0,0
Mahe,'14.12.3',Outborn – Male,TOTAL,0,0,NA,NA,0,0,0,NA,0,0,0,0,NA,0,0,0,0,NA,0,0,0,0,NA,0,0,0,0,NA,0,0,0,0,NA,0,NA,NA,NA,NA,NA,NA,NA,NA,NA,NA,NA,NA,NA,NA,NA,NA,NA,NA,NA,NA,NA,NA,NA,NA,NA,NA,0,0,NA,0,0
Mahe,'14.12.4',Outborn - Female,TOTAL,0,0,NA,NA,0,0,0,NA,0,0,0,0,NA,0,0,0,0,NA,0,0,0,0,NA,0,0,0,0,NA,0,0,0,0,NA,0,NA,NA,NA,NA,NA,NA,NA,NA,NA,NA,NA,NA,NA,NA,NA,NA,NA,NA,NA,NA,NA,NA,NA,NA,NA,NA,0,0,NA,0,0
Mahe,'14.12.5',Number of newborns admitted in SNCU - referred by ASHA,TOTAL,0,0,NA,NA,0,0,0,NA,0,0,0,0,NA,0,0,0,0,NA,0,0,0,0,NA,0,0,0,0,NA,0,0,0,0,NA,0,NA,NA,NA,NA,NA,NA,NA,NA,NA,NA,NA,NA,NA,NA,NA,NA,NA,NA,NA,NA,NA,NA,NA,NA,NA,NA,0,0,NA,0,0
Mahe,'14.13',Number of deaths occurring at SNCU,TOTAL,0,0,NA,NA,0,0,0,NA,0,0,0,0,NA,0,0,0,0,NA,0,0,0,0,NA,0,0,0,0,NA,0,0,0,0,NA,0,NA,NA,NA,NA,NA,NA,NA,NA,NA,NA,NA,NA,NA,NA,NA,NA,NA,NA,NA,NA,NA,NA,NA,NA,NA,NA,0,0,NA,0,0
Mahe,'14.14.1',Number of children admitted in NRC,TOTAL,0,0,NA,NA,0,0,0,NA,0,0,0,0,NA,0,0,0,0,NA,0,0,0,0,NA,0,0,0,0,NA,0,0,0,0,NA,0,NA,NA,NA,NA,NA,NA,NA,NA,NA,NA,NA,NA,NA,NA,NA,NA,NA,NA,NA,NA,NA,NA,NA,NA,NA,NA,0,0,NA,0,0
Mahe,'14.14.2',Number of children discharged with target weight gain from the NRCs,TOTAL,0,0,NA,NA,0,0,0,NA,0,0,0,0,NA,0,0,0,0,NA,0,0,0,0,NA,0,0,0,0,NA,0,0,0,0,NA,0,NA,NA,NA,NA,NA,NA,NA,NA,NA,NA,NA,NA,NA,NA,NA,NA,NA,NA,NA,NA,NA,NA,NA,NA,NA,NA,0,0,NA,0,0
Mahe,'14.15',Number of Rogi Kalyan Samiti (RKS) meetings held,TOTAL,0,0,NA,NA,0,0,0,NA,0,0,0,0,NA,0,0,0,0,NA,0,0,0,0,NA,0,0,0,0,NA,0,0,0,0,NA,0,NA,NA,NA,NA,NA,NA,NA,NA,NA,NA,NA,NA,NA,NA,NA,NA,NA,NA,NA,NA,NA,NA,NA,NA,NA,NA,0,0,NA,0,0
Mahe,'14.16',Number of Anganwadi centres/ UPHCs reported to have conducted Village Health & Nutrition Day (VHNDs)/ Urban Health & Nutrition Day (UHNDs)/ Outreach / Special Outreach,TOTAL,NA,NA,NA,NA,NA,NA,NA,NA,NA,NA,NA,NA,NA,NA,NA,NA,NA,NA,NA,NA,0,0,NA,0,NA,0,0,NA,0,NA,0,0,NA,0,NA,NA,NA,NA,NA,NA,NA,NA,NA,NA,NA,NA,NA,NA,NA,NA,0,0,NA,0,NA,0,0,NA,0,NA,0,0,NA,0,NA
Mahe,'14.17',Stock out rate of essential Drugs,TOTAL,0,0,NA,NA,0,0,0,NA,NA,0,0,0,NA,NA,0,0,0,NA,NA,0,0,0,NA,NA,0,0,0,NA,NA,0,NA,NA,NA,NA,NA,NA,NA,NA,NA,NA,NA,NA,NA,NA,NA,NA,NA,NA,NA,NA,NA,NA,NA,NA,NA,NA,NA,NA,NA,NA,0,0,NA,NA,0
Mahe,'14.18',Blood Units Issued on replacement (Family Donors to be considered as replacement donations),TOTAL,0,0,NA,NA,0,0,0,NA,NA,0,0,0,NA,NA,0,0,0,NA,NA,0,0,0,NA,NA,0,0,0,NA,NA,0,0,0,NA,NA,0,0,0,NA,NA,0,0,0,NA,NA,0,0,0,NA,NA,0,0,0,NA,NA,0,0,0,NA,NA,0,0,0,NA,NA,0
Mahe,'14.19',Total number of blood units issued in year,TOTAL,19,19,NA,NA,19,20,20,NA,NA,20,17,17,NA,NA,17,2,2,NA,NA,2,15,15,NA,NA,15,13,13,NA,NA,13,8,8,NA,NA,8,3,3,NA,NA,3,0,0,NA,NA,0,0,0,NA,NA,0,0,0,NA,NA,0,0,0,NA,NA,0,97,97,NA,NA,97
Mahe,'14.20',Patient Satisfaction Score of the facility in percentage (from Mera Aspatal),TOTAL,0,0,NA,NA,0,0,0,NA,NA,0,0,0,NA,NA,0,0,0,NA,NA,0,0,0,NA,NA,0,0,0,NA,NA,0,NA,NA,NA,NA,NA,NA,NA,NA,NA,NA,NA,NA,NA,NA,NA,NA,NA,NA,NA,NA,NA,NA,NA,NA,NA,NA,NA,NA,NA,NA,0,0,NA,NA,0
Mahe,'15.1',Number of Lab Tests done,TOTAL,11218,11218,NA,1042,10176,13533,13533,NA,1345,12188,12220,12220,NA,1612,10608,14391,14391,NA,1727,12664,7412,7412,NA,349,7063,7348,7348,NA,1674,5674,9549,9549,NA,794,8755,8798,8798,NA,636,8162,9107,9107,NA,584,8523,7097,7097,NA,607,6490,11135,11135,NA,563,10572,6852,6852,NA,617,6235,118660,118660,NA,11550,107110
Mahe,'15.2.1',Number of Hb tests conducted,TOTAL,960,960,NA,140,820,964,964,NA,124,840,871,871,NA,150,721,1131,1131,NA,144,987,1214,1214,NA,237,977,1044,1044,NA,201,843,995,995,NA,294,701,979,979,NA,161,818,827,827,NA,147,680,898,898,NA,157,741,1990,1990,NA,157,1833,664,664,NA,152,512,12537,12537,NA,2064,10473
Mahe,'15.2.2',"Out of the total number of Hb tests done, Number having Hb < 7 mg",TOTAL,7,7,NA,3,4,4,4,NA,2,2,17,17,NA,2,15,5,5,NA,3,2,14,14,NA,2,12,7,7,NA,2,5,9,9,NA,2,7,12,12,NA,2,10,7,7,NA,1,6,4,4,NA,1,3,7,7,NA,2,5,6,6,NA,1,5,99,99,NA,23,76
Mahe,'15.3.1.a',Male HIV - Number Tested,TOTAL,99,99,NA,34,65,72,72,NA,23,49,86,86,NA,19,67,76,76,NA,12,64,53,53,NA,16,37,100,100,NA,21,79,78,78,NA,18,60,96,96,NA,12,84,66,66,NA,9,57,96,96,NA,18,78,93,93,NA,17,76,66,66,NA,6,60,981,981,NA,205,776
Mahe,'15.3.1.b',Male HIV - Number Positive,TOTAL,0,0,NA,NA,0,0,0,NA,0,0,0,0,NA,0,0,0,0,NA,0,0,0,0,NA,0,0,0,0,NA,0,0,0,0,NA,0,0,0,0,NA,0,0,0,0,NA,0,0,0,0,NA,0,0,0,0,NA,0,0,0,0,NA,0,0,0,0,NA,0,0
Mahe,'15.3.2.a',Female Non ANC HIV - Number Tested,TOTAL,109,109,NA,46,63,76,76,NA,16,60,79,79,NA,15,64,87,87,NA,15,72,67,67,NA,21,46,71,71,NA,25,46,65,65,NA,18,47,80,80,NA,10,70,69,69,NA,9,60,87,87,NA,28,59,100,100,NA,44,56,66,66,NA,11,55,956,956,NA,258,698
Mahe,'15.3.2.b',Female Non ANC HIV - Number Positive,TOTAL,0,0,NA,NA,0,0,0,NA,0,0,0,0,NA,0,0,0,0,NA,0,0,0,0,NA,0,0,0,0,NA,0,0,0,0,NA,0,0,0,0,NA,0,0,1,1,NA,0,1,0,0,NA,0,0,0,0,NA,0,0,0,0,NA,0,0,1,1,NA,0,1
Mahe,'15.3.3.a',Number of pregnant women screened for HIV,TOTAL,33,33,NA,NA,33,25,25,NA,6,19,49,49,NA,17,32,34,34,NA,15,19,23,23,NA,5,18,37,37,NA,6,31,50,50,NA,4,46,56,56,NA,7,49,44,44,NA,6,38,42,42,NA,6,36,48,48,NA,4,44,29,29,NA,1,28,470,470,NA,77,393
Mahe,'15.3.3.b',"Out of the above, number screened positive",TOTAL,0,0,NA,NA,0,0,0,NA,0,0,0,0,NA,0,0,0,0,NA,0,0,0,0,NA,0,0,0,0,NA,0,0,0,0,NA,0,0,0,0,NA,0,0,0,0,NA,0,0,0,0,NA,0,0,0,0,NA,0,0,0,0,NA,0,0,0,0,NA,0,0
Mahe,'15.3.3.c',"Out of the above number screened positive, number confirmed with HIV infection at Integrated Counselling and Testing Centre (ICTC)",TOTAL,0,0,NA,NA,0,0,0,NA,0,0,0,0,NA,0,0,0,0,NA,0,0,0,0,NA,0,0,0,0,NA,0,0,0,0,NA,0,0,0,0,NA,NA,0,0,0,NA,0,0,0,0,NA,0,0,0,0,NA,0,0,0,0,NA,0,0,0,0,NA,0,0
Mahe,'15.3.4.a',Number of Male STI/RTI attendees tested for syphilis,TOTAL,33,33,NA,NA,33,0,0,NA,NA,0,47,47,NA,15,32,9,9,NA,9,0,16,16,NA,16,0,18,18,NA,18,0,0,0,NA,0,0,7,7,NA,7,0,5,5,NA,5,0,1,1,NA,0,1,0,0,NA,0,0,0,0,NA,0,0,136,136,NA,70,66
Mahe,'15.3.4.b',Number of Male STI/RTI attendees found sero Positive for syphilis,TOTAL,0,0,NA,NA,0,0,0,NA,NA,0,0,0,NA,0,0,0,0,NA,0,0,10,10,NA,10,0,0,0,NA,0,0,0,0,NA,0,0,0,0,NA,0,0,0,0,NA,0,0,0,0,NA,0,0,0,0,NA,0,0,0,0,NA,0,0,10,10,NA,10,0
Mahe,'15.3.4.c',Number of Female (Non ANC)STI/RTI attendees tested for syphilis,TOTAL,0,0,NA,NA,0,0,0,NA,NA,0,0,0,NA,0,0,0,0,NA,0,0,10,10,NA,10,0,50,50,NA,22,28,0,0,NA,0,0,0,0,NA,0,0,28,28,NA,8,20,0,0,NA,0,0,0,0,NA,0,0,0,0,NA,0,0,88,88,NA,40,48
Mahe,'15.3.4.d',Number of Female (Non ANC) STI/RTI attendees found sero Positive for syphilis,TOTAL,0,0,NA,NA,0,0,0,NA,NA,0,0,0,NA,0,0,0,0,NA,0,0,0,0,NA,0,0,0,0,NA,0,0,0,0,NA,0,0,0,0,NA,0,0,0,0,NA,0,0,0,0,NA,0,0,0,0,NA,0,0,0,0,NA,0,0,0,0,NA,0,0
Mahe,'15.4.1',Widal tests - Number Tested,TOTAL,0,0,NA,NA,0,0,0,NA,NA,0,0,0,NA,0,0,0,0,NA,0,0,1,1,NA,0,1,5,5,NA,0,5,6,6,NA,0,6,3,3,NA,0,3,4,4,NA,0,4,4,4,NA,1,3,13,13,NA,0,13,8,8,NA,0,8,44,44,NA,1,43
Mahe,'15.4.2',Widal tests - Number Positive,TOTAL,0,0,NA,NA,0,0,0,NA,NA,0,0,0,NA,0,0,0,0,NA,0,0,0,0,NA,0,0,1,1,NA,0,1,1,1,NA,0,1,0,0,NA,0,0,0,0,NA,0,0,0,0,NA,NA,0,2,2,NA,NA,2,1,1,NA,0,1,5,5,NA,0,5
Mahe,'16.1',Infant deaths within 24 hrs(1 to 23 Hrs) of birth,TOTAL,NA,NA,NA,NA,NA,NA,NA,NA,NA,NA,NA,NA,NA,NA,NA,NA,NA,NA,NA,NA,0,0,NA,0,0,0,0,NA,0,0,NA,NA,NA,NA,NA,NA,NA,NA,NA,NA,NA,NA,NA,NA,NA,NA,NA,NA,NA,NA,NA,NA,NA,NA,NA,NA,NA,NA,NA,NA,0,0,NA,0,0
Mahe,'16.2.1',Infant Deaths up to 4 weeks due to Sepsis,TOTAL,NA,NA,NA,NA,NA,NA,NA,NA,NA,NA,NA,NA,NA,NA,NA,NA,NA,NA,NA,NA,0,0,NA,0,0,0,0,NA,0,0,NA,NA,NA,NA,NA,NA,NA,NA,NA,NA,NA,NA,NA,NA,NA,NA,NA,NA,NA,NA,NA,NA,NA,NA,NA,NA,NA,NA,NA,NA,0,0,NA,0,0
Mahe,'16.2.2',Infant Deaths up to 4 weeks due to Asphyxia,TOTAL,NA,NA,NA,NA,NA,NA,NA,NA,NA,NA,NA,NA,NA,NA,NA,NA,NA,NA,NA,NA,0,0,NA,0,0,0,0,NA,0,0,NA,NA,NA,NA,NA,NA,NA,NA,NA,NA,NA,NA,NA,NA,NA,NA,NA,NA,NA,NA,NA,NA,NA,NA,NA,1,1,NA,1,NA,1,1,NA,1,0
Mahe,'16.2.3',Infant Deaths up to 4 weeks due to Other causes,TOTAL,NA,NA,NA,NA,NA,NA,NA,NA,NA,NA,NA,NA,NA,NA,NA,NA,NA,NA,NA,NA,0,0,NA,0,0,0,0,NA,0,0,NA,NA,NA,NA,NA,NA,NA,NA,NA,NA,NA,NA,NA,NA,NA,NA,NA,NA,NA,NA,NA,NA,NA,NA,NA,NA,NA,NA,NA,NA,0,0,NA,0,0
Mahe,'16.3.1',Number of Infant Deaths (1 -12 months) due to Pneumonia,TOTAL,NA,NA,NA,NA,NA,NA,NA,NA,NA,NA,NA,NA,NA,NA,NA,NA,NA,NA,NA,NA,0,0,NA,0,0,0,0,NA,0,0,NA,NA,NA,NA,NA,NA,NA,NA,NA,NA,NA,NA,NA,NA,NA,NA,NA,NA,NA,NA,NA,NA,NA,NA,NA,NA,NA,NA,NA,NA,0,0,NA,0,0
Mahe,'16.3.2',Number of Infant Deaths (1 -12 months) due to Diarrhoea,TOTAL,NA,NA,NA,NA,NA,NA,NA,NA,NA,NA,NA,NA,NA,NA,NA,NA,NA,NA,NA,NA,0,0,NA,0,0,0,0,NA,0,0,NA,NA,NA,NA,NA,NA,NA,NA,NA,NA,NA,NA,NA,NA,NA,NA,NA,NA,NA,NA,NA,NA,NA,NA,NA,NA,NA,NA,NA,NA,0,0,NA,0,0
Mahe,'16.3.3',Number of Infant Deaths (1 -12 months) due to Fever related,TOTAL,NA,NA,NA,NA,NA,NA,NA,NA,NA,NA,NA,NA,NA,NA,NA,NA,NA,NA,NA,NA,0,0,NA,0,0,0,0,NA,0,0,NA,NA,NA,NA,NA,NA,NA,NA,NA,NA,NA,NA,NA,NA,NA,NA,NA,NA,NA,NA,NA,NA,NA,NA,NA,NA,NA,NA,NA,NA,0,0,NA,0,0
Mahe,'16.3.4',Number of Infant Deaths (1 -12 months) due to Measles,TOTAL,NA,NA,NA,NA,NA,NA,NA,NA,NA,NA,NA,NA,NA,NA,NA,NA,NA,NA,NA,NA,0,0,NA,0,0,0,0,NA,0,0,NA,NA,NA,NA,NA,NA,NA,NA,NA,NA,NA,NA,NA,NA,NA,NA,NA,NA,NA,NA,NA,NA,NA,NA,NA,NA,NA,NA,NA,NA,0,0,NA,0,0
Mahe,'16.3.5',Number of Infant Deaths (1 -12 months) due to Others,TOTAL,NA,NA,NA,NA,NA,NA,NA,NA,NA,NA,NA,NA,NA,NA,NA,NA,NA,NA,NA,NA,0,0,NA,0,0,0,0,NA,0,0,NA,NA,NA,NA,NA,NA,NA,NA,NA,NA,NA,NA,NA,NA,NA,NA,NA,NA,NA,NA,NA,NA,NA,NA,NA,NA,NA,NA,NA,NA,0,0,NA,0,0
Mahe,'16.4.1',Number of Child Deaths (1 -5 years) due to Pneumonia,TOTAL,NA,NA,NA,NA,NA,NA,NA,NA,NA,NA,NA,NA,NA,NA,NA,NA,NA,NA,NA,NA,0,0,NA,0,0,0,0,NA,0,0,NA,NA,NA,NA,NA,NA,NA,NA,NA,NA,NA,NA,NA,NA,NA,NA,NA,NA,NA,NA,NA,NA,NA,NA,NA,NA,NA,NA,NA,NA,0,0,NA,0,0
Mahe,'16.4.2',Number of Child Deaths (1 -5 years) due to Diarrhoea,TOTAL,NA,NA,NA,NA,NA,NA,NA,NA,NA,NA,NA,NA,NA,NA,NA,NA,NA,NA,NA,NA,0,0,NA,0,0,0,0,NA,0,0,NA,NA,NA,NA,NA,NA,NA,NA,NA,NA,NA,NA,NA,NA,NA,NA,NA,NA,NA,NA,NA,NA,NA,NA,NA,NA,NA,NA,NA,NA,0,0,NA,0,0
Mahe,'16.4.3',Number of Child Deaths (1 -5 years) due to Fever related,TOTAL,NA,NA,NA,NA,NA,NA,NA,NA,NA,NA,NA,NA,NA,NA,NA,NA,NA,NA,NA,NA,0,0,NA,0,0,0,0,NA,0,0,NA,NA,NA,NA,NA,NA,NA,NA,NA,NA,NA,NA,NA,NA,NA,NA,NA,NA,NA,NA,NA,NA,NA,NA,NA,NA,NA,NA,NA,NA,0,0,NA,0,0
Mahe,'16.4.4',Number of Child Deaths (1 -5 years) due to Measles,TOTAL,NA,NA,NA,NA,NA,NA,NA,NA,NA,NA,NA,NA,NA,NA,NA,NA,NA,NA,NA,NA,0,0,NA,0,0,0,0,NA,0,0,NA,NA,NA,NA,NA,NA,NA,NA,NA,NA,NA,NA,NA,NA,NA,NA,NA,NA,NA,NA,NA,NA,NA,NA,NA,NA,NA,NA,NA,NA,0,0,NA,0,0
Mahe,'16.4.5',Number of Child Deaths (1 -5 years) due to Others,TOTAL,NA,NA,NA,NA,NA,NA,NA,NA,NA,NA,1,1,NA,1,NA,NA,NA,NA,NA,NA,0,0,NA,0,0,0,0,NA,0,0,NA,NA,NA,NA,NA,NA,NA,NA,NA,NA,NA,NA,NA,NA,NA,NA,NA,NA,NA,NA,NA,NA,NA,NA,NA,NA,NA,NA,NA,NA,1,1,NA,1,0
Mahe,'16.5.1',Number of Maternal Deaths due to Bleeding,TOTAL,NA,NA,NA,NA,NA,NA,NA,NA,NA,NA,NA,NA,NA,NA,NA,NA,NA,NA,NA,NA,0,0,NA,0,0,0,0,NA,0,0,NA,NA,NA,NA,NA,NA,NA,NA,NA,NA,NA,NA,NA,NA,NA,NA,NA,NA,NA,NA,NA,NA,NA,NA,NA,NA,NA,NA,NA,NA,0,0,NA,0,0
Mahe,'16.5.2',Number of Maternal Deaths due to High fever,TOTAL,NA,NA,NA,NA,NA,NA,NA,NA,NA,NA,NA,NA,NA,NA,NA,NA,NA,NA,NA,NA,0,0,NA,0,0,0,0,NA,0,0,NA,NA,NA,NA,NA,NA,NA,NA,NA,NA,NA,NA,NA,NA,NA,NA,NA,NA,NA,NA,NA,NA,NA,NA,NA,NA,NA,NA,NA,NA,0,0,NA,0,0
Mahe,'16.5.3',Number of Maternal Deaths due to Abortion,TOTAL,NA,NA,NA,NA,NA,NA,NA,NA,NA,NA,NA,NA,NA,NA,NA,NA,NA,NA,NA,NA,0,0,NA,0,0,0,0,NA,0,0,NA,NA,NA,NA,NA,NA,NA,NA,NA,NA,NA,NA,NA,NA,NA,NA,NA,NA,NA,NA,NA,NA,NA,NA,NA,NA,NA,NA,NA,NA,0,0,NA,0,0
Mahe,'16.5.4',Number of Maternal Deaths due to Obstructed/prolonged labour,TOTAL,NA,NA,NA,NA,NA,NA,NA,NA,NA,NA,NA,NA,NA,NA,NA,NA,NA,NA,NA,NA,0,0,NA,0,0,0,0,NA,0,0,NA,NA,NA,NA,NA,NA,NA,NA,NA,NA,NA,NA,NA,NA,NA,NA,NA,NA,NA,NA,NA,NA,NA,NA,NA,NA,NA,NA,NA,NA,0,0,NA,0,0
Mahe,'16.5.5',Number of Maternal Deaths due to Severe hypertesnion/fits,TOTAL,NA,NA,NA,NA,NA,NA,NA,NA,NA,NA,NA,NA,NA,NA,NA,NA,NA,NA,NA,NA,0,0,NA,0,0,0,0,NA,0,0,NA,NA,NA,NA,NA,NA,NA,NA,NA,NA,NA,NA,NA,NA,NA,NA,NA,NA,NA,NA,NA,NA,NA,NA,NA,NA,NA,NA,NA,NA,0,0,NA,0,0
Mahe,'16.5.6',Number of Maternal Deaths due to Other Causes (including causes not known),TOTAL,NA,NA,NA,NA,NA,NA,NA,NA,NA,NA,NA,NA,NA,NA,NA,NA,NA,NA,NA,NA,0,0,NA,0,0,0,0,NA,0,0,NA,NA,NA,NA,NA,NA,NA,NA,NA,NA,NA,NA,NA,NA,NA,NA,NA,NA,NA,NA,NA,NA,NA,NA,NA,NA,NA,NA,NA,NA,0,0,NA,0,0
Mahe,'16.6',Total Facility Based Maternal Death Reviews (FBMDR) done,TOTAL,NA,NA,NA,NA,NA,NA,NA,NA,NA,NA,NA,NA,NA,NA,NA,NA,NA,NA,NA,NA,0,0,NA,0,0,0,0,NA,0,0,NA,NA,NA,NA,NA,NA,NA,NA,NA,NA,NA,NA,NA,NA,NA,NA,NA,NA,NA,NA,NA,NA,NA,NA,NA,NA,NA,NA,NA,NA,0,0,NA,0,0
Mahe,'16.7.1',Number of Adolscent / Adult deaths due to Diarrhoeal diseases,TOTAL,NA,NA,NA,NA,NA,NA,NA,NA,NA,NA,NA,NA,NA,NA,NA,1,1,NA,NA,1,0,0,NA,0,0,1,1,NA,0,1,NA,NA,NA,NA,NA,NA,NA,NA,NA,NA,NA,NA,NA,NA,NA,NA,NA,NA,NA,NA,NA,NA,NA,NA,NA,NA,NA,NA,NA,NA,2,2,NA,0,2
Mahe,'16.7.2',Number of Adolscent / Adult deaths due to Tuberculosis,TOTAL,NA,NA,NA,NA,NA,NA,NA,NA,NA,NA,NA,NA,NA,NA,NA,NA,NA,NA,NA,NA,0,0,NA,0,0,2,2,NA,2,0,NA,NA,NA,NA,NA,NA,NA,NA,NA,NA,NA,NA,NA,NA,NA,NA,NA,NA,NA,NA,NA,NA,NA,NA,NA,NA,NA,NA,NA,NA,2,2,NA,2,0
Mahe,'16.7.3',Number of Adolscent / Adult deaths due to Respiratory diseases including infections (other than TB),TOTAL,2,2,NA,1,1,5,5,NA,3,2,3,3,NA,2,1,3,3,NA,1,2,6,6,NA,0,6,2,2,NA,0,2,3,3,NA,1,2,4,4,NA,2,2,1,1,NA,NA,1,NA,NA,NA,NA,NA,2,2,NA,NA,2,2,2,NA,NA,2,33,33,NA,10,23
Mahe,'16.7.4',Number of Adolscent / Adult deaths due to Other Fever Related,TOTAL,NA,NA,NA,NA,NA,NA,NA,NA,NA,NA,NA,NA,NA,NA,NA,NA,NA,NA,NA,NA,0,0,NA,0,0,0,0,NA,0,0,NA,NA,NA,NA,NA,NA,NA,NA,NA,NA,NA,NA,NA,NA,NA,NA,NA,NA,NA,NA,0,0,NA,NA,0,NA,NA,NA,NA,NA,0,0,NA,0,0
Mahe,'16.7.5',Number of Adolscent / Adult deaths due to HIV/AIDS,TOTAL,NA,NA,NA,NA,NA,NA,NA,NA,NA,NA,NA,NA,NA,NA,NA,1,1,NA,1,NA,0,0,NA,0,0,0,0,NA,0,0,NA,NA,NA,NA,NA,NA,NA,NA,NA,NA,NA,NA,NA,NA,NA,NA,NA,NA,NA,NA,0,0,NA,NA,0,NA,NA,NA,NA,NA,1,1,NA,1,0
Mahe,'16.7.6',Number of Adolscent / Adult deaths due to Heart disease/Hypertension related,TOTAL,7,7,NA,4,3,5,5,NA,5,NA,2,2,NA,2,NA,6,6,NA,2,4,2,2,NA,1,1,7,7,NA,3,4,3,3,NA,1,2,1,1,NA,1,NA,6,6,NA,4,2,1,1,NA,1,NA,1,1,NA,NA,1,3,3,NA,2,1,44,44,NA,26,18
Mahe,'16.7.7',Number of Adolscent / Adult deaths due to Cancer,TOTAL,1,1,NA,1,NA,2,2,NA,NA,2,2,2,NA,1,1,1,1,NA,NA,1,5,5,NA,1,4,4,4,NA,2,2,3,3,NA,NA,3,1,1,NA,NA,1,3,3,NA,2,1,3,3,NA,NA,3,0,0,NA,NA,0,3,0,3,3,NA,28,25,3,10,18
Mahe,'16.7.8',Number of Adolscent / Adult deaths due to Neurological disease including strokes,TOTAL,5,5,NA,3,2,6,6,NA,1,5,1,1,NA,NA,1,6,6,NA,4,2,3,3,NA,1,2,3,3,NA,3,NA,3,3,NA,1,2,3,3,NA,2,1,NA,NA,NA,NA,NA,2,2,NA,1,1,0,0,NA,NA,0,2,2,NA,2,NA,34,34,NA,18,16
Mahe,'16.7.9',Number of Adolscent / Adult deaths due to Accidents/Burn cases,TOTAL,NA,NA,NA,NA,NA,NA,NA,NA,NA,NA,NA,NA,NA,NA,NA,NA,NA,NA,NA,NA,0,0,NA,0,0,0,0,NA,0,NA,2,2,NA,2,NA,NA,NA,NA,NA,NA,NA,NA,NA,NA,NA,NA,NA,NA,NA,NA,1,1,NA,NA,1,NA,NA,NA,NA,NA,3,3,NA,2,1
Mahe,'16.7.10',Number of Adolscent / Adult deaths due to Suicide,TOTAL,NA,NA,NA,NA,NA,NA,NA,NA,NA,NA,NA,NA,NA,NA,NA,1,1,NA,1,NA,1,1,NA,1,0,0,0,NA,0,NA,1,1,NA,1,NA,NA,NA,NA,NA,NA,NA,NA,NA,NA,NA,NA,NA,NA,NA,NA,1,1,NA,1,0,1,1,NA,1,NA,5,5,NA,5,0
Mahe,'16.7.11',Number of Adolscent / Adult deaths due to Animal bites and stings,TOTAL,NA,NA,NA,NA,NA,NA,NA,NA,NA,NA,NA,NA,NA,NA,NA,NA,NA,NA,NA,NA,0,0,NA,0,0,0,0,NA,0,NA,NA,NA,NA,NA,NA,NA,NA,NA,NA,NA,NA,NA,NA,NA,NA,1,1,NA,NA,1,NA,NA,NA,NA,NA,NA,NA,NA,NA,NA,1,1,NA,0,1
Mahe,'16.7.12',Number of Adolscent / Adult deaths due to Known Acute Disease,TOTAL,NA,NA,NA,NA,NA,0,0,NA,NA,0,1,1,NA,1,NA,NA,NA,NA,NA,NA,0,0,NA,0,0,0,0,NA,0,NA,2,2,NA,1,1,NA,NA,NA,NA,NA,NA,NA,NA,NA,NA,NA,NA,NA,NA,NA,NA,NA,NA,NA,NA,NA,NA,NA,NA,NA,3,3,NA,2,1
Mahe,'16.7.13',Number of Adolscent / Adult deaths due to Known Chronic Disease,TOTAL,5,5,NA,2,3,1,1,NA,1,0,7,7,NA,3,4,8,8,NA,3,5,4,4,NA,1,3,4,4,NA,1,3,3,3,NA,1,2,7,7,NA,4,3,4,4,NA,2,2,1,1,NA,NA,1,3,3,NA,1,2,5,5,NA,NA,5,52,52,NA,19,33
Mahe,'16.7.14',Number of Adolscent / Adult deaths due to Causes not known,TOTAL,1,1,NA,1,NA,NA,NA,NA,NA,NA,1,1,NA,1,NA,NA,NA,NA,NA,NA,3,3,NA,1,2,0,0,NA,0,NA,2,2,NA,2,0,3,3,NA,NA,3,NA,NA,NA,NA,NA,4,4,NA,4,NA,3,3,NA,3,NA,7,3,4,7,NA,24,20,4,19,5
Mahe,'16.8.1',Number of Deaths due to Malaria- Plasmodium Vivax,TOTAL,NA,NA,NA,NA,NA,NA,NA,NA,NA,NA,NA,NA,NA,NA,NA,NA,NA,NA,NA,NA,0,0,NA,0,0,0,0,NA,0,NA,NA,NA,NA,NA,NA,NA,NA,NA,NA,NA,NA,NA,NA,NA,NA,NA,NA,NA,NA,NA,NA,NA,NA,NA,NA,NA,NA,NA,NA,NA,0,0,NA,0,0
Mahe,'16.8.2',Number of Deaths due to Malaria- Plasmodium Falciparum,TOTAL,NA,NA,NA,NA,NA,NA,NA,NA,NA,NA,NA,NA,NA,NA,NA,NA,NA,NA,NA,NA,0,0,NA,0,0,0,0,NA,0,NA,NA,NA,NA,NA,NA,NA,NA,NA,NA,NA,NA,NA,NA,NA,NA,NA,NA,NA,NA,NA,NA,NA,NA,NA,NA,NA,NA,NA,NA,NA,0,0,NA,0,0
Mahe,'16.8.3',Number of Deaths due to Kala Azar,TOTAL,NA,NA,NA,NA,NA,NA,NA,NA,NA,NA,NA,NA,NA,NA,NA,NA,NA,NA,NA,NA,0,0,NA,0,0,0,0,NA,0,NA,NA,NA,NA,NA,NA,NA,NA,NA,NA,NA,NA,NA,NA,NA,NA,NA,NA,NA,NA,NA,NA,NA,NA,NA,NA,NA,NA,NA,NA,NA,0,0,NA,0,0
Mahe,'16.8.4',Number of Deaths due to Dengue,TOTAL,NA,NA,NA,NA,NA,NA,NA,NA,NA,NA,NA,NA,NA,NA,NA,NA,NA,NA,NA,NA,0,0,NA,0,0,0,0,NA,0,NA,NA,NA,NA,NA,NA,NA,NA,NA,NA,NA,NA,NA,NA,NA,NA,NA,NA,NA,NA,NA,NA,NA,NA,NA,NA,NA,NA,NA,NA,NA,0,0,NA,0,0
Mahe,'16.8.5',Number of Deaths due to Acute Encephelitis Syndrome (AES),TOTAL,NA,NA,NA,NA,NA,NA,NA,NA,NA,NA,NA,NA,NA,NA,NA,NA,NA,NA,NA,NA,0,0,NA,0,0,0,0,NA,0,NA,NA,NA,NA,NA,NA,NA,NA,NA,NA,NA,NA,NA,NA,NA,NA,NA,NA,NA,NA,NA,NA,NA,NA,NA,NA,NA,NA,NA,NA,NA,0,0,NA,0,0
Mahe,'16.8.6',Number of Deaths due to Japanese Encephalitis (JE),TOTAL,NA,NA,NA,NA,NA,NA,NA,NA,NA,NA,NA,NA,NA,NA,NA,NA,NA,NA,NA,NA,0,0,NA,0,0,0,0,NA,0,NA,NA,NA,NA,NA,NA,NA,NA,NA,NA,NA,NA,NA,NA,NA,NA,NA,NA,NA,NA,NA,NA,NA,NA,NA,NA,NA,NA,NA,NA,NA,0,0,NA,0,0
Mahe,'15.5.1',Radiology - X-ray,TOTAL,447,447,NA,49,398,436,436,NA,49,387,513,513,NA,57,456,502,502,NA,51,451,403,403,NA,26,377,539,539,NA,54,485,373,373,NA,NA,373,517,517,NA,49,468,444,444,NA,58,386,405,405,NA,NA,405,527,527,NA,74,453,178,178,NA,82,96,5284,5284,NA,549,4735
Mahe,'15.5.2',Radiology - Ultrasonography (USG),TOTAL,0,0,NA,NA,0,0,0,NA,NA,0,0,0,NA,NA,0,0,0,NA,NA,0,0,0,NA,NA,0,0,0,NA,NA,0,0,0,NA,NA,0,0,0,NA,NA,0,0,0,NA,NA,0,0,0,NA,NA,0,0,0,NA,NA,0,0,0,NA,NA,0,0,0,NA,NA,0
Mahe,'17.1',Vaccine - DPT,1. Balance From Previous Month,NA,NA,NA,NA,NA,NA,NA,NA,NA,NA,NA,NA,NA,NA,NA,NA,NA,NA,NA,NA,NA,NA,NA,NA,NA,NA,NA,NA,NA,NA,NA,NA,NA,NA,NA,NA,NA,NA,NA,NA,NA,NA,NA,NA,NA,NA,NA,NA,NA,NA,NA,NA,NA,NA,NA,NA,NA,NA,NA,NA,NA,NA,NA,NA,NA
Mahe,17.1',Vaccine - DPT,2. Stocks Received,NA,NA,NA,NA,NA,NA,NA,NA,NA,NA,NA,NA,NA,NA,NA,NA,NA,NA,NA,NA,NA,NA,NA,NA,NA,NA,NA,NA,NA,NA,NA,NA,NA,NA,NA,NA,NA,NA,NA,NA,NA,NA,NA,NA,NA,NA,NA,NA,NA,NA,NA,NA,NA,NA,NA,NA,NA,NA,NA,NA,NA,NA,NA,NA,NA
Mahe,17.1',Vaccine - DPT,3. Unusable Stock,NA,NA,NA,NA,NA,NA,NA,NA,NA,NA,NA,NA,NA,NA,NA,NA,NA,NA,NA,NA,NA,NA,NA,NA,NA,NA,NA,NA,NA,NA,NA,NA,NA,NA,NA,NA,NA,NA,NA,NA,NA,NA,NA,NA,NA,NA,NA,NA,NA,NA,NA,NA,NA,NA,NA,NA,NA,NA,NA,NA,NA,NA,NA,NA,NA
Mahe,17.1',Vaccine - DPT,4. Stock Distributed,NA,NA,NA,NA,NA,NA,NA,NA,NA,NA,NA,NA,NA,NA,NA,NA,NA,NA,NA,NA,NA,NA,NA,NA,NA,NA,NA,NA,NA,NA,NA,NA,NA,NA,NA,NA,NA,NA,NA,NA,NA,NA,NA,NA,NA,NA,NA,NA,NA,NA,NA,NA,NA,NA,NA,NA,NA,NA,NA,NA,NA,NA,NA,NA,NA
Mahe,17.1',Vaccine - DPT,5. Total Stock,NA,NA,NA,NA,NA,NA,NA,NA,NA,NA,NA,NA,NA,NA,NA,NA,NA,NA,NA,NA,NA,NA,NA,NA,NA,NA,NA,NA,NA,NA,NA,NA,NA,NA,NA,NA,NA,NA,NA,NA,NA,NA,NA,NA,NA,NA,NA,NA,NA,NA,NA,NA,NA,NA,NA,NA,NA,NA,NA,NA,NA,NA,NA,NA,NA
Mahe,'17.2',Vaccine - Pentavalent,1. Balance From Previous Month,NA,NA,NA,NA,NA,NA,NA,NA,NA,NA,NA,NA,NA,NA,NA,NA,NA,NA,NA,NA,NA,NA,NA,NA,NA,NA,NA,NA,NA,NA,NA,NA,NA,NA,NA,NA,NA,NA,NA,NA,NA,NA,NA,NA,NA,NA,NA,NA,NA,NA,NA,NA,NA,NA,NA,NA,NA,NA,NA,NA,NA,NA,NA,NA,NA
Mahe,17.2',Vaccine - Pentavalent,2. Stocks Received,NA,NA,NA,NA,NA,NA,NA,NA,NA,NA,NA,NA,NA,NA,NA,NA,NA,NA,NA,NA,NA,NA,NA,NA,NA,NA,NA,NA,NA,NA,NA,NA,NA,NA,NA,NA,NA,NA,NA,NA,NA,NA,NA,NA,NA,NA,NA,NA,NA,NA,NA,NA,NA,NA,NA,NA,NA,NA,NA,NA,NA,NA,NA,NA,NA
Mahe,17.2',Vaccine - Pentavalent,3. Unusable Stock,NA,NA,NA,NA,NA,NA,NA,NA,NA,NA,NA,NA,NA,NA,NA,NA,NA,NA,NA,NA,NA,NA,NA,NA,NA,NA,NA,NA,NA,NA,NA,NA,NA,NA,NA,NA,NA,NA,NA,NA,NA,NA,NA,NA,NA,NA,NA,NA,NA,NA,NA,NA,NA,NA,NA,NA,NA,NA,NA,NA,NA,NA,NA,NA,NA
Mahe,17.2',Vaccine - Pentavalent,4. Stock Distributed,NA,NA,NA,NA,NA,NA,NA,NA,NA,NA,NA,NA,NA,NA,NA,NA,NA,NA,NA,NA,NA,NA,NA,NA,NA,NA,NA,NA,NA,NA,NA,NA,NA,NA,NA,NA,NA,NA,NA,NA,NA,NA,NA,NA,NA,NA,NA,NA,NA,NA,NA,NA,NA,NA,NA,NA,NA,NA,NA,NA,NA,NA,NA,NA,NA
Mahe,17.2',Vaccine - Pentavalent,5. Total Stock,NA,NA,NA,NA,NA,NA,NA,NA,NA,NA,NA,NA,NA,NA,NA,NA,NA,NA,NA,NA,NA,NA,NA,NA,NA,NA,NA,NA,NA,NA,NA,NA,NA,NA,NA,NA,NA,NA,NA,NA,NA,NA,NA,NA,NA,NA,NA,NA,NA,NA,NA,NA,NA,NA,NA,NA,NA,NA,NA,NA,NA,NA,NA,NA,NA
Mahe,'17.3',Vaccine - OPV,1. Balance From Previous Month,NA,NA,NA,NA,NA,NA,NA,NA,NA,NA,NA,NA,NA,NA,NA,NA,NA,NA,NA,NA,NA,NA,NA,NA,NA,NA,NA,NA,NA,NA,NA,NA,NA,NA,NA,NA,NA,NA,NA,NA,NA,NA,NA,NA,NA,NA,NA,NA,NA,NA,NA,NA,NA,NA,NA,NA,NA,NA,NA,NA,NA,NA,NA,NA,NA
Mahe,17.3',Vaccine - OPV,2. Stocks Received,NA,NA,NA,NA,NA,NA,NA,NA,NA,NA,NA,NA,NA,NA,NA,NA,NA,NA,NA,NA,NA,NA,NA,NA,NA,NA,NA,NA,NA,NA,NA,NA,NA,NA,NA,NA,NA,NA,NA,NA,NA,NA,NA,NA,NA,NA,NA,NA,NA,NA,NA,NA,NA,NA,NA,NA,NA,NA,NA,NA,NA,NA,NA,NA,NA
Mahe,17.3',Vaccine - OPV,3. Unusable Stock,NA,NA,NA,NA,NA,NA,NA,NA,NA,NA,NA,NA,NA,NA,NA,NA,NA,NA,NA,NA,NA,NA,NA,NA,NA,NA,NA,NA,NA,NA,NA,NA,NA,NA,NA,NA,NA,NA,NA,NA,NA,NA,NA,NA,NA,NA,NA,NA,NA,NA,NA,NA,NA,NA,NA,NA,NA,NA,NA,NA,NA,NA,NA,NA,NA
Mahe,17.3',Vaccine - OPV,4. Stock Distributed,NA,NA,NA,NA,NA,NA,NA,NA,NA,NA,NA,NA,NA,NA,NA,NA,NA,NA,NA,NA,NA,NA,NA,NA,NA,NA,NA,NA,NA,NA,NA,NA,NA,NA,NA,NA,NA,NA,NA,NA,NA,NA,NA,NA,NA,NA,NA,NA,NA,NA,NA,NA,NA,NA,NA,NA,NA,NA,NA,NA,NA,NA,NA,NA,NA
Mahe,17.3',Vaccine - OPV,5. Total Stock,NA,NA,NA,NA,NA,NA,NA,NA,NA,NA,NA,NA,NA,NA,NA,NA,NA,NA,NA,NA,NA,NA,NA,NA,NA,NA,NA,NA,NA,NA,NA,NA,NA,NA,NA,NA,NA,NA,NA,NA,NA,NA,NA,NA,NA,NA,NA,NA,NA,NA,NA,NA,NA,NA,NA,NA,NA,NA,NA,NA,NA,NA,NA,NA,NA
Mahe,'17.4',Vaccine - TT,1. Balance From Previous Month,NA,NA,NA,NA,NA,NA,NA,NA,NA,NA,NA,NA,NA,NA,NA,NA,NA,NA,NA,NA,NA,NA,NA,NA,NA,NA,NA,NA,NA,NA,NA,NA,NA,NA,NA,NA,NA,NA,NA,NA,NA,NA,NA,NA,NA,NA,NA,NA,NA,NA,NA,NA,NA,NA,NA,NA,NA,NA,NA,NA,NA,NA,NA,NA,NA
Mahe,17.4',Vaccine - TT,2. Stocks Received,NA,NA,NA,NA,NA,NA,NA,NA,NA,NA,NA,NA,NA,NA,NA,NA,NA,NA,NA,NA,NA,NA,NA,NA,NA,NA,NA,NA,NA,NA,NA,NA,NA,NA,NA,NA,NA,NA,NA,NA,NA,NA,NA,NA,NA,NA,NA,NA,NA,NA,NA,NA,NA,NA,NA,NA,NA,NA,NA,NA,NA,NA,NA,NA,NA
Mahe,17.4',Vaccine - TT,3. Unusable Stock,NA,NA,NA,NA,NA,NA,NA,NA,NA,NA,NA,NA,NA,NA,NA,NA,NA,NA,NA,NA,NA,NA,NA,NA,NA,NA,NA,NA,NA,NA,NA,NA,NA,NA,NA,NA,NA,NA,NA,NA,NA,NA,NA,NA,NA,NA,NA,NA,NA,NA,NA,NA,NA,NA,NA,NA,NA,NA,NA,NA,NA,NA,NA,NA,NA
Mahe,17.4',Vaccine - TT,4. Stock Distributed,NA,NA,NA,NA,NA,NA,NA,NA,NA,NA,NA,NA,NA,NA,NA,NA,NA,NA,NA,NA,NA,NA,NA,NA,NA,NA,NA,NA,NA,NA,NA,NA,NA,NA,NA,NA,NA,NA,NA,NA,NA,NA,NA,NA,NA,NA,NA,NA,NA,NA,NA,NA,NA,NA,NA,NA,NA,NA,NA,NA,NA,NA,NA,NA,NA
Mahe,17.4',Vaccine - TT,5. Total Stock,NA,NA,NA,NA,NA,NA,NA,NA,NA,NA,NA,NA,NA,NA,NA,NA,NA,NA,NA,NA,NA,NA,NA,NA,NA,NA,NA,NA,NA,NA,NA,NA,NA,NA,NA,NA,NA,NA,NA,NA,NA,NA,NA,NA,NA,NA,NA,NA,NA,NA,NA,NA,NA,NA,NA,NA,NA,NA,NA,NA,NA,NA,NA,NA,NA
Mahe,'17.5',Vaccine - DT,1. Balance From Previous Month,NA,NA,NA,NA,NA,NA,NA,NA,NA,NA,NA,NA,NA,NA,NA,NA,NA,NA,NA,NA,NA,NA,NA,NA,NA,NA,NA,NA,NA,NA,NA,NA,NA,NA,NA,NA,NA,NA,NA,NA,NA,NA,NA,NA,NA,NA,NA,NA,NA,NA,NA,NA,NA,NA,NA,NA,NA,NA,NA,NA,NA,NA,NA,NA,NA
Mahe,17.5',Vaccine - DT,2. Stocks Received,NA,NA,NA,NA,NA,NA,NA,NA,NA,NA,NA,NA,NA,NA,NA,NA,NA,NA,NA,NA,NA,NA,NA,NA,NA,NA,NA,NA,NA,NA,NA,NA,NA,NA,NA,NA,NA,NA,NA,NA,NA,NA,NA,NA,NA,NA,NA,NA,NA,NA,NA,NA,NA,NA,NA,NA,NA,NA,NA,NA,NA,NA,NA,NA,NA
Mahe,17.5',Vaccine - DT,3. Unusable Stock,NA,NA,NA,NA,NA,NA,NA,NA,NA,NA,NA,NA,NA,NA,NA,NA,NA,NA,NA,NA,NA,NA,NA,NA,NA,NA,NA,NA,NA,NA,NA,NA,NA,NA,NA,NA,NA,NA,NA,NA,NA,NA,NA,NA,NA,NA,NA,NA,NA,NA,NA,NA,NA,NA,NA,NA,NA,NA,NA,NA,NA,NA,NA,NA,NA
Mahe,17.5',Vaccine - DT,4. Stock Distributed,NA,NA,NA,NA,NA,NA,NA,NA,NA,NA,NA,NA,NA,NA,NA,NA,NA,NA,NA,NA,NA,NA,NA,NA,NA,NA,NA,NA,NA,NA,NA,NA,NA,NA,NA,NA,NA,NA,NA,NA,NA,NA,NA,NA,NA,NA,NA,NA,NA,NA,NA,NA,NA,NA,NA,NA,NA,NA,NA,NA,NA,NA,NA,NA,NA
Mahe,17.5',Vaccine - DT,5. Total Stock,NA,NA,NA,NA,NA,NA,NA,NA,NA,NA,NA,NA,NA,NA,NA,NA,NA,NA,NA,NA,NA,NA,NA,NA,NA,NA,NA,NA,NA,NA,NA,NA,NA,NA,NA,NA,NA,NA,NA,NA,NA,NA,NA,NA,NA,NA,NA,NA,NA,NA,NA,NA,NA,NA,NA,NA,NA,NA,NA,NA,NA,NA,NA,NA,NA
Mahe,'17.6',Vaccine - BCG,1. Balance From Previous Month,NA,NA,NA,NA,NA,NA,NA,NA,NA,NA,NA,NA,NA,NA,NA,NA,NA,NA,NA,NA,NA,NA,NA,NA,NA,NA,NA,NA,NA,NA,NA,NA,NA,NA,NA,NA,NA,NA,NA,NA,NA,NA,NA,NA,NA,NA,NA,NA,NA,NA,NA,NA,NA,NA,NA,NA,NA,NA,NA,NA,NA,NA,NA,NA,NA
Mahe,17.6',Vaccine - BCG,2. Stocks Received,NA,NA,NA,NA,NA,NA,NA,NA,NA,NA,NA,NA,NA,NA,NA,NA,NA,NA,NA,NA,NA,NA,NA,NA,NA,NA,NA,NA,NA,NA,NA,NA,NA,NA,NA,NA,NA,NA,NA,NA,NA,NA,NA,NA,NA,NA,NA,NA,NA,NA,NA,NA,NA,NA,NA,NA,NA,NA,NA,NA,NA,NA,NA,NA,NA
Mahe,17.6',Vaccine - BCG,3. Unusable Stock,NA,NA,NA,NA,NA,NA,NA,NA,NA,NA,NA,NA,NA,NA,NA,NA,NA,NA,NA,NA,NA,NA,NA,NA,NA,NA,NA,NA,NA,NA,NA,NA,NA,NA,NA,NA,NA,NA,NA,NA,NA,NA,NA,NA,NA,NA,NA,NA,NA,NA,NA,NA,NA,NA,NA,NA,NA,NA,NA,NA,NA,NA,NA,NA,NA
Mahe,17.6',Vaccine - BCG,4. Stock Distributed,NA,NA,NA,NA,NA,NA,NA,NA,NA,NA,NA,NA,NA,NA,NA,NA,NA,NA,NA,NA,NA,NA,NA,NA,NA,NA,NA,NA,NA,NA,NA,NA,NA,NA,NA,NA,NA,NA,NA,NA,NA,NA,NA,NA,NA,NA,NA,NA,NA,NA,NA,NA,NA,NA,NA,NA,NA,NA,NA,NA,NA,NA,NA,NA,NA
Mahe,17.6',Vaccine - BCG,5. Total Stock,NA,NA,NA,NA,NA,NA,NA,NA,NA,NA,NA,NA,NA,NA,NA,NA,NA,NA,NA,NA,NA,NA,NA,NA,NA,NA,NA,NA,NA,NA,NA,NA,NA,NA,NA,NA,NA,NA,NA,NA,NA,NA,NA,NA,NA,NA,NA,NA,NA,NA,NA,NA,NA,NA,NA,NA,NA,NA,NA,NA,NA,NA,NA,NA,NA
Mahe,'17.7',Vaccine - Measles,1. Balance From Previous Month,NA,NA,NA,NA,NA,NA,NA,NA,NA,NA,NA,NA,NA,NA,NA,NA,NA,NA,NA,NA,NA,NA,NA,NA,NA,NA,NA,NA,NA,NA,NA,NA,NA,NA,NA,NA,NA,NA,NA,NA,NA,NA,NA,NA,NA,NA,NA,NA,NA,NA,NA,NA,NA,NA,NA,NA,NA,NA,NA,NA,NA,NA,NA,NA,NA
Mahe,17.7',Vaccine - Measles,2. Stocks Received,NA,NA,NA,NA,NA,NA,NA,NA,NA,NA,NA,NA,NA,NA,NA,NA,NA,NA,NA,NA,NA,NA,NA,NA,NA,NA,NA,NA,NA,NA,NA,NA,NA,NA,NA,NA,NA,NA,NA,NA,NA,NA,NA,NA,NA,NA,NA,NA,NA,NA,NA,NA,NA,NA,NA,NA,NA,NA,NA,NA,NA,NA,NA,NA,NA
Mahe,17.7',Vaccine - Measles,3. Unusable Stock,NA,NA,NA,NA,NA,NA,NA,NA,NA,NA,NA,NA,NA,NA,NA,NA,NA,NA,NA,NA,NA,NA,NA,NA,NA,NA,NA,NA,NA,NA,NA,NA,NA,NA,NA,NA,NA,NA,NA,NA,NA,NA,NA,NA,NA,NA,NA,NA,NA,NA,NA,NA,NA,NA,NA,NA,NA,NA,NA,NA,NA,NA,NA,NA,NA
Mahe,17.7',Vaccine - Measles,4. Stock Distributed,NA,NA,NA,NA,NA,NA,NA,NA,NA,NA,NA,NA,NA,NA,NA,NA,NA,NA,NA,NA,NA,NA,NA,NA,NA,NA,NA,NA,NA,NA,NA,NA,NA,NA,NA,NA,NA,NA,NA,NA,NA,NA,NA,NA,NA,NA,NA,NA,NA,NA,NA,NA,NA,NA,NA,NA,NA,NA,NA,NA,NA,NA,NA,NA,NA
Mahe,17.7',Vaccine - Measles,5. Total Stock,NA,NA,NA,NA,NA,NA,NA,NA,NA,NA,NA,NA,NA,NA,NA,NA,NA,NA,NA,NA,NA,NA,NA,NA,NA,NA,NA,NA,NA,NA,NA,NA,NA,NA,NA,NA,NA,NA,NA,NA,NA,NA,NA,NA,NA,NA,NA,NA,NA,NA,NA,NA,NA,NA,NA,NA,NA,NA,NA,NA,NA,NA,NA,NA,NA
Mahe,'17.8',Vaccine - JE,1. Balance From Previous Month,NA,NA,NA,NA,NA,NA,NA,NA,NA,NA,NA,NA,NA,NA,NA,NA,NA,NA,NA,NA,NA,NA,NA,NA,NA,NA,NA,NA,NA,NA,NA,NA,NA,NA,NA,NA,NA,NA,NA,NA,NA,NA,NA,NA,NA,NA,NA,NA,NA,NA,NA,NA,NA,NA,NA,NA,NA,NA,NA,NA,NA,NA,NA,NA,NA
Mahe,17.8',Vaccine - JE,2. Stocks Received,NA,NA,NA,NA,NA,NA,NA,NA,NA,NA,NA,NA,NA,NA,NA,NA,NA,NA,NA,NA,NA,NA,NA,NA,NA,NA,NA,NA,NA,NA,NA,NA,NA,NA,NA,NA,NA,NA,NA,NA,NA,NA,NA,NA,NA,NA,NA,NA,NA,NA,NA,NA,NA,NA,NA,NA,NA,NA,NA,NA,NA,NA,NA,NA,NA
Mahe,17.8',Vaccine - JE,3. Unusable Stock,NA,NA,NA,NA,NA,NA,NA,NA,NA,NA,NA,NA,NA,NA,NA,NA,NA,NA,NA,NA,NA,NA,NA,NA,NA,NA,NA,NA,NA,NA,NA,NA,NA,NA,NA,NA,NA,NA,NA,NA,NA,NA,NA,NA,NA,NA,NA,NA,NA,NA,NA,NA,NA,NA,NA,NA,NA,NA,NA,NA,NA,NA,NA,NA,NA
Mahe,17.8',Vaccine - JE,4. Stock Distributed,NA,NA,NA,NA,NA,NA,NA,NA,NA,NA,NA,NA,NA,NA,NA,NA,NA,NA,NA,NA,NA,NA,NA,NA,NA,NA,NA,NA,NA,NA,NA,NA,NA,NA,NA,NA,NA,NA,NA,NA,NA,NA,NA,NA,NA,NA,NA,NA,NA,NA,NA,NA,NA,NA,NA,NA,NA,NA,NA,NA,NA,NA,NA,NA,NA
Mahe,17.8',Vaccine - JE,5. Total Stock,NA,NA,NA,NA,NA,NA,NA,NA,NA,NA,NA,NA,NA,NA,NA,NA,NA,NA,NA,NA,NA,NA,NA,NA,NA,NA,NA,NA,NA,NA,NA,NA,NA,NA,NA,NA,NA,NA,NA,NA,NA,NA,NA,NA,NA,NA,NA,NA,NA,NA,NA,NA,NA,NA,NA,NA,NA,NA,NA,NA,NA,NA,NA,NA,NA
Mahe,'17.9',Vaccine - Hepatitis B,1. Balance From Previous Month,NA,NA,NA,NA,NA,NA,NA,NA,NA,NA,NA,NA,NA,NA,NA,NA,NA,NA,NA,NA,NA,NA,NA,NA,NA,NA,NA,NA,NA,NA,NA,NA,NA,NA,NA,NA,NA,NA,NA,NA,NA,NA,NA,NA,NA,NA,NA,NA,NA,NA,NA,NA,NA,NA,NA,NA,NA,NA,NA,NA,NA,NA,NA,NA,NA
Mahe,17.9',Vaccine - Hepatitis B,2. Stocks Received,NA,NA,NA,NA,NA,NA,NA,NA,NA,NA,NA,NA,NA,NA,NA,NA,NA,NA,NA,NA,NA,NA,NA,NA,NA,NA,NA,NA,NA,NA,NA,NA,NA,NA,NA,NA,NA,NA,NA,NA,NA,NA,NA,NA,NA,NA,NA,NA,NA,NA,NA,NA,NA,NA,NA,NA,NA,NA,NA,NA,NA,NA,NA,NA,NA
Mahe,17.9',Vaccine - Hepatitis B,3. Unusable Stock,NA,NA,NA,NA,NA,NA,NA,NA,NA,NA,NA,NA,NA,NA,NA,NA,NA,NA,NA,NA,NA,NA,NA,NA,NA,NA,NA,NA,NA,NA,NA,NA,NA,NA,NA,NA,NA,NA,NA,NA,NA,NA,NA,NA,NA,NA,NA,NA,NA,NA,NA,NA,NA,NA,NA,NA,NA,NA,NA,NA,NA,NA,NA,NA,NA
Mahe,17.9',Vaccine - Hepatitis B,4. Stock Distributed,NA,NA,NA,NA,NA,NA,NA,NA,NA,NA,NA,NA,NA,NA,NA,NA,NA,NA,NA,NA,NA,NA,NA,NA,NA,NA,NA,NA,NA,NA,NA,NA,NA,NA,NA,NA,NA,NA,NA,NA,NA,NA,NA,NA,NA,NA,NA,NA,NA,NA,NA,NA,NA,NA,NA,NA,NA,NA,NA,NA,NA,NA,NA,NA,NA
Mahe,17.9',Vaccine - Hepatitis B,5. Total Stock,NA,NA,NA,NA,NA,NA,NA,NA,NA,NA,NA,NA,NA,NA,NA,NA,NA,NA,NA,NA,NA,NA,NA,NA,NA,NA,NA,NA,NA,NA,NA,NA,NA,NA,NA,NA,NA,NA,NA,NA,NA,NA,NA,NA,NA,NA,NA,NA,NA,NA,NA,NA,NA,NA,NA,NA,NA,NA,NA,NA,NA,NA,NA,NA,NA
Mahe,'17.10',Vaccine - Typhoid,1. Balance From Previous Month,NA,NA,NA,NA,NA,NA,NA,NA,NA,NA,NA,NA,NA,NA,NA,NA,NA,NA,NA,NA,NA,NA,NA,NA,NA,NA,NA,NA,NA,NA,NA,NA,NA,NA,NA,NA,NA,NA,NA,NA,NA,NA,NA,NA,NA,NA,NA,NA,NA,NA,NA,NA,NA,NA,NA,NA,NA,NA,NA,NA,NA,NA,NA,NA,NA
Mahe,17.10',Vaccine - Typhoid,2. Stocks Received,NA,NA,NA,NA,NA,NA,NA,NA,NA,NA,NA,NA,NA,NA,NA,NA,NA,NA,NA,NA,NA,NA,NA,NA,NA,NA,NA,NA,NA,NA,NA,NA,NA,NA,NA,NA,NA,NA,NA,NA,NA,NA,NA,NA,NA,NA,NA,NA,NA,NA,NA,NA,NA,NA,NA,NA,NA,NA,NA,NA,NA,NA,NA,NA,NA
Mahe,17.10',Vaccine - Typhoid,3. Unusable Stock,NA,NA,NA,NA,NA,NA,NA,NA,NA,NA,NA,NA,NA,NA,NA,NA,NA,NA,NA,NA,NA,NA,NA,NA,NA,NA,NA,NA,NA,NA,NA,NA,NA,NA,NA,NA,NA,NA,NA,NA,NA,NA,NA,NA,NA,NA,NA,NA,NA,NA,NA,NA,NA,NA,NA,NA,NA,NA,NA,NA,NA,NA,NA,NA,NA
Mahe,17.10',Vaccine - Typhoid,4. Stock Distributed,NA,NA,NA,NA,NA,NA,NA,NA,NA,NA,NA,NA,NA,NA,NA,NA,NA,NA,NA,NA,NA,NA,NA,NA,NA,NA,NA,NA,NA,NA,NA,NA,NA,NA,NA,NA,NA,NA,NA,NA,NA,NA,NA,NA,NA,NA,NA,NA,NA,NA,NA,NA,NA,NA,NA,NA,NA,NA,NA,NA,NA,NA,NA,NA,NA
Mahe,17.10',Vaccine - Typhoid,5. Total Stock,NA,NA,NA,NA,NA,NA,NA,NA,NA,NA,NA,NA,NA,NA,NA,NA,NA,NA,NA,NA,NA,NA,NA,NA,NA,NA,NA,NA,NA,NA,NA,NA,NA,NA,NA,NA,NA,NA,NA,NA,NA,NA,NA,NA,NA,NA,NA,NA,NA,NA,NA,NA,NA,NA,NA,NA,NA,NA,NA,NA,NA,NA,NA,NA,NA
Mahe,'17.11',Vaccine - Vitamin K,1. Balance From Previous Month,NA,NA,NA,NA,NA,NA,NA,NA,NA,NA,NA,NA,NA,NA,NA,NA,NA,NA,NA,NA,NA,NA,NA,NA,NA,NA,NA,NA,NA,NA,NA,NA,NA,NA,NA,NA,NA,NA,NA,NA,NA,NA,NA,NA,NA,NA,NA,NA,NA,NA,NA,NA,NA,NA,NA,NA,NA,NA,NA,NA,NA,NA,NA,NA,NA
Mahe,17.11',Vaccine - Vitamin K,2. Stocks Received,NA,NA,NA,NA,NA,NA,NA,NA,NA,NA,NA,NA,NA,NA,NA,NA,NA,NA,NA,NA,NA,NA,NA,NA,NA,NA,NA,NA,NA,NA,NA,NA,NA,NA,NA,NA,NA,NA,NA,NA,NA,NA,NA,NA,NA,NA,NA,NA,NA,NA,NA,NA,NA,NA,NA,NA,NA,NA,NA,NA,NA,NA,NA,NA,NA
Mahe,17.11',Vaccine - Vitamin K,3. Unusable Stock,NA,NA,NA,NA,NA,NA,NA,NA,NA,NA,NA,NA,NA,NA,NA,NA,NA,NA,NA,NA,NA,NA,NA,NA,NA,NA,NA,NA,NA,NA,NA,NA,NA,NA,NA,NA,NA,NA,NA,NA,NA,NA,NA,NA,NA,NA,NA,NA,NA,NA,NA,NA,NA,NA,NA,NA,NA,NA,NA,NA,NA,NA,NA,NA,NA
Mahe,17.11',Vaccine - Vitamin K,4. Stock Distributed,NA,NA,NA,NA,NA,NA,NA,NA,NA,NA,NA,NA,NA,NA,NA,NA,NA,NA,NA,NA,NA,NA,NA,NA,NA,NA,NA,NA,NA,NA,NA,NA,NA,NA,NA,NA,NA,NA,NA,NA,NA,NA,NA,NA,NA,NA,NA,NA,NA,NA,NA,NA,NA,NA,NA,NA,NA,NA,NA,NA,NA,NA,NA,NA,NA
Mahe,17.11',Vaccine - Vitamin K,5. Total Stock,NA,NA,NA,NA,NA,NA,NA,NA,NA,NA,NA,NA,NA,NA,NA,NA,NA,NA,NA,NA,NA,NA,NA,NA,NA,NA,NA,NA,NA,NA,NA,NA,NA,NA,NA,NA,NA,NA,NA,NA,NA,NA,NA,NA,NA,NA,NA,NA,NA,NA,NA,NA,NA,NA,NA,NA,NA,NA,NA,NA,NA,NA,NA,NA,NA
Mahe,'17.12',Rotavirus,1. Balance From Previous Month,NA,NA,NA,NA,NA,NA,NA,NA,NA,NA,NA,NA,NA,NA,NA,NA,NA,NA,NA,NA,NA,NA,NA,NA,NA,NA,NA,NA,NA,NA,NA,NA,NA,NA,NA,NA,NA,NA,NA,NA,NA,NA,NA,NA,NA,NA,NA,NA,NA,NA,NA,NA,NA,NA,NA,NA,NA,NA,NA,NA,NA,NA,NA,NA,NA
Mahe,17.12',Rotavirus,2. Stocks Received,NA,NA,NA,NA,NA,NA,NA,NA,NA,NA,NA,NA,NA,NA,NA,NA,NA,NA,NA,NA,NA,NA,NA,NA,NA,NA,NA,NA,NA,NA,NA,NA,NA,NA,NA,NA,NA,NA,NA,NA,NA,NA,NA,NA,NA,NA,NA,NA,NA,NA,NA,NA,NA,NA,NA,NA,NA,NA,NA,NA,NA,NA,NA,NA,NA
Mahe,17.12',Rotavirus,3. Unusable Stock,NA,NA,NA,NA,NA,NA,NA,NA,NA,NA,NA,NA,NA,NA,NA,NA,NA,NA,NA,NA,NA,NA,NA,NA,NA,NA,NA,NA,NA,NA,NA,NA,NA,NA,NA,NA,NA,NA,NA,NA,NA,NA,NA,NA,NA,NA,NA,NA,NA,NA,NA,NA,NA,NA,NA,NA,NA,NA,NA,NA,NA,NA,NA,NA,NA
Mahe,17.12',Rotavirus,4. Stock Distributed,NA,NA,NA,NA,NA,NA,NA,NA,NA,NA,NA,NA,NA,NA,NA,NA,NA,NA,NA,NA,NA,NA,NA,NA,NA,NA,NA,NA,NA,NA,NA,NA,NA,NA,NA,NA,NA,NA,NA,NA,NA,NA,NA,NA,NA,NA,NA,NA,NA,NA,NA,NA,NA,NA,NA,NA,NA,NA,NA,NA,NA,NA,NA,NA,NA
Mahe,17.12',Rotavirus,5. Total Stock,NA,NA,NA,NA,NA,NA,NA,NA,NA,NA,NA,NA,NA,NA,NA,NA,NA,NA,NA,NA,NA,NA,NA,NA,NA,NA,NA,NA,NA,NA,NA,NA,NA,NA,NA,NA,NA,NA,NA,NA,NA,NA,NA,NA,NA,NA,NA,NA,NA,NA,NA,NA,NA,NA,NA,NA,NA,NA,NA,NA,NA,NA,NA,NA,NA
Mahe,'17.13',Inactivated Polio Vaccine,1. Balance From Previous Month,NA,NA,NA,NA,NA,NA,NA,NA,NA,NA,NA,NA,NA,NA,NA,NA,NA,NA,NA,NA,NA,NA,NA,NA,NA,NA,NA,NA,NA,NA,NA,NA,NA,NA,NA,NA,NA,NA,NA,NA,NA,NA,NA,NA,NA,NA,NA,NA,NA,NA,NA,NA,NA,NA,NA,NA,NA,NA,NA,NA,NA,NA,NA,NA,NA
Mahe,17.13',Inactivated Polio Vaccine,2. Stocks Received,NA,NA,NA,NA,NA,NA,NA,NA,NA,NA,NA,NA,NA,NA,NA,NA,NA,NA,NA,NA,NA,NA,NA,NA,NA,NA,NA,NA,NA,NA,NA,NA,NA,NA,NA,NA,NA,NA,NA,NA,NA,NA,NA,NA,NA,NA,NA,NA,NA,NA,NA,NA,NA,NA,NA,NA,NA,NA,NA,NA,NA,NA,NA,NA,NA
Mahe,17.13',Inactivated Polio Vaccine,3. Unusable Stock,NA,NA,NA,NA,NA,NA,NA,NA,NA,NA,NA,NA,NA,NA,NA,NA,NA,NA,NA,NA,NA,NA,NA,NA,NA,NA,NA,NA,NA,NA,NA,NA,NA,NA,NA,NA,NA,NA,NA,NA,NA,NA,NA,NA,NA,NA,NA,NA,NA,NA,NA,NA,NA,NA,NA,NA,NA,NA,NA,NA,NA,NA,NA,NA,NA
Mahe,17.13',Inactivated Polio Vaccine,4. Stock Distributed,NA,NA,NA,NA,NA,NA,NA,NA,NA,NA,NA,NA,NA,NA,NA,NA,NA,NA,NA,NA,NA,NA,NA,NA,NA,NA,NA,NA,NA,NA,NA,NA,NA,NA,NA,NA,NA,NA,NA,NA,NA,NA,NA,NA,NA,NA,NA,NA,NA,NA,NA,NA,NA,NA,NA,NA,NA,NA,NA,NA,NA,NA,NA,NA,NA
Mahe,17.13',Inactivated Polio Vaccine,5. Total Stock,NA,NA,NA,NA,NA,NA,NA,NA,NA,NA,NA,NA,NA,NA,NA,NA,NA,NA,NA,NA,NA,NA,NA,NA,NA,NA,NA,NA,NA,NA,NA,NA,NA,NA,NA,NA,NA,NA,NA,NA,NA,NA,NA,NA,NA,NA,NA,NA,NA,NA,NA,NA,NA,NA,NA,NA,NA,NA,NA,NA,NA,NA,NA,NA,NA
Mahe,'17.14',Measles Rubella (MR),1. Balance From Previous Month,NA,NA,NA,NA,NA,NA,NA,NA,NA,NA,NA,NA,NA,NA,NA,NA,NA,NA,NA,NA,NA,NA,NA,NA,NA,NA,NA,NA,NA,NA,NA,NA,NA,NA,NA,NA,NA,NA,NA,NA,NA,NA,NA,NA,NA,NA,NA,NA,NA,NA,NA,NA,NA,NA,NA,NA,NA,NA,NA,NA,NA,NA,NA,NA,NA
Mahe,17.14',Measles Rubella (MR),2. Stocks Received,NA,NA,NA,NA,NA,NA,NA,NA,NA,NA,NA,NA,NA,NA,NA,NA,NA,NA,NA,NA,NA,NA,NA,NA,NA,NA,NA,NA,NA,NA,NA,NA,NA,NA,NA,NA,NA,NA,NA,NA,NA,NA,NA,NA,NA,NA,NA,NA,NA,NA,NA,NA,NA,NA,NA,NA,NA,NA,NA,NA,NA,NA,NA,NA,NA
Mahe,17.14',Measles Rubella (MR),3. Unusable Stock,NA,NA,NA,NA,NA,NA,NA,NA,NA,NA,NA,NA,NA,NA,NA,NA,NA,NA,NA,NA,NA,NA,NA,NA,NA,NA,NA,NA,NA,NA,NA,NA,NA,NA,NA,NA,NA,NA,NA,NA,NA,NA,NA,NA,NA,NA,NA,NA,NA,NA,NA,NA,NA,NA,NA,NA,NA,NA,NA,NA,NA,NA,NA,NA,NA
Mahe,17.14',Measles Rubella (MR),4. Stock Distributed,NA,NA,NA,NA,NA,NA,NA,NA,NA,NA,NA,NA,NA,NA,NA,NA,NA,NA,NA,NA,NA,NA,NA,NA,NA,NA,NA,NA,NA,NA,NA,NA,NA,NA,NA,NA,NA,NA,NA,NA,NA,NA,NA,NA,NA,NA,NA,NA,NA,NA,NA,NA,NA,NA,NA,NA,NA,NA,NA,NA,NA,NA,NA,NA,NA
Mahe,17.14',Measles Rubella (MR),5. Total Stock,NA,NA,NA,NA,NA,NA,NA,NA,NA,NA,NA,NA,NA,NA,NA,NA,NA,NA,NA,NA,NA,NA,NA,NA,NA,NA,NA,NA,NA,NA,NA,NA,NA,NA,NA,NA,NA,NA,NA,NA,NA,NA,NA,NA,NA,NA,NA,NA,NA,NA,NA,NA,NA,NA,NA,NA,NA,NA,NA,NA,NA,NA,NA,NA,NA
Mahe,'18.1',IUD 380 A,1. Balance From Previous Month,NA,NA,NA,NA,NA,NA,NA,NA,NA,NA,NA,NA,NA,NA,NA,NA,NA,NA,NA,NA,NA,NA,NA,NA,NA,NA,NA,NA,NA,NA,NA,NA,NA,NA,NA,NA,NA,NA,NA,NA,NA,NA,NA,NA,NA,NA,NA,NA,NA,NA,NA,NA,NA,NA,NA,NA,NA,NA,NA,NA,NA,NA,NA,NA,NA
Mahe,18.1',IUD 380 A,2. Stocks Received,NA,NA,NA,NA,NA,NA,NA,NA,NA,NA,NA,NA,NA,NA,NA,NA,NA,NA,NA,NA,NA,NA,NA,NA,NA,NA,NA,NA,NA,NA,NA,NA,NA,NA,NA,NA,NA,NA,NA,NA,NA,NA,NA,NA,NA,NA,NA,NA,NA,NA,NA,NA,NA,NA,NA,NA,NA,NA,NA,NA,NA,NA,NA,NA,NA
Mahe,18.1',IUD 380 A,3. Unusable Stock,NA,NA,NA,NA,NA,NA,NA,NA,NA,NA,NA,NA,NA,NA,NA,NA,NA,NA,NA,NA,NA,NA,NA,NA,NA,NA,NA,NA,NA,NA,NA,NA,NA,NA,NA,NA,NA,NA,NA,NA,NA,NA,NA,NA,NA,NA,NA,NA,NA,NA,NA,NA,NA,NA,NA,NA,NA,NA,NA,NA,NA,NA,NA,NA,NA
Mahe,18.1',IUD 380 A,4. Stock Distributed,NA,NA,NA,NA,NA,NA,NA,NA,NA,NA,NA,NA,NA,NA,NA,NA,NA,NA,NA,NA,NA,NA,NA,NA,NA,NA,NA,NA,NA,NA,NA,NA,NA,NA,NA,NA,NA,NA,NA,NA,NA,NA,NA,NA,NA,NA,NA,NA,NA,NA,NA,NA,NA,NA,NA,NA,NA,NA,NA,NA,NA,NA,NA,NA,NA
Mahe,18.1',IUD 380 A,5. Total Stock,NA,NA,NA,NA,NA,NA,NA,NA,NA,NA,NA,NA,NA,NA,NA,NA,NA,NA,NA,NA,NA,NA,NA,NA,NA,NA,NA,NA,NA,NA,NA,NA,NA,NA,NA,NA,NA,NA,NA,NA,NA,NA,NA,NA,NA,NA,NA,NA,NA,NA,NA,NA,NA,NA,NA,NA,NA,NA,NA,NA,NA,NA,NA,NA,NA
Mahe,'18.2',IUD 375 A,1. Balance From Previous Month,NA,NA,NA,NA,NA,NA,NA,NA,NA,NA,NA,NA,NA,NA,NA,NA,NA,NA,NA,NA,NA,NA,NA,NA,NA,NA,NA,NA,NA,NA,NA,NA,NA,NA,NA,NA,NA,NA,NA,NA,NA,NA,NA,NA,NA,NA,NA,NA,NA,NA,NA,NA,NA,NA,NA,NA,NA,NA,NA,NA,NA,NA,NA,NA,NA
Mahe,18.2',IUD 375 A,2. Stocks Received,NA,NA,NA,NA,NA,NA,NA,NA,NA,NA,NA,NA,NA,NA,NA,NA,NA,NA,NA,NA,NA,NA,NA,NA,NA,NA,NA,NA,NA,NA,NA,NA,NA,NA,NA,NA,NA,NA,NA,NA,NA,NA,NA,NA,NA,NA,NA,NA,NA,NA,NA,NA,NA,NA,NA,NA,NA,NA,NA,NA,NA,NA,NA,NA,NA
Mahe,18.2',IUD 375 A,3. Unusable Stock,NA,NA,NA,NA,NA,NA,NA,NA,NA,NA,NA,NA,NA,NA,NA,NA,NA,NA,NA,NA,NA,NA,NA,NA,NA,NA,NA,NA,NA,NA,NA,NA,NA,NA,NA,NA,NA,NA,NA,NA,NA,NA,NA,NA,NA,NA,NA,NA,NA,NA,NA,NA,NA,NA,NA,NA,NA,NA,NA,NA,NA,NA,NA,NA,NA
Mahe,18.2',IUD 375 A,4. Stock Distributed,NA,NA,NA,NA,NA,NA,NA,NA,NA,NA,NA,NA,NA,NA,NA,NA,NA,NA,NA,NA,NA,NA,NA,NA,NA,NA,NA,NA,NA,NA,NA,NA,NA,NA,NA,NA,NA,NA,NA,NA,NA,NA,NA,NA,NA,NA,NA,NA,NA,NA,NA,NA,NA,NA,NA,NA,NA,NA,NA,NA,NA,NA,NA,NA,NA
Mahe,18.2',IUD 375 A,5. Total Stock,NA,NA,NA,NA,NA,NA,NA,NA,NA,NA,NA,NA,NA,NA,NA,NA,NA,NA,NA,NA,NA,NA,NA,NA,NA,NA,NA,NA,NA,NA,NA,NA,NA,NA,NA,NA,NA,NA,NA,NA,NA,NA,NA,NA,NA,NA,NA,NA,NA,NA,NA,NA,NA,NA,NA,NA,NA,NA,NA,NA,NA,NA,NA,NA,NA
Mahe,'18.3',Condoms,1. Balance From Previous Month,NA,NA,NA,NA,NA,NA,NA,NA,NA,NA,NA,NA,NA,NA,NA,NA,NA,NA,NA,NA,NA,NA,NA,NA,NA,NA,NA,NA,NA,NA,NA,NA,NA,NA,NA,NA,NA,NA,NA,NA,NA,NA,NA,NA,NA,NA,NA,NA,NA,NA,NA,NA,NA,NA,NA,NA,NA,NA,NA,NA,NA,NA,NA,NA,NA
Mahe,18.3',Condoms,2. Stocks Received,NA,NA,NA,NA,NA,NA,NA,NA,NA,NA,NA,NA,NA,NA,NA,NA,NA,NA,NA,NA,NA,NA,NA,NA,NA,NA,NA,NA,NA,NA,NA,NA,NA,NA,NA,NA,NA,NA,NA,NA,NA,NA,NA,NA,NA,NA,NA,NA,NA,NA,NA,NA,NA,NA,NA,NA,NA,NA,NA,NA,NA,NA,NA,NA,NA
Mahe,18.3',Condoms,3. Unusable Stock,NA,NA,NA,NA,NA,NA,NA,NA,NA,NA,NA,NA,NA,NA,NA,NA,NA,NA,NA,NA,NA,NA,NA,NA,NA,NA,NA,NA,NA,NA,NA,NA,NA,NA,NA,NA,NA,NA,NA,NA,NA,NA,NA,NA,NA,NA,NA,NA,NA,NA,NA,NA,NA,NA,NA,NA,NA,NA,NA,NA,NA,NA,NA,NA,NA
Mahe,18.3',Condoms,4. Stock Distributed,NA,NA,NA,NA,NA,NA,NA,NA,NA,NA,NA,NA,NA,NA,NA,NA,NA,NA,NA,NA,NA,NA,NA,NA,NA,NA,NA,NA,NA,NA,NA,NA,NA,NA,NA,NA,NA,NA,NA,NA,NA,NA,NA,NA,NA,NA,NA,NA,NA,NA,NA,NA,NA,NA,NA,NA,NA,NA,NA,NA,NA,NA,NA,NA,NA
Mahe,18.3',Condoms,5. Total Stock,NA,NA,NA,NA,NA,NA,NA,NA,NA,NA,NA,NA,NA,NA,NA,NA,NA,NA,NA,NA,NA,NA,NA,NA,NA,NA,NA,NA,NA,NA,NA,NA,NA,NA,NA,NA,NA,NA,NA,NA,NA,NA,NA,NA,NA,NA,NA,NA,NA,NA,NA,NA,NA,NA,NA,NA,NA,NA,NA,NA,NA,NA,NA,NA,NA
Mahe,'18.4',Oral Contraceptive,1. Balance From Previous Month,NA,NA,NA,NA,NA,NA,NA,NA,NA,NA,NA,NA,NA,NA,NA,NA,NA,NA,NA,NA,NA,NA,NA,NA,NA,NA,NA,NA,NA,NA,NA,NA,NA,NA,NA,NA,NA,NA,NA,NA,NA,NA,NA,NA,NA,NA,NA,NA,NA,NA,NA,NA,NA,NA,NA,NA,NA,NA,NA,NA,NA,NA,NA,NA,NA
Mahe,18.4',Oral Contraceptive,2. Stocks Received,NA,NA,NA,NA,NA,NA,NA,NA,NA,NA,NA,NA,NA,NA,NA,NA,NA,NA,NA,NA,NA,NA,NA,NA,NA,NA,NA,NA,NA,NA,NA,NA,NA,NA,NA,NA,NA,NA,NA,NA,NA,NA,NA,NA,NA,NA,NA,NA,NA,NA,NA,NA,NA,NA,NA,NA,NA,NA,NA,NA,NA,NA,NA,NA,NA
Mahe,18.4',Oral Contraceptive,3. Unusable Stock,NA,NA,NA,NA,NA,NA,NA,NA,NA,NA,NA,NA,NA,NA,NA,NA,NA,NA,NA,NA,NA,NA,NA,NA,NA,NA,NA,NA,NA,NA,NA,NA,NA,NA,NA,NA,NA,NA,NA,NA,NA,NA,NA,NA,NA,NA,NA,NA,NA,NA,NA,NA,NA,NA,NA,NA,NA,NA,NA,NA,NA,NA,NA,NA,NA
Mahe,18.4',Oral Contraceptive,4. Stock Distributed,NA,NA,NA,NA,NA,NA,NA,NA,NA,NA,NA,NA,NA,NA,NA,NA,NA,NA,NA,NA,NA,NA,NA,NA,NA,NA,NA,NA,NA,NA,NA,NA,NA,NA,NA,NA,NA,NA,NA,NA,NA,NA,NA,NA,NA,NA,NA,NA,NA,NA,NA,NA,NA,NA,NA,NA,NA,NA,NA,NA,NA,NA,NA,NA,NA
Mahe,18.4',Oral Contraceptive,5. Total Stock,NA,NA,NA,NA,NA,NA,NA,NA,NA,NA,NA,NA,NA,NA,NA,NA,NA,NA,NA,NA,NA,NA,NA,NA,NA,NA,NA,NA,NA,NA,NA,NA,NA,NA,NA,NA,NA,NA,NA,NA,NA,NA,NA,NA,NA,NA,NA,NA,NA,NA,NA,NA,NA,NA,NA,NA,NA,NA,NA,NA,NA,NA,NA,NA,NA
Mahe,'18.5',Emergency Contraceptive Pills,1. Balance From Previous Month,NA,NA,NA,NA,NA,NA,NA,NA,NA,NA,NA,NA,NA,NA,NA,NA,NA,NA,NA,NA,NA,NA,NA,NA,NA,NA,NA,NA,NA,NA,NA,NA,NA,NA,NA,NA,NA,NA,NA,NA,NA,NA,NA,NA,NA,NA,NA,NA,NA,NA,NA,NA,NA,NA,NA,NA,NA,NA,NA,NA,NA,NA,NA,NA,NA
Mahe,18.5',Emergency Contraceptive Pills,2. Stocks Received,NA,NA,NA,NA,NA,NA,NA,NA,NA,NA,NA,NA,NA,NA,NA,NA,NA,NA,NA,NA,NA,NA,NA,NA,NA,NA,NA,NA,NA,NA,NA,NA,NA,NA,NA,NA,NA,NA,NA,NA,NA,NA,NA,NA,NA,NA,NA,NA,NA,NA,NA,NA,NA,NA,NA,NA,NA,NA,NA,NA,NA,NA,NA,NA,NA
Mahe,18.5',Emergency Contraceptive Pills,3. Unusable Stock,NA,NA,NA,NA,NA,NA,NA,NA,NA,NA,NA,NA,NA,NA,NA,NA,NA,NA,NA,NA,NA,NA,NA,NA,NA,NA,NA,NA,NA,NA,NA,NA,NA,NA,NA,NA,NA,NA,NA,NA,NA,NA,NA,NA,NA,NA,NA,NA,NA,NA,NA,NA,NA,NA,NA,NA,NA,NA,NA,NA,NA,NA,NA,NA,NA
Mahe,18.5',Emergency Contraceptive Pills,4. Stock Distributed,NA,NA,NA,NA,NA,NA,NA,NA,NA,NA,NA,NA,NA,NA,NA,NA,NA,NA,NA,NA,NA,NA,NA,NA,NA,NA,NA,NA,NA,NA,NA,NA,NA,NA,NA,NA,NA,NA,NA,NA,NA,NA,NA,NA,NA,NA,NA,NA,NA,NA,NA,NA,NA,NA,NA,NA,NA,NA,NA,NA,NA,NA,NA,NA,NA
Mahe,18.5',Emergency Contraceptive Pills,5. Total Stock,NA,NA,NA,NA,NA,NA,NA,NA,NA,NA,NA,NA,NA,NA,NA,NA,NA,NA,NA,NA,NA,NA,NA,NA,NA,NA,NA,NA,NA,NA,NA,NA,NA,NA,NA,NA,NA,NA,NA,NA,NA,NA,NA,NA,NA,NA,NA,NA,NA,NA,NA,NA,NA,NA,NA,NA,NA,NA,NA,NA,NA,NA,NA,NA,NA
Mahe,'18.6',Centchroman weekly pills,1. Balance From Previous Month,NA,NA,NA,NA,NA,NA,NA,NA,NA,NA,NA,NA,NA,NA,NA,NA,NA,NA,NA,NA,NA,NA,NA,NA,NA,NA,NA,NA,NA,NA,NA,NA,NA,NA,NA,NA,NA,NA,NA,NA,NA,NA,NA,NA,NA,NA,NA,NA,NA,NA,NA,NA,NA,NA,NA,NA,NA,NA,NA,NA,NA,NA,NA,NA,NA
Mahe,18.6',Centchroman weekly pills,2. Stocks Received,NA,NA,NA,NA,NA,NA,NA,NA,NA,NA,NA,NA,NA,NA,NA,NA,NA,NA,NA,NA,NA,NA,NA,NA,NA,NA,NA,NA,NA,NA,NA,NA,NA,NA,NA,NA,NA,NA,NA,NA,NA,NA,NA,NA,NA,NA,NA,NA,NA,NA,NA,NA,NA,NA,NA,NA,NA,NA,NA,NA,NA,NA,NA,NA,NA
Mahe,18.6',Centchroman weekly pills,3. Unusable Stock,NA,NA,NA,NA,NA,NA,NA,NA,NA,NA,NA,NA,NA,NA,NA,NA,NA,NA,NA,NA,NA,NA,NA,NA,NA,NA,NA,NA,NA,NA,NA,NA,NA,NA,NA,NA,NA,NA,NA,NA,NA,NA,NA,NA,NA,NA,NA,NA,NA,NA,NA,NA,NA,NA,NA,NA,NA,NA,NA,NA,NA,NA,NA,NA,NA
Mahe,18.6',Centchroman weekly pills,4. Stock Distributed,NA,NA,NA,NA,NA,NA,NA,NA,NA,NA,NA,NA,NA,NA,NA,NA,NA,NA,NA,NA,NA,NA,NA,NA,NA,NA,NA,NA,NA,NA,NA,NA,NA,NA,NA,NA,NA,NA,NA,NA,NA,NA,NA,NA,NA,NA,NA,NA,NA,NA,NA,NA,NA,NA,NA,NA,NA,NA,NA,NA,NA,NA,NA,NA,NA
Mahe,18.6',Centchroman weekly pills,5. Total Stock,NA,NA,NA,NA,NA,NA,NA,NA,NA,NA,NA,NA,NA,NA,NA,NA,NA,NA,NA,NA,NA,NA,NA,NA,NA,NA,NA,NA,NA,NA,NA,NA,NA,NA,NA,NA,NA,NA,NA,NA,NA,NA,NA,NA,NA,NA,NA,NA,NA,NA,NA,NA,NA,NA,NA,NA,NA,NA,NA,NA,NA,NA,NA,NA,NA
Mahe,'18.7',Injectable Contraceptive MPA (Vials),1. Balance From Previous Month,NA,NA,NA,NA,NA,NA,NA,NA,NA,NA,NA,NA,NA,NA,NA,NA,NA,NA,NA,NA,NA,NA,NA,NA,NA,NA,NA,NA,NA,NA,NA,NA,NA,NA,NA,NA,NA,NA,NA,NA,NA,NA,NA,NA,NA,NA,NA,NA,NA,NA,NA,NA,NA,NA,NA,NA,NA,NA,NA,NA,NA,NA,NA,NA,NA
Mahe,18.7',Injectable Contraceptive MPA (Vials),2. Stocks Received,NA,NA,NA,NA,NA,NA,NA,NA,NA,NA,NA,NA,NA,NA,NA,NA,NA,NA,NA,NA,NA,NA,NA,NA,NA,NA,NA,NA,NA,NA,NA,NA,NA,NA,NA,NA,NA,NA,NA,NA,NA,NA,NA,NA,NA,NA,NA,NA,NA,NA,NA,NA,NA,NA,NA,NA,NA,NA,NA,NA,NA,NA,NA,NA,NA
Mahe,18.7',Injectable Contraceptive MPA (Vials),3. Unusable Stock,NA,NA,NA,NA,NA,NA,NA,NA,NA,NA,NA,NA,NA,NA,NA,NA,NA,NA,NA,NA,NA,NA,NA,NA,NA,NA,NA,NA,NA,NA,NA,NA,NA,NA,NA,NA,NA,NA,NA,NA,NA,NA,NA,NA,NA,NA,NA,NA,NA,NA,NA,NA,NA,NA,NA,NA,NA,NA,NA,NA,NA,NA,NA,NA,NA
Mahe,18.7',Injectable Contraceptive MPA (Vials),4. Stock Distributed,NA,NA,NA,NA,NA,NA,NA,NA,NA,NA,NA,NA,NA,NA,NA,NA,NA,NA,NA,NA,NA,NA,NA,NA,NA,NA,NA,NA,NA,NA,NA,NA,NA,NA,NA,NA,NA,NA,NA,NA,NA,NA,NA,NA,NA,NA,NA,NA,NA,NA,NA,NA,NA,NA,NA,NA,NA,NA,NA,NA,NA,NA,NA,NA,NA
Mahe,18.7',Injectable Contraceptive MPA (Vials),5. Total Stock,NA,NA,NA,NA,NA,NA,NA,NA,NA,NA,NA,NA,NA,NA,NA,NA,NA,NA,NA,NA,NA,NA,NA,NA,NA,NA,NA,NA,NA,NA,NA,NA,NA,NA,NA,NA,NA,NA,NA,NA,NA,NA,NA,NA,NA,NA,NA,NA,NA,NA,NA,NA,NA,NA,NA,NA,NA,NA,NA,NA,NA,NA,NA,NA,NA
Mahe,'18.8',Tubal rings,1. Balance From Previous Month,NA,NA,NA,NA,NA,NA,NA,NA,NA,NA,NA,NA,NA,NA,NA,NA,NA,NA,NA,NA,NA,NA,NA,NA,NA,NA,NA,NA,NA,NA,NA,NA,NA,NA,NA,NA,NA,NA,NA,NA,NA,NA,NA,NA,NA,NA,NA,NA,NA,NA,NA,NA,NA,NA,NA,NA,NA,NA,NA,NA,NA,NA,NA,NA,NA
Mahe,18.8',Tubal rings,2. Stocks Received,NA,NA,NA,NA,NA,NA,NA,NA,NA,NA,NA,NA,NA,NA,NA,NA,NA,NA,NA,NA,NA,NA,NA,NA,NA,NA,NA,NA,NA,NA,NA,NA,NA,NA,NA,NA,NA,NA,NA,NA,NA,NA,NA,NA,NA,NA,NA,NA,NA,NA,NA,NA,NA,NA,NA,NA,NA,NA,NA,NA,NA,NA,NA,NA,NA
Mahe,18.8',Tubal rings,3. Unusable Stock,NA,NA,NA,NA,NA,NA,NA,NA,NA,NA,NA,NA,NA,NA,NA,NA,NA,NA,NA,NA,NA,NA,NA,NA,NA,NA,NA,NA,NA,NA,NA,NA,NA,NA,NA,NA,NA,NA,NA,NA,NA,NA,NA,NA,NA,NA,NA,NA,NA,NA,NA,NA,NA,NA,NA,NA,NA,NA,NA,NA,NA,NA,NA,NA,NA
Mahe,18.8',Tubal rings,4. Stock Distributed,NA,NA,NA,NA,NA,NA,NA,NA,NA,NA,NA,NA,NA,NA,NA,NA,NA,NA,NA,NA,NA,NA,NA,NA,NA,NA,NA,NA,NA,NA,NA,NA,NA,NA,NA,NA,NA,NA,NA,NA,NA,NA,NA,NA,NA,NA,NA,NA,NA,NA,NA,NA,NA,NA,NA,NA,NA,NA,NA,NA,NA,NA,NA,NA,NA
Mahe,18.8',Tubal rings,5. Total Stock,NA,NA,NA,NA,NA,NA,NA,NA,NA,NA,NA,NA,NA,NA,NA,NA,NA,NA,NA,NA,NA,NA,NA,NA,NA,NA,NA,NA,NA,NA,NA,NA,NA,NA,NA,NA,NA,NA,NA,NA,NA,NA,NA,NA,NA,NA,NA,NA,NA,NA,NA,NA,NA,NA,NA,NA,NA,NA,NA,NA,NA,NA,NA,NA,NA
Mahe,'18.9',Pregnancy testing Kits (Nischay Kits),1. Balance From Previous Month,NA,NA,NA,NA,NA,NA,NA,NA,NA,NA,NA,NA,NA,NA,NA,NA,NA,NA,NA,NA,NA,NA,NA,NA,NA,NA,NA,NA,NA,NA,NA,NA,NA,NA,NA,NA,NA,NA,NA,NA,NA,NA,NA,NA,NA,NA,NA,NA,NA,NA,NA,NA,NA,NA,NA,NA,NA,NA,NA,NA,NA,NA,NA,NA,NA
Mahe,18.9',Pregnancy testing Kits (Nischay Kits),2. Stocks Received,NA,NA,NA,NA,NA,NA,NA,NA,NA,NA,NA,NA,NA,NA,NA,NA,NA,NA,NA,NA,NA,NA,NA,NA,NA,NA,NA,NA,NA,NA,NA,NA,NA,NA,NA,NA,NA,NA,NA,NA,NA,NA,NA,NA,NA,NA,NA,NA,NA,NA,NA,NA,NA,NA,NA,NA,NA,NA,NA,NA,NA,NA,NA,NA,NA
Mahe,18.9',Pregnancy testing Kits (Nischay Kits),3. Unusable Stock,NA,NA,NA,NA,NA,NA,NA,NA,NA,NA,NA,NA,NA,NA,NA,NA,NA,NA,NA,NA,NA,NA,NA,NA,NA,NA,NA,NA,NA,NA,NA,NA,NA,NA,NA,NA,NA,NA,NA,NA,NA,NA,NA,NA,NA,NA,NA,NA,NA,NA,NA,NA,NA,NA,NA,NA,NA,NA,NA,NA,NA,NA,NA,NA,NA
Mahe,18.9',Pregnancy testing Kits (Nischay Kits),4. Stock Distributed,NA,NA,NA,NA,NA,NA,NA,NA,NA,NA,NA,NA,NA,NA,NA,NA,NA,NA,NA,NA,NA,NA,NA,NA,NA,NA,NA,NA,NA,NA,NA,NA,NA,NA,NA,NA,NA,NA,NA,NA,NA,NA,NA,NA,NA,NA,NA,NA,NA,NA,NA,NA,NA,NA,NA,NA,NA,NA,NA,NA,NA,NA,NA,NA,NA
Mahe,18.9',Pregnancy testing Kits (Nischay Kits),5. Total Stock,NA,NA,NA,NA,NA,NA,NA,NA,NA,NA,NA,NA,NA,NA,NA,NA,NA,NA,NA,NA,NA,NA,NA,NA,NA,NA,NA,NA,NA,NA,NA,NA,NA,NA,NA,NA,NA,NA,NA,NA,NA,NA,NA,NA,NA,NA,NA,NA,NA,NA,NA,NA,NA,NA,NA,NA,NA,NA,NA,NA,NA,NA,NA,NA,NA
Mahe,'19.1',Gloves,1. Balance From Previous Month,NA,NA,NA,NA,NA,NA,NA,NA,NA,NA,NA,NA,NA,NA,NA,NA,NA,NA,NA,NA,NA,NA,NA,NA,NA,NA,NA,NA,NA,NA,NA,NA,NA,NA,NA,NA,NA,NA,NA,NA,NA,NA,NA,NA,NA,NA,NA,NA,NA,NA,NA,NA,NA,NA,NA,NA,NA,NA,NA,NA,NA,NA,NA,NA,NA
Mahe,19.1',Gloves,2. Stocks Received,NA,NA,NA,NA,NA,NA,NA,NA,NA,NA,NA,NA,NA,NA,NA,NA,NA,NA,NA,NA,NA,NA,NA,NA,NA,NA,NA,NA,NA,NA,NA,NA,NA,NA,NA,NA,NA,NA,NA,NA,NA,NA,NA,NA,NA,NA,NA,NA,NA,NA,NA,NA,NA,NA,NA,NA,NA,NA,NA,NA,NA,NA,NA,NA,NA
Mahe,19.1',Gloves,3. Unusable Stock,NA,NA,NA,NA,NA,NA,NA,NA,NA,NA,NA,NA,NA,NA,NA,NA,NA,NA,NA,NA,NA,NA,NA,NA,NA,NA,NA,NA,NA,NA,NA,NA,NA,NA,NA,NA,NA,NA,NA,NA,NA,NA,NA,NA,NA,NA,NA,NA,NA,NA,NA,NA,NA,NA,NA,NA,NA,NA,NA,NA,NA,NA,NA,NA,NA
Mahe,19.1',Gloves,4. Stock Distributed,NA,NA,NA,NA,NA,NA,NA,NA,NA,NA,NA,NA,NA,NA,NA,NA,NA,NA,NA,NA,NA,NA,NA,NA,NA,NA,NA,NA,NA,NA,NA,NA,NA,NA,NA,NA,NA,NA,NA,NA,NA,NA,NA,NA,NA,NA,NA,NA,NA,NA,NA,NA,NA,NA,NA,NA,NA,NA,NA,NA,NA,NA,NA,NA,NA
Mahe,19.1',Gloves,5. Total Stock,NA,NA,NA,NA,NA,NA,NA,NA,NA,NA,NA,NA,NA,NA,NA,NA,NA,NA,NA,NA,NA,NA,NA,NA,NA,NA,NA,NA,NA,NA,NA,NA,NA,NA,NA,NA,NA,NA,NA,NA,NA,NA,NA,NA,NA,NA,NA,NA,NA,NA,NA,NA,NA,NA,NA,NA,NA,NA,NA,NA,NA,NA,NA,NA,NA
Mahe,'19.2',MVA Syringes,1. Balance From Previous Month,NA,NA,NA,NA,NA,NA,NA,NA,NA,NA,NA,NA,NA,NA,NA,NA,NA,NA,NA,NA,NA,NA,NA,NA,NA,NA,NA,NA,NA,NA,NA,NA,NA,NA,NA,NA,NA,NA,NA,NA,NA,NA,NA,NA,NA,NA,NA,NA,NA,NA,NA,NA,NA,NA,NA,NA,NA,NA,NA,NA,NA,NA,NA,NA,NA
Mahe,19.2',MVA Syringes,2. Stocks Received,NA,NA,NA,NA,NA,NA,NA,NA,NA,NA,NA,NA,NA,NA,NA,NA,NA,NA,NA,NA,NA,NA,NA,NA,NA,NA,NA,NA,NA,NA,NA,NA,NA,NA,NA,NA,NA,NA,NA,NA,NA,NA,NA,NA,NA,NA,NA,NA,NA,NA,NA,NA,NA,NA,NA,NA,NA,NA,NA,NA,NA,NA,NA,NA,NA
Mahe,19.2',MVA Syringes,3. Unusable Stock,NA,NA,NA,NA,NA,NA,NA,NA,NA,NA,NA,NA,NA,NA,NA,NA,NA,NA,NA,NA,NA,NA,NA,NA,NA,NA,NA,NA,NA,NA,NA,NA,NA,NA,NA,NA,NA,NA,NA,NA,NA,NA,NA,NA,NA,NA,NA,NA,NA,NA,NA,NA,NA,NA,NA,NA,NA,NA,NA,NA,NA,NA,NA,NA,NA
Mahe,19.2',MVA Syringes,4. Stock Distributed,NA,NA,NA,NA,NA,NA,NA,NA,NA,NA,NA,NA,NA,NA,NA,NA,NA,NA,NA,NA,NA,NA,NA,NA,NA,NA,NA,NA,NA,NA,NA,NA,NA,NA,NA,NA,NA,NA,NA,NA,NA,NA,NA,NA,NA,NA,NA,NA,NA,NA,NA,NA,NA,NA,NA,NA,NA,NA,NA,NA,NA,NA,NA,NA,NA
Mahe,19.2',MVA Syringes,5. Total Stock,NA,NA,NA,NA,NA,NA,NA,NA,NA,NA,NA,NA,NA,NA,NA,NA,NA,NA,NA,NA,NA,NA,NA,NA,NA,NA,NA,NA,NA,NA,NA,NA,NA,NA,NA,NA,NA,NA,NA,NA,NA,NA,NA,NA,NA,NA,NA,NA,NA,NA,NA,NA,NA,NA,NA,NA,NA,NA,NA,NA,NA,NA,NA,NA,NA
Mahe,'19.3',Tab. Fluconazole,1. Balance From Previous Month,NA,NA,NA,NA,NA,NA,NA,NA,NA,NA,NA,NA,NA,NA,NA,NA,NA,NA,NA,NA,NA,NA,NA,NA,NA,NA,NA,NA,NA,NA,NA,NA,NA,NA,NA,NA,NA,NA,NA,NA,NA,NA,NA,NA,NA,NA,NA,NA,NA,NA,NA,NA,NA,NA,NA,NA,NA,NA,NA,NA,NA,NA,NA,NA,NA
Mahe,19.3',Tab. Fluconazole,2. Stocks Received,NA,NA,NA,NA,NA,NA,NA,NA,NA,NA,NA,NA,NA,NA,NA,NA,NA,NA,NA,NA,NA,NA,NA,NA,NA,NA,NA,NA,NA,NA,NA,NA,NA,NA,NA,NA,NA,NA,NA,NA,NA,NA,NA,NA,NA,NA,NA,NA,NA,NA,NA,NA,NA,NA,NA,NA,NA,NA,NA,NA,NA,NA,NA,NA,NA
Mahe,19.3',Tab. Fluconazole,3. Unusable Stock,NA,NA,NA,NA,NA,NA,NA,NA,NA,NA,NA,NA,NA,NA,NA,NA,NA,NA,NA,NA,NA,NA,NA,NA,NA,NA,NA,NA,NA,NA,NA,NA,NA,NA,NA,NA,NA,NA,NA,NA,NA,NA,NA,NA,NA,NA,NA,NA,NA,NA,NA,NA,NA,NA,NA,NA,NA,NA,NA,NA,NA,NA,NA,NA,NA
Mahe,19.3',Tab. Fluconazole,4. Stock Distributed,NA,NA,NA,NA,NA,NA,NA,NA,NA,NA,NA,NA,NA,NA,NA,NA,NA,NA,NA,NA,NA,NA,NA,NA,NA,NA,NA,NA,NA,NA,NA,NA,NA,NA,NA,NA,NA,NA,NA,NA,NA,NA,NA,NA,NA,NA,NA,NA,NA,NA,NA,NA,NA,NA,NA,NA,NA,NA,NA,NA,NA,NA,NA,NA,NA
Mahe,19.3',Tab. Fluconazole,5. Total Stock,NA,NA,NA,NA,NA,NA,NA,NA,NA,NA,NA,NA,NA,NA,NA,NA,NA,NA,NA,NA,NA,NA,NA,NA,NA,NA,NA,NA,NA,NA,NA,NA,NA,NA,NA,NA,NA,NA,NA,NA,NA,NA,NA,NA,NA,NA,NA,NA,NA,NA,NA,NA,NA,NA,NA,NA,NA,NA,NA,NA,NA,NA,NA,NA,NA
Mahe,'19.4',Blood Transfusion sets,1. Balance From Previous Month,NA,NA,NA,NA,NA,NA,NA,NA,NA,NA,NA,NA,NA,NA,NA,NA,NA,NA,NA,NA,NA,NA,NA,NA,NA,NA,NA,NA,NA,NA,NA,NA,NA,NA,NA,NA,NA,NA,NA,NA,NA,NA,NA,NA,NA,NA,NA,NA,NA,NA,NA,NA,NA,NA,NA,NA,NA,NA,NA,NA,NA,NA,NA,NA,NA
Mahe,19.4',Blood Transfusion sets,2. Stocks Received,NA,NA,NA,NA,NA,NA,NA,NA,NA,NA,NA,NA,NA,NA,NA,NA,NA,NA,NA,NA,NA,NA,NA,NA,NA,NA,NA,NA,NA,NA,NA,NA,NA,NA,NA,NA,NA,NA,NA,NA,NA,NA,NA,NA,NA,NA,NA,NA,NA,NA,NA,NA,NA,NA,NA,NA,NA,NA,NA,NA,NA,NA,NA,NA,NA
Mahe,19.4',Blood Transfusion sets,3. Unusable Stock,NA,NA,NA,NA,NA,NA,NA,NA,NA,NA,NA,NA,NA,NA,NA,NA,NA,NA,NA,NA,NA,NA,NA,NA,NA,NA,NA,NA,NA,NA,NA,NA,NA,NA,NA,NA,NA,NA,NA,NA,NA,NA,NA,NA,NA,NA,NA,NA,NA,NA,NA,NA,NA,NA,NA,NA,NA,NA,NA,NA,NA,NA,NA,NA,NA
Mahe,19.4',Blood Transfusion sets,4. Stock Distributed,NA,NA,NA,NA,NA,NA,NA,NA,NA,NA,NA,NA,NA,NA,NA,NA,NA,NA,NA,NA,NA,NA,NA,NA,NA,NA,NA,NA,NA,NA,NA,NA,NA,NA,NA,NA,NA,NA,NA,NA,NA,NA,NA,NA,NA,NA,NA,NA,NA,NA,NA,NA,NA,NA,NA,NA,NA,NA,NA,NA,NA,NA,NA,NA,NA
Mahe,19.4',Blood Transfusion sets,5. Total Stock,NA,NA,NA,NA,NA,NA,NA,NA,NA,NA,NA,NA,NA,NA,NA,NA,NA,NA,NA,NA,NA,NA,NA,NA,NA,NA,NA,NA,NA,NA,NA,NA,NA,NA,NA,NA,NA,NA,NA,NA,NA,NA,NA,NA,NA,NA,NA,NA,NA,NA,NA,NA,NA,NA,NA,NA,NA,NA,NA,NA,NA,NA,NA,NA,NA
Mahe,'19.5',Gluteraldehyde 2%,1. Balance From Previous Month,NA,NA,NA,NA,NA,NA,NA,NA,NA,NA,NA,NA,NA,NA,NA,NA,NA,NA,NA,NA,NA,NA,NA,NA,NA,NA,NA,NA,NA,NA,NA,NA,NA,NA,NA,NA,NA,NA,NA,NA,NA,NA,NA,NA,NA,NA,NA,NA,NA,NA,NA,NA,NA,NA,NA,NA,NA,NA,NA,NA,NA,NA,NA,NA,NA
Mahe,19.5',Gluteraldehyde 2%,2. Stocks Received,NA,NA,NA,NA,NA,NA,NA,NA,NA,NA,NA,NA,NA,NA,NA,NA,NA,NA,NA,NA,NA,NA,NA,NA,NA,NA,NA,NA,NA,NA,NA,NA,NA,NA,NA,NA,NA,NA,NA,NA,NA,NA,NA,NA,NA,NA,NA,NA,NA,NA,NA,NA,NA,NA,NA,NA,NA,NA,NA,NA,NA,NA,NA,NA,NA
Mahe,19.5',Gluteraldehyde 2%,3. Unusable Stock,NA,NA,NA,NA,NA,NA,NA,NA,NA,NA,NA,NA,NA,NA,NA,NA,NA,NA,NA,NA,NA,NA,NA,NA,NA,NA,NA,NA,NA,NA,NA,NA,NA,NA,NA,NA,NA,NA,NA,NA,NA,NA,NA,NA,NA,NA,NA,NA,NA,NA,NA,NA,NA,NA,NA,NA,NA,NA,NA,NA,NA,NA,NA,NA,NA
Mahe,19.5',Gluteraldehyde 2%,4. Stock Distributed,NA,NA,NA,NA,NA,NA,NA,NA,NA,NA,NA,NA,NA,NA,NA,NA,NA,NA,NA,NA,NA,NA,NA,NA,NA,NA,NA,NA,NA,NA,NA,NA,NA,NA,NA,NA,NA,NA,NA,NA,NA,NA,NA,NA,NA,NA,NA,NA,NA,NA,NA,NA,NA,NA,NA,NA,NA,NA,NA,NA,NA,NA,NA,NA,NA
Mahe,19.5',Gluteraldehyde 2%,5. Total Stock,NA,NA,NA,NA,NA,NA,NA,NA,NA,NA,NA,NA,NA,NA,NA,NA,NA,NA,NA,NA,NA,NA,NA,NA,NA,NA,NA,NA,NA,NA,NA,NA,NA,NA,NA,NA,NA,NA,NA,NA,NA,NA,NA,NA,NA,NA,NA,NA,NA,NA,NA,NA,NA,NA,NA,NA,NA,NA,NA,NA,NA,NA,NA,NA,NA
Mahe,'19.6',IFA tablets ( Adult),1. Balance From Previous Month,NA,NA,NA,NA,NA,NA,NA,NA,NA,NA,NA,NA,NA,NA,NA,NA,NA,NA,NA,NA,NA,NA,NA,NA,NA,NA,NA,NA,NA,NA,NA,NA,NA,NA,NA,NA,NA,NA,NA,NA,NA,NA,NA,NA,NA,NA,NA,NA,NA,NA,NA,NA,NA,NA,NA,NA,NA,NA,NA,NA,NA,NA,NA,NA,NA
Mahe,19.6',IFA tablets ( Adult),2. Stocks Received,NA,NA,NA,NA,NA,NA,NA,NA,NA,NA,NA,NA,NA,NA,NA,NA,NA,NA,NA,NA,NA,NA,NA,NA,NA,NA,NA,NA,NA,NA,NA,NA,NA,NA,NA,NA,NA,NA,NA,NA,NA,NA,NA,NA,NA,NA,NA,NA,NA,NA,NA,NA,NA,NA,NA,NA,NA,NA,NA,NA,NA,NA,NA,NA,NA
Mahe,19.6',IFA tablets ( Adult),3. Unusable Stock,NA,NA,NA,NA,NA,NA,NA,NA,NA,NA,NA,NA,NA,NA,NA,NA,NA,NA,NA,NA,NA,NA,NA,NA,NA,NA,NA,NA,NA,NA,NA,NA,NA,NA,NA,NA,NA,NA,NA,NA,NA,NA,NA,NA,NA,NA,NA,NA,NA,NA,NA,NA,NA,NA,NA,NA,NA,NA,NA,NA,NA,NA,NA,NA,NA
Mahe,19.6',IFA tablets ( Adult),4. Stock Distributed,NA,NA,NA,NA,NA,NA,NA,NA,NA,NA,NA,NA,NA,NA,NA,NA,NA,NA,NA,NA,NA,NA,NA,NA,NA,NA,NA,NA,NA,NA,NA,NA,NA,NA,NA,NA,NA,NA,NA,NA,NA,NA,NA,NA,NA,NA,NA,NA,NA,NA,NA,NA,NA,NA,NA,NA,NA,NA,NA,NA,NA,NA,NA,NA,NA
Mahe,19.6',IFA tablets ( Adult),5. Total Stock,NA,NA,NA,NA,NA,NA,NA,NA,NA,NA,NA,NA,NA,NA,NA,NA,NA,NA,NA,NA,NA,NA,NA,NA,NA,NA,NA,NA,NA,NA,NA,NA,NA,NA,NA,NA,NA,NA,NA,NA,NA,NA,NA,NA,NA,NA,NA,NA,NA,NA,NA,NA,NA,NA,NA,NA,NA,NA,NA,NA,NA,NA,NA,NA,NA
Mahe,'19.7',IFA - Blue ( Adolescent 10-19 yrs),1. Balance From Previous Month,NA,NA,NA,NA,NA,NA,NA,NA,NA,NA,NA,NA,NA,NA,NA,NA,NA,NA,NA,NA,NA,NA,NA,NA,NA,NA,NA,NA,NA,NA,NA,NA,NA,NA,NA,NA,NA,NA,NA,NA,NA,NA,NA,NA,NA,NA,NA,NA,NA,NA,NA,NA,NA,NA,NA,NA,NA,NA,NA,NA,NA,NA,NA,NA,NA
Mahe,19.7',IFA - Blue ( Adolescent 10-19 yrs),2. Stocks Received,NA,NA,NA,NA,NA,NA,NA,NA,NA,NA,NA,NA,NA,NA,NA,NA,NA,NA,NA,NA,NA,NA,NA,NA,NA,NA,NA,NA,NA,NA,NA,NA,NA,NA,NA,NA,NA,NA,NA,NA,NA,NA,NA,NA,NA,NA,NA,NA,NA,NA,NA,NA,NA,NA,NA,NA,NA,NA,NA,NA,NA,NA,NA,NA,NA
Mahe,19.7',IFA - Blue ( Adolescent 10-19 yrs),3. Unusable Stock,NA,NA,NA,NA,NA,NA,NA,NA,NA,NA,NA,NA,NA,NA,NA,NA,NA,NA,NA,NA,NA,NA,NA,NA,NA,NA,NA,NA,NA,NA,NA,NA,NA,NA,NA,NA,NA,NA,NA,NA,NA,NA,NA,NA,NA,NA,NA,NA,NA,NA,NA,NA,NA,NA,NA,NA,NA,NA,NA,NA,NA,NA,NA,NA,NA
Mahe,19.7',IFA - Blue ( Adolescent 10-19 yrs),4. Stock Distributed,NA,NA,NA,NA,NA,NA,NA,NA,NA,NA,NA,NA,NA,NA,NA,NA,NA,NA,NA,NA,NA,NA,NA,NA,NA,NA,NA,NA,NA,NA,NA,NA,NA,NA,NA,NA,NA,NA,NA,NA,NA,NA,NA,NA,NA,NA,NA,NA,NA,NA,NA,NA,NA,NA,NA,NA,NA,NA,NA,NA,NA,NA,NA,NA,NA
Mahe,19.7',IFA - Blue ( Adolescent 10-19 yrs),5. Total Stock,NA,NA,NA,NA,NA,NA,NA,NA,NA,NA,NA,NA,NA,NA,NA,NA,NA,NA,NA,NA,NA,NA,NA,NA,NA,NA,NA,NA,NA,NA,NA,NA,NA,NA,NA,NA,NA,NA,NA,NA,NA,NA,NA,NA,NA,NA,NA,NA,NA,NA,NA,NA,NA,NA,NA,NA,NA,NA,NA,NA,NA,NA,NA,NA,NA
Mahe,'19.8',IFA- Pink ( Junior 6-10 yrs),1. Balance From Previous Month,NA,NA,NA,NA,NA,NA,NA,NA,NA,NA,NA,NA,NA,NA,NA,NA,NA,NA,NA,NA,NA,NA,NA,NA,NA,NA,NA,NA,NA,NA,NA,NA,NA,NA,NA,NA,NA,NA,NA,NA,NA,NA,NA,NA,NA,NA,NA,NA,NA,NA,NA,NA,NA,NA,NA,NA,NA,NA,NA,NA,NA,NA,NA,NA,NA
Mahe,19.8',IFA- Pink ( Junior 6-10 yrs),2. Stocks Received,NA,NA,NA,NA,NA,NA,NA,NA,NA,NA,NA,NA,NA,NA,NA,NA,NA,NA,NA,NA,NA,NA,NA,NA,NA,NA,NA,NA,NA,NA,NA,NA,NA,NA,NA,NA,NA,NA,NA,NA,NA,NA,NA,NA,NA,NA,NA,NA,NA,NA,NA,NA,NA,NA,NA,NA,NA,NA,NA,NA,NA,NA,NA,NA,NA
Mahe,19.8',IFA- Pink ( Junior 6-10 yrs),3. Unusable Stock,NA,NA,NA,NA,NA,NA,NA,NA,NA,NA,NA,NA,NA,NA,NA,NA,NA,NA,NA,NA,NA,NA,NA,NA,NA,NA,NA,NA,NA,NA,NA,NA,NA,NA,NA,NA,NA,NA,NA,NA,NA,NA,NA,NA,NA,NA,NA,NA,NA,NA,NA,NA,NA,NA,NA,NA,NA,NA,NA,NA,NA,NA,NA,NA,NA
Mahe,19.8',IFA- Pink ( Junior 6-10 yrs),4. Stock Distributed,NA,NA,NA,NA,NA,NA,NA,NA,NA,NA,NA,NA,NA,NA,NA,NA,NA,NA,NA,NA,NA,NA,NA,NA,NA,NA,NA,NA,NA,NA,NA,NA,NA,NA,NA,NA,NA,NA,NA,NA,NA,NA,NA,NA,NA,NA,NA,NA,NA,NA,NA,NA,NA,NA,NA,NA,NA,NA,NA,NA,NA,NA,NA,NA,NA
Mahe,19.8',IFA- Pink ( Junior 6-10 yrs),5. Total Stock,NA,NA,NA,NA,NA,NA,NA,NA,NA,NA,NA,NA,NA,NA,NA,NA,NA,NA,NA,NA,NA,NA,NA,NA,NA,NA,NA,NA,NA,NA,NA,NA,NA,NA,NA,NA,NA,NA,NA,NA,NA,NA,NA,NA,NA,NA,NA,NA,NA,NA,NA,NA,NA,NA,NA,NA,NA,NA,NA,NA,NA,NA,NA,NA,NA
Mahe,'19.9',IFA Syrup (Paediatric),1. Balance From Previous Month,NA,NA,NA,NA,NA,NA,NA,NA,NA,NA,NA,NA,NA,NA,NA,NA,NA,NA,NA,NA,NA,NA,NA,NA,NA,NA,NA,NA,NA,NA,NA,NA,NA,NA,NA,NA,NA,NA,NA,NA,NA,NA,NA,NA,NA,NA,NA,NA,NA,NA,NA,NA,NA,NA,NA,NA,NA,NA,NA,NA,NA,NA,NA,NA,NA
Mahe,19.9',IFA Syrup (Paediatric),2. Stocks Received,NA,NA,NA,NA,NA,NA,NA,NA,NA,NA,NA,NA,NA,NA,NA,NA,NA,NA,NA,NA,NA,NA,NA,NA,NA,NA,NA,NA,NA,NA,NA,NA,NA,NA,NA,NA,NA,NA,NA,NA,NA,NA,NA,NA,NA,NA,NA,NA,NA,NA,NA,NA,NA,NA,NA,NA,NA,NA,NA,NA,NA,NA,NA,NA,NA
Mahe,19.9',IFA Syrup (Paediatric),3. Unusable Stock,NA,NA,NA,NA,NA,NA,NA,NA,NA,NA,NA,NA,NA,NA,NA,NA,NA,NA,NA,NA,NA,NA,NA,NA,NA,NA,NA,NA,NA,NA,NA,NA,NA,NA,NA,NA,NA,NA,NA,NA,NA,NA,NA,NA,NA,NA,NA,NA,NA,NA,NA,NA,NA,NA,NA,NA,NA,NA,NA,NA,NA,NA,NA,NA,NA
Mahe,19.9',IFA Syrup (Paediatric),4. Stock Distributed,NA,NA,NA,NA,NA,NA,NA,NA,NA,NA,NA,NA,NA,NA,NA,NA,NA,NA,NA,NA,NA,NA,NA,NA,NA,NA,NA,NA,NA,NA,NA,NA,NA,NA,NA,NA,NA,NA,NA,NA,NA,NA,NA,NA,NA,NA,NA,NA,NA,NA,NA,NA,NA,NA,NA,NA,NA,NA,NA,NA,NA,NA,NA,NA,NA
Mahe,19.9',IFA Syrup (Paediatric),5. Total Stock,NA,NA,NA,NA,NA,NA,NA,NA,NA,NA,NA,NA,NA,NA,NA,NA,NA,NA,NA,NA,NA,NA,NA,NA,NA,NA,NA,NA,NA,NA,NA,NA,NA,NA,NA,NA,NA,NA,NA,NA,NA,NA,NA,NA,NA,NA,NA,NA,NA,NA,NA,NA,NA,NA,NA,NA,NA,NA,NA,NA,NA,NA,NA,NA,NA
Mahe,'19.10',Paediatrics Antibiotics ( Amoxycillin and Injectable Gentamicin),1. Balance From Previous Month,NA,NA,NA,NA,NA,NA,NA,NA,NA,NA,NA,NA,NA,NA,NA,NA,NA,NA,NA,NA,NA,NA,NA,NA,NA,NA,NA,NA,NA,NA,NA,NA,NA,NA,NA,NA,NA,NA,NA,NA,NA,NA,NA,NA,NA,NA,NA,NA,NA,NA,NA,NA,NA,NA,NA,NA,NA,NA,NA,NA,NA,NA,NA,NA,NA
Mahe,19.10',Paediatrics Antibiotics ( Amoxycillin and Injectable Gentamicin),2. Stocks Received,NA,NA,NA,NA,NA,NA,NA,NA,NA,NA,NA,NA,NA,NA,NA,NA,NA,NA,NA,NA,NA,NA,NA,NA,NA,NA,NA,NA,NA,NA,NA,NA,NA,NA,NA,NA,NA,NA,NA,NA,NA,NA,NA,NA,NA,NA,NA,NA,NA,NA,NA,NA,NA,NA,NA,NA,NA,NA,NA,NA,NA,NA,NA,NA,NA
Mahe,19.10',Paediatrics Antibiotics ( Amoxycillin and Injectable Gentamicin),3. Unusable Stock,NA,NA,NA,NA,NA,NA,NA,NA,NA,NA,NA,NA,NA,NA,NA,NA,NA,NA,NA,NA,NA,NA,NA,NA,NA,NA,NA,NA,NA,NA,NA,NA,NA,NA,NA,NA,NA,NA,NA,NA,NA,NA,NA,NA,NA,NA,NA,NA,NA,NA,NA,NA,NA,NA,NA,NA,NA,NA,NA,NA,NA,NA,NA,NA,NA
Mahe,19.10',Paediatrics Antibiotics ( Amoxycillin and Injectable Gentamicin),4. Stock Distributed,NA,NA,NA,NA,NA,NA,NA,NA,NA,NA,NA,NA,NA,NA,NA,NA,NA,NA,NA,NA,NA,NA,NA,NA,NA,NA,NA,NA,NA,NA,NA,NA,NA,NA,NA,NA,NA,NA,NA,NA,NA,NA,NA,NA,NA,NA,NA,NA,NA,NA,NA,NA,NA,NA,NA,NA,NA,NA,NA,NA,NA,NA,NA,NA,NA
Mahe,19.10',Paediatrics Antibiotics ( Amoxycillin and Injectable Gentamicin),5. Total Stock,NA,NA,NA,NA,NA,NA,NA,NA,NA,NA,NA,NA,NA,NA,NA,NA,NA,NA,NA,NA,NA,NA,NA,NA,NA,NA,NA,NA,NA,NA,NA,NA,NA,NA,NA,NA,NA,NA,NA,NA,NA,NA,NA,NA,NA,NA,NA,NA,NA,NA,NA,NA,NA,NA,NA,NA,NA,NA,NA,NA,NA,NA,NA,NA,NA
Mahe,'19.11',Vit A syrup,1. Balance From Previous Month,NA,NA,NA,NA,NA,NA,NA,NA,NA,NA,NA,NA,NA,NA,NA,NA,NA,NA,NA,NA,NA,NA,NA,NA,NA,NA,NA,NA,NA,NA,NA,NA,NA,NA,NA,NA,NA,NA,NA,NA,NA,NA,NA,NA,NA,NA,NA,NA,NA,NA,NA,NA,NA,NA,NA,NA,NA,NA,NA,NA,NA,NA,NA,NA,NA
Mahe,19.11',Vit A syrup,2. Stocks Received,NA,NA,NA,NA,NA,NA,NA,NA,NA,NA,NA,NA,NA,NA,NA,NA,NA,NA,NA,NA,NA,NA,NA,NA,NA,NA,NA,NA,NA,NA,NA,NA,NA,NA,NA,NA,NA,NA,NA,NA,NA,NA,NA,NA,NA,NA,NA,NA,NA,NA,NA,NA,NA,NA,NA,NA,NA,NA,NA,NA,NA,NA,NA,NA,NA
Mahe,19.11',Vit A syrup,3. Unusable Stock,NA,NA,NA,NA,NA,NA,NA,NA,NA,NA,NA,NA,NA,NA,NA,NA,NA,NA,NA,NA,NA,NA,NA,NA,NA,NA,NA,NA,NA,NA,NA,NA,NA,NA,NA,NA,NA,NA,NA,NA,NA,NA,NA,NA,NA,NA,NA,NA,NA,NA,NA,NA,NA,NA,NA,NA,NA,NA,NA,NA,NA,NA,NA,NA,NA
Mahe,19.11',Vit A syrup,4. Stock Distributed,NA,NA,NA,NA,NA,NA,NA,NA,NA,NA,NA,NA,NA,NA,NA,NA,NA,NA,NA,NA,NA,NA,NA,NA,NA,NA,NA,NA,NA,NA,NA,NA,NA,NA,NA,NA,NA,NA,NA,NA,NA,NA,NA,NA,NA,NA,NA,NA,NA,NA,NA,NA,NA,NA,NA,NA,NA,NA,NA,NA,NA,NA,NA,NA,NA
Mahe,19.11',Vit A syrup,5. Total Stock,NA,NA,NA,NA,NA,NA,NA,NA,NA,NA,NA,NA,NA,NA,NA,NA,NA,NA,NA,NA,NA,NA,NA,NA,NA,NA,NA,NA,NA,NA,NA,NA,NA,NA,NA,NA,NA,NA,NA,NA,NA,NA,NA,NA,NA,NA,NA,NA,NA,NA,NA,NA,NA,NA,NA,NA,NA,NA,NA,NA,NA,NA,NA,NA,NA
Mahe,'19.12',ORS (New WHO),1. Balance From Previous Month,NA,NA,NA,NA,NA,NA,NA,NA,NA,NA,NA,NA,NA,NA,NA,NA,NA,NA,NA,NA,NA,NA,NA,NA,NA,NA,NA,NA,NA,NA,NA,NA,NA,NA,NA,NA,NA,NA,NA,NA,NA,NA,NA,NA,NA,NA,NA,NA,NA,NA,NA,NA,NA,NA,NA,NA,NA,NA,NA,NA,NA,NA,NA,NA,NA
Mahe,19.12',ORS (New WHO),2. Stocks Received,NA,NA,NA,NA,NA,NA,NA,NA,NA,NA,NA,NA,NA,NA,NA,NA,NA,NA,NA,NA,NA,NA,NA,NA,NA,NA,NA,NA,NA,NA,NA,NA,NA,NA,NA,NA,NA,NA,NA,NA,NA,NA,NA,NA,NA,NA,NA,NA,NA,NA,NA,NA,NA,NA,NA,NA,NA,NA,NA,NA,NA,NA,NA,NA,NA
Mahe,19.12',ORS (New WHO),3. Unusable Stock,NA,NA,NA,NA,NA,NA,NA,NA,NA,NA,NA,NA,NA,NA,NA,NA,NA,NA,NA,NA,NA,NA,NA,NA,NA,NA,NA,NA,NA,NA,NA,NA,NA,NA,NA,NA,NA,NA,NA,NA,NA,NA,NA,NA,NA,NA,NA,NA,NA,NA,NA,NA,NA,NA,NA,NA,NA,NA,NA,NA,NA,NA,NA,NA,NA
Mahe,19.12',ORS (New WHO),4. Stock Distributed,NA,NA,NA,NA,NA,NA,NA,NA,NA,NA,NA,NA,NA,NA,NA,NA,NA,NA,NA,NA,NA,NA,NA,NA,NA,NA,NA,NA,NA,NA,NA,NA,NA,NA,NA,NA,NA,NA,NA,NA,NA,NA,NA,NA,NA,NA,NA,NA,NA,NA,NA,NA,NA,NA,NA,NA,NA,NA,NA,NA,NA,NA,NA,NA,NA
Mahe,19.12',ORS (New WHO),5. Total Stock,NA,NA,NA,NA,NA,NA,NA,NA,NA,NA,NA,NA,NA,NA,NA,NA,NA,NA,NA,NA,NA,NA,NA,NA,NA,NA,NA,NA,NA,NA,NA,NA,NA,NA,NA,NA,NA,NA,NA,NA,NA,NA,NA,NA,NA,NA,NA,NA,NA,NA,NA,NA,NA,NA,NA,NA,NA,NA,NA,NA,NA,NA,NA,NA,NA
Mahe,'19.13',RTI /STI colour coded syndromic kits ( I to VII),1. Balance From Previous Month,NA,NA,NA,NA,NA,NA,NA,NA,NA,NA,NA,NA,NA,NA,NA,NA,NA,NA,NA,NA,NA,NA,NA,NA,NA,NA,NA,NA,NA,NA,NA,NA,NA,NA,NA,NA,NA,NA,NA,NA,NA,NA,NA,NA,NA,NA,NA,NA,NA,NA,NA,NA,NA,NA,NA,NA,NA,NA,NA,NA,NA,NA,NA,NA,NA
Mahe,19.13',RTI /STI colour coded syndromic kits ( I to VII),2. Stocks Received,NA,NA,NA,NA,NA,NA,NA,NA,NA,NA,NA,NA,NA,NA,NA,NA,NA,NA,NA,NA,NA,NA,NA,NA,NA,NA,NA,NA,NA,NA,NA,NA,NA,NA,NA,NA,NA,NA,NA,NA,NA,NA,NA,NA,NA,NA,NA,NA,NA,NA,NA,NA,NA,NA,NA,NA,NA,NA,NA,NA,NA,NA,NA,NA,NA
Mahe,19.13',RTI /STI colour coded syndromic kits ( I to VII),3. Unusable Stock,NA,NA,NA,NA,NA,NA,NA,NA,NA,NA,NA,NA,NA,NA,NA,NA,NA,NA,NA,NA,NA,NA,NA,NA,NA,NA,NA,NA,NA,NA,NA,NA,NA,NA,NA,NA,NA,NA,NA,NA,NA,NA,NA,NA,NA,NA,NA,NA,NA,NA,NA,NA,NA,NA,NA,NA,NA,NA,NA,NA,NA,NA,NA,NA,NA
Mahe,19.13',RTI /STI colour coded syndromic kits ( I to VII),4. Stock Distributed,NA,NA,NA,NA,NA,NA,NA,NA,NA,NA,NA,NA,NA,NA,NA,NA,NA,NA,NA,NA,NA,NA,NA,NA,NA,NA,NA,NA,NA,NA,NA,NA,NA,NA,NA,NA,NA,NA,NA,NA,NA,NA,NA,NA,NA,NA,NA,NA,NA,NA,NA,NA,NA,NA,NA,NA,NA,NA,NA,NA,NA,NA,NA,NA,NA
Mahe,19.13',RTI /STI colour coded syndromic kits ( I to VII),5. Total Stock,NA,NA,NA,NA,NA,NA,NA,NA,NA,NA,NA,NA,NA,NA,NA,NA,NA,NA,NA,NA,NA,NA,NA,NA,NA,NA,NA,NA,NA,NA,NA,NA,NA,NA,NA,NA,NA,NA,NA,NA,NA,NA,NA,NA,NA,NA,NA,NA,NA,NA,NA,NA,NA,NA,NA,NA,NA,NA,NA,NA,NA,NA,NA,NA,NA
Mahe,'19.14',Zinc 20 mg tablet,1. Balance From Previous Month,NA,NA,NA,NA,NA,NA,NA,NA,NA,NA,NA,NA,NA,NA,NA,NA,NA,NA,NA,NA,NA,NA,NA,NA,NA,NA,NA,NA,NA,NA,NA,NA,NA,NA,NA,NA,NA,NA,NA,NA,NA,NA,NA,NA,NA,NA,NA,NA,NA,NA,NA,NA,NA,NA,NA,NA,NA,NA,NA,NA,NA,NA,NA,NA,NA
Mahe,19.14',Zinc 20 mg tablet,2. Stocks Received,NA,NA,NA,NA,NA,NA,NA,NA,NA,NA,NA,NA,NA,NA,NA,NA,NA,NA,NA,NA,NA,NA,NA,NA,NA,NA,NA,NA,NA,NA,NA,NA,NA,NA,NA,NA,NA,NA,NA,NA,NA,NA,NA,NA,NA,NA,NA,NA,NA,NA,NA,NA,NA,NA,NA,NA,NA,NA,NA,NA,NA,NA,NA,NA,NA
Mahe,19.14',Zinc 20 mg tablet,3. Unusable Stock,NA,NA,NA,NA,NA,NA,NA,NA,NA,NA,NA,NA,NA,NA,NA,NA,NA,NA,NA,NA,NA,NA,NA,NA,NA,NA,NA,NA,NA,NA,NA,NA,NA,NA,NA,NA,NA,NA,NA,NA,NA,NA,NA,NA,NA,NA,NA,NA,NA,NA,NA,NA,NA,NA,NA,NA,NA,NA,NA,NA,NA,NA,NA,NA,NA
Mahe,19.14',Zinc 20 mg tablet,4. Stock Distributed,NA,NA,NA,NA,NA,NA,NA,NA,NA,NA,NA,NA,NA,NA,NA,NA,NA,NA,NA,NA,NA,NA,NA,NA,NA,NA,NA,NA,NA,NA,NA,NA,NA,NA,NA,NA,NA,NA,NA,NA,NA,NA,NA,NA,NA,NA,NA,NA,NA,NA,NA,NA,NA,NA,NA,NA,NA,NA,NA,NA,NA,NA,NA,NA,NA
Mahe,19.14',Zinc 20 mg tablet,5. Total Stock,NA,NA,NA,NA,NA,NA,NA,NA,NA,NA,NA,NA,NA,NA,NA,NA,NA,NA,NA,NA,NA,NA,NA,NA,NA,NA,NA,NA,NA,NA,NA,NA,NA,NA,NA,NA,NA,NA,NA,NA,NA,NA,NA,NA,NA,NA,NA,NA,NA,NA,NA,NA,NA,NA,NA,NA,NA,NA,NA,NA,NA,NA,NA,NA,NA
Mahe,'19.15',Albendazole 400 mg tablet,1. Balance From Previous Month,NA,NA,NA,NA,NA,NA,NA,NA,NA,NA,NA,NA,NA,NA,NA,NA,NA,NA,NA,NA,NA,NA,NA,NA,NA,NA,NA,NA,NA,NA,NA,NA,NA,NA,NA,NA,NA,NA,NA,NA,NA,NA,NA,NA,NA,NA,NA,NA,NA,NA,NA,NA,NA,NA,NA,NA,NA,NA,NA,NA,NA,NA,NA,NA,NA
Mahe,19.15',Albendazole 400 mg tablet,2. Stocks Received,NA,NA,NA,NA,NA,NA,NA,NA,NA,NA,NA,NA,NA,NA,NA,NA,NA,NA,NA,NA,NA,NA,NA,NA,NA,NA,NA,NA,NA,NA,NA,NA,NA,NA,NA,NA,NA,NA,NA,NA,NA,NA,NA,NA,NA,NA,NA,NA,NA,NA,NA,NA,NA,NA,NA,NA,NA,NA,NA,NA,NA,NA,NA,NA,NA
Mahe,19.15',Albendazole 400 mg tablet,3. Unusable Stock,NA,NA,NA,NA,NA,NA,NA,NA,NA,NA,NA,NA,NA,NA,NA,NA,NA,NA,NA,NA,NA,NA,NA,NA,NA,NA,NA,NA,NA,NA,NA,NA,NA,NA,NA,NA,NA,NA,NA,NA,NA,NA,NA,NA,NA,NA,NA,NA,NA,NA,NA,NA,NA,NA,NA,NA,NA,NA,NA,NA,NA,NA,NA,NA,NA
Mahe,19.15',Albendazole 400 mg tablet,4. Stock Distributed,NA,NA,NA,NA,NA,NA,NA,NA,NA,NA,NA,NA,NA,NA,NA,NA,NA,NA,NA,NA,NA,NA,NA,NA,NA,NA,NA,NA,NA,NA,NA,NA,NA,NA,NA,NA,NA,NA,NA,NA,NA,NA,NA,NA,NA,NA,NA,NA,NA,NA,NA,NA,NA,NA,NA,NA,NA,NA,NA,NA,NA,NA,NA,NA,NA
Mahe,19.15',Albendazole 400 mg tablet,5. Total Stock,NA,NA,NA,NA,NA,NA,NA,NA,NA,NA,NA,NA,NA,NA,NA,NA,NA,NA,NA,NA,NA,NA,NA,NA,NA,NA,NA,NA,NA,NA,NA,NA,NA,NA,NA,NA,NA,NA,NA,NA,NA,NA,NA,NA,NA,NA,NA,NA,NA,NA,NA,NA,NA,NA,NA,NA,NA,NA,NA,NA,NA,NA,NA,NA,NA
Mahe,'19.16',Calcium Tablets,1. Balance From Previous Month,NA,NA,NA,NA,NA,NA,NA,NA,NA,NA,NA,NA,NA,NA,NA,NA,NA,NA,NA,NA,NA,NA,NA,NA,NA,NA,NA,NA,NA,NA,NA,NA,NA,NA,NA,NA,NA,NA,NA,NA,NA,NA,NA,NA,NA,NA,NA,NA,NA,NA,NA,NA,NA,NA,NA,NA,NA,NA,NA,NA,NA,NA,NA,NA,NA
Mahe,19.16',Calcium Tablets,2. Stocks Received,NA,NA,NA,NA,NA,NA,NA,NA,NA,NA,NA,NA,NA,NA,NA,NA,NA,NA,NA,NA,NA,NA,NA,NA,NA,NA,NA,NA,NA,NA,NA,NA,NA,NA,NA,NA,NA,NA,NA,NA,NA,NA,NA,NA,NA,NA,NA,NA,NA,NA,NA,NA,NA,NA,NA,NA,NA,NA,NA,NA,NA,NA,NA,NA,NA
Mahe,19.16',Calcium Tablets,3. Unusable Stock,NA,NA,NA,NA,NA,NA,NA,NA,NA,NA,NA,NA,NA,NA,NA,NA,NA,NA,NA,NA,NA,NA,NA,NA,NA,NA,NA,NA,NA,NA,NA,NA,NA,NA,NA,NA,NA,NA,NA,NA,NA,NA,NA,NA,NA,NA,NA,NA,NA,NA,NA,NA,NA,NA,NA,NA,NA,NA,NA,NA,NA,NA,NA,NA,NA
Mahe,19.16',Calcium Tablets,4. Stock Distributed,NA,NA,NA,NA,NA,NA,NA,NA,NA,NA,NA,NA,NA,NA,NA,NA,NA,NA,NA,NA,NA,NA,NA,NA,NA,NA,NA,NA,NA,NA,NA,NA,NA,NA,NA,NA,NA,NA,NA,NA,NA,NA,NA,NA,NA,NA,NA,NA,NA,NA,NA,NA,NA,NA,NA,NA,NA,NA,NA,NA,NA,NA,NA,NA,NA
Mahe,19.16',Calcium Tablets,5. Total Stock,NA,NA,NA,NA,NA,NA,NA,NA,NA,NA,NA,NA,NA,NA,NA,NA,NA,NA,NA,NA,NA,NA,NA,NA,NA,NA,NA,NA,NA,NA,NA,NA,NA,NA,NA,NA,NA,NA,NA,NA,NA,NA,NA,NA,NA,NA,NA,NA,NA,NA,NA,NA,NA,NA,NA,NA,NA,NA,NA,NA,NA,NA,NA,NA,NA
Mahe,'20.1',Syringes - 0.1 ml (AD),1. Balance From Previous Month,NA,NA,NA,NA,NA,NA,NA,NA,NA,NA,NA,NA,NA,NA,NA,NA,NA,NA,NA,NA,NA,NA,NA,NA,NA,NA,NA,NA,NA,NA,NA,NA,NA,NA,NA,NA,NA,NA,NA,NA,NA,NA,NA,NA,NA,NA,NA,NA,NA,NA,NA,NA,NA,NA,NA,NA,NA,NA,NA,NA,NA,NA,NA,NA,NA
Mahe,20.1',Syringes - 0.1 ml (AD),2. Stocks Received,NA,NA,NA,NA,NA,NA,NA,NA,NA,NA,NA,NA,NA,NA,NA,NA,NA,NA,NA,NA,NA,NA,NA,NA,NA,NA,NA,NA,NA,NA,NA,NA,NA,NA,NA,NA,NA,NA,NA,NA,NA,NA,NA,NA,NA,NA,NA,NA,NA,NA,NA,NA,NA,NA,NA,NA,NA,NA,NA,NA,NA,NA,NA,NA,NA
Mahe,20.1',Syringes - 0.1 ml (AD),3. Unusable Stock,NA,NA,NA,NA,NA,NA,NA,NA,NA,NA,NA,NA,NA,NA,NA,NA,NA,NA,NA,NA,NA,NA,NA,NA,NA,NA,NA,NA,NA,NA,NA,NA,NA,NA,NA,NA,NA,NA,NA,NA,NA,NA,NA,NA,NA,NA,NA,NA,NA,NA,NA,NA,NA,NA,NA,NA,NA,NA,NA,NA,NA,NA,NA,NA,NA
Mahe,20.1',Syringes - 0.1 ml (AD),4. Stock Distributed,NA,NA,NA,NA,NA,NA,NA,NA,NA,NA,NA,NA,NA,NA,NA,NA,NA,NA,NA,NA,NA,NA,NA,NA,NA,NA,NA,NA,NA,NA,NA,NA,NA,NA,NA,NA,NA,NA,NA,NA,NA,NA,NA,NA,NA,NA,NA,NA,NA,NA,NA,NA,NA,NA,NA,NA,NA,NA,NA,NA,NA,NA,NA,NA,NA
Mahe,20.1',Syringes - 0.1 ml (AD),5. Total Stock,NA,NA,NA,NA,NA,NA,NA,NA,NA,NA,NA,NA,NA,NA,NA,NA,NA,NA,NA,NA,NA,NA,NA,NA,NA,NA,NA,NA,NA,NA,NA,NA,NA,NA,NA,NA,NA,NA,NA,NA,NA,NA,NA,NA,NA,NA,NA,NA,NA,NA,NA,NA,NA,NA,NA,NA,NA,NA,NA,NA,NA,NA,NA,NA,NA
Mahe,'20.2',Syringes - 0.5 ml (AD),1. Balance From Previous Month,NA,NA,NA,NA,NA,NA,NA,NA,NA,NA,NA,NA,NA,NA,NA,NA,NA,NA,NA,NA,NA,NA,NA,NA,NA,NA,NA,NA,NA,NA,NA,NA,NA,NA,NA,NA,NA,NA,NA,NA,NA,NA,NA,NA,NA,NA,NA,NA,NA,NA,NA,NA,NA,NA,NA,NA,NA,NA,NA,NA,NA,NA,NA,NA,NA
Mahe,20.2',Syringes - 0.5 ml (AD),2. Stocks Received,NA,NA,NA,NA,NA,NA,NA,NA,NA,NA,NA,NA,NA,NA,NA,NA,NA,NA,NA,NA,NA,NA,NA,NA,NA,NA,NA,NA,NA,NA,NA,NA,NA,NA,NA,NA,NA,NA,NA,NA,NA,NA,NA,NA,NA,NA,NA,NA,NA,NA,NA,NA,NA,NA,NA,NA,NA,NA,NA,NA,NA,NA,NA,NA,NA
Mahe,20.2',Syringes - 0.5 ml (AD),3. Unusable Stock,NA,NA,NA,NA,NA,NA,NA,NA,NA,NA,NA,NA,NA,NA,NA,NA,NA,NA,NA,NA,NA,NA,NA,NA,NA,NA,NA,NA,NA,NA,NA,NA,NA,NA,NA,NA,NA,NA,NA,NA,NA,NA,NA,NA,NA,NA,NA,NA,NA,NA,NA,NA,NA,NA,NA,NA,NA,NA,NA,NA,NA,NA,NA,NA,NA
Mahe,20.2',Syringes - 0.5 ml (AD),4. Stock Distributed,NA,NA,NA,NA,NA,NA,NA,NA,NA,NA,NA,NA,NA,NA,NA,NA,NA,NA,NA,NA,NA,NA,NA,NA,NA,NA,NA,NA,NA,NA,NA,NA,NA,NA,NA,NA,NA,NA,NA,NA,NA,NA,NA,NA,NA,NA,NA,NA,NA,NA,NA,NA,NA,NA,NA,NA,NA,NA,NA,NA,NA,NA,NA,NA,NA
Mahe,20.2',Syringes - 0.5 ml (AD),5. Total Stock,NA,NA,NA,NA,NA,NA,NA,NA,NA,NA,NA,NA,NA,NA,NA,NA,NA,NA,NA,NA,NA,NA,NA,NA,NA,NA,NA,NA,NA,NA,NA,NA,NA,NA,NA,NA,NA,NA,NA,NA,NA,NA,NA,NA,NA,NA,NA,NA,NA,NA,NA,NA,NA,NA,NA,NA,NA,NA,NA,NA,NA,NA,NA,NA,NA
Mahe,'20.3',Syringes - 5.0 ml (Disposable),1. Balance From Previous Month,NA,NA,NA,NA,NA,NA,NA,NA,NA,NA,NA,NA,NA,NA,NA,NA,NA,NA,NA,NA,NA,NA,NA,NA,NA,NA,NA,NA,NA,NA,NA,NA,NA,NA,NA,NA,NA,NA,NA,NA,NA,NA,NA,NA,NA,NA,NA,NA,NA,NA,NA,NA,NA,NA,NA,NA,NA,NA,NA,NA,NA,NA,NA,NA,NA
Mahe,20.3',Syringes - 5.0 ml (Disposable),2. Stocks Received,NA,NA,NA,NA,NA,NA,NA,NA,NA,NA,NA,NA,NA,NA,NA,NA,NA,NA,NA,NA,NA,NA,NA,NA,NA,NA,NA,NA,NA,NA,NA,NA,NA,NA,NA,NA,NA,NA,NA,NA,NA,NA,NA,NA,NA,NA,NA,NA,NA,NA,NA,NA,NA,NA,NA,NA,NA,NA,NA,NA,NA,NA,NA,NA,NA
Mahe,20.3',Syringes - 5.0 ml (Disposable),3. Unusable Stock,NA,NA,NA,NA,NA,NA,NA,NA,NA,NA,NA,NA,NA,NA,NA,NA,NA,NA,NA,NA,NA,NA,NA,NA,NA,NA,NA,NA,NA,NA,NA,NA,NA,NA,NA,NA,NA,NA,NA,NA,NA,NA,NA,NA,NA,NA,NA,NA,NA,NA,NA,NA,NA,NA,NA,NA,NA,NA,NA,NA,NA,NA,NA,NA,NA
Mahe,20.3',Syringes - 5.0 ml (Disposable),4. Stock Distributed,NA,NA,NA,NA,NA,NA,NA,NA,NA,NA,NA,NA,NA,NA,NA,NA,NA,NA,NA,NA,NA,NA,NA,NA,NA,NA,NA,NA,NA,NA,NA,NA,NA,NA,NA,NA,NA,NA,NA,NA,NA,NA,NA,NA,NA,NA,NA,NA,NA,NA,NA,NA,NA,NA,NA,NA,NA,NA,NA,NA,NA,NA,NA,NA,NA
Mahe,20.3',Syringes - 5.0 ml (Disposable),5. Total Stock,NA,NA,NA,NA,NA,NA,NA,NA,NA,NA,NA,NA,NA,NA,NA,NA,NA,NA,NA,NA,NA,NA,NA,NA,NA,NA,NA,NA,NA,NA,NA,NA,NA,NA,NA,NA,NA,NA,NA,NA,NA,NA,NA,NA,NA,NA,NA,NA,NA,NA,NA,NA,NA,NA,NA,NA,NA,NA,NA,NA,NA,NA,NA,NA,NA
Mahe,'21.1',Number of newborn screened for defects at birth (as per RBSK),TOTAL,NA,NA,NA,NA,NA,NA,NA,NA,NA,NA,NA,NA,NA,NA,NA,NA,NA,NA,NA,NA,NA,NA,NA,NA,NA,NA,NA,NA,NA,NA,NA,NA,NA,NA,NA,NA,NA,NA,NA,NA,NA,NA,NA,NA,NA,NA,NA,NA,NA,NA,NA,NA,NA,NA,NA,NA,NA,NA,NA,NA,NA,NA,NA,NA,NA
Mahe,'21.2',Number of children (6 month to 6 years) screened by RBSK mobile health teams at Anganwadi center,TOTAL,NA,NA,NA,NA,NA,NA,NA,NA,NA,NA,NA,NA,NA,NA,NA,NA,NA,NA,NA,NA,NA,NA,NA,NA,NA,NA,NA,NA,NA,NA,NA,NA,NA,NA,NA,NA,NA,NA,NA,NA,NA,NA,NA,NA,NA,NA,NA,NA,NA,NA,NA,NA,NA,NA,NA,NA,NA,NA,NA,NA,NA,NA,NA,NA,NA
Mahe,'21.3',Number of children (6 years to 18 years) screened by RBSK mobile health teams at Govt and Govt aided schools,TOTAL,NA,NA,NA,NA,NA,NA,NA,NA,NA,NA,NA,NA,NA,NA,NA,NA,NA,NA,NA,NA,NA,NA,NA,NA,NA,NA,NA,NA,NA,NA,NA,NA,NA,NA,NA,NA,NA,NA,NA,NA,NA,NA,NA,NA,NA,NA,NA,NA,NA,NA,NA,NA,NA,NA,NA,NA,NA,NA,NA,NA,NA,NA,NA,NA,NA
Mahe,'21.4.1.a',Number of Male children identified with Disease,TOTAL,NA,NA,NA,NA,NA,NA,NA,NA,NA,NA,NA,NA,NA,NA,NA,NA,NA,NA,NA,NA,NA,NA,NA,NA,NA,NA,NA,NA,NA,NA,NA,NA,NA,NA,NA,NA,NA,NA,NA,NA,NA,NA,NA,NA,NA,NA,NA,NA,NA,NA,NA,NA,NA,NA,NA,NA,NA,NA,NA,NA,NA,NA,NA,NA,NA
Mahe,'21.4.1.b',Number of Female children identified with Disease,TOTAL,NA,NA,NA,NA,NA,NA,NA,NA,NA,NA,NA,NA,NA,NA,NA,NA,NA,NA,NA,NA,NA,NA,NA,NA,NA,NA,NA,NA,NA,NA,NA,NA,NA,NA,NA,NA,NA,NA,NA,NA,NA,NA,NA,NA,NA,NA,NA,NA,NA,NA,NA,NA,NA,NA,NA,NA,NA,NA,NA,NA,NA,NA,NA,NA,NA
Mahe,'21.4.2.a',Number of Male children identified with Deficiency,TOTAL,NA,NA,NA,NA,NA,NA,NA,NA,NA,NA,NA,NA,NA,NA,NA,NA,NA,NA,NA,NA,NA,NA,NA,NA,NA,NA,NA,NA,NA,NA,NA,NA,NA,NA,NA,NA,NA,NA,NA,NA,NA,NA,NA,NA,NA,NA,NA,NA,NA,NA,NA,NA,NA,NA,NA,NA,NA,NA,NA,NA,NA,NA,NA,NA,NA
Mahe,'21.4.2.b',Number of Female children identified with Deficiency,TOTAL,NA,NA,NA,NA,NA,NA,NA,NA,NA,NA,NA,NA,NA,NA,NA,NA,NA,NA,NA,NA,NA,NA,NA,NA,NA,NA,NA,NA,NA,NA,NA,NA,NA,NA,NA,NA,NA,NA,NA,NA,NA,NA,NA,NA,NA,NA,NA,NA,NA,NA,NA,NA,NA,NA,NA,NA,NA,NA,NA,NA,NA,NA,NA,NA,NA
Mahe,'21.4.3.a',Number of Male children identified with Developmental delay,TOTAL,NA,NA,NA,NA,NA,NA,NA,NA,NA,NA,NA,NA,NA,NA,NA,NA,NA,NA,NA,NA,NA,NA,NA,NA,NA,NA,NA,NA,NA,NA,NA,NA,NA,NA,NA,NA,NA,NA,NA,NA,NA,NA,NA,NA,NA,NA,NA,NA,NA,NA,NA,NA,NA,NA,NA,NA,NA,NA,NA,NA,NA,NA,NA,NA,NA
Mahe,'21.4.3.b',Number of Female children identified with Developmental delay,TOTAL,NA,NA,NA,NA,NA,NA,NA,NA,NA,NA,NA,NA,NA,NA,NA,NA,NA,NA,NA,NA,NA,NA,NA,NA,NA,NA,NA,NA,NA,NA,NA,NA,NA,NA,NA,NA,NA,NA,NA,NA,NA,NA,NA,NA,NA,NA,NA,NA,NA,NA,NA,NA,NA,NA,NA,NA,NA,NA,NA,NA,NA,NA,NA,NA,NA
Mahe,'21.5.1',Number of Children Managed by Intervention - Medical,TOTAL,NA,NA,NA,NA,NA,NA,NA,NA,NA,NA,NA,NA,NA,NA,NA,NA,NA,NA,NA,NA,NA,NA,NA,NA,NA,NA,NA,NA,NA,NA,NA,NA,NA,NA,NA,NA,NA,NA,NA,NA,NA,NA,NA,NA,NA,NA,NA,NA,NA,NA,NA,NA,NA,NA,NA,NA,NA,NA,NA,NA,NA,NA,NA,NA,NA
Mahe,'21.5.2',Number of Children Managed by Intervention - Surgical,TOTAL,NA,NA,NA,NA,NA,NA,NA,NA,NA,NA,NA,NA,NA,NA,NA,NA,NA,NA,NA,NA,NA,NA,NA,NA,NA,NA,NA,NA,NA,NA,NA,NA,NA,NA,NA,NA,NA,NA,NA,NA,NA,NA,NA,NA,NA,NA,NA,NA,NA,NA,NA,NA,NA,NA,NA,NA,NA,NA,NA,NA,NA,NA,NA,NA,NA
Mahe,'21.5.3',Early intervention at DEIC ( District Early Intervention Centre),TOTAL,NA,NA,NA,NA,NA,NA,NA,NA,NA,NA,NA,NA,NA,NA,NA,NA,NA,NA,NA,NA,NA,NA,NA,NA,NA,NA,NA,NA,NA,NA,NA,NA,NA,NA,NA,NA,NA,NA,NA,NA,NA,NA,NA,NA,NA,NA,NA,NA,NA,NA,NA,NA,NA,NA,NA,NA,NA,NA,NA,NA,NA,NA,NA,NA,NA
Mahe,'22.1.1.a',Girls (6th -12th class) provided 4 IFA tablets in schools,TOTAL,1500,NA,NA,NA,NA,1500,NA,NA,NA,NA,1490,NA,NA,NA,NA,1501,NA,NA,NA,NA,1503,NA,NA,NA,NA,1503,NA,NA,NA,NA,1507,NA,NA,NA,NA,1500,NA,NA,NA,NA,1512,NA,NA,NA,NA,1510,NA,NA,NA,NA,1511,NA,NA,NA,NA,1025,NA,NA,NA,NA,17562,NA,NA,NA,NA
Mahe,'22.1.1.b',Boys (6th -12th class) provided 4 IFA tablets in schools,TOTAL,1607,NA,NA,NA,NA,1607,NA,NA,NA,NA,1594,NA,NA,NA,NA,1586,NA,NA,NA,NA,1600,NA,NA,NA,NA,1600,NA,NA,NA,NA,1592,NA,NA,NA,NA,1592,NA,NA,NA,NA,1575,NA,NA,NA,NA,1584,NA,NA,NA,NA,1593,NA,NA,NA,NA,1006,NA,NA,NA,NA,18536,NA,NA,NA,NA
Mahe,'22.1.2.a',Girls (6th -12th class) provided albendazole in schools,TOTAL,0,NA,NA,NA,NA,0,NA,NA,NA,NA,0,NA,NA,NA,NA,0,NA,NA,NA,NA,1503,NA,NA,NA,NA,0,NA,NA,NA,NA,0,NA,NA,NA,NA,0,NA,NA,NA,NA,0,NA,NA,NA,NA,0,NA,NA,NA,NA,1511,NA,NA,NA,NA,0,NA,NA,NA,NA,3014,NA,NA,NA,NA
Mahe,'22.1.2.b',Boys (6th -12th class) provided albendazole in schools,TOTAL,0,NA,NA,NA,NA,0,NA,NA,NA,NA,0,NA,NA,NA,NA,0,NA,NA,NA,NA,1600,NA,NA,NA,NA,0,NA,NA,NA,NA,0,NA,NA,NA,NA,0,NA,NA,NA,NA,0,NA,NA,NA,NA,0,NA,NA,NA,NA,1593,NA,NA,NA,NA,0,NA,NA,NA,NA,3193,NA,NA,NA,NA
Mahe,'22.1.3',Number of out of school adolscent girls (10-19 years) provided 4 IFA tablets at Anganwadi Centres,TOTAL,4,NA,NA,NA,NA,2,NA,NA,NA,NA,5,NA,NA,NA,NA,4,NA,NA,NA,NA,4,NA,NA,NA,NA,5,NA,NA,NA,NA,4,NA,NA,NA,NA,5,NA,NA,NA,NA,2,NA,NA,NA,NA,1,NA,NA,NA,NA,4,NA,NA,NA,NA,0,NA,NA,NA,NA,40,NA,NA,NA,NA
Mahe,'22.1.4',Number of out of school adolscent girls (10-19 years) provided albendazole at Anganwadi Centres,TOTAL,0,NA,NA,NA,NA,0,NA,NA,NA,NA,0,NA,NA,NA,NA,0,NA,NA,NA,NA,4,NA,NA,NA,NA,0,NA,NA,NA,NA,0,NA,NA,NA,NA,0,NA,NA,NA,NA,0,NA,NA,NA,NA,0,NA,NA,NA,NA,4,NA,NA,NA,NA,0,NA,NA,NA,NA,8,NA,NA,NA,NA
Mahe,'22.2.1',Number of adolescent girls provided sanitary napkin packs,TOTAL,NA,NA,NA,NA,NA,NA,NA,NA,NA,NA,NA,NA,NA,NA,NA,NA,NA,NA,NA,NA,NA,NA,NA,NA,NA,NA,NA,NA,NA,NA,NA,NA,NA,NA,NA,NA,NA,NA,NA,NA,NA,NA,NA,NA,NA,NA,NA,NA,NA,NA,NA,NA,NA,NA,NA,NA,NA,NA,NA,NA,NA,NA,NA,NA,NA
Mahe,'22.2.2',Number of sanitary napkin packs sold to adolescent girls,TOTAL,NA,NA,NA,NA,NA,NA,NA,NA,NA,NA,NA,NA,NA,NA,NA,NA,NA,NA,NA,NA,NA,NA,NA,NA,NA,NA,NA,NA,NA,NA,NA,NA,NA,NA,NA,NA,NA,NA,NA,NA,NA,NA,NA,NA,NA,NA,NA,NA,NA,NA,NA,NA,NA,NA,NA,NA,NA,NA,NA,NA,NA,NA,NA,NA,NA
Mahe,'22.2.3',Number of sanitary napkin packs distributed free to ASHA,TOTAL,NA,NA,NA,NA,NA,NA,NA,NA,NA,NA,NA,NA,NA,NA,NA,NA,NA,NA,NA,NA,NA,NA,NA,NA,NA,NA,NA,NA,NA,NA,NA,NA,NA,NA,NA,NA,NA,NA,NA,NA,NA,NA,NA,NA,NA,NA,NA,NA,NA,NA,NA,NA,NA,NA,NA,NA,NA,NA,NA,NA,NA,NA,NA,NA,NA
Mahe,'22.2.4',Number of adolescent girls attended monthly meeting,TOTAL,NA,NA,NA,NA,NA,NA,NA,NA,NA,NA,NA,NA,NA,NA,NA,NA,NA,NA,NA,NA,NA,NA,NA,NA,NA,NA,NA,NA,NA,NA,NA,NA,NA,NA,NA,NA,NA,NA,NA,NA,NA,NA,NA,NA,NA,NA,NA,NA,NA,NA,NA,NA,NA,NA,NA,NA,NA,NA,NA,NA,NA,NA,NA,NA,NA
Mahe,'23.1',Number of children covered under WIFS JUNIOR (6 - 10 years ) provided 4-5 IFA tablets in schools,TOTAL,0,NA,NA,NA,NA,0,NA,NA,NA,NA,0,NA,NA,NA,NA,4212,NA,NA,NA,NA,4250,NA,NA,NA,NA,4250,NA,NA,NA,NA,4250,NA,NA,NA,NA,4250,NA,NA,NA,NA,4250,NA,NA,NA,NA,4250,NA,NA,NA,NA,4250,NA,NA,NA,NA,4250,NA,NA,NA,NA,38212,NA,NA,NA,NA
Mahe,'23.2',Number of children (6 - 10 years) provided albendazole in schools,TOTAL,0,NA,NA,NA,NA,0,NA,NA,NA,NA,0,NA,NA,NA,NA,0,NA,NA,NA,NA,4250,NA,NA,NA,NA,0,NA,NA,NA,NA,0,NA,NA,NA,NA,0,NA,NA,NA,NA,0,NA,NA,NA,NA,0,NA,NA,NA,NA,4250,NA,NA,NA,NA,0,NA,NA,NA,NA,8500,NA,NA,NA,NA
Mahe,'23.3',Number of out of school children (6-10 years) given 4-5 IFA tablets at Anganwadi Centres,TOTAL,NA,NA,NA,NA,NA,NA,NA,NA,NA,NA,NA,NA,NA,NA,NA,NA,NA,NA,NA,NA,NA,NA,NA,NA,NA,NA,NA,NA,NA,NA,NA,NA,NA,NA,NA,NA,NA,NA,NA,NA,NA,NA,NA,NA,NA,NA,NA,NA,NA,NA,NA,NA,NA,NA,NA,NA,NA,NA,NA,NA,NA,NA,NA,NA,NA
Mahe,'23.4',Number of out of school children (6-10 years) provided albendazole at Anganwadi Centres,TOTAL,0,NA,NA,NA,NA,0,NA,NA,NA,NA,0,NA,NA,NA,NA,0,NA,NA,NA,NA,0,NA,NA,NA,NA,0,NA,NA,NA,NA,0,NA,NA,NA,NA,0,NA,NA,NA,NA,0,NA,NA,NA,NA,0,NA,NA,NA,NA,0,NA,NA,NA,NA,0,NA,NA,NA,NA,0,NA,NA,NA,NA
Mahe,'24.1',Total Maternal Deaths Reviewed (MDR) by CMO,TOTAL,NA,NA,NA,NA,NA,NA,NA,NA,NA,NA,NA,NA,NA,NA,NA,NA,NA,NA,NA,NA,NA,NA,NA,NA,NA,NA,NA,NA,NA,NA,NA,NA,NA,NA,NA,NA,NA,NA,NA,NA,NA,NA,NA,NA,NA,NA,NA,NA,NA,NA,NA,NA,NA,NA,NA,NA,NA,NA,NA,NA,NA,NA,NA,NA,NA
Mahe,'24.2',Total Maternal Deaths Reviewed (MDR) by DM,TOTAL,NA,NA,NA,NA,NA,NA,NA,NA,NA,NA,NA,NA,NA,NA,NA,NA,NA,NA,NA,NA,NA,NA,NA,NA,NA,NA,NA,NA,NA,NA,NA,NA,NA,NA,NA,NA,NA,NA,NA,NA,NA,NA,NA,NA,NA,NA,NA,NA,NA,NA,NA,NA,NA,NA,NA,NA,NA,NA,NA,NA,NA,NA,NA,NA,NA
Mahe,'24.3',Number of maternal deaths reported through Community based Maternal Death Review (CBMDR),TOTAL,NA,NA,NA,NA,NA,NA,NA,NA,NA,NA,NA,NA,NA,NA,NA,NA,NA,NA,NA,NA,NA,NA,NA,NA,NA,NA,NA,NA,NA,NA,NA,NA,NA,NA,NA,NA,NA,NA,NA,NA,NA,NA,NA,NA,NA,NA,NA,NA,NA,NA,NA,NA,NA,NA,NA,NA,NA,NA,NA,NA,NA,NA,NA,NA,NA
Mahe,'25.1.1',Number of Pregnant Women provided - Free Medicines under JSSK,TOTAL,NA,NA,NA,NA,NA,NA,NA,NA,NA,NA,NA,NA,NA,NA,NA,NA,NA,NA,NA,NA,NA,NA,NA,NA,NA,NA,NA,NA,NA,NA,NA,NA,NA,NA,NA,NA,NA,NA,NA,NA,NA,NA,NA,NA,NA,NA,NA,NA,NA,NA,NA,NA,NA,NA,NA,NA,NA,NA,NA,NA,NA,NA,NA,NA,NA
Mahe,'25.1.2',Number of Pregnant Women provided - Free Diet under JSSK,TOTAL,NA,NA,NA,NA,NA,NA,NA,NA,NA,NA,NA,NA,NA,NA,NA,NA,NA,NA,NA,NA,NA,NA,NA,NA,NA,NA,NA,NA,NA,NA,NA,NA,NA,NA,NA,NA,NA,NA,NA,NA,NA,NA,NA,NA,NA,NA,NA,NA,NA,NA,NA,NA,NA,NA,NA,NA,NA,NA,NA,NA,NA,NA,NA,NA,NA
Mahe,'25.1.3',Number of Pregnant Women provided - Free Diagnostics under JSSK,TOTAL,NA,NA,NA,NA,NA,NA,NA,NA,NA,NA,NA,NA,NA,NA,NA,NA,NA,NA,NA,NA,NA,NA,NA,NA,NA,NA,NA,NA,NA,NA,NA,NA,NA,NA,NA,NA,NA,NA,NA,NA,NA,NA,NA,NA,NA,NA,NA,NA,NA,NA,NA,NA,NA,NA,NA,NA,NA,NA,NA,NA,NA,NA,NA,NA,NA
Mahe,'25.1.4',Number of Pregnant Women provided - Free Home to facility transport under JSSK,TOTAL,NA,NA,NA,NA,NA,NA,NA,NA,NA,NA,NA,NA,NA,NA,NA,NA,NA,NA,NA,NA,NA,NA,NA,NA,NA,NA,NA,NA,NA,NA,NA,NA,NA,NA,NA,NA,NA,NA,NA,NA,NA,NA,NA,NA,NA,NA,NA,NA,NA,NA,NA,NA,NA,NA,NA,NA,NA,NA,NA,NA,NA,NA,NA,NA,NA
Mahe,'25.1.5',Number of Pregnant Women provided - Interfacility transfers when needed under JSSK,TOTAL,NA,NA,NA,NA,NA,NA,NA,NA,NA,NA,NA,NA,NA,NA,NA,NA,NA,NA,NA,NA,NA,NA,NA,NA,NA,NA,NA,NA,NA,NA,NA,NA,NA,NA,NA,NA,NA,NA,NA,NA,NA,NA,NA,NA,NA,NA,NA,NA,NA,NA,NA,NA,NA,NA,NA,NA,NA,NA,NA,NA,NA,NA,NA,NA,NA
Mahe,'25.1.6',Number of Pregnant Women provided - Free Drop Back home under JSSK,TOTAL,NA,NA,NA,NA,NA,NA,NA,NA,NA,NA,NA,NA,NA,NA,NA,NA,NA,NA,NA,NA,NA,NA,NA,NA,NA,NA,NA,NA,NA,NA,NA,NA,NA,NA,NA,NA,NA,NA,NA,NA,NA,NA,NA,NA,NA,NA,NA,NA,NA,NA,NA,NA,NA,NA,NA,NA,NA,NA,NA,NA,NA,NA,NA,NA,NA
Mahe,'25.2.1',Number of sick infants provided - Free Medicines under JSSK,TOTAL,NA,NA,NA,NA,NA,NA,NA,NA,NA,NA,NA,NA,NA,NA,NA,NA,NA,NA,NA,NA,NA,NA,NA,NA,NA,NA,NA,NA,NA,NA,NA,NA,NA,NA,NA,NA,NA,NA,NA,NA,NA,NA,NA,NA,NA,NA,NA,NA,NA,NA,NA,NA,NA,NA,NA,NA,NA,NA,NA,NA,NA,NA,NA,NA,NA
Mahe,'25.2.2',Number of sick infants provided - Free Diagnostics under JSSK,TOTAL,NA,NA,NA,NA,NA,NA,NA,NA,NA,NA,NA,NA,NA,NA,NA,NA,NA,NA,NA,NA,NA,NA,NA,NA,NA,NA,NA,NA,NA,NA,NA,NA,NA,NA,NA,NA,NA,NA,NA,NA,NA,NA,NA,NA,NA,NA,NA,NA,NA,NA,NA,NA,NA,NA,NA,NA,NA,NA,NA,NA,NA,NA,NA,NA,NA
Mahe,'25.2.3',Number of sick infants provided - Free Home to facility transport under JSSK,TOTAL,NA,NA,NA,NA,NA,NA,NA,NA,NA,NA,NA,NA,NA,NA,NA,NA,NA,NA,NA,NA,NA,NA,NA,NA,NA,NA,NA,NA,NA,NA,NA,NA,NA,NA,NA,NA,NA,NA,NA,NA,NA,NA,NA,NA,NA,NA,NA,NA,NA,NA,NA,NA,NA,NA,NA,NA,NA,NA,NA,NA,NA,NA,NA,NA,NA
Mahe,'25.2.4',Number of sick infants provided - Interfacility transfers when needed under JSSK,TOTAL,NA,NA,NA,NA,NA,NA,NA,NA,NA,NA,NA,NA,NA,NA,NA,NA,NA,NA,NA,NA,NA,NA,NA,NA,NA,NA,NA,NA,NA,NA,NA,NA,NA,NA,NA,NA,NA,NA,NA,NA,NA,NA,NA,NA,NA,NA,NA,NA,NA,NA,NA,NA,NA,NA,NA,NA,NA,NA,NA,NA,NA,NA,NA,NA,NA
Mahe,'25.2.5',Number of sick infants provided - Free Drop Back home under JSSK,TOTAL,NA,NA,NA,NA,NA,NA,NA,NA,NA,NA,NA,NA,NA,NA,NA,NA,NA,NA,NA,NA,NA,NA,NA,NA,NA,NA,NA,NA,NA,NA,NA,NA,NA,NA,NA,NA,NA,NA,NA,NA,NA,NA,NA,NA,NA,NA,NA,NA,NA,NA,NA,NA,NA,NA,NA,NA,NA,NA,NA,NA,NA,NA,NA,NA,NA
Pondicherry,'1.1',Total number of pregnant women registered for ANC,TOTAL,8689,6306,2383,6723,1966,9552,6751,2801,7447,2105,7166,4649,2517,5267,1899,9466,6796,2670,7532,1934,8713,6138,2575,7030,1683,8604,4925,3679,7144,1460,6483,4522,1961,5063,1420,7189,5458,1731,5603,1586,6584,4740,1844,5032,1552,6825,5119,1706,5047,1778,6651,5046,1605,4838,1813,5079,3683,1396,3482,1597,91001,64133,26868,70208,20793
Pondicherry,'1.1.1',"Out of the total ANC registered, number registered within 1st trimester (within 12 weeks)",TOTAL,2048,1410,638,1511,537,1994,1348,646,1449,545,1747,1107,640,1338,409,1959,1269,690,1579,380,1702,1047,655,1384,318,1612,930,682,1269,343,1809,1050,759,1396,413,1988,1286,702,1469,519,1837,993,844,1376,461,1887,1181,706,1387,500,2199,1428,771,1708,491,1592,1060,532,1106,486,22374,14109,8265,16972,5402
Pondicherry,'1.2.1',Number of PW given TT1,TOTAL,1307,867,440,1004,303,1207,895,312,862,345,1100,695,405,859,241,1065,720,345,855,210,945,638,307,746,199,964,588,376,775,189,1080,739,341,805,275,1299,818,481,1010,289,1106,707,399,856,250,1324,943,381,993,331,1225,841,384,943,282,1008,778,230,745,263,13630,9229,4401,10453,3177
Pondicherry,'1.2.2',Number of PW given TT2,TOTAL,1155,819,336,902,253,1285,866,419,970,315,1074,773,301,804,270,1075,706,369,832,243,932,639,293,743,189,958,511,447,806,152,979,602,377,790,189,1001,655,346,772,229,991,680,311,758,233,1106,719,387,869,237,1162,811,351,876,286,1046,735,311,782,264,12764,8516,4248,9904,2860
Pondicherry,'1.2.3',Number of PW given TT Booster,TOTAL,238,61,177,201,37,297,81,216,248,49,256,67,189,211,45,276,96,180,226,50,238,43,195,215,23,261,53,208,228,33,242,53,189,217,25,290,82,208,250,40,232,45,187,208,24,275,91,184,228,47,258,83,175,221,37,438,67,371,401,37,3301,822,2479,2854,447
Pondicherry,'1.2.4',Number of PW given 180 Iron Folic Acid (IFA) tablets,TOTAL,5386,693,4693,5087,299,4954,662,4292,4651,303,5214,696,4518,4910,304,5355,614,4741,5072,283,4697,624,4073,4409,288,5955,587,5368,5655,300,3153,632,2521,2848,305,3976,686,3290,3661,315,3957,601,3356,3686,271,6425,3123,3302,6126,299,6058,3041,3017,5757,301,4505,2201,2304,4228,277,59635,14160,45475,56090,3545
Pondicherry,'1.2.5',Number of PW given 360 Calcium tablets,TOTAL,700,700,NA,395,305,671,671,NA,412,259,622,622,NA,331,291,498,498,NA,259,239,481,481,NA,246,235,576,576,NA,269,307,593,593,NA,283,310,625,625,NA,317,308,649,649,NA,367,282,605,605,NA,316,289,600,600,NA,305,295,578,578,NA,303,275,7198,7198,NA,3803,3395
Pondicherry,'1.2.6',Number of PW given one Albendazole tablet after 1st trimester,TOTAL,868,868,NA,577,291,942,942,NA,628,314,942,942,NA,633,309,808,808,NA,481,327,842,842,NA,568,274,733,733,NA,488,245,739,739,NA,520,219,919,919,NA,630,289,803,803,NA,532,271,877,877,NA,576,301,737,737,NA,458,279,713,713,NA,427,286,9923,9923,NA,6518,3405
Pondicherry,'1.2.7',Number of PW received 4 or more ANC check ups,TOTAL,3174,3174,NA,2438,736,3601,3601,NA,2534,1067,3080,3080,NA,2087,993,3638,3638,NA,2705,933,3426,3426,NA,2550,876,3731,3731,NA,2925,806,1802,1802,NA,1048,754,1699,1699,NA,1006,693,1003,1003,NA,374,629,2923,2923,NA,2180,743,3447,3447,NA,2651,796,1061,1061,NA,374,687,32585,32585,NA,22872,9713
Pondicherry,'1.2.8',Number of PW given ANC Corticosteroids in Pre Term Labour,TOTAL,13,13,NA,0,13,16,16,NA,4,12,22,22,NA,8,14,17,17,NA,7,10,21,21,NA,4,17,18,18,NA,4,14,26,26,NA,6,20,34,34,NA,1,33,31,31,NA,0,31,32,32,NA,6,26,25,25,NA,0,25,62,62,NA,12,50,317,317,NA,52,265
Pondicherry,'1.3.1',New cases of PW with hypertension detected,TOTAL,203,203,NA,124,79,276,276,NA,203,73,236,236,NA,184,52,242,242,NA,206,36,193,193,NA,149,44,208,208,NA,154,54,258,258,NA,203,55,231,231,NA,188,43,168,168,NA,137,31,223,223,NA,167,56,226,226,NA,149,77,33,33,NA,2,31,2497,2497,NA,1866,631
Pondicherry,'1.3.1.a',"Out of the new cases of PW with hypertension detected, cases managed at institution",TOTAL,189,189,NA,110,79,276,276,NA,203,73,235,235,NA,183,52,240,240,NA,205,35,181,181,NA,138,43,209,209,NA,155,54,257,257,NA,203,54,216,216,NA,174,42,149,149,NA,119,30,214,214,NA,158,56,209,209,NA,133,76,31,31,NA,0,31,2406,2406,NA,1781,625
Pondicherry,'1.3.2',Number of Eclampsia cases managed during delivery,TOTAL,13,13,NA,8,5,7,7,NA,4,3,12,12,NA,8,4,10,10,NA,7,3,10,10,NA,3,7,17,17,NA,10,7,14,14,NA,8,6,11,11,NA,7,4,9,9,NA,9,0,9,9,NA,5,4,6,6,NA,5,1,2,2,NA,0,2,120,120,NA,74,46
Pondicherry,'1.4.1',Number of PW tested for Haemoglobin (Hb ) 4 or more than 4 times for respective ANCs,TOTAL,573,573,NA,384,189,948,948,NA,824,124,1032,1032,NA,871,161,909,909,NA,754,155,1027,1027,NA,865,162,941,941,NA,748,193,1021,1021,NA,822,199,990,990,NA,791,199,366,366,NA,184,182,449,449,NA,272,177,534,534,NA,357,177,381,381,NA,256,125,9171,9171,NA,7128,2043
Pondicherry,'1.4.2',Number of PW having Hb level<11 (tested cases)(7.1 to 10.9),TOTAL,2246,2246,NA,1654,592,2233,2233,NA,1624,609,2504,2504,NA,1487,1017,2523,2523,NA,1487,1036,1900,1900,NA,1286,614,1983,1983,NA,1284,699,1950,1950,NA,1257,693,2144,2144,NA,1358,786,1798,1798,NA,1237,561,2007,2007,NA,1347,660,2007,2007,NA,1417,590,1413,1413,NA,845,568,24708,24708,NA,16283,8425
Pondicherry,'1.4.3',Number of PW having Hb level<7 (tested cases),TOTAL,186,155,31,179,7,259,251,8,250,9,259,230,29,241,18,253,232,21,222,31,327,305,22,192,135,189,179,10,177,12,117,104,13,107,10,109,83,26,102,7,132,104,28,124,8,150,117,33,137,13,115,89,26,108,7,68,61,7,56,12,2164,1910,254,1895,269
Pondicherry,'1.4.4',Number of PW having severe anaemia (Hb<7) treated,TOTAL,176,145,31,176,0,198,190,8,198,0,197,168,29,187,10,185,164,21,171,14,160,138,22,146,14,186,176,10,177,9,114,101,13,105,9,109,83,26,102,7,78,50,28,73,5,108,75,33,97,11,97,71,26,91,6,61,54,7,54,7,1669,1415,254,1577,92
Pondicherry,'1.5.1',Number of PW tested for blood sugar using OGTT (Oral Glucose Tolerance Test),TOTAL,590,590,NA,424,166,863,863,NA,721,142,754,754,NA,556,198,915,915,NA,636,279,900,900,NA,470,430,943,943,NA,539,404,1004,1004,NA,474,530,1058,1058,NA,405,653,891,891,NA,399,492,931,931,NA,485,446,859,859,NA,450,409,737,737,NA,426,311,10445,10445,NA,5985,4460
Pondicherry,'1.5.2',Number of PW tested positive for GDM,TOTAL,128,128,NA,94,34,185,185,NA,157,28,185,185,NA,156,29,277,277,NA,197,80,153,153,NA,94,59,200,200,NA,147,53,135,135,NA,114,21,130,130,NA,103,27,160,160,NA,141,19,161,161,NA,149,12,157,157,NA,140,17,5,5,NA,0,5,1876,1876,NA,1492,384
Pondicherry,'1.5.3',Number of PW given insulin out of total tested positive for GDM,TOTAL,49,49,NA,36,13,69,69,NA,47,22,62,62,NA,46,16,88,88,NA,56,32,53,53,NA,27,26,67,67,NA,50,17,37,37,NA,32,5,35,35,NA,28,7,68,68,NA,63,5,61,61,NA,57,4,32,32,NA,26,6,0,0,NA,0,0,621,621,NA,468,153
Pondicherry,'1.6.1.a',Number of PW tested using POC test for Syphilis,TOTAL,12,12,NA,12,0,11,11,NA,11,0,16,16,NA,6,10,13,13,NA,9,4,3,3,NA,0,3,7,7,NA,0,7,19,19,NA,10,9,16,16,NA,8,8,13,13,NA,8,5,24,24,NA,6,18,31,31,NA,14,17,17,17,NA,3,14,182,182,NA,87,95
Pondicherry,'1.6.1.b',"Out of above, number of PW found sero positive for syphilis",TOTAL,0,0,NA,0,0,0,0,NA,0,0,0,0,NA,0,0,1,1,NA,0,1,0,0,NA,0,0,0,0,NA,0,0,0,0,NA,0,0,0,0,NA,0,0,0,0,NA,0,0,0,0,NA,0,0,0,0,NA,0,0,0,0,NA,0,0,1,1,NA,0,1
Pondicherry,'1.6.2.a',Number of pregnant women tested for Syphilis,TOTAL,1655,1655,NA,612,1043,1446,1446,NA,545,901,1506,1506,NA,778,728,1548,1548,NA,880,668,1310,1310,NA,774,536,1531,1531,NA,933,598,1705,1705,NA,1100,605,1454,1454,NA,785,669,1264,1264,NA,784,480,1567,1567,NA,926,641,1574,1574,NA,1052,522,928,928,NA,493,435,17488,17488,NA,9662,7826
Pondicherry,'1.6.2.b',Number of pregnant women tested found sero positive for Syphilis,TOTAL,3,3,NA,0,3,1,1,NA,0,1,2,2,NA,2,0,1,1,NA,1,0,1,1,NA,1,0,1,1,NA,1,0,0,0,NA,0,0,4,4,NA,4,0,0,0,NA,0,0,59,59,NA,57,2,0,0,NA,0,0,2,2,NA,0,2,74,74,NA,66,8
Pondicherry,'1.6.2.c',Number of syphilis positive pregnant women treated for Syphilis,TOTAL,1,1,NA,0,1,2,2,NA,0,2,0,0,NA,0,0,1,1,NA,1,0,2,2,NA,1,1,1,1,NA,1,0,0,0,NA,0,0,4,4,NA,4,0,0,0,NA,0,0,0,0,NA,0,0,0,0,NA,0,0,1,1,NA,0,1,12,12,NA,7,5
Pondicherry,'1.6.2.d',Number of babies diagnosed with Congenital Syphilis,TOTAL,0,0,NA,0,0,0,0,NA,0,0,0,0,NA,0,0,0,0,NA,0,0,0,0,NA,0,0,0,0,NA,0,0,0,0,NA,0,0,0,0,NA,0,0,0,0,NA,0,0,0,0,NA,0,0,0,0,NA,0,0,0,0,NA,0,0,0,0,NA,0,0
Pondicherry,'1.6.2.e',Number of babies treated for congenital Syphilis,TOTAL,0,0,NA,0,0,0,0,NA,0,0,0,0,NA,0,0,0,0,NA,0,0,0,0,NA,0,0,0,0,NA,0,0,0,0,NA,0,0,0,0,NA,0,0,0,0,NA,0,0,0,0,NA,0,0,0,0,NA,0,0,0,0,NA,0,0,0,0,NA,0,0
Pondicherry,'2.1.1.a',Number of Home Deliveries attended by Skill Birth Attendant(SBA) (Doctor/Nurse/ANM),TOTAL,0,0,NA,0,0,0,0,NA,0,0,0,0,NA,0,0,0,0,NA,0,0,0,0,NA,0,0,0,0,NA,0,0,0,0,NA,0,0,0,0,NA,0,0,0,0,NA,0,0,0,0,NA,0,0,0,0,NA,0,0,0,0,NA,0,0,0,0,NA,0,0
Pondicherry,'2.1.1.b',Number of Home Deliveries attended by Non SBA (Trained Birth Attendant(TBA) /Relatives/etc.),TOTAL,1,1,NA,1,0,0,0,NA,0,0,0,0,NA,0,0,1,1,NA,0,1,0,0,NA,0,0,0,0,NA,0,0,0,0,NA,0,0,0,0,NA,0,0,0,0,NA,0,0,0,0,NA,0,0,0,0,NA,0,0,1,1,NA,0,1,3,3,NA,1,2
Pondicherry,'2.1.2',Number of PW given Tablet Misoprostol during home delivery,TOTAL,0,0,NA,0,0,0,0,NA,0,0,0,0,NA,0,0,0,0,NA,0,0,0,0,NA,0,0,0,0,NA,0,0,0,0,NA,0,0,0,0,NA,0,0,0,0,NA,0,0,0,0,NA,0,0,0,0,NA,0,0,0,0,NA,0,0,0,0,NA,0,0
Pondicherry,'2.1.3',Number of newborns received 7 Home Based Newborn Care (HBNC) visits in case of Home delivery,TOTAL,1,1,NA,1,0,0,0,NA,0,0,0,0,NA,0,0,0,0,NA,0,0,0,0,NA,0,0,0,0,NA,0,0,0,0,NA,0,0,0,0,NA,0,0,0,0,NA,0,0,0,0,NA,0,0,0,0,NA,0,0,0,0,NA,0,0,1,1,NA,1,0
Pondicherry,'2.2',Number of Institutional Deliveries conducted (Including C-Sections),TOTAL,2921,2274,647,2142,779,3652,2877,775,2573,1079,3487,2752,735,2476,1011,3495,2773,722,2512,983,3584,2863,721,2586,998,3607,2821,786,2572,1035,3941,3193,748,2813,1128,3753,3041,712,2669,1084,3117,2519,598,2307,810,2821,2227,594,2139,682,2228,1694,534,1690,538,2239,1665,574,1644,595,38845,30699,8146,28123,10722
Pondicherry,'2.2.1',Out of total institutional deliveries number of women discharged within 48 hours of delivery,TOTAL,0,0,0,0,0,0,0,0,0,0,0,0,0,0,0,0,0,NA,0,0,0,0,NA,0,0,0,0,NA,0,0,0,0,NA,0,0,0,0,NA,0,0,0,0,NA,0,0,0,0,NA,0,0,0,0,NA,0,0,0,0,NA,0,0,0,0,0,0,0
Pondicherry,'2.2.2',Number of newborns received 6 HBNC  visits after Institutional Delivery,TOTAL,299,299,0,236,63,290,290,0,241,49,346,346,0,271,75,302,302,NA,216,86,366,366,NA,277,89,396,396,NA,306,90,438,438,NA,378,60,372,372,NA,299,73,246,246,NA,177,69,278,278,NA,197,81,241,241,NA,183,58,194,194,NA,160,34,3768,3768,0,2941,827
Pondicherry,'3.1',Total C -Section deliveries performed,TOTAL,848,550,298,569,279,967,669,298,609,358,957,617,340,585,372,951,618,333,582,369,1081,682,399,693,388,1018,666,352,618,400,1115,735,380,661,454,1070,778,292,614,456,916,661,255,582,334,790,549,241,497,293,682,449,233,437,245,628,413,215,384,244,11023,7387,3636,6831,4192
Pondicherry,'3.1.1',"C-sections, performed at night (8 PM- 8 AM)",TOTAL,205,205,0,105,100,262,262,0,152,110,265,265,0,126,139,278,278,NA,155,123,339,339,NA,175,164,280,280,NA,132,148,310,310,NA,151,159,337,337,NA,166,171,299,299,NA,165,134,266,266,NA,158,108,203,203,NA,120,83,185,185,NA,113,72,3229,3229,0,1718,1511
Pondicherry,'4.1.1.a',Live Birth - Male,TOTAL,1517,1182,335,1114,403,1912,1495,417,1353,559,1791,1402,389,1289,502,1824,1460,364,1324,500,1872,1483,389,1349,523,1826,1420,406,1273,553,2050,1650,400,1446,604,1929,1569,360,1370,559,1593,1279,314,1183,410,1453,1155,298,1098,355,1128,847,281,860,268,1121,860,261,816,305,20016,15802,4214,14475,5541
Pondicherry,'4.1.1.b',Live Birth - Female,TOTAL,1397,1082,315,1017,380,1715,1354,361,1189,526,1693,1333,360,1179,514,1649,1282,367,1163,486,1687,1345,342,1211,476,1761,1373,388,1277,484,1873,1514,359,1343,530,1820,1460,360,1292,528,1506,1221,285,1105,401,1354,1055,299,1024,330,1086,828,258,816,270,1148,789,359,856,292,18689,14636,4053,13472,5217
Pondicherry,'4.1.2',Number of Pre term newborns ( < 37 weeks of pregnancy),TOTAL,337,329,8,288,49,264,257,7,202,62,228,225,3,182,46,168,165,3,136,32,147,146,1,112,35,175,168,7,102,73,139,139,NA,97,42,141,141,NA,101,40,122,122,NA,106,16,136,136,NA,100,36,32,32,NA,4,28,45,45,NA,0,45,1934,1905,29,1430,504
Pondicherry,'4.1.3',Still Birth,TOTAL,27,27,0,23,4,37,37,0,31,6,35,35,0,29,6,40,40,0,33,7,45,45,0,36,9,38,38,0,29,9,40,36,4,34,6,24,20,4,19,5,28,25,3,24,4,29,25,4,24,5,27,23,4,23,4,33,29,4,23,10,403,380,23,328,75
Pondicherry,'4.2',Abortion (spontaneous),TOTAL,112,112,0,31,81,81,81,0,25,56,80,80,0,25,55,73,73,0,15,58,60,60,0,17,43,50,50,0,18,32,72,72,NA,22,50,64,64,NA,23,41,54,54,NA,14,40,62,62,NA,18,44,34,34,NA,3,31,34,34,NA,0,34,776,776,0,211,565
Pondicherry,'4.3.1.a',MTP up to 12 weeks of pregnancy,TOTAL,104,49,55,85,19,84,43,41,63,21,53,26,27,38,15,69,30,39,53,16,64,30,34,52,12,79,37,42,56,23,74,35,39,61,13,70,30,40,57,13,74,37,37,56,18,72,33,39,56,16,76,39,37,48,28,57,27,30,41,16,876,416,460,666,210
Pondicherry,'4.3.1.b',MTP more than 12 weeks of pregnancy,TOTAL,22,16,6,20,2,22,16,6,18,4,17,13,4,14,3,22,12,10,20,2,24,14,10,22,2,21,14,7,20,1,10,9,1,8,2,13,10,3,10,3,19,15,4,17,2,28,23,5,24,4,23,13,10,18,5,17,11,6,16,1,238,166,72,207,31
Pondicherry,'4.3.2.a',Post Abortion/ MTP Complications Identified,TOTAL,2,2,NA,2,0,2,2,NA,2,0,0,0,NA,0,0,0,0,NA,0,0,0,0,NA,0,0,1,1,NA,1,0,0,0,NA,0,0,2,2,NA,2,0,2,2,NA,2,0,0,0,NA,0,0,0,0,NA,0,0,0,0,NA,0,0,9,9,NA,9,0
Pondicherry,'4.3.2.b',Post Abortion/ MTP Complications Treated,TOTAL,2,2,NA,2,0,2,2,NA,2,0,0,0,NA,0,0,0,0,NA,0,0,0,0,NA,0,0,1,1,NA,1,0,0,0,NA,0,0,2,2,NA,2,0,2,2,NA,2,0,0,0,NA,0,0,0,0,NA,0,0,0,0,NA,0,0,9,9,NA,9,0
Pondicherry,'4.3.3',Number of women provided with post abortion/ MTP contraception,TOTAL,84,59,25,59,25,54,35,19,29,25,161,146,15,105,56,72,52,20,26,46,43,30,13,13,30,41,25,16,16,25,76,59,17,35,41,74,57,17,36,38,46,32,14,27,19,88,70,18,44,44,49,36,13,13,36,35,26,9,9,26,823,627,196,412,411
Pondicherry,'4.4.1',Number of newborns weighed at birth,TOTAL,2256,2256,NA,1473,783,2906,2906,NA,1821,1085,2738,2738,NA,1722,1016,2747,2747,NA,1758,989,2828,2828,NA,1829,999,2794,2794,NA,1757,1037,3163,3163,NA,2030,1133,3029,3029,NA,1942,1087,2500,2500,NA,1689,811,2210,2210,NA,1525,685,1675,1675,NA,1137,538,1660,1660,NA,1052,608,30506,30506,NA,19735,10771
Pondicherry,'4.4.2',Number of newborns having weight less than 2.5 kg,TOTAL,475,374,101,350,125,497,398,99,316,181,516,407,109,380,136,550,458,92,413,137,466,381,85,320,146,611,482,129,463,148,558,437,121,369,189,560,441,119,401,159,431,353,78,327,104,482,389,93,396,86,255,169,86,191,64,258,216,42,169,89,5659,4505,1154,4095,1564
Pondicherry,'4.4.3',Number of Newborns breast fed within 1 hour of birth ,TOTAL,1925,1925,NA,1246,679,2575,2575,NA,1575,1000,2470,2470,NA,1542,928,2431,2431,NA,1509,922,2589,2589,NA,1597,992,2491,2491,NA,1470,1021,2912,2912,NA,1806,1106,2751,2751,NA,1681,1070,2192,2192,NA,1483,709,1979,1979,NA,1313,666,1485,1485,NA,955,530,1491,1491,NA,895,596,27291,27291,NA,17072,10219
Pondicherry,'5.1',"Number of cases of pregnant women with Obstetric Complications attended (Antepartum haemorrhage (APH), Post-Partum Hemorrhage (PPH), Sepsis, Eclampsia and others)",TOTAL,924,924,NA,668,256,730,730,NA,381,349,537,537,NA,326,211,836,836,NA,597,239,787,787,NA,515,272,677,677,NA,435,242,648,648,NA,414,234,961,961,NA,739,222,848,848,NA,662,186,706,706,NA,506,200,476,476,NA,269,207,160,160,NA,0,160,8290,8290,NA,5512,2778
Pondicherry,'5.2',Number of Complicated pregnancies treated with Blood Transfusion,TOTAL,782,782,NA,668,114,466,466,NA,382,84,415,415,NA,330,85,671,671,NA,598,73,580,580,NA,513,67,504,504,NA,437,67,480,480,NA,411,69,430,430,NA,379,51,349,349,NA,312,37,291,291,NA,246,45,270,270,NA,226,44,61,61,NA,0,61,5299,5299,NA,4502,797
Pondicherry,'6.1',Women receiving 1st post partum checkup within 48 hours of home delivery,TOTAL,1,1,NA,1,0,0,0,NA,0,0,0,0,NA,0,0,0,0,NA,0,0,0,0,NA,0,0,0,0,NA,0,0,0,0,NA,0,0,0,0,NA,0,0,0,0,NA,0,0,0,0,NA,0,0,0,0,NA,0,0,16,16,NA,16,0,17,17,NA,17,0
Pondicherry,'6.2',Women receiving 1st post partum checkup between 48 hours and 14 days,TOTAL,667,667,NA,512,155,792,792,NA,625,167,749,749,NA,566,183,824,824,NA,599,225,878,878,NA,661,217,815,815,NA,640,175,887,887,NA,662,225,991,991,NA,720,271,855,855,NA,654,201,697,697,NA,540,157,549,549,NA,441,108,628,628,NA,492,136,9332,9332,NA,7112,2220
Pondicherry,'6.3',Number of mothers provided full course of 180 IFA tablets after delivery,TOTAL,863,863,NA,640,223,716,716,NA,455,261,715,715,NA,493,222,672,672,NA,436,236,662,662,NA,420,242,710,710,NA,470,240,742,742,NA,476,266,786,786,NA,491,295,677,677,NA,412,265,614,614,NA,381,233,612,612,NA,378,234,657,657,NA,429,228,8426,8426,NA,5481,2945
Pondicherry,'6.4',Number of mothers provided 360 Calcium tablets after delivery,TOTAL,772,772,NA,522,250,578,578,NA,324,254,542,542,NA,325,217,418,418,NA,238,180,421,421,NA,222,199,419,419,NA,185,234,664,664,NA,374,290,683,683,NA,351,332,616,616,NA,304,312,499,499,NA,267,232,529,529,NA,305,224,524,524,NA,297,227,6665,6665,NA,3714,2951
Pondicherry,'7.1.1',New RTI/STI cases identified - Male,TOTAL,231,231,NA,198,33,259,259,NA,201,58,153,153,NA,122,31,221,221,NA,192,29,225,225,NA,183,42,232,232,NA,191,41,165,165,NA,132,33,230,230,NA,195,35,211,211,NA,163,48,167,167,NA,135,32,213,213,NA,165,48,61,61,NA,14,47,2368,2368,NA,1891,477
Pondicherry,'7.1.2',New RTI/STI cases identified - Female,TOTAL,510,510,NA,263,247,412,412,NA,202,210,367,367,NA,188,179,427,427,NA,235,192,356,356,NA,179,177,403,403,NA,209,194,407,407,NA,210,197,603,603,NA,410,193,590,590,NA,407,183,531,531,NA,363,168,638,638,NA,436,202,306,306,NA,141,165,5550,5550,NA,3243,2307
Pondicherry,'7.2.1',RTI/STI for which treatment initiated - Male,TOTAL,58,58,NA,48,10,28,28,NA,16,12,58,58,NA,26,32,40,40,NA,34,6,73,73,NA,40,33,46,46,NA,32,14,63,63,NA,50,13,58,58,NA,49,9,67,67,NA,56,11,50,50,NA,27,23,60,60,NA,44,16,22,22,NA,14,8,623,623,NA,436,187
Pondicherry,'7.2.2',RTI/STI for which treatment initiated -Female,TOTAL,432,432,NA,198,234,282,282,NA,108,174,334,334,NA,155,179,368,368,NA,193,175,319,319,NA,156,163,319,319,NA,152,167,291,291,NA,117,174,352,352,NA,174,178,382,382,NA,217,165,339,339,NA,168,171,359,359,NA,165,194,296,296,NA,141,155,4073,4073,NA,1944,2129
Pondicherry,'8.1.1',Number of Non Scalpel Vasectomy (NSV) / Conventional Vasectomy conducted,TOTAL,0,0,0,0,0,2,2,0,2,0,1,0,1,1,0,0,0,0,0,0,0,0,0,0,0,0,0,0,0,0,0,0,0,0,0,0,0,0,0,0,0,0,NA,0,0,0,0,NA,0,0,1,0,1,1,0,0,0,0,0,0,4,2,2,4,0
Pondicherry,'8.2.1',Number of Laparoscopic sterilizations (excluding post abortion) conducted,TOTAL,53,35,18,39,14,52,30,22,42,10,47,35,12,36,11,44,36,8,37,7,48,37,11,44,4,36,30,6,33,3,50,35,15,46,4,41,28,13,38,3,41,34,7,38,3,37,29,8,32,5,41,28,13,31,10,17,7,10,12,5,507,364,143,428,79
Pondicherry,'8.2.2',Number of Interval Mini-lap (other than post-partum and post abortion) sterilizations conducted,TOTAL,50,47,3,17,33,64,58,6,24,40,19,18,1,4,15,19,19,0,10,9,11,9,2,5,6,9,8,1,3,6,19,16,3,13,6,17,14,3,5,12,6,6,0,2,4,8,7,1,4,4,13,9,4,12,1,3,3,0,0,3,238,214,24,99,139
Pondicherry,'8.2.3',Number of Postpartum sterilizations (within 7 days of delivery by minilap or concurrent with caesarean section) conducted,TOTAL,434,351,83,286,148,525,421,104,302,223,443,350,93,251,192,420,351,69,255,165,480,389,91,313,167,514,410,104,313,201,537,432,105,326,211,513,407,106,318,195,491,388,103,322,169,427,344,83,286,141,307,232,75,215,92,310,257,53,173,137,5401,4332,1069,3360,2041
Pondicherry,'8.2.4',Number of Post Abortion sterilizations (within 7 days of spontaneous or surgical abortion) conducted,TOTAL,52,29,23,34,18,46,31,15,26,20,28,17,11,15,13,37,20,17,22,15,31,19,12,18,13,38,22,16,23,15,40,23,17,30,10,35,20,15,23,12,40,29,11,27,13,43,27,16,25,18,56,43,13,31,25,28,21,7,14,14,474,301,173,288,186
Pondicherry,'8.3',Number of Interval IUCD Insertions (excluding PPIUCD and PAIUCD),TOTAL,51,41,10,33,18,53,46,7,34,19,39,31,8,26,13,84,70,14,52,32,54,43,11,39,15,46,41,5,36,10,36,36,0,22,14,42,34,8,28,14,42,38,4,28,14,31,27,4,16,15,27,21,6,19,8,42,38,4,37,5,547,466,81,370,177
Pondicherry,'8.4',Number of Postpartum (within 48 hours of delivery) IUCD insertions,TOTAL,164,162,2,41,123,157,155,2,55,102,151,149,2,45,106,253,249,4,82,171,242,240,2,93,149,207,204,3,89,118,166,162,4,49,117,211,211,0,110,101,379,377,2,201,178,307,307,0,153,154,169,168,1,78,91,194,194,0,83,111,2600,2578,22,1079,1521
Pondicherry,'8.5',Number of Post Abortion (within 12 days of spontaneous or surgical abortion) IUCD insertions,TOTAL,5,5,NA,2,3,2,2,NA,0,2,3,3,NA,0,3,2,2,NA,0,2,2,2,NA,1,1,3,3,NA,0,3,2,2,0,0,2,4,2,2,4,0,9,5,4,4,5,3,1,2,2,1,7,7,0,0,7,4,2,2,2,2,46,36,10,15,31
Pondicherry,'8.6',Number of IUCD Removals,TOTAL,68,68,NA,23,45,80,80,NA,21,59,49,49,NA,12,37,65,65,NA,23,42,55,55,NA,21,34,65,65,NA,19,46,36,36,NA,11,25,50,50,NA,20,30,55,55,NA,23,32,36,36,NA,14,22,41,41,NA,15,26,39,39,NA,17,22,639,639,NA,219,420
Pondicherry,'8.7',Number of complications following IUCD Insertion,TOTAL,0,0,NA,0,0,2,2,NA,0,2,1,1,NA,1,0,4,4,NA,1,3,5,5,NA,4,1,0,0,NA,0,0,2,2,NA,0,2,0,0,NA,0,0,5,5,NA,4,1,0,0,NA,0,0,0,0,NA,0,0,0,0,NA,0,0,19,19,NA,10,9
Pondicherry,'8.8',Injectable Contraceptive-Antara Program- First Dose,TOTAL,95,95,NA,46,49,94,94,NA,33,61,84,84,NA,36,48,115,115,NA,53,62,95,95,NA,55,40,71,71,NA,36,35,74,74,NA,42,32,58,58,NA,32,26,44,44,NA,22,22,70,70,NA,28,42,47,47,NA,27,20,51,51,NA,24,27,898,898,NA,434,464
Pondicherry,'8.9',Injectable Contraceptive-Antara Program- Second Dose,TOTAL,92,92,NA,35,57,85,85,NA,41,44,68,68,NA,37,31,67,67,NA,32,35,53,53,NA,21,32,63,63,NA,32,31,56,56,NA,30,26,55,55,NA,28,27,43,43,NA,22,21,45,45,NA,28,17,41,41,NA,30,11,33,33,NA,20,13,701,701,NA,356,345
Pondicherry,'8.10',Injectable Contraceptive-Antara Program- Third Dose,TOTAL,30,30,NA,15,15,45,45,NA,24,21,46,46,NA,26,20,68,68,NA,24,44,52,52,NA,27,25,54,54,NA,25,29,57,57,NA,23,34,48,48,NA,19,29,48,48,NA,23,25,39,39,NA,22,17,41,41,NA,23,18,26,26,NA,15,11,554,554,NA,266,288
Pondicherry,'8.11',Injectable Contraceptive-Antara Program- Fourth or more than fourth,TOTAL,3,3,NA,0,3,3,3,NA,2,1,10,10,NA,4,6,18,18,NA,6,12,31,31,NA,17,14,33,33,NA,13,20,58,58,NA,22,36,49,49,NA,23,26,40,40,NA,22,18,67,67,NA,25,42,51,51,NA,21,30,54,54,NA,25,29,417,417,NA,180,237
Pondicherry,'8.12',Number of Combined Oral Pill cycles distributed,TOTAL,2486,2434,52,1026,1460,1005,964,41,741,264,833,795,38,594,239,839,777,62,577,262,847,819,28,612,235,1006,987,19,775,231,807,775,32,566,241,819,797,22,571,248,772,739,33,511,261,805,782,23,548,257,781,757,24,510,271,730,725,5,480,250,11730,11351,379,7511,4219
Pondicherry,'8.13',Number of Condom pieces distributed,TOTAL,63588,63498,90,40947,22641,65261,65146,115,43990,21271,64481,64396,85,41780,22701,76478,76398,80,45855,30623,71108,70995,113,45598,25510,71514,71416,98,47338,24176,72563,72495,68,47243,25320,69463,69371,92,40766,28697,64855,64787,68,40128,24727,65787,65725,62,43542,22245,65335,65280,55,42290,23045,65377,65342,35,43031,22346,815810,814849,961,522508,293302
Pondicherry,'8.14',Number of Centchroman (weekly) pill strips distributed,TOTAL,141,141,0,81,60,180,180,0,106,74,221,221,0,89,132,259,259,0,117,142,439,439,NA,142,297,662,662,NA,201,461,457,457,NA,225,232,361,361,NA,192,169,345,345,NA,223,122,302,302,NA,185,117,285,285,NA,198,87,3129,3129,NA,3042,87,6781,6781,0,4801,1980
Pondicherry,'8.15',Number of Emergency Contraceptive Pills (ECP) given,TOTAL,247,247,0,158,89,200,200,0,130,70,165,165,0,112,53,197,197,0,116,81,176,176,NA,117,59,202,202,NA,148,54,258,258,NA,193,65,228,228,NA,150,78,298,298,NA,214,84,269,269,NA,186,83,333,333,NA,198,135,289,289,NA,218,71,2862,2862,0,1940,922
Pondicherry,'8.16',Number of Pregnancy Test Kits (PTK) used,TOTAL,1501,1501,0,409,1092,1841,1841,0,919,922,1748,1748,0,891,857,1742,1742,0,880,862,1573,1573,NA,844,729,1644,1644,NA,829,815,1804,1804,NA,1005,799,1330,1330,NA,531,799,1702,1702,NA,928,774,1498,1498,NA,755,743,1765,1765,NA,923,842,1172,1172,NA,332,840,19320,19320,0,9246,10074
Pondicherry,'8.17.1',Complications following male sterilization,TOTAL,0,0,NA,0,0,0,0,NA,0,0,0,0,NA,0,0,0,0,NA,0,0,0,0,NA,0,0,0,0,NA,0,0,0,0,NA,0,0,0,0,NA,0,0,0,0,NA,0,0,0,0,NA,0,0,0,0,NA,0,0,0,0,NA,0,0,0,0,NA,0,0
Pondicherry,'8.17.2',Complications following female sterilization,TOTAL,2,2,NA,0,2,8,8,NA,0,8,1,1,NA,0,1,2,2,NA,0,2,3,3,NA,0,3,2,2,NA,0,2,12,12,NA,0,12,11,11,NA,0,11,2,2,NA,0,2,2,2,NA,0,2,3,3,NA,0,3,1,1,NA,0,1,49,49,NA,0,49
Pondicherry,'8.17.3',Failures following male sterilization,TOTAL,0,0,NA,0,0,0,0,NA,0,0,0,0,NA,0,0,0,0,NA,0,0,0,0,NA,0,0,0,0,NA,0,0,0,0,NA,0,0,0,0,NA,0,0,0,0,NA,0,0,0,0,NA,0,0,0,0,NA,0,0,0,0,NA,0,0,0,0,NA,0,0
Pondicherry,'8.17.4',Failures following female sterilization,TOTAL,2,2,NA,0,2,3,3,NA,1,2,2,2,NA,1,1,3,3,NA,2,1,2,2,NA,0,2,4,4,NA,2,2,0,0,NA,0,0,1,1,NA,1,0,2,2,NA,0,2,5,5,NA,1,4,7,7,NA,5,2,2,2,NA,0,2,33,33,NA,13,20
Pondicherry,'8.17.5',Deaths following male sterilization,TOTAL,0,0,NA,0,0,0,0,NA,0,0,0,0,NA,0,0,0,0,NA,0,0,0,0,NA,0,0,0,0,NA,0,0,0,0,NA,0,0,0,0,NA,0,0,0,0,NA,0,0,0,0,NA,0,0,0,0,NA,0,0,0,0,NA,0,0,0,0,NA,0,0
Pondicherry,'8.17.6',Deaths following female sterilization,TOTAL,0,0,NA,0,0,0,0,NA,0,0,0,0,NA,0,0,0,0,NA,0,0,0,0,NA,0,0,0,0,NA,0,0,0,0,NA,0,0,0,0,NA,0,0,0,0,NA,0,0,0,0,NA,0,0,0,0,NA,0,0,0,0,NA,0,0,0,0,NA,0,0
Pondicherry,'9.1.1',Child immunisation - Vitamin K1 (Birth Dose),TOTAL,2898,2255,643,2115,783,3610,2852,758,2525,1085,3469,2735,734,2453,1016,3494,2743,751,2507,987,3529,2829,700,2529,1000,3585,2800,785,2541,1044,3907,3169,738,2773,1134,3726,3016,710,2652,1074,3116,2498,618,2307,809,2795,2210,585,2110,685,2183,1675,508,1645,538,2160,1648,512,1564,596,38472,30430,8042,27721,10751
Pondicherry,'9.1.2',Child immunisation - BCG,TOTAL,2887,2244,643,2115,772,3606,2848,758,2525,1081,3469,2735,734,2453,1016,3494,2743,751,2507,987,3520,2820,700,2529,991,3561,2776,785,2541,1020,3894,3156,738,2773,1121,3726,3016,710,2652,1074,3116,2498,618,2307,809,2794,2209,585,2110,684,2183,1675,508,1645,538,2160,1648,512,1564,596,38410,30368,8042,27721,10689
Pondicherry,'9.1.3',Child immunisation - DPT1,TOTAL,18,18,0,18,0,0,0,0,0,0,0,0,0,0,0,0,0,0,0,0,0,0,0,0,0,0,0,0,0,0,0,0,0,0,0,0,0,0,0,0,0,0,0,0,0,8,8,0,8,0,0,0,0,0,0,0,0,0,0,0,26,26,0,26,0
Pondicherry,'9.1.4',Child immunisation - DPT2,TOTAL,0,0,0,0,0,0,0,0,0,0,0,0,0,0,0,0,0,0,0,0,0,0,0,0,0,0,0,0,0,0,0,0,0,0,0,0,0,0,0,0,0,0,0,0,0,0,0,0,0,0,0,0,0,0,0,0,0,0,0,0,0,0,0,0,0
Pondicherry,'9.1.5',Child immunisation - DPT3,TOTAL,0,0,0,0,0,0,0,0,0,0,0,0,0,0,0,0,0,0,0,0,0,0,0,0,0,0,0,0,0,0,0,0,0,0,0,0,0,0,0,0,0,0,0,0,0,0,0,0,0,0,0,0,0,0,0,0,0,0,0,0,0,0,0,0,0
Pondicherry,'9.1.6',Child immunisation - Pentavalent 1,TOTAL,890,790,100,649,241,1226,1082,144,904,322,939,837,102,676,263,1347,1188,159,1004,343,1242,1137,105,876,366,1079,973,106,762,317,1336,1214,122,931,405,1280,1133,147,910,370,1167,1051,116,821,346,1320,1193,127,903,417,1034,920,114,761,273,694,690,4,464,230,13554,12208,1346,9661,3893
Pondicherry,'9.1.7',Child immunisation - Pentavalent 2,TOTAL,765,673,92,530,235,914,829,85,639,275,915,836,79,665,250,898,816,82,630,268,1227,1128,99,865,362,964,875,89,671,293,1066,985,81,717,349,1104,1021,83,755,349,1061,972,89,708,353,1295,1208,87,859,436,996,918,78,666,330,788,788,0,506,282,11993,11049,944,8211,3782
Pondicherry,'9.1.8',Child immunisation - Pentavalent 3,TOTAL,920,839,81,649,271,922,832,90,656,266,787,708,79,557,230,905,828,77,642,263,988,923,65,656,332,1061,979,82,741,320,1079,997,82,719,360,973,900,73,662,311,1003,924,79,684,319,1242,1152,90,828,414,1104,1028,76,752,352,791,790,1,478,313,11775,10900,875,8024,3751
Pondicherry,'9.1.9',Child immunisation - OPV 0 (Birth Dose),TOTAL,2887,2244,643,2115,772,3606,2848,758,2525,1081,3469,2735,734,2453,1016,3494,2743,751,2507,987,3520,2820,700,2529,991,3561,2776,785,2541,1020,3896,3158,738,2773,1123,3726,3016,710,2652,1074,3116,2498,618,2307,809,2795,2210,585,2110,685,2183,1675,508,1645,538,2160,1648,512,1564,596,38413,30371,8042,27721,10692
Pondicherry,'9.1.10',Child immunisation - OPV1,TOTAL,890,790,100,649,241,1225,1081,144,903,322,939,837,102,676,263,1350,1191,159,1007,343,1242,1137,105,876,366,1077,971,106,762,315,1336,1214,122,931,405,1280,1133,147,910,370,1167,1051,116,821,346,1305,1178,127,891,414,1033,919,114,760,273,694,690,4,464,230,13538,12192,1346,9650,3888
Pondicherry,'9.1.11',Child immunisation - OPV2,TOTAL,765,673,92,530,235,924,839,85,649,275,915,836,79,665,250,898,816,82,630,268,1227,1128,99,865,362,964,875,89,671,293,1066,985,81,717,349,1104,1021,83,755,349,1061,972,89,708,353,1296,1209,87,858,438,986,908,78,666,320,778,778,0,501,277,11984,11040,944,8215,3769
Pondicherry,'9.1.12',Child immunisation - OPV3,TOTAL,920,839,81,649,271,922,832,90,656,266,787,708,79,557,230,905,828,77,642,263,988,923,65,656,332,1060,978,82,741,319,1079,997,82,719,360,993,920,73,682,311,1003,924,79,684,319,1233,1143,90,824,409,1103,1027,76,752,351,836,835,1,518,318,11829,10954,875,8080,3749
Pondicherry,'9.1.13',Child immunisation - Hepatitis-B0 (Birth Dose),TOTAL,2887,2244,643,2115,772,3606,2848,758,2525,1081,3469,2735,734,2453,1016,3494,2743,751,2507,987,3520,2820,700,2529,991,3561,2776,785,2541,1020,3896,3158,738,2773,1123,3726,3016,710,2652,1074,3116,2498,618,2307,809,2795,2210,585,2110,685,2183,1675,508,1645,538,2160,1648,512,1564,596,38413,30371,8042,27721,10692
Pondicherry,'9.1.14',Child immunisation - Hepatitis-B1,TOTAL,0,0,0,0,0,0,0,0,0,0,0,0,0,0,0,0,0,0,0,0,0,0,0,0,0,0,0,0,0,0,0,0,0,0,0,0,0,0,0,0,0,0,0,0,0,0,0,0,0,0,0,0,0,0,0,0,0,0,0,0,0,0,0,0,0
Pondicherry,'9.1.15',Child immunisation - Hepatitis-B2,TOTAL,0,0,0,0,0,0,0,0,0,0,0,0,0,0,0,0,0,0,0,0,0,0,0,0,0,0,0,0,0,0,0,0,0,0,0,0,0,0,0,0,0,0,0,0,0,0,0,0,0,0,0,0,0,0,0,0,0,0,0,0,0,0,0,0,0
Pondicherry,'9.1.16',Child immunisation - Hepatitis-B3,TOTAL,2,2,0,0,2,0,0,0,0,0,0,0,0,0,0,0,0,0,0,0,0,0,0,0,0,0,0,0,0,0,0,0,0,0,0,0,0,0,0,0,0,0,0,0,0,0,0,0,0,0,0,0,0,0,0,0,0,0,0,0,2,2,0,0,2
Pondicherry,'9.1.17',Child immunisation - Inactivated Polio Vaccine 1 (IPV 1),TOTAL,810,790,20,569,241,1014,972,42,692,322,791,768,23,532,259,1220,1176,44,877,343,1168,1134,34,805,363,1019,978,41,702,317,1250,1216,34,845,405,1171,1133,38,801,370,1078,1051,27,732,346,1213,1173,40,795,418,957,919,38,686,271,670,670,0,460,210,12361,11980,381,8496,3865
Pondicherry,'9.1.18',Child immunisation - Inactivated Polio Vaccine 2 (IPV 2),TOTAL,853,836,17,575,278,857,839,18,590,267,729,712,17,495,234,844,829,15,580,264,966,954,12,634,332,993,979,14,673,320,1009,994,15,645,364,929,905,24,612,317,980,930,50,653,327,1172,1147,25,758,414,1053,1040,13,689,364,817,817,0,516,301,11202,10982,220,7420,3782
Pondicherry,'9.1.19',Child immunisation - Rotavirus 1,TOTAL,0,0,0,0,0,0,0,0,0,0,0,0,0,0,0,0,0,0,0,0,155,155,0,100,55,780,780,0,496,284,994,994,0,596,398,998,980,18,628,370,939,933,6,593,346,1043,1037,6,626,417,925,919,6,654,271,664,660,4,467,197,6498,6458,40,4160,2338
Pondicherry,'9.1.20',Child immunisation - Rotavirus 2,TOTAL,0,0,0,0,0,0,0,0,0,0,0,0,0,0,0,0,0,0,0,0,4,4,0,1,3,169,169,0,112,57,823,823,0,508,315,935,930,5,591,344,920,917,3,567,353,1124,1121,3,689,435,910,910,0,589,321,751,751,0,498,253,5636,5625,11,3555,2081
Pondicherry,'9.1.21',Child immunisation - Rotavirus 3,TOTAL,0,0,0,0,0,0,0,0,0,0,0,0,0,0,0,0,0,0,0,0,2,2,0,2,0,13,13,0,7,6,378,378,0,209,169,816,815,1,508,308,852,846,6,536,316,1061,1058,3,647,414,1043,1038,5,682,361,802,801,1,519,283,4967,4951,16,3110,1857
Pondicherry,'9.2.1',Child immunisation (9-11months) - Measles & Rubella (MR)- 1st Dose,TOTAL,899,799,100,643,256,1092,997,95,762,330,974,875,99,701,273,1049,960,89,733,316,1264,1164,100,844,420,988,872,116,698,290,948,877,71,646,302,777,717,60,546,231,702,637,65,488,214,954,884,70,659,295,940,867,73,641,299,881,877,4,565,316,11468,10526,942,7926,3542
Pondicherry,'9.2.2',Child immunisation (9-11months) - Measles 1st dose,TOTAL,4,4,0,0,4,0,0,0,0,0,0,0,0,0,0,2,2,0,0,2,0,0,0,0,0,8,8,0,1,7,0,0,0,0,0,0,0,0,0,0,0,0,0,0,0,0,0,0,0,0,0,0,0,0,0,0,0,0,0,0,14,14,0,1,13
Pondicherry,'9.2.3',Child immunisation (9-11months) - JE 1st dose,TOTAL,0,0,0,0,0,3,3,0,0,3,0,0,0,0,0,0,0,0,0,0,0,0,0,0,0,0,0,0,0,0,0,0,0,0,0,0,0,0,0,0,0,0,0,0,0,0,0,0,0,0,0,0,0,0,0,0,0,0,0,0,3,3,0,0,3
Pondicherry,'9.2.4.a',Children aged between 9 and 11 months fully immunized- Male,TOTAL,451,395,56,313,138,527,478,49,358,169,509,460,49,357,152,541,493,48,374,167,639,592,47,434,205,548,475,73,395,153,479,445,34,330,149,389,361,28,275,114,379,341,38,276,103,492,452,40,330,162,513,470,43,344,169,474,472,2,303,171,5941,5434,507,4089,1852
Pondicherry,'9.2.4.b',Children aged between 9 and 11 months fully immunized - Female,TOTAL,423,379,44,308,115,480,434,46,322,158,430,380,50,309,121,506,465,41,359,147,628,575,53,410,218,435,392,43,304,131,461,424,37,316,145,385,353,32,271,114,323,296,27,212,111,426,396,30,293,133,426,396,30,296,130,407,405,2,262,145,5330,4895,435,3662,1668
Pondicherry,'9.3.1',Child immunisation - Measles & Rubella (MR)- 1st Dose,TOTAL,75,75,0,72,3,67,67,0,58,9,58,58,0,53,5,49,49,0,47,2,52,52,0,52,0,55,55,0,39,16,57,57,0,57,0,51,51,0,51,0,46,46,0,40,6,70,70,0,70,0,61,61,0,60,1,46,46,0,45,1,687,687,0,644,43
Pondicherry,'9.3.2',Child immunisation - Measles-1st dose,TOTAL,0,0,0,0,0,0,0,0,0,0,0,0,0,0,0,0,0,0,0,0,0,0,0,0,0,7,7,0,0,7,0,0,0,0,0,0,0,0,0,0,0,0,0,0,0,0,0,0,0,0,0,0,0,0,0,0,0,0,0,0,7,7,0,0,7
Pondicherry,'9.3.3',Child immunisation - JE 1st dose,TOTAL,0,0,0,0,0,0,0,0,0,0,0,0,0,0,0,0,0,0,0,0,0,0,0,0,0,0,0,0,0,0,0,0,0,0,0,0,0,0,0,0,0,0,0,0,0,0,0,0,0,0,0,0,0,0,0,0,0,0,0,0,0,0,0,0,0
Pondicherry,'9.4.1',Child immunisation - Measles & Rubella (MR)- 2nd Dose (16-24 months),TOTAL,911,850,61,616,295,998,932,66,648,350,724,656,68,493,231,773,694,79,561,212,839,760,79,577,262,697,641,56,493,204,880,807,73,606,274,951,869,82,645,306,847,756,91,599,248,1083,998,85,753,330,1035,942,93,723,312,855,855,0,500,355,10593,9760,833,7214,3379
Pondicherry,'9.4.2',Child immunisation - Measles 2nd dose (More than 16 months),TOTAL,0,0,0,0,0,0,0,0,0,0,2,2,0,0,2,9,9,0,0,9,0,0,0,0,0,0,0,0,0,0,0,0,0,0,0,0,0,0,0,0,45,45,0,45,0,0,0,0,0,0,0,0,0,0,0,0,0,0,0,0,56,56,0,45,11
Pondicherry,'9.4.3',Child immunisation - DPT 1st Booster,TOTAL,935,862,73,628,307,993,934,59,642,351,754,692,62,521,233,807,728,79,595,212,845,769,76,583,262,731,678,53,520,211,927,857,70,649,278,964,882,82,658,306,890,814,76,639,251,1076,1001,75,746,330,1012,922,90,700,312,840,840,0,500,340,10774,9979,795,7381,3393
Pondicherry,'9.4.4',Child immunisation - OPV Booster,TOTAL,935,862,73,628,307,993,934,59,642,351,754,692,62,521,233,807,728,79,595,212,845,769,76,583,262,728,675,53,518,210,922,852,70,649,273,964,882,82,658,306,890,814,76,639,251,1075,1000,75,745,330,1030,941,89,718,312,840,840,0,500,340,10783,9989,794,7396,3387
Pondicherry,'9.4.5',"Child immunisation - Measles, Mumps, Rubella (MMR) Vaccine",TOTAL,14,14,0,0,14,0,0,0,0,0,25,25,0,25,0,14,14,0,14,0,0,0,0,0,0,25,25,0,25,0,30,30,0,30,0,0,0,0,0,0,0,0,0,0,0,10,10,0,0,10,19,19,0,0,19,0,0,0,0,0,137,137,0,94,43
Pondicherry,'9.4.6',Number of children more than 16 months of age who received Japanese Encephalitis (JE) vaccine,TOTAL,0,0,0,0,0,0,0,0,0,0,0,0,0,0,0,0,0,0,0,0,0,0,0,0,0,0,0,0,0,0,0,0,0,0,0,0,0,0,0,0,0,0,0,0,0,0,0,0,0,0,0,0,0,0,0,0,0,0,0,0,0,0,0,0,0
Pondicherry,'9.5.1',Child immunisation - Typhoid,TOTAL,0,0,0,0,0,0,0,0,0,0,0,0,0,0,0,0,0,0,0,0,0,0,0,0,0,0,0,0,0,0,249,249,0,249,0,450,450,0,397,53,0,0,0,0,0,0,0,0,0,0,0,0,0,0,0,0,0,0,0,0,699,699,0,646,53
Pondicherry,'9.5.2',Children more than 5 years received DPT5 (2nd Booster),TOTAL,25,12,13,25,0,69,22,47,68,1,28,16,12,28,0,200,163,37,47,153,2789,2750,39,1586,1203,2735,2699,36,2149,586,2236,2210,26,923,1313,2053,2022,31,1085,968,325,309,16,92,233,181,152,29,46,135,144,131,13,99,45,112,112,0,61,51,10897,10598,299,6209,4688
Pondicherry,'9.5.3',Children more than 10 years received TT10,TOTAL,0,0,0,0,0,0,0,0,0,0,2,0,2,2,0,351,348,3,3,348,3431,3422,9,1960,1471,1927,1924,3,1338,589,2149,2143,6,829,1320,3200,3191,9,2143,1057,403,397,6,92,311,131,127,4,4,127,113,112,1,97,16,135,135,0,95,40,11842,11799,43,6563,5279
Pondicherry,'9.5.4',Children more than 16 years received TT16,TOTAL,0,0,0,0,0,0,0,0,0,0,0,0,0,0,0,280,280,0,0,280,3025,3025,0,1887,1138,1720,1720,0,1251,469,1768,1768,0,416,1352,1613,1613,0,593,1020,56,56,0,0,56,201,201,0,87,114,16,16,0,4,12,0,0,0,0,0,8679,8679,0,4238,4441
Pondicherry,'9.6.1',Number of cases of AEFI - Abscess,TOTAL,1,1,0,0,1,0,0,0,0,0,5,5,0,0,5,1,1,0,1,0,4,4,0,0,4,0,0,0,0,0,4,4,0,1,3,2,2,0,1,1,0,0,0,0,0,1,1,0,0,1,3,3,0,1,2,2,2,0,1,1,23,23,0,5,18
Pondicherry,'9.6.2',Number of cases of AEFI - Death,TOTAL,0,0,0,0,0,0,0,0,0,0,0,0,0,0,0,0,0,0,0,0,0,0,0,0,0,0,0,0,0,0,0,0,0,0,0,0,0,0,0,0,0,0,0,0,0,0,0,0,0,0,0,0,0,0,0,0,0,0,0,0,0,0,0,0,0
Pondicherry,'9.6.3',Number of cases of AEFI - Others,TOTAL,125,125,0,56,69,105,105,0,43,62,97,97,0,41,56,70,70,0,27,43,108,108,0,48,60,106,106,0,53,53,86,86,0,38,48,133,133,0,48,85,107,107,0,49,58,97,97,0,54,43,114,114,0,57,57,110,110,0,58,52,1258,1258,0,572,686
Pondicherry,'9.7.1',Immunisation sessions planned,TOTAL,333,333,0,126,207,376,376,0,139,237,326,326,0,123,203,343,343,0,133,210,374,374,0,144,230,334,334,0,130,204,376,376,0,139,237,352,352,0,134,218,332,332,0,129,203,348,348,0,136,212,330,330,0,128,202,320,320,0,122,198,4144,4144,0,1583,2561
Pondicherry,'9.7.2',Immunisation sessions held,TOTAL,326,326,0,123,203,369,369,0,139,230,320,320,0,123,197,339,339,0,133,206,363,363,0,144,219,327,327,0,129,198,368,368,0,138,230,348,348,0,134,214,325,325,0,128,197,339,339,0,135,204,321,321,0,128,193,314,314,0,121,193,4059,4059,0,1575,2484
Pondicherry,'9.7.3',Number of Immunisation sessions where ASHAs were present,TOTAL,184,184,0,80,104,190,190,0,82,108,170,170,0,73,97,175,175,0,79,96,188,188,0,85,103,177,177,0,78,99,203,203,0,85,118,205,205,0,92,113,190,190,0,83,107,178,178,0,79,99,167,167,0,79,88,176,176,0,77,99,2203,2203,0,972,1231
Pondicherry,'9.8.1',Child immunisation - Vitamin A Dose - 1,TOTAL,827,741,86,570,257,981,937,44,653,328,832,832,0,552,280,836,818,18,539,297,905,898,7,517,388,832,808,24,521,311,913,885,28,608,305,716,665,51,484,232,641,582,59,424,217,810,787,23,508,302,854,832,22,543,311,741,741,0,434,307,9888,9526,362,6353,3535
Pondicherry,'9.8.2',Child immunisation - Vitamin A Dose - 5,TOTAL,825,825,0,573,252,626,626,0,359,267,554,554,0,283,271,464,464,0,269,195,388,388,0,195,193,578,578,0,308,270,740,737,3,398,342,800,796,4,512,288,630,626,4,347,283,555,550,5,300,255,574,565,9,308,266,535,535,0,270,265,7269,7244,25,4122,3147
Pondicherry,'9.8.3',Child immunisation - Vitamin A Dose - 9,TOTAL,633,633,0,295,338,561,561,0,313,248,527,527,0,249,278,406,406,0,247,159,303,303,0,161,142,479,479,0,265,214,775,775,0,428,347,749,741,8,498,251,671,670,1,350,321,478,466,12,285,193,522,512,10,255,267,459,458,1,230,229,6563,6531,32,3576,2987
Pondicherry,'9.9',Number of children (6-59 months) provided 8-10 doses (1ml) of IFA syrup (Bi weekly),TOTAL,3567,3567,NA,1374,2193,3139,3139,NA,1536,1603,2176,2176,NA,1219,957,1465,1465,NA,495,970,2134,2134,NA,855,1279,3324,3324,NA,1139,2185,7351,7351,NA,4074,3277,4731,4731,NA,2216,2515,4561,4561,NA,1768,2793,5111,5111,NA,2321,2790,4613,4613,NA,1553,3060,2784,2784,NA,742,2042,44956,44956,NA,19292,25664
Pondicherry,'9.10',Number of children (12-59 months) provided Albendazole,TOTAL,279,279,0,24,255,294,294,0,24,270,382,382,0,16,366,879,879,0,64,815,35028,35028,0,8260,26768,484,484,0,312,172,349,349,0,136,213,299,299,0,123,176,304,304,0,133,171,259,259,0,71,188,34910,34910,0,11415,23495,500,500,0,141,359,73967,73967,0,20719,53248
Pondicherry,'9.11',Number of severely underweight children provided Health Checkup (0-5 yrs),TOTAL,14,14,0,6,8,389,389,0,5,384,400,400,0,2,398,10,10,0,3,7,120,120,0,103,17,18,18,0,6,12,24,24,0,10,14,38,38,0,5,33,22,22,0,4,18,20,20,0,4,16,20,20,0,7,13,11,11,0,4,7,1086,1086,0,159,927
Pondicherry,'10.1',Childhood Diseases - Pneumonia,TOTAL,93,93,NA,86,7,73,73,NA,60,13,75,75,NA,66,9,81,81,NA,70,11,78,78,NA,64,14,61,61,NA,48,13,113,113,NA,62,51,111,111,NA,78,33,105,105,NA,57,48,101,101,NA,62,39,28,28,NA,0,28,75,75,NA,46,29,994,994,NA,699,295
Pondicherry,'10.2',Childhood Diseases - Asthma,TOTAL,153,153,NA,69,84,144,144,NA,42,102,166,166,NA,83,83,192,192,NA,93,99,169,169,NA,88,81,151,151,NA,84,67,293,293,NA,42,251,210,210,NA,129,81,153,153,NA,36,117,124,124,NA,41,83,151,151,NA,31,120,110,110,NA,32,78,2016,2016,NA,770,1246
Pondicherry,'10.3',Childhood Diseases - Sepsis,TOTAL,145,145,NA,135,10,125,125,NA,121,4,153,153,NA,142,11,135,135,NA,128,7,8,8,NA,2,6,15,15,NA,4,11,14,14,NA,5,9,3,3,NA,3,0,9,9,NA,2,7,14,14,NA,2,12,11,11,NA,0,11,11,11,NA,2,9,643,643,NA,546,97
Pondicherry,'10.4',Childhood Diseases - Diphtheria,TOTAL,0,0,NA,0,0,1,1,NA,1,0,2,2,NA,2,0,3,3,NA,3,0,16,16,NA,16,0,13,13,NA,13,0,10,10,NA,10,0,3,3,NA,3,0,2,2,NA,2,0,2,2,NA,2,0,0,0,NA,0,0,0,0,NA,0,0,52,52,NA,52,0
Pondicherry,'10.5',Childhood Diseases - Pertussis,TOTAL,0,0,NA,0,0,1,1,NA,1,0,2,2,NA,2,0,0,0,NA,0,0,0,0,NA,0,0,1,1,NA,1,0,0,0,NA,0,0,0,0,NA,0,0,0,0,NA,0,0,0,0,NA,0,0,0,0,NA,0,0,0,0,NA,0,0,4,4,NA,4,0
Pondicherry,'10.6',Childhood Diseases - Tetanus Neonatorum,TOTAL,0,0,NA,0,0,0,0,NA,0,0,0,0,NA,0,0,0,0,NA,0,0,0,0,NA,0,0,0,0,NA,0,0,0,0,NA,0,0,0,0,NA,0,0,0,0,NA,0,0,0,0,NA,0,0,0,0,NA,0,0,0,0,NA,0,0,0,0,NA,0,0
Pondicherry,'10.7',Childhood Diseases - Tuberculosis (TB),TOTAL,3,3,NA,3,0,9,9,NA,9,0,4,4,NA,3,1,4,4,NA,4,0,4,4,NA,4,0,8,8,NA,5,3,4,4,NA,4,0,2,2,NA,2,0,2,2,NA,2,0,4,4,NA,4,0,0,0,NA,0,0,2,2,NA,2,0,46,46,NA,42,4
Pondicherry,'10.8',Childhood Diseases - Acute Flaccid Paralysis(AFP),TOTAL,5,5,NA,5,0,6,6,NA,6,0,5,5,NA,4,1,6,6,NA,6,0,11,11,NA,7,4,6,6,NA,6,0,7,7,NA,7,0,7,7,NA,5,2,5,5,NA,5,0,6,6,NA,5,1,1,1,NA,0,1,3,3,NA,3,0,68,68,NA,59,9
Pondicherry,'10.9',Childhood Diseases - Measles,TOTAL,0,0,NA,0,0,0,0,NA,0,0,2,2,NA,1,1,2,2,NA,0,2,3,3,NA,0,3,2,2,NA,0,2,4,4,NA,0,4,0,0,NA,0,0,0,0,NA,0,0,1,1,NA,0,1,2,2,NA,0,2,1,1,NA,0,1,17,17,NA,1,16
Pondicherry,'10.10',Childhood Diseases - Malaria,TOTAL,0,0,NA,0,0,0,0,NA,0,0,0,0,NA,0,0,0,0,NA,0,0,0,0,NA,0,0,0,0,NA,0,0,8,8,NA,0,8,0,0,NA,0,0,0,0,NA,0,0,0,0,NA,0,0,0,0,NA,0,0,0,0,NA,0,0,8,8,NA,0,8
Pondicherry,'10.11',Childhood Diseases - Diarrhoea,TOTAL,470,470,NA,115,355,783,783,NA,183,600,582,582,NA,143,439,778,778,NA,168,610,936,936,NA,232,704,560,560,NA,168,392,565,565,NA,192,373,521,521,NA,158,363,487,487,NA,105,382,528,528,NA,124,404,551,551,NA,98,453,631,631,NA,145,486,7392,7392,NA,1831,5561
Pondicherry,'10.12',Childhood Diseases - Diarrhoea treated in Inpatients,TOTAL,49,49,NA,32,17,90,90,NA,40,50,131,131,NA,30,101,80,80,NA,54,26,105,105,NA,28,77,106,106,NA,80,26,77,77,NA,48,29,60,60,NA,41,19,53,53,NA,30,23,62,62,NA,23,39,97,97,NA,37,60,88,88,NA,55,33,998,998,NA,498,500
Pondicherry,'10.13',Children admitted with upper respiratory infections,TOTAL,104,104,NA,71,33,365,365,NA,33,332,161,161,NA,49,112,56,56,NA,0,56,539,539,NA,462,77,278,278,NA,141,137,372,372,NA,198,174,348,348,NA,191,157,639,639,NA,567,72,704,704,NA,167,537,234,234,NA,161,73,414,414,NA,229,185,4214,4214,NA,2269,1945
Pondicherry,'10.14',Childhood Diseases - Severe Acute Malnutrition (SAM),TOTAL,8,8,NA,2,6,4,4,NA,3,1,2,2,NA,2,0,5,5,NA,4,1,5,5,NA,5,0,5,5,NA,5,0,3,3,NA,3,0,3,3,NA,3,0,2,2,NA,2,0,4,4,NA,4,0,4,4,NA,4,0,1,1,NA,1,0,46,46,NA,38,8
Pondicherry,'11.1.1.a',Total Blood Smears Examined for Malaria,TOTAL,7117,7117,NA,4081,3036,7455,7455,NA,4317,3138,8559,8559,NA,5321,3238,8463,8463,NA,5249,3214,8248,8248,NA,4862,3386,9491,9491,NA,5374,4117,9622,9622,NA,5523,4099,10143,10143,NA,5769,4374,10339,10339,NA,6319,4020,5127,5127,NA,3071,2056,7779,7779,NA,4736,3043,3872,3872,NA,2069,1803,96215,96215,NA,56691,39524
Pondicherry,'11.1.1.b',Malaria (Microscopy Tests ) - Plasmodium Vivax test positive,TOTAL,0,0,NA,0,0,1,1,NA,1,0,0,0,NA,0,0,2,2,NA,2,0,0,0,NA,0,0,0,0,NA,0,0,1,1,NA,1,0,0,0,NA,0,0,0,0,NA,0,0,1,1,NA,1,0,0,0,NA,0,0,0,0,NA,0,0,5,5,NA,5,0
Pondicherry,'11.1.1.c',Malaria (Microscopy Tests ) - Plasmodium Falciparum test positive,TOTAL,0,0,NA,0,0,0,0,NA,0,0,0,0,NA,0,0,0,0,NA,0,0,0,0,NA,0,0,0,0,NA,0,0,0,0,NA,0,0,0,0,NA,0,0,0,0,NA,0,0,0,0,NA,0,0,1,1,NA,1,0,0,0,NA,0,0,1,1,NA,1,0
Pondicherry,'11.1.2.a',RDT conducted for Malaria,TOTAL,135,135,NA,135,0,180,180,NA,180,0,172,172,NA,172,0,208,208,NA,208,0,196,196,NA,196,0,342,342,NA,342,0,406,406,NA,406,0,272,272,NA,272,0,209,209,NA,209,0,168,168,NA,168,0,203,203,NA,203,0,0,0,NA,0,0,2491,2491,NA,2491,0
Pondicherry,'11.1.2.b',Malaria (RDT) - Plasmodium Vivax test positive,TOTAL,0,0,NA,0,0,2,2,NA,2,0,1,1,NA,1,0,1,1,NA,1,0,2,2,NA,2,0,2,2,NA,2,0,2,2,NA,2,0,0,0,NA,0,0,1,1,NA,1,0,0,0,NA,0,0,0,0,NA,0,0,0,0,NA,0,0,11,11,NA,11,0
Pondicherry,'11.1.2.c',Malaria (RDT) - Plamodium Falciparum test positive,TOTAL,0,0,NA,0,0,2,2,NA,2,0,2,2,NA,2,0,1,1,NA,1,0,1,1,NA,1,0,1,1,NA,1,0,0,0,NA,0,0,0,0,NA,0,0,1,1,NA,1,0,0,0,NA,0,0,0,0,NA,0,0,0,0,NA,0,0,8,8,NA,8,0
Pondicherry,'11.2.1',Kala Azar (RDT) - Tests Conducted,TOTAL,0,0,NA,0,0,0,0,NA,0,0,0,0,NA,0,0,0,0,NA,0,0,0,0,NA,0,0,0,0,NA,0,0,0,0,NA,0,0,0,0,NA,0,0,0,0,NA,0,0,0,0,NA,0,0,0,0,NA,0,0,0,0,NA,0,0,0,0,NA,0,0
Pondicherry,'11.2.2',Kala Azar Positive Cases,TOTAL,0,0,NA,0,0,0,0,NA,0,0,0,0,NA,0,0,0,0,NA,0,0,0,0,NA,0,0,0,0,NA,0,0,0,0,NA,0,0,0,0,NA,0,0,0,0,NA,0,0,0,0,NA,0,0,0,0,NA,0,0,0,0,NA,0,0,0,0,NA,0,0
Pondicherry,'11.2.3',Post-kala-azar dermal leishmaniasis (PKDL) cases,TOTAL,0,0,NA,0,0,0,0,NA,0,0,0,0,NA,0,0,0,0,NA,0,0,0,0,NA,0,0,0,0,NA,0,0,0,0,NA,0,0,0,0,NA,0,0,0,0,NA,0,0,0,0,NA,0,0,0,0,NA,0,0,0,0,NA,0,0,0,0,NA,0,0
Pondicherry,'11.3.1',Dengue - RDT Test Positive,TOTAL,0,0,NA,0,0,0,0,NA,0,0,0,0,NA,0,0,4,4,NA,4,0,0,0,NA,0,0,0,0,NA,0,0,0,0,NA,0,0,0,0,NA,0,0,0,0,NA,0,0,0,0,NA,0,0,0,0,NA,0,0,0,0,NA,0,0,4,4,NA,4,0
Pondicherry,'11.3.2',Dengue - Enzyme- Linked Immuno Sorbent Assay (ELISA) Test Positive,TOTAL,9,9,NA,8,1,9,9,NA,7,2,13,13,NA,12,1,42,42,NA,39,3,36,36,NA,30,6,87,87,NA,76,11,209,209,NA,160,49,240,240,NA,175,65,140,140,NA,111,29,127,127,NA,103,24,67,67,NA,49,18,9,9,NA,0,9,988,988,NA,770,218
Pondicherry,'11.4.1',Tests Conducted for JE,TOTAL,0,0,NA,0,0,0,0,NA,0,0,0,0,NA,0,0,0,0,NA,0,0,0,0,NA,0,0,0,0,NA,0,0,0,0,NA,0,0,0,0,NA,0,0,0,0,NA,0,0,0,0,NA,0,0,0,0,NA,0,0,0,0,NA,0,0,0,0,NA,0,0
Pondicherry,'11.4.2',Tests Positive for JE,TOTAL,0,0,NA,0,0,0,0,NA,0,0,0,0,NA,0,0,0,0,NA,0,0,0,0,NA,0,0,0,0,NA,0,0,0,0,NA,0,0,0,0,NA,0,0,0,0,NA,0,0,0,0,NA,0,0,0,0,NA,0,0,0,0,NA,0,0,0,0,NA,0,0
Pondicherry,'12.1.1.a',Girls registered in AFHC,TOTAL,3898,3898,NA,3091,807,1644,1644,NA,801,843,1730,1730,NA,807,923,1873,1873,NA,911,962,1588,1588,NA,632,956,1361,1361,NA,690,671,1470,1470,NA,703,767,1719,1719,NA,897,822,1478,1478,NA,900,578,1935,1935,NA,777,1158,2142,2142,NA,845,1297,1363,1363,NA,624,739,22201,22201,NA,11678,10523
Pondicherry,'12.1.1.b',Boys registered in AFHC,TOTAL,2470,2470,NA,2398,72,221,221,NA,58,163,260,260,NA,68,192,323,323,NA,69,254,334,334,NA,74,260,328,328,NA,124,204,349,349,NA,78,271,417,417,NA,128,289,378,378,NA,103,275,1040,1040,NA,112,928,1053,1053,NA,101,952,674,674,NA,79,595,7847,7847,NA,3392,4455
Pondicherry,'12.1.2.a',"Out of registered, Girls received clinical services",TOTAL,1018,1018,NA,648,370,1181,1181,NA,611,570,971,971,NA,592,379,905,905,NA,639,266,677,677,NA,439,238,810,810,NA,560,250,955,955,NA,600,355,961,961,NA,675,286,949,949,NA,677,272,796,796,NA,610,186,952,952,NA,690,262,631,631,NA,460,171,10806,10806,NA,7201,3605
Pondicherry,'12.1.2.b',"Out of registered, Boys received clinical services",TOTAL,19,19,NA,2,17,47,47,NA,22,25,96,96,NA,39,57,92,92,NA,34,58,125,125,NA,54,71,221,221,NA,109,112,151,151,NA,59,92,160,160,NA,83,77,212,212,NA,49,163,296,296,NA,91,205,182,182,NA,85,97,150,150,NA,47,103,1751,1751,NA,674,1077
Pondicherry,'12.1.3.a',"Out of registered, Girls received counselling",TOTAL,1478,1478,NA,744,734,1537,1537,NA,801,736,1628,1628,NA,774,854,1617,1617,NA,796,821,1280,1280,NA,518,762,1209,1209,NA,622,587,1232,1232,NA,625,607,1500,1500,NA,820,680,1267,1267,NA,837,430,1082,1082,NA,713,369,1310,1310,NA,776,534,955,955,NA,564,391,16095,16095,NA,8590,7505
Pondicherry,'12.1.3.b',"Out of registered, Boys received counselling",TOTAL,58,58,NA,5,53,115,115,NA,30,85,268,268,NA,68,200,203,203,NA,61,142,293,293,NA,63,230,388,388,NA,116,272,300,300,NA,67,233,362,362,NA,117,245,258,258,NA,92,166,289,289,NA,101,188,354,354,NA,90,264,301,301,NA,69,232,3189,3189,NA,879,2310
Pondicherry,'13.1',Number of on-going DOTS patients registered,TOTAL,263,263,NA,132,131,426,426,NA,294,132,309,309,NA,190,119,415,415,NA,283,132,333,333,NA,219,114,387,387,NA,257,130,434,434,NA,200,234,358,358,NA,257,101,299,299,NA,211,88,374,374,NA,280,94,292,292,NA,179,113,333,333,NA,202,131,4223,4223,NA,2704,1519
Pondicherry,'13.2',Number of DOTS cases completed successfully,TOTAL,48,48,NA,32,16,66,66,NA,48,18,58,58,NA,40,18,71,71,NA,52,19,93,93,NA,54,39,81,81,NA,55,26,71,71,NA,44,27,56,56,NA,38,18,62,62,NA,42,20,50,50,NA,39,11,40,40,NA,29,11,51,51,NA,36,15,747,747,NA,509,238
Pondicherry,'14.1.1',Outpatient - Diabetes,TOTAL,8923,8923,NA,7471,1452,9254,9254,NA,7646,1608,10157,10157,NA,9060,1097,10504,10504,NA,9358,1146,7680,7680,NA,6507,1173,8151,8151,NA,7018,1133,7920,7920,NA,6783,1137,4294,4294,NA,3123,1171,5517,5517,NA,4426,1091,3024,3024,NA,2285,739,612,612,NA,185,427,1618,1618,NA,523,1095,77654,77654,NA,64385,13269
Pondicherry,'14.1.2',Outpatient - Hypertension,TOTAL,6259,6259,NA,4329,1930,7429,7429,NA,5457,1972,6837,6837,NA,5295,1542,6819,6819,NA,5147,1672,5077,5077,NA,3491,1586,4877,4877,NA,3399,1478,4351,4351,NA,2687,1664,4524,4524,NA,2901,1623,5407,5407,NA,3797,1610,4074,4074,NA,2948,1126,801,801,NA,194,607,2111,2111,NA,668,1443,58566,58566,NA,40313,18253
Pondicherry,'14.1.3',Outpatient - Stroke (Paralysis),TOTAL,1616,1616,NA,1605,11,1835,1835,NA,1827,8,2024,2024,NA,1783,241,1974,1974,NA,1973,1,1553,1553,NA,1552,1,1554,1554,NA,1549,5,1192,1192,NA,1188,4,20,20,NA,13,7,15,15,NA,14,1,188,188,NA,181,7,17,17,NA,11,6,22,22,NA,15,7,12010,12010,NA,11711,299
Pondicherry,'14.1.4',Outpatient - Acute Heart Diseases,TOTAL,1525,1525,NA,1451,74,1846,1846,NA,1556,290,2488,2488,NA,2408,80,2434,2434,NA,2333,101,2251,2251,NA,1923,328,2022,2022,NA,1726,296,1924,1924,NA,1595,329,402,402,NA,297,105,375,375,NA,302,73,670,670,NA,346,324,44,44,NA,18,26,183,183,NA,171,12,16164,16164,NA,14126,2038
Pondicherry,'14.1.5',Outpatient - Mental illness,TOTAL,10069,10069,NA,10066,3,9925,9925,NA,9925,0,9018,9018,NA,8984,34,9119,9119,NA,9106,13,5210,5210,NA,5200,10,8954,8954,NA,8941,13,12308,12308,NA,12304,4,2452,2452,NA,2440,12,2418,2418,NA,2401,17,2278,2278,NA,2246,32,16,16,NA,11,5,4,4,NA,2,2,71771,71771,NA,71626,145
Pondicherry,'14.1.6',Outpatient - Epilepsy,TOTAL,2385,2385,NA,2335,50,2326,2326,NA,2305,21,2938,2938,NA,2910,28,2357,2357,NA,2314,43,2746,2746,NA,2694,52,2343,2343,NA,2298,45,728,728,NA,667,61,46,46,NA,5,41,32,32,NA,0,32,49,49,NA,15,34,26,26,NA,1,25,32,32,NA,12,20,16008,16008,NA,15556,452
Pondicherry,'14.1.7',Outpatient - Ophthalmic Related,TOTAL,14458,14458,NA,10738,3720,13986,13986,NA,10711,3275,12192,12192,NA,8398,3794,13835,13835,NA,9984,3851,10700,10700,NA,7696,3004,13921,13921,NA,10632,3289,15079,15079,NA,11550,3529,7543,7543,NA,4090,3453,8358,8358,NA,4210,4148,7170,7170,NA,4064,3106,4418,4418,NA,1864,2554,3943,3943,NA,1282,2661,125603,125603,NA,85219,40384
Pondicherry,'14.1.8',Outpatient - Dental,TOTAL,5317,5317,NA,3565,1752,5224,5224,NA,3506,1718,5096,5096,NA,3492,1604,5435,5435,NA,3541,1894,3503,3503,NA,2130,1373,4840,4840,NA,3267,1573,4639,4639,NA,3251,1388,3098,3098,NA,1830,1268,3137,3137,NA,1655,1482,2943,2943,NA,1606,1337,2022,2022,NA,466,1556,1301,1301,NA,482,819,46555,46555,NA,28791,17764
Pondicherry,'14.1.9',Outpatient - Oncology,TOTAL,13279,13279,NA,13279,0,13356,13356,NA,13356,0,14246,14246,NA,14246,0,14278,14278,NA,14278,0,13024,13024,NA,13024,0,9172,9172,NA,9172,0,7327,7327,NA,7327,0,0,0,NA,0,0,0,0,NA,0,0,0,0,NA,0,0,0,0,NA,0,0,0,0,NA,0,0,84682,84682,NA,84682,0
Pondicherry,'14.2.1',Allopathic- Outpatient attendance,TOTAL,472594,472594,NA,328818,143776,532703,532703,NA,374300,158403,505082,505082,NA,375061,130021,568960,568960,NA,400062,168898,632843,632843,NA,453257,179586,573102,573102,NA,395172,177930,596069,596069,NA,409423,186646,392178,392178,NA,210320,181858,371966,371966,NA,194221,177745,362559,362559,NA,194085,168474,298431,298431,NA,123654,174777,282988,282988,NA,127346,155642,5589475,5589475,NA,3585719,2003756
Pondicherry,'14.2.2',Ayush - Outpatient attendance,TOTAL,36438,36438,NA,18567,17871,41684,41684,NA,23641,18043,39710,39710,NA,22517,17193,43841,43841,NA,24475,19366,39836,39836,NA,21764,18072,40488,40488,NA,22900,17588,74185,74185,NA,27376,46809,60597,60597,NA,44185,16412,50624,50624,NA,30330,20294,45374,45374,NA,27993,17381,48479,48479,NA,28070,20409,34895,34895,NA,19994,14901,556151,556151,NA,311812,244339
Pondicherry,'14.3.1.a',Inpatient (Male)- Children<18yrs,TOTAL,2058,2058,NA,1598,460,3088,3088,NA,2646,442,2197,2197,NA,1741,456,2453,2453,NA,1970,483,2281,2281,NA,1601,680,2178,2178,NA,1490,688,2625,2625,NA,1772,853,1977,1977,NA,1283,694,1889,1889,NA,1450,439,1737,1737,NA,1304,433,385,385,NA,0,385,348,348,NA,0,348,23216,23216,NA,16855,6361
Pondicherry,'14.3.1.b',Inpatient (Male)- Adults,TOTAL,2209,2209,NA,1894,315,2601,2601,NA,2242,359,2771,2771,NA,2543,228,3250,3250,NA,2913,337,2496,2496,NA,2215,281,2144,2144,NA,1963,181,3447,3447,NA,3263,184,3051,3051,NA,2911,140,3025,3025,NA,2908,117,2960,2960,NA,2840,120,111,111,NA,9,102,60,60,NA,0,60,28125,28125,NA,25701,2424
Pondicherry,'14.3.2.a',Inpatient (Female)- Children<18yrs,TOTAL,1469,1469,NA,1131,338,2140,2140,NA,1772,368,1837,1837,NA,1480,357,1792,1792,NA,1455,337,1796,1796,NA,1354,442,2123,2123,NA,1533,590,2178,2178,NA,1533,645,1787,1787,NA,1349,438,1500,1500,NA,1173,327,1367,1367,NA,1068,299,279,279,NA,1,278,334,334,NA,8,326,18602,18602,NA,13857,4745
Pondicherry,'14.3.2.b',Inpatient (Female)- Adults,TOTAL,4785,4785,NA,3138,1647,6718,6718,NA,4599,2119,5793,5793,NA,3935,1858,6728,6728,NA,4683,2045,5468,5468,NA,3536,1932,4927,4927,NA,3161,1766,6590,6590,NA,4795,1795,6479,6479,NA,4713,1766,5595,5595,NA,4209,1386,5250,5250,NA,3917,1333,1181,1181,NA,32,1149,1160,1160,NA,45,1115,60674,60674,NA,40763,19911
Pondicherry,'14.3.3',Number of Left Against Medical Advice (LAMA) cases,TOTAL,62,62,NA,10,52,292,292,NA,248,44,86,86,NA,41,45,86,86,NA,39,47,73,73,NA,7,66,91,91,NA,41,50,98,98,NA,45,53,93,93,NA,38,55,76,76,NA,47,29,62,62,NA,43,19,17,17,NA,0,17,20,20,NA,0,20,1056,1056,NA,559,497
Pondicherry,'14.4.1',Inpatient - Malaria,TOTAL,37,37,NA,37,0,1,1,NA,1,0,0,0,NA,0,0,1,1,NA,1,0,1,1,NA,1,0,16,16,NA,16,0,10,10,NA,10,0,4,4,NA,4,0,1,1,NA,0,1,0,0,NA,0,0,0,0,NA,0,0,0,0,NA,0,0,71,71,NA,70,1
Pondicherry,'14.4.2',Inpatient - Dengue,TOTAL,6,6,NA,5,1,4,4,NA,4,0,6,6,NA,5,1,26,26,NA,7,19,24,24,NA,18,6,61,61,NA,50,11,240,240,NA,196,44,159,159,NA,106,53,124,124,NA,66,58,63,63,NA,40,23,15,15,NA,0,15,9,9,NA,0,9,737,737,NA,497,240
Pondicherry,'14.4.3',Inpatient - Typhoid,TOTAL,5,5,NA,1,4,52,52,NA,43,9,6,6,NA,2,4,10,10,NA,4,6,19,19,NA,9,10,27,27,NA,10,17,31,31,NA,28,3,18,18,NA,0,18,16,16,NA,0,16,7,7,NA,0,7,3,3,NA,0,3,0,0,NA,0,0,194,194,NA,97,97
Pondicherry,'14.4.4',"Inpatient - Asthma, Chronic Obstructive Pulmonary Disease (COPD), Respiratory infections",TOTAL,480,480,NA,223,257,613,613,NA,393,220,705,705,NA,606,99,954,954,NA,796,158,1381,1381,NA,178,1203,796,796,NA,266,530,1129,1129,NA,465,664,555,555,NA,82,473,505,505,NA,198,307,290,290,NA,66,224,191,191,NA,0,191,210,210,NA,0,210,7809,7809,NA,3273,4536
Pondicherry,'14.4.5',Inpatient - Tuberculosis,TOTAL,6,6,NA,6,0,29,29,NA,29,0,15,15,NA,15,0,51,51,NA,51,0,9,9,NA,9,0,26,26,NA,26,0,15,15,NA,15,0,34,34,NA,34,0,14,14,NA,14,0,13,13,NA,13,0,0,0,NA,0,0,0,0,NA,0,0,212,212,NA,212,0
Pondicherry,'14.4.6',Inpatient - Pyrexia of unknown origin (PUO),TOTAL,80,80,NA,50,30,212,212,NA,31,181,83,83,NA,47,36,104,104,NA,52,52,74,74,NA,1,73,192,192,NA,73,119,210,210,NA,92,118,217,217,NA,149,68,122,122,NA,70,52,139,139,NA,80,59,63,63,NA,0,63,21,21,NA,0,21,1517,1517,NA,645,872
Pondicherry,'14.4.7',Inpatient - Diarrhea with dehydration,TOTAL,263,263,NA,82,181,881,881,NA,591,290,239,239,NA,121,118,400,400,NA,187,213,631,631,NA,207,424,201,201,NA,121,80,131,131,NA,51,80,105,105,NA,46,59,152,152,NA,62,90,152,152,NA,44,108,140,140,NA,3,137,74,74,NA,3,71,3369,3369,NA,1518,1851
Pondicherry,'14.4.8',Inpatient - Hepatitis,TOTAL,13,13,NA,12,1,27,27,NA,21,6,22,22,NA,14,8,28,28,NA,20,8,16,16,NA,12,4,25,25,NA,16,9,30,30,NA,25,5,2,2,NA,0,2,21,21,NA,12,9,18,18,NA,1,17,12,12,NA,0,12,6,6,NA,0,6,220,220,NA,133,87
Pondicherry,'14.5',Patients registered at Emergency Department,TOTAL,37476,37476,NA,17770,19706,46721,46721,NA,29516,17205,45513,45513,NA,28287,17226,50867,50867,NA,32648,18219,39172,39172,NA,17354,21818,54335,54335,NA,31512,22823,55379,55379,NA,32678,22701,43903,43903,NA,15819,28084,39121,39121,NA,13637,25484,31197,31197,NA,12784,18413,20182,20182,NA,0,20182,16489,16489,NA,0,16489,480355,480355,NA,232005,248350
Pondicherry,'14.6.1',"Emergency - Trauma ( accident, injury, poisoning etc)",TOTAL,2046,2046,NA,421,1625,1689,1689,NA,593,1096,663,663,NA,536,127,2638,2638,NA,552,2086,2619,2619,NA,539,2080,1994,1994,NA,470,1524,2107,2107,NA,522,1585,2789,2789,NA,61,2728,1667,1667,NA,44,1623,1554,1554,NA,10,1544,1669,1669,NA,0,1669,1988,1988,NA,0,1988,23423,23423,NA,3748,19675
Pondicherry,'14.6.2',Emergency - Burn,TOTAL,28,28,NA,17,11,30,30,NA,13,17,9,9,NA,9,0,21,21,NA,9,12,8,8,NA,8,0,19,19,NA,14,5,93,93,NA,74,19,44,44,NA,1,43,5,5,NA,0,5,52,52,NA,42,10,4,4,NA,0,4,1,1,NA,0,1,314,314,NA,187,127
Pondicherry,'14.6.3',Emergency - Obstetrics complications,TOTAL,49,49,NA,0,49,521,521,NA,0,521,120,120,NA,9,111,124,124,NA,0,124,57,57,NA,0,57,61,61,NA,0,61,54,54,NA,4,50,60,60,NA,4,56,53,53,NA,0,53,56,56,NA,0,56,53,53,NA,0,53,53,53,NA,0,53,1261,1261,NA,17,1244
Pondicherry,'14.6.4',Emergency - Snake Bite,TOTAL,44,44,NA,25,19,35,35,NA,13,22,39,39,NA,31,8,84,84,NA,54,30,57,57,NA,30,27,46,46,NA,12,34,56,56,NA,26,30,37,37,NA,5,32,42,42,NA,13,29,34,34,NA,4,30,26,26,NA,0,26,28,28,NA,0,28,528,528,NA,213,315
Pondicherry,'14.6.5',Emergency - Acute Caridiac Emergencies,TOTAL,13,13,NA,0,13,29,29,NA,24,5,42,42,NA,42,0,47,47,NA,31,16,24,24,NA,17,7,31,31,NA,23,8,79,79,NA,53,26,47,47,NA,25,22,36,36,NA,31,5,32,32,NA,18,14,5,5,NA,0,5,6,6,NA,0,6,391,391,NA,264,127
Pondicherry,'14.6.7',Emergency - CVA ( Cerebovascular Disease),TOTAL,29,29,NA,18,11,46,46,NA,38,8,27,27,NA,26,1,18,18,NA,17,1,6,6,NA,5,1,16,16,NA,13,3,33,33,NA,32,1,24,24,NA,23,1,21,21,NA,21,0,5,5,NA,1,4,1,1,NA,0,1,3,3,NA,0,3,229,229,NA,194,35
Pondicherry,'14.7',Number of deaths occurring at Emergency Department,TOTAL,88,88,NA,88,0,65,65,NA,64,1,87,87,NA,87,0,90,90,NA,90,0,92,92,NA,92,0,74,74,NA,74,0,99,99,NA,98,1,4,4,NA,4,0,9,9,NA,9,0,1,1,NA,1,0,1,1,NA,0,1,0,0,NA,0,0,610,610,NA,607,3
Pondicherry,'14.8.1',Operation major (General and spinal anaesthesia),TOTAL,1715,1715,NA,1656,59,1834,1834,NA,1782,52,1450,1450,NA,1403,47,1918,1918,NA,1852,66,1362,1362,NA,1307,55,1804,1804,NA,1756,48,1723,1723,NA,1666,57,386,386,NA,314,72,363,363,NA,266,97,290,290,NA,204,86,113,113,NA,0,113,54,54,NA,0,54,13012,13012,NA,12206,806
Pondicherry,'14.8.2',"Out of Operation major, Gynecology- Hysterectomy surgeries",TOTAL,31,31,NA,23,8,36,36,NA,24,12,34,34,NA,21,13,83,83,NA,67,16,57,57,NA,43,14,54,54,NA,49,5,33,33,NA,27,6,5,5,NA,0,5,32,32,NA,19,13,47,47,NA,38,9,51,51,NA,36,15,6,6,NA,0,6,469,469,NA,347,122
Pondicherry,'14.8.3',"Major Surgeries excluding Obstetrics, Gynaecology and Opthalmology etc.",TOTAL,0,0,NA,NA,0,0,0,NA,NA,0,0,0,NA,NA,0,0,0,NA,NA,0,0,0,NA,NA,0,0,0,NA,NA,0,0,0,NA,NA,0,0,0,NA,NA,0,0,0,NA,NA,0,0,0,NA,NA,0,0,0,NA,NA,0,0,0,NA,NA,0,0,0,NA,NA,0
Pondicherry,'14.8.4',Operation minor (No or local anaesthesia),TOTAL,8408,8408,NA,7018,1390,8570,8570,NA,7481,1089,9428,9428,NA,8356,1072,8016,8016,NA,6104,1912,6896,6896,NA,5139,1757,8064,8064,NA,6711,1353,7635,7635,NA,6249,1386,6048,6048,NA,4381,1667,5474,5474,NA,3685,1789,6044,6044,NA,4284,1760,3704,3704,NA,1741,1963,2558,2558,NA,914,1644,80845,80845,NA,62063,18782
Pondicherry,'14.8.5',Number of post operative Surgical Site infection,TOTAL,0,0,NA,NA,0,0,0,NA,NA,0,2,2,NA,NA,2,1,1,NA,NA,1,1,1,NA,NA,1,0,0,NA,NA,0,1,1,NA,NA,1,0,0,NA,NA,0,0,0,NA,NA,0,0,0,NA,NA,0,0,0,NA,NA,0,0,0,NA,NA,0,5,5,NA,NA,5
Pondicherry,'14.8.6',Number of blood units issued,TOTAL,1447,1447,NA,1445,2,1723,1723,NA,1720,3,1979,1979,NA,1975,4,1768,1768,NA,1763,5,1677,1677,NA,1674,3,1764,1764,NA,1750,14,1526,1526,NA,1521,5,1,1,NA,0,1,2,2,NA,0,2,1,1,NA,0,1,2,2,NA,0,2,1,1,NA,0,1,11891,11891,NA,11848,43
Pondicherry,'14.8.7',Number of blood transfusions done,TOTAL,4271,4271,NA,4270,1,4817,4817,NA,4814,3,4526,4526,NA,4524,2,4837,4837,NA,4834,3,4955,4955,NA,4952,3,5177,5177,NA,5170,7,4630,4630,NA,4626,4,1,1,NA,0,1,313,313,NA,312,1,244,244,NA,243,1,2,2,NA,0,2,1,1,NA,0,1,33774,33774,NA,33745,29
Pondicherry,'14.9.1',Inpatient Deaths - Male,TOTAL,66,66,NA,66,0,39,39,NA,39,0,86,86,NA,85,1,77,77,NA,76,1,70,70,NA,70,0,93,93,NA,92,1,113,113,NA,111,2,8,8,NA,7,1,8,8,NA,7,1,5,5,NA,4,1,2,2,NA,0,2,0,0,NA,0,0,567,567,NA,557,10
Pondicherry,'14.9.2',Inpatient Deaths - Female,TOTAL,47,47,NA,47,0,50,50,NA,50,0,125,125,NA,125,0,48,48,NA,48,0,54,54,NA,53,1,55,55,NA,53,2,171,171,NA,170,1,2,2,NA,2,0,2,2,NA,2,0,3,3,NA,1,2,1,1,NA,0,1,1,1,NA,0,1,559,559,NA,551,8
Pondicherry,'14.10',In-Patient Head Count at midnight,TOTAL,86721,86721,NA,75880,10841,93875,93875,NA,81209,12666,88137,88137,NA,76432,11705,94934,94934,NA,82927,12007,85146,85146,NA,72048,13098,83401,83401,NA,68421,14980,86850,86850,NA,71149,15701,24678,24678,NA,11379,13299,22611,22611,NA,11655,10956,25951,25951,NA,15689,10262,8719,8719,NA,0,8719,8089,8089,NA,0,8089,709112,709112,NA,566789,142323
Pondicherry,'14.11',Number of Admission in NBSU ( New Born Stabilisation Unit),TOTAL,0,0,NA,0,0,65,65,NA,65,0,0,0,NA,0,0,30,30,NA,30,0,0,0,NA,0,0,1,1,NA,0,1,2,2,NA,0,2,0,0,NA,0,0,0,0,NA,0,0,2,2,NA,0,2,1,1,NA,0,1,0,0,NA,0,0,101,101,NA,95,6
Pondicherry,'14.12.1',Special Newborn Care Unit (SNCU Admissions) - Inborn Male,TOTAL,176,176,NA,117,59,219,219,NA,168,51,165,165,NA,118,47,215,215,NA,180,35,221,221,NA,157,64,338,338,NA,277,61,186,186,NA,139,47,199,199,NA,143,56,175,175,NA,149,26,177,177,NA,140,37,23,23,NA,0,23,28,28,NA,0,28,2122,2122,NA,1588,534
Pondicherry,'14.12.2',Special Newborn Care Unit (SNCU Admissions) - Inborn Female,TOTAL,144,144,NA,95,49,171,171,NA,136,35,113,113,NA,72,41,151,151,NA,116,35,143,143,NA,108,35,184,184,NA,144,40,126,126,NA,88,38,136,136,NA,110,26,112,112,NA,90,22,131,131,NA,100,31,21,21,NA,0,21,20,20,NA,0,20,1452,1452,NA,1059,393
Pondicherry,'14.12.3',Outborn – Male,TOTAL,26,26,NA,19,7,45,45,NA,25,20,46,46,NA,23,23,28,28,NA,9,19,23,23,NA,8,15,120,120,NA,93,27,61,61,NA,28,33,32,32,NA,10,22,22,22,NA,7,15,19,19,NA,7,12,8,8,NA,0,8,14,14,NA,0,14,444,444,NA,229,215
Pondicherry,'14.12.4',Outborn - Female,TOTAL,24,24,NA,17,7,41,41,NA,23,18,35,35,NA,18,17,31,31,NA,10,21,28,28,NA,9,19,53,53,NA,24,29,37,37,NA,24,13,18,18,NA,5,13,13,13,NA,3,10,12,12,NA,3,9,9,9,NA,0,9,5,5,NA,0,5,306,306,NA,136,170
Pondicherry,'14.12.5',Number of newborns admitted in SNCU - referred by ASHA,TOTAL,0,0,NA,0,0,0,0,NA,0,0,0,0,NA,0,0,0,0,NA,0,0,0,0,NA,0,0,0,0,NA,0,0,0,0,NA,0,0,0,0,NA,0,0,0,0,NA,0,0,0,0,NA,0,0,0,0,NA,0,0,0,0,NA,0,0,0,0,NA,0,0
Pondicherry,'14.13',Number of deaths occurring at SNCU,TOTAL,29,29,NA,27,2,38,38,NA,35,3,31,31,NA,27,4,38,38,NA,37,1,26,26,NA,22,4,39,39,NA,30,9,25,25,NA,22,3,34,34,NA,32,2,24,24,NA,16,8,43,43,NA,39,4,4,4,NA,0,4,2,2,NA,0,2,333,333,NA,287,46
Pondicherry,'14.14.1',Number of children admitted in NRC,TOTAL,0,0,NA,0,0,0,0,NA,0,0,0,0,NA,0,0,0,0,NA,0,0,0,0,NA,0,0,0,0,NA,0,0,0,0,NA,0,0,0,0,NA,0,0,0,0,NA,0,0,0,0,NA,0,0,0,0,NA,0,0,0,0,NA,0,0,0,0,NA,0,0
Pondicherry,'14.14.2',Number of children discharged with target weight gain from the NRCs,TOTAL,0,0,NA,0,0,0,0,NA,0,0,0,0,NA,0,0,0,0,NA,0,0,0,0,NA,0,0,0,0,NA,0,0,0,0,NA,0,0,0,0,NA,0,0,0,0,NA,0,0,0,0,NA,0,0,0,0,NA,0,0,0,0,NA,0,0,0,0,NA,0,0
Pondicherry,'14.15',Number of Rogi Kalyan Samiti (RKS) meetings held,TOTAL,26,26,NA,10,16,25,25,NA,10,15,23,23,NA,10,13,23,23,NA,10,13,24,24,NA,10,14,24,24,NA,10,14,26,26,NA,9,17,24,24,NA,10,14,29,29,NA,14,15,29,29,NA,14,15,26,26,NA,12,14,23,23,NA,11,12,302,302,NA,130,172
Pondicherry,'14.16',Number of Anganwadi centres/ UPHCs reported to have conducted Village Health & Nutrition Day (VHNDs)/ Urban Health & Nutrition Day (UHNDs)/ Outreach / Special Outreach,TOTAL,132,132,NA,63,69,120,120,NA,57,63,244,244,NA,60,184,141,141,NA,58,83,127,127,NA,61,66,167,167,NA,78,89,134,134,NA,57,77,130,130,NA,61,69,138,138,NA,57,81,119,119,NA,53,66,133,133,NA,57,76,125,125,NA,63,62,1710,1710,NA,725,985
Pondicherry,'14.17',Stock out rate of essential Drugs,TOTAL,0,0,NA,NA,0,0,0,NA,NA,0,0,0,NA,NA,0,0,0,NA,NA,0,0,0,NA,NA,0,0,0,NA,NA,0,0,0,NA,NA,0,0,0,NA,NA,0,0,0,NA,NA,0,0,0,NA,NA,0,0,0,NA,NA,0,0,0,NA,NA,0,0,0,NA,NA,0
Pondicherry,'14.18',Blood Units Issued on replacement (Family Donors to be considered as replacement donations),TOTAL,55,55,NA,NA,55,58,58,NA,NA,58,49,49,NA,NA,49,51,51,NA,NA,51,39,39,NA,NA,39,30,30,NA,NA,30,19,19,NA,NA,19,19,19,NA,NA,19,38,38,NA,NA,38,18,18,NA,NA,18,24,24,NA,NA,24,22,22,NA,NA,22,422,422,NA,NA,422
Pondicherry,'14.19',Total number of blood units issued in year,TOTAL,189,189,NA,NA,189,147,147,NA,NA,147,135,135,NA,NA,135,131,131,NA,NA,131,113,113,NA,NA,113,106,106,NA,NA,106,106,106,NA,NA,106,87,87,NA,NA,87,79,79,NA,NA,79,99,99,NA,NA,99,79,79,NA,NA,79,91,91,NA,NA,91,1362,1362,NA,NA,1362
Pondicherry,'14.20',Patient Satisfaction Score of the facility in percentage (from Mera Aspatal),TOTAL,NA,NA,NA,NA,NA,NA,NA,NA,NA,NA,NA,NA,NA,NA,NA,NA,NA,NA,NA,NA,77,77,NA,NA,77,77,77,NA,NA,77,79,79,NA,NA,79,70,70,NA,NA,70,77,77,NA,NA,77,76,76,NA,NA,76,76,76,NA,NA,76,75,75,NA,NA,75,607,607,NA,NA,607
Pondicherry,'15.1',Number of Lab Tests done,TOTAL,703443,703443,NA,636394,67049,155194,155194,NA,77098,78096,659124,659124,NA,587707,71417,685574,685574,NA,611792,73782,670330,670330,NA,596716,73614,629112,629112,NA,566703,62409,640436,640436,NA,567702,72734,80872,80872,NA,15549,65323,68949,68949,NA,16073,52876,62195,62195,NA,12378,49817,64568,64568,NA,15057,49511,45910,45910,NA,8639,37271,4465707,4465707,NA,3711808,753899
Pondicherry,'15.2.1',Number of Hb tests conducted,TOTAL,23033,23033,NA,17546,5487,30471,30471,NA,24451,6020,27895,27895,NA,22530,5365,32876,32876,NA,27224,5652,21951,21951,NA,17160,4791,27036,27036,NA,21231,5805,33614,33614,NA,28110,5504,26972,26972,NA,21252,5720,26428,26428,NA,21778,4650,26643,26643,NA,22597,4046,5579,5579,NA,1655,3924,4210,4210,NA,797,3413,286708,286708,NA,226331,60377
Pondicherry,'15.2.2',"Out of the total number of Hb tests done, Number having Hb < 7 mg",TOTAL,317,317,NA,160,157,651,651,NA,472,179,606,606,NA,464,142,589,589,NA,457,132,237,237,NA,126,111,669,669,NA,574,95,865,865,NA,601,264,306,306,NA,74,232,796,796,NA,749,47,843,843,NA,758,85,219,219,NA,121,98,163,163,NA,48,115,6261,6261,NA,4604,1657
Pondicherry,'15.3.1.a',Male HIV - Number Tested,TOTAL,3428,3428,NA,2658,770,3570,3570,NA,2772,798,3187,3187,NA,2382,805,3445,3445,NA,2739,706,2987,2987,NA,2327,660,3326,3326,NA,2606,720,2901,2901,NA,2254,647,3273,3273,NA,2555,718,3476,3476,NA,2475,1001,3004,3004,NA,2300,704,3331,3331,NA,2533,798,2153,2153,NA,1628,525,38081,38081,NA,29229,8852
Pondicherry,'15.3.1.b',Male HIV - Number Positive,TOTAL,8,8,NA,8,0,11,11,NA,10,1,7,7,NA,7,0,10,10,NA,9,1,8,8,NA,8,0,10,10,NA,10,0,5,5,NA,5,0,13,13,NA,12,1,7,7,NA,6,1,8,8,NA,7,1,11,11,NA,10,1,7,7,NA,7,0,105,105,NA,99,6
Pondicherry,'15.3.2.a',Female Non ANC HIV - Number Tested,TOTAL,2200,2200,NA,1695,505,2444,2444,NA,1912,532,1930,1930,NA,1533,397,2113,2113,NA,1684,429,1938,1938,NA,1563,375,2098,2098,NA,1638,460,1782,1782,NA,1419,363,2023,2023,NA,1623,400,2107,2107,NA,1512,595,1951,1951,NA,1516,435,2237,2237,NA,1727,510,1554,1554,NA,1221,333,24377,24377,NA,19043,5334
Pondicherry,'15.3.2.b',Female Non ANC HIV - Number Positive,TOTAL,9,9,NA,9,0,10,10,NA,10,0,5,5,NA,5,0,7,7,NA,7,0,6,6,NA,5,1,4,4,NA,3,1,3,3,NA,3,0,6,6,NA,6,0,3,3,NA,3,0,3,3,NA,3,0,8,8,NA,8,0,6,6,NA,6,0,70,70,NA,68,2
Pondicherry,'15.3.3.a',Number of pregnant women screened for HIV,TOTAL,2543,2543,NA,1488,1055,2158,2158,NA,1230,928,1637,1637,NA,921,716,1664,1664,NA,948,716,1228,1228,NA,674,554,1411,1411,NA,832,579,1674,1674,NA,1005,669,1627,1627,NA,954,673,1427,1427,NA,920,507,1540,1540,NA,854,686,1483,1483,NA,862,621,1010,1010,NA,482,528,19402,19402,NA,11170,8232
Pondicherry,'15.3.3.b',"Out of the above, number screened positive",TOTAL,13,13,NA,13,0,1,1,NA,1,0,0,0,NA,0,0,1,1,NA,1,0,1,1,NA,1,0,1,1,NA,1,0,1,1,NA,0,1,1,1,NA,0,1,0,0,NA,0,0,2,2,NA,2,0,0,0,NA,0,0,8,8,NA,8,0,29,29,NA,27,2
Pondicherry,'15.3.3.c',"Out of the above number screened positive, number confirmed with HIV infection at Integrated Counselling and Testing Centre (ICTC)",TOTAL,0,0,NA,0,0,0,0,NA,0,0,0,0,NA,0,0,0,0,NA,0,0,1,1,NA,1,0,1,1,NA,1,0,2,2,NA,1,1,1,1,NA,0,1,0,0,NA,0,0,0,0,NA,0,0,0,0,NA,0,0,0,0,NA,0,0,5,5,NA,3,2
Pondicherry,'15.3.4.a',Number of Male STI/RTI attendees tested for syphilis,TOTAL,799,799,NA,212,587,737,737,NA,253,484,711,711,NA,220,491,711,711,NA,246,465,625,625,NA,218,407,763,763,NA,318,445,482,482,NA,94,388,561,561,NA,171,390,537,537,NA,150,387,552,552,NA,145,407,691,691,NA,139,552,360,360,NA,27,333,7529,7529,NA,2193,5336
Pondicherry,'15.3.4.b',Number of Male STI/RTI attendees found sero Positive for syphilis,TOTAL,1,1,NA,0,1,0,0,NA,0,0,0,0,NA,0,0,1,1,NA,1,0,0,0,NA,0,0,0,0,NA,0,0,3,3,NA,3,0,7,7,NA,7,0,8,8,NA,8,0,3,3,NA,3,0,4,4,NA,2,2,0,0,NA,0,0,27,27,NA,24,3
Pondicherry,'15.3.4.c',Number of Female (Non ANC)STI/RTI attendees tested for syphilis,TOTAL,460,460,NA,86,374,429,429,NA,59,370,342,342,NA,64,278,329,329,NA,48,281,268,268,NA,21,247,363,363,NA,80,283,381,381,NA,126,255,607,607,NA,300,307,572,572,NA,263,309,578,578,NA,269,309,689,689,NA,318,371,242,242,NA,7,235,5260,5260,NA,1641,3619
Pondicherry,'15.3.4.d',Number of Female (Non ANC) STI/RTI attendees found sero Positive for syphilis,TOTAL,14,14,NA,0,14,0,0,NA,0,0,0,0,NA,0,0,10,10,NA,0,10,1,1,NA,0,1,1,1,NA,0,1,1,1,NA,1,0,12,12,NA,3,9,6,6,NA,5,1,0,0,NA,0,0,3,3,NA,0,3,6,6,NA,0,6,54,54,NA,9,45
Pondicherry,'15.4.1',Widal tests - Number Tested,TOTAL,171,171,NA,41,130,200,200,NA,59,141,454,454,NA,352,102,279,279,NA,97,182,347,347,NA,73,274,877,877,NA,491,386,720,720,NA,251,469,657,657,NA,198,459,824,824,NA,472,352,361,361,NA,109,252,363,363,NA,84,279,167,167,NA,47,120,5420,5420,NA,2274,3146
Pondicherry,'15.4.2',Widal tests - Number Positive,TOTAL,2,2,NA,2,0,4,4,NA,4,0,14,14,NA,9,5,11,11,NA,5,6,10,10,NA,0,10,32,32,NA,14,18,27,27,NA,7,20,79,79,NA,8,71,62,62,NA,11,51,23,23,NA,6,17,13,13,NA,4,9,1,1,NA,0,1,278,278,NA,70,208
Pondicherry,'16.1',Infant deaths within 24 hrs(1 to 23 Hrs) of birth,TOTAL,5,5,NA,5,0,2,2,NA,2,0,2,2,NA,2,0,4,4,NA,4,0,7,7,NA,6,1,4,4,NA,3,1,5,5,NA,4,1,1,1,NA,0,1,3,3,NA,0,3,0,0,NA,0,0,0,0,NA,0,0,0,0,NA,0,0,33,33,NA,26,7
Pondicherry,'16.2.1',Infant Deaths up to 4 weeks due to Sepsis,TOTAL,4,4,NA,4,0,7,7,NA,7,0,15,15,NA,15,0,12,12,NA,12,0,10,10,NA,10,0,17,17,NA,15,2,6,6,NA,6,0,0,0,NA,0,0,0,0,NA,0,0,0,0,NA,0,0,2,2,NA,0,2,0,0,NA,0,0,73,73,NA,69,4
Pondicherry,'16.2.2',Infant Deaths up to 4 weeks due to Asphyxia,TOTAL,5,5,NA,4,1,3,3,NA,2,1,4,4,NA,2,2,7,7,NA,6,1,7,7,NA,6,1,7,7,NA,6,1,2,2,NA,0,2,1,1,NA,0,1,4,4,NA,0,4,1,1,NA,0,1,0,0,NA,0,0,2,2,NA,0,2,43,43,NA,26,17
Pondicherry,'16.2.3',Infant Deaths up to 4 weeks due to Other causes,TOTAL,12,12,NA,11,1,28,28,NA,26,2,20,20,NA,18,2,19,19,NA,19,0,12,12,NA,10,2,19,19,NA,13,6,13,13,NA,13,0,0,0,NA,0,0,1,1,NA,0,1,3,3,NA,0,3,2,2,NA,0,2,0,0,NA,0,0,129,129,NA,110,19
Pondicherry,'16.3.1',Number of Infant Deaths (1 -12 months) due to Pneumonia,TOTAL,1,1,NA,1,0,4,4,NA,4,0,2,2,NA,1,1,1,1,NA,1,0,0,0,NA,0,0,3,3,NA,3,0,4,4,NA,2,2,0,0,NA,0,0,0,0,NA,0,0,0,0,NA,0,0,0,0,NA,0,0,1,1,NA,0,1,16,16,NA,12,4
Pondicherry,'16.3.2',Number of Infant Deaths (1 -12 months) due to Diarrhoea,TOTAL,0,0,NA,0,0,0,0,NA,0,0,0,0,NA,0,0,0,0,NA,0,0,0,0,NA,0,0,0,0,NA,0,0,1,1,NA,1,0,0,0,NA,0,0,0,0,NA,0,0,0,0,NA,0,0,0,0,NA,0,0,0,0,NA,0,0,1,1,NA,1,0
Pondicherry,'16.3.3',Number of Infant Deaths (1 -12 months) due to Fever related,TOTAL,0,0,NA,0,0,0,0,NA,0,0,0,0,NA,0,0,1,1,NA,0,1,0,0,NA,0,0,0,0,NA,0,0,1,1,NA,0,1,0,0,NA,0,0,0,0,NA,0,0,0,0,NA,0,0,0,0,NA,0,0,0,0,NA,0,0,2,2,NA,0,2
Pondicherry,'16.3.4',Number of Infant Deaths (1 -12 months) due to Measles,TOTAL,0,0,NA,0,0,0,0,NA,0,0,0,0,NA,0,0,0,0,NA,0,0,0,0,NA,0,0,0,0,NA,0,0,0,0,NA,0,0,0,0,NA,0,0,0,0,NA,0,0,0,0,NA,0,0,0,0,NA,0,0,0,0,NA,0,0,0,0,NA,0,0
Pondicherry,'16.3.5',Number of Infant Deaths (1 -12 months) due to Others,TOTAL,6,6,NA,5,1,3,3,NA,3,0,2,2,NA,1,1,4,4,NA,4,0,5,5,NA,5,0,10,10,NA,9,1,8,8,NA,8,0,0,0,NA,0,0,0,0,NA,0,0,1,1,NA,0,1,0,0,NA,0,0,0,0,NA,0,0,39,39,NA,35,4
Pondicherry,'16.4.1',Number of Child Deaths (1 -5 years) due to Pneumonia,TOTAL,0,0,NA,0,0,1,1,NA,1,0,0,0,NA,0,0,0,0,NA,0,0,1,1,NA,1,0,0,0,NA,0,0,2,2,NA,2,0,1,1,NA,0,1,0,0,NA,0,0,0,0,NA,0,0,0,0,NA,0,0,0,0,NA,0,0,5,5,NA,4,1
Pondicherry,'16.4.2',Number of Child Deaths (1 -5 years) due to Diarrhoea,TOTAL,0,0,NA,0,0,0,0,NA,0,0,0,0,NA,0,0,0,0,NA,0,0,0,0,NA,0,0,0,0,NA,0,0,0,0,NA,0,0,0,0,NA,0,0,0,0,NA,0,0,0,0,NA,0,0,0,0,NA,0,0,0,0,NA,0,0,0,0,NA,0,0
Pondicherry,'16.4.3',Number of Child Deaths (1 -5 years) due to Fever related,TOTAL,0,0,NA,0,0,0,0,NA,0,0,0,0,NA,0,0,0,0,NA,0,0,0,0,NA,0,0,0,0,NA,0,0,0,0,NA,0,0,0,0,NA,0,0,0,0,NA,0,0,0,0,NA,0,0,1,1,NA,0,1,0,0,NA,0,0,1,1,NA,0,1
Pondicherry,'16.4.4',Number of Child Deaths (1 -5 years) due to Measles,TOTAL,0,0,NA,0,0,0,0,NA,0,0,0,0,NA,0,0,0,0,NA,0,0,0,0,NA,0,0,0,0,NA,0,0,0,0,NA,0,0,0,0,NA,0,0,0,0,NA,0,0,0,0,NA,0,0,0,0,NA,0,0,0,0,NA,0,0,0,0,NA,0,0
Pondicherry,'16.4.5',Number of Child Deaths (1 -5 years) due to Others,TOTAL,0,0,NA,0,0,0,0,NA,0,0,0,0,NA,0,0,0,0,NA,0,0,5,5,NA,5,0,5,5,NA,5,0,6,6,NA,6,0,0,0,NA,0,0,0,0,NA,0,0,0,0,NA,0,0,0,0,NA,0,0,0,0,NA,0,0,16,16,NA,16,0
Pondicherry,'16.5.1',Number of Maternal Deaths due to Bleeding,TOTAL,0,0,NA,0,0,0,0,NA,0,0,0,0,NA,0,0,0,0,NA,0,0,0,0,NA,0,0,0,0,NA,0,0,0,0,NA,0,0,0,0,NA,0,0,0,0,NA,0,0,0,0,NA,0,0,0,0,NA,0,0,0,0,NA,0,0,0,0,NA,0,0
Pondicherry,'16.5.2',Number of Maternal Deaths due to High fever,TOTAL,0,0,NA,0,0,0,0,NA,0,0,0,0,NA,0,0,0,0,NA,0,0,0,0,NA,0,0,0,0,NA,0,0,0,0,NA,0,0,0,0,NA,0,0,0,0,NA,0,0,0,0,NA,0,0,0,0,NA,0,0,0,0,NA,0,0,0,0,NA,0,0
Pondicherry,'16.5.3',Number of Maternal Deaths due to Abortion,TOTAL,0,0,NA,0,0,0,0,NA,0,0,0,0,NA,0,0,0,0,NA,0,0,0,0,NA,0,0,0,0,NA,0,0,0,0,NA,0,0,0,0,NA,0,0,0,0,NA,0,0,0,0,NA,0,0,0,0,NA,0,0,0,0,NA,0,0,0,0,NA,0,0
Pondicherry,'16.5.4',Number of Maternal Deaths due to Obstructed/prolonged labour,TOTAL,0,0,NA,0,0,0,0,NA,0,0,0,0,NA,0,0,0,0,NA,0,0,0,0,NA,0,0,0,0,NA,0,0,0,0,NA,0,0,0,0,NA,0,0,0,0,NA,0,0,0,0,NA,0,0,0,0,NA,0,0,0,0,NA,0,0,0,0,NA,0,0
Pondicherry,'16.5.5',Number of Maternal Deaths due to Severe hypertesnion/fits,TOTAL,0,0,NA,0,0,0,0,NA,0,0,0,0,NA,0,0,0,0,NA,0,0,1,1,NA,0,1,1,1,NA,0,1,0,0,NA,0,0,0,0,NA,0,0,0,0,NA,0,0,0,0,NA,0,0,0,0,NA,0,0,0,0,NA,0,0,2,2,NA,0,2
Pondicherry,'16.5.6',Number of Maternal Deaths due to Other Causes (including causes not known),TOTAL,2,2,NA,2,0,2,2,NA,2,0,2,2,NA,2,0,2,2,NA,2,0,0,0,NA,0,0,0,0,NA,0,0,0,0,NA,0,0,0,0,NA,0,0,0,0,NA,0,0,1,1,NA,0,1,0,0,NA,0,0,0,0,NA,0,0,9,9,NA,8,1
Pondicherry,'16.6',Total Facility Based Maternal Death Reviews (FBMDR) done,TOTAL,1,1,NA,1,0,0,0,NA,0,0,2,2,NA,2,0,0,0,NA,0,0,1,1,NA,0,1,1,1,NA,0,1,0,0,NA,0,0,0,0,NA,NA,0,0,0,NA,NA,0,1,1,NA,NA,1,0,0,NA,NA,0,0,0,NA,NA,0,6,6,NA,3,3
Pondicherry,'16.7.1',Number of Adolscent / Adult deaths due to Diarrhoeal diseases,TOTAL,0,0,NA,0,0,1,1,NA,1,0,2,2,NA,2,0,0,0,NA,0,0,0,0,NA,0,0,0,0,NA,0,0,0,0,NA,0,0,0,0,NA,0,0,0,0,NA,0,0,0,0,NA,0,0,0,0,NA,0,0,0,0,NA,0,0,3,3,NA,3,0
Pondicherry,'16.7.2',Number of Adolscent / Adult deaths due to Tuberculosis,TOTAL,3,3,NA,3,0,7,7,NA,7,0,2,2,NA,2,0,5,5,NA,5,0,3,3,NA,3,0,3,3,NA,3,0,2,2,NA,2,0,2,2,NA,2,0,0,0,NA,0,0,0,0,NA,0,0,0,0,NA,0,0,0,0,NA,0,0,27,27,NA,27,0
Pondicherry,'16.7.3',Number of Adolscent / Adult deaths due to Respiratory diseases including infections (other than TB),TOTAL,2,2,NA,2,0,7,7,NA,7,0,11,11,NA,11,0,5,5,NA,5,0,3,3,NA,3,0,0,0,NA,0,0,0,0,NA,0,0,0,0,NA,0,0,0,0,NA,0,0,0,0,NA,0,0,0,0,NA,0,0,0,0,NA,0,0,28,28,NA,28,0
Pondicherry,'16.7.4',Number of Adolscent / Adult deaths due to Other Fever Related,TOTAL,44,44,NA,43,1,48,48,NA,48,0,1,1,NA,0,1,1,1,NA,0,1,0,0,NA,0,0,0,0,NA,0,0,0,0,NA,0,0,0,0,NA,0,0,0,0,NA,0,0,1,1,NA,1,0,0,0,NA,0,0,0,0,NA,0,0,95,95,NA,92,3
Pondicherry,'16.7.5',Number of Adolscent / Adult deaths due to HIV/AIDS,TOTAL,0,0,NA,0,0,0,0,NA,0,0,2,2,NA,2,0,0,0,NA,0,0,0,0,NA,0,0,0,0,NA,0,0,0,0,NA,0,0,0,0,NA,0,0,0,0,NA,0,0,0,0,NA,0,0,0,0,NA,0,0,0,0,NA,0,0,2,2,NA,2,0
Pondicherry,'16.7.6',Number of Adolscent / Adult deaths due to Heart disease/Hypertension related,TOTAL,28,28,NA,24,4,55,55,NA,52,3,39,39,NA,39,0,20,20,NA,18,2,35,35,NA,31,4,25,25,NA,25,0,27,27,NA,25,2,1,1,NA,0,1,3,3,NA,1,2,1,1,NA,1,0,1,1,NA,0,1,2,2,NA,0,2,237,237,NA,216,21
Pondicherry,'16.7.7',Number of Adolscent / Adult deaths due to Cancer,TOTAL,11,11,NA,9,2,20,20,NA,20,0,31,31,NA,29,2,14,14,NA,14,0,15,15,NA,15,0,8,8,NA,8,0,16,16,NA,11,5,1,1,NA,0,1,0,0,NA,0,0,0,0,NA,0,0,1,1,NA,0,1,2,2,NA,1,1,119,119,NA,107,12
Pondicherry,'16.7.8',Number of Adolscent / Adult deaths due to Neurological disease including strokes,TOTAL,3,3,NA,3,0,6,6,NA,6,0,6,6,NA,6,0,4,4,NA,4,0,2,2,NA,2,0,0,0,NA,0,0,1,1,NA,1,0,0,0,NA,0,0,0,0,NA,0,0,0,0,NA,0,0,0,0,NA,0,0,0,0,NA,0,0,22,22,NA,22,0
Pondicherry,'16.7.9',Number of Adolscent / Adult deaths due to Accidents/Burn cases,TOTAL,58,58,NA,58,0,39,39,NA,39,0,47,47,NA,46,1,43,43,NA,43,0,35,35,NA,35,0,42,42,NA,41,1,43,43,NA,42,1,0,0,NA,0,0,0,0,NA,0,0,1,1,NA,0,1,3,3,NA,1,2,0,0,NA,0,0,311,311,NA,305,6
Pondicherry,'16.7.10',Number of Adolscent / Adult deaths due to Suicide,TOTAL,4,4,NA,2,2,8,8,NA,4,4,4,4,NA,1,3,3,3,NA,3,0,2,2,NA,1,1,4,4,NA,0,4,3,3,NA,0,3,1,1,NA,0,1,1,1,NA,0,1,1,1,NA,0,1,3,3,NA,2,1,2,2,NA,1,1,36,36,NA,14,22
Pondicherry,'16.7.11',Number of Adolscent / Adult deaths due to Animal bites and stings,TOTAL,0,0,NA,0,0,0,0,NA,0,0,0,0,NA,0,0,0,0,NA,0,0,0,0,NA,0,0,0,0,NA,0,0,0,0,NA,0,0,0,0,NA,0,0,0,0,NA,0,0,0,0,NA,0,0,1,1,NA,0,1,1,1,NA,0,1,2,2,NA,0,2
Pondicherry,'16.7.12',Number of Adolscent / Adult deaths due to Known Acute Disease,TOTAL,15,15,NA,15,0,28,28,NA,27,1,60,60,NA,60,0,16,16,NA,16,0,22,22,NA,22,0,24,24,NA,24,0,49,49,NA,48,1,4,4,NA,3,1,0,0,NA,0,0,0,0,NA,0,0,0,0,NA,0,0,0,0,NA,0,0,218,218,NA,215,3
Pondicherry,'16.7.13',Number of Adolscent / Adult deaths due to Known Chronic Disease,TOTAL,14,14,NA,12,2,44,44,NA,36,8,51,51,NA,48,3,21,21,NA,21,0,13,13,NA,10,3,7,7,NA,4,3,2,2,NA,2,0,3,3,NA,0,3,4,4,NA,2,2,3,3,NA,3,0,4,4,NA,0,4,0,0,NA,0,0,166,166,NA,138,28
Pondicherry,'16.7.14',Number of Adolscent / Adult deaths due to Causes not known,TOTAL,19,19,NA,5,14,34,34,NA,15,19,37,37,NA,8,29,15,15,NA,1,14,19,19,NA,8,11,20,20,NA,2,18,22,22,NA,7,15,23,23,NA,4,19,19,19,NA,9,10,18,18,NA,9,9,12,12,NA,4,8,8,8,NA,1,7,246,246,NA,73,173
Pondicherry,'16.8.1',Number of Deaths due to Malaria- Plasmodium Vivax,TOTAL,0,0,NA,0,0,0,0,NA,0,0,0,0,NA,0,0,0,0,NA,0,0,0,0,NA,0,0,0,0,NA,0,0,0,0,NA,0,0,0,0,NA,0,0,0,0,NA,0,0,0,0,NA,0,0,0,0,NA,0,0,0,0,NA,0,0,0,0,NA,0,0
Pondicherry,'16.8.2',Number of Deaths due to Malaria- Plasmodium Falciparum,TOTAL,0,0,NA,0,0,0,0,NA,0,0,0,0,NA,0,0,0,0,NA,0,0,0,0,NA,0,0,0,0,NA,0,0,0,0,NA,0,0,0,0,NA,0,0,0,0,NA,0,0,0,0,NA,0,0,0,0,NA,0,0,0,0,NA,0,0,0,0,NA,0,0
Pondicherry,'16.8.3',Number of Deaths due to Kala Azar,TOTAL,0,0,NA,0,0,0,0,NA,0,0,0,0,NA,0,0,0,0,NA,0,0,0,0,NA,0,0,0,0,NA,0,0,0,0,NA,0,0,0,0,NA,0,0,0,0,NA,0,0,0,0,NA,0,0,0,0,NA,0,0,0,0,NA,0,0,0,0,NA,0,0
Pondicherry,'16.8.4',Number of Deaths due to Dengue,TOTAL,0,0,NA,0,0,0,0,NA,0,0,0,0,NA,0,0,0,0,NA,0,0,0,0,NA,0,0,0,0,NA,0,0,0,0,NA,0,0,0,0,NA,0,0,0,0,NA,0,0,0,0,NA,0,0,0,0,NA,0,0,0,0,NA,0,0,0,0,NA,0,0
Pondicherry,'16.8.5',Number of Deaths due to Acute Encephelitis Syndrome (AES),TOTAL,0,0,NA,0,0,0,0,NA,0,0,0,0,NA,0,0,0,0,NA,0,0,0,0,NA,0,0,0,0,NA,0,0,0,0,NA,0,0,0,0,NA,0,0,0,0,NA,0,0,0,0,NA,0,0,0,0,NA,0,0,0,0,NA,0,0,0,0,NA,0,0
Pondicherry,'16.8.6',Number of Deaths due to Japanese Encephalitis (JE),TOTAL,0,0,NA,0,0,0,0,NA,0,0,0,0,NA,0,0,0,0,NA,0,0,0,0,NA,0,0,0,0,NA,0,0,0,0,NA,0,0,0,0,NA,0,0,0,0,NA,0,0,0,0,NA,0,0,0,0,NA,0,0,0,0,NA,0,0,0,0,NA,0,0
Pondicherry,'15.5.1',Radiology - X-ray,TOTAL,16884,16884,NA,16258,626,17593,17593,NA,17142,451,15490,15490,NA,15114,376,14138,14138,NA,13689,449,13312,13312,NA,12784,528,13934,13934,NA,13098,836,17717,17717,NA,16870,847,17249,17249,NA,16556,693,16821,16821,NA,16222,599,17257,17257,NA,16652,605,13315,13315,NA,12655,660,563,563,NA,0,563,174273,174273,NA,167040,7233
Pondicherry,'15.5.2',Radiology - Ultrasonography (USG),TOTAL,7162,7162,NA,5467,1695,7658,7658,NA,6019,1639,7342,7342,NA,5695,1647,8280,8280,NA,6509,1771,7671,7671,NA,6248,1423,7517,7517,NA,5823,1694,7405,7405,NA,5860,1545,7285,7285,NA,5740,1545,7201,7201,NA,5749,1452,7677,7677,NA,6170,1507,7284,7284,NA,5728,1556,1571,1571,NA,0,1571,84053,84053,NA,65008,19045
Pondicherry,'17.1',Vaccine - DPT,1. Balance From Previous Month,9960,NA,NA,NA,NA,8950,NA,NA,NA,NA,8170,NA,NA,NA,NA,15160,NA,NA,NA,NA,11990,NA,NA,NA,NA,15870,NA,NA,NA,NA,24270,NA,NA,NA,NA,20210,NA,NA,NA,NA,16290,NA,NA,NA,NA,15140,NA,NA,NA,NA,14180,NA,NA,NA,NA,12070,NA,NA,NA,NA,172260,NA,NA,NA,NA
Pondicherry,17.1',Vaccine - DPT,2. Stocks Received,0,NA,NA,NA,NA,0,NA,NA,NA,NA,8000,NA,NA,NA,NA,0,NA,NA,NA,NA,10000,NA,NA,NA,NA,15000,NA,NA,NA,NA,0,NA,NA,NA,NA,0,NA,NA,NA,NA,0,NA,NA,NA,NA,0,NA,NA,NA,NA,0,NA,NA,NA,NA,0,NA,NA,NA,NA,33000,NA,NA,NA,NA
Pondicherry,17.1',Vaccine - DPT,3. Unusable Stock,0,NA,NA,NA,NA,0,NA,NA,NA,NA,0,NA,NA,NA,NA,0,NA,NA,NA,NA,0,NA,NA,NA,NA,0,NA,NA,NA,NA,0,NA,NA,NA,NA,0,NA,NA,NA,NA,0,NA,NA,NA,NA,0,NA,NA,NA,NA,0,NA,NA,NA,NA,0,NA,NA,NA,NA,0,NA,NA,NA,NA
Pondicherry,17.1',Vaccine - DPT,4. Stock Distributed,1010,NA,NA,NA,NA,780,NA,NA,NA,NA,1010,NA,NA,NA,NA,3160,NA,NA,NA,NA,6170,NA,NA,NA,NA,6550,NA,NA,NA,NA,4060,NA,NA,NA,NA,3920,NA,NA,NA,NA,1150,NA,NA,NA,NA,960,NA,NA,NA,NA,2110,NA,NA,NA,NA,1260,NA,NA,NA,NA,32140,NA,NA,NA,NA
Pondicherry,17.1',Vaccine - DPT,5. Total Stock,8950,NA,NA,NA,NA,8170,NA,NA,NA,NA,15160,NA,NA,NA,NA,12000,NA,NA,NA,NA,15820,NA,NA,NA,NA,24320,NA,NA,NA,NA,20210,NA,NA,NA,NA,16290,NA,NA,NA,NA,15140,NA,NA,NA,NA,14180,NA,NA,NA,NA,12070,NA,NA,NA,NA,10810,NA,NA,NA,NA,173120,NA,NA,NA,NA
Pondicherry,'17.2',Vaccine - Pentavalent,1. Balance From Previous Month,6260,NA,NA,NA,NA,2900,NA,NA,NA,NA,8300,NA,NA,NA,NA,11150,NA,NA,NA,NA,5640,NA,NA,NA,NA,9240,NA,NA,NA,NA,11860,NA,NA,NA,NA,6740,NA,NA,NA,NA,8380,NA,NA,NA,NA,4130,NA,NA,NA,NA,12620,NA,NA,NA,NA,8820,NA,NA,NA,NA,96040,NA,NA,NA,NA
Pondicherry,17.2',Vaccine - Pentavalent,2. Stocks Received,0,NA,NA,NA,NA,10000,NA,NA,NA,NA,6000,NA,NA,NA,NA,0,NA,NA,NA,NA,6000,NA,NA,NA,NA,6000,NA,NA,NA,NA,0,NA,NA,NA,NA,5000,NA,NA,NA,NA,0,NA,NA,NA,NA,13000,NA,NA,NA,NA,0,NA,NA,NA,NA,8000,NA,NA,NA,NA,54000,NA,NA,NA,NA
Pondicherry,17.2',Vaccine - Pentavalent,3. Unusable Stock,0,NA,NA,NA,NA,0,NA,NA,NA,NA,0,NA,NA,NA,NA,0,NA,NA,NA,NA,0,NA,NA,NA,NA,0,NA,NA,NA,NA,0,NA,NA,NA,NA,0,NA,NA,NA,NA,0,NA,NA,NA,NA,0,NA,NA,NA,NA,0,NA,NA,NA,NA,0,NA,NA,NA,NA,0,NA,NA,NA,NA
Pondicherry,17.2',Vaccine - Pentavalent,4. Stock Distributed,3360,NA,NA,NA,NA,4600,NA,NA,NA,NA,3150,NA,NA,NA,NA,5510,NA,NA,NA,NA,2380,NA,NA,NA,NA,3380,NA,NA,NA,NA,5120,NA,NA,NA,NA,3360,NA,NA,NA,NA,4250,NA,NA,NA,NA,4510,NA,NA,NA,NA,3800,NA,NA,NA,NA,3120,NA,NA,NA,NA,46540,NA,NA,NA,NA
Pondicherry,17.2',Vaccine - Pentavalent,5. Total Stock,2900,NA,NA,NA,NA,8300,NA,NA,NA,NA,11150,NA,NA,NA,NA,5640,NA,NA,NA,NA,9260,NA,NA,NA,NA,11860,NA,NA,NA,NA,6740,NA,NA,NA,NA,8380,NA,NA,NA,NA,4130,NA,NA,NA,NA,12620,NA,NA,NA,NA,8820,NA,NA,NA,NA,13700,NA,NA,NA,NA,103500,NA,NA,NA,NA
Pondicherry,'17.3',Vaccine - OPV,1. Balance From Previous Month,41760,NA,NA,NA,NA,36280,NA,NA,NA,NA,28500,NA,NA,NA,NA,20620,NA,NA,NA,NA,7880,NA,NA,NA,NA,10300,NA,NA,NA,NA,41500,NA,NA,NA,NA,31480,NA,NA,NA,NA,20820,NA,NA,NA,NA,12200,NA,NA,NA,NA,34200,NA,NA,NA,NA,30660,NA,NA,NA,NA,316200,NA,NA,NA,NA
Pondicherry,17.3',Vaccine - OPV,2. Stocks Received,0,NA,NA,NA,NA,0,NA,NA,NA,NA,0,NA,NA,NA,NA,0,NA,NA,NA,NA,10000,NA,NA,NA,NA,40000,NA,NA,NA,NA,0,NA,NA,NA,NA,0,NA,NA,NA,NA,0,NA,NA,NA,NA,143300,NA,NA,NA,NA,0,NA,NA,NA,NA,0,NA,NA,NA,NA,193300,NA,NA,NA,NA
Pondicherry,17.3',Vaccine - OPV,3. Unusable Stock,0,NA,NA,NA,NA,0,NA,NA,NA,NA,0,NA,NA,NA,NA,0,NA,NA,NA,NA,0,NA,NA,NA,NA,0,NA,NA,NA,NA,0,NA,NA,NA,NA,0,NA,NA,NA,NA,0,NA,NA,NA,NA,0,NA,NA,NA,NA,0,NA,NA,NA,NA,0,NA,NA,NA,NA,0,NA,NA,NA,NA
Pondicherry,17.3',Vaccine - OPV,4. Stock Distributed,5480,NA,NA,NA,NA,7780,NA,NA,NA,NA,7880,NA,NA,NA,NA,12740,NA,NA,NA,NA,7580,NA,NA,NA,NA,8800,NA,NA,NA,NA,10020,NA,NA,NA,NA,10660,NA,NA,NA,NA,8620,NA,NA,NA,NA,121300,NA,NA,NA,NA,3540,NA,NA,NA,NA,4620,NA,NA,NA,NA,209020,NA,NA,NA,NA
Pondicherry,17.3',Vaccine - OPV,5. Total Stock,36280,NA,NA,NA,NA,28500,NA,NA,NA,NA,20620,NA,NA,NA,NA,7880,NA,NA,NA,NA,10300,NA,NA,NA,NA,41500,NA,NA,NA,NA,31480,NA,NA,NA,NA,20820,NA,NA,NA,NA,12200,NA,NA,NA,NA,34200,NA,NA,NA,NA,30660,NA,NA,NA,NA,26040,NA,NA,NA,NA,300480,NA,NA,NA,NA
Pondicherry,'17.4',Vaccine - TT,1. Balance From Previous Month,0,NA,NA,NA,NA,0,NA,NA,NA,NA,8840,NA,NA,NA,NA,17060,NA,NA,NA,NA,9740,NA,NA,NA,NA,10780,NA,NA,NA,NA,20040,NA,NA,NA,NA,1550,NA,NA,NA,NA,14240,NA,NA,NA,NA,11290,NA,NA,NA,NA,29520,NA,NA,NA,NA,26590,NA,NA,NA,NA,149650,NA,NA,NA,NA
Pondicherry,17.4',Vaccine - TT,2. Stocks Received,0,NA,NA,NA,NA,0,NA,NA,NA,NA,10000,NA,NA,NA,NA,0,NA,NA,NA,NA,10000,NA,NA,NA,NA,20000,NA,NA,NA,NA,0,NA,NA,NA,NA,18000,NA,NA,NA,NA,0,NA,NA,NA,NA,20000,NA,NA,NA,NA,0,NA,NA,NA,NA,0,NA,NA,NA,NA,78000,NA,NA,NA,NA
Pondicherry,17.4',Vaccine - TT,3. Unusable Stock,0,NA,NA,NA,NA,0,NA,NA,NA,NA,0,NA,NA,NA,NA,0,NA,NA,NA,NA,0,NA,NA,NA,NA,0,NA,NA,NA,NA,0,NA,NA,NA,NA,0,NA,NA,NA,NA,0,NA,NA,NA,NA,0,NA,NA,NA,NA,0,NA,NA,NA,NA,0,NA,NA,NA,NA,0,NA,NA,NA,NA
Pondicherry,17.4',Vaccine - TT,4. Stock Distributed,0,NA,NA,NA,NA,0,NA,NA,NA,NA,1780,NA,NA,NA,NA,7320,NA,NA,NA,NA,8960,NA,NA,NA,NA,10740,NA,NA,NA,NA,18490,NA,NA,NA,NA,5310,NA,NA,NA,NA,2950,NA,NA,NA,NA,1750,NA,NA,NA,NA,2950,NA,NA,NA,NA,2400,NA,NA,NA,NA,62650,NA,NA,NA,NA
Pondicherry,17.4',Vaccine - TT,5. Total Stock,0,NA,NA,NA,NA,0,NA,NA,NA,NA,17060,NA,NA,NA,NA,9740,NA,NA,NA,NA,10780,NA,NA,NA,NA,20040,NA,NA,NA,NA,1550,NA,NA,NA,NA,14240,NA,NA,NA,NA,11290,NA,NA,NA,NA,29540,NA,NA,NA,NA,26570,NA,NA,NA,NA,24190,NA,NA,NA,NA,165000,NA,NA,NA,NA
Pondicherry,'17.5',Vaccine - DT,1. Balance From Previous Month,0,NA,NA,NA,NA,0,NA,NA,NA,NA,0,NA,NA,NA,NA,0,NA,NA,NA,NA,0,NA,NA,NA,NA,0,NA,NA,NA,NA,0,NA,NA,NA,NA,0,NA,NA,NA,NA,0,NA,NA,NA,NA,0,NA,NA,NA,NA,0,NA,NA,NA,NA,0,NA,NA,NA,NA,0,NA,NA,NA,NA
Pondicherry,17.5',Vaccine - DT,2. Stocks Received,0,NA,NA,NA,NA,0,NA,NA,NA,NA,0,NA,NA,NA,NA,0,NA,NA,NA,NA,0,NA,NA,NA,NA,0,NA,NA,NA,NA,0,NA,NA,NA,NA,0,NA,NA,NA,NA,0,NA,NA,NA,NA,0,NA,NA,NA,NA,0,NA,NA,NA,NA,0,NA,NA,NA,NA,0,NA,NA,NA,NA
Pondicherry,17.5',Vaccine - DT,3. Unusable Stock,0,NA,NA,NA,NA,0,NA,NA,NA,NA,0,NA,NA,NA,NA,0,NA,NA,NA,NA,0,NA,NA,NA,NA,0,NA,NA,NA,NA,0,NA,NA,NA,NA,0,NA,NA,NA,NA,0,NA,NA,NA,NA,0,NA,NA,NA,NA,0,NA,NA,NA,NA,0,NA,NA,NA,NA,0,NA,NA,NA,NA
Pondicherry,17.5',Vaccine - DT,4. Stock Distributed,0,NA,NA,NA,NA,0,NA,NA,NA,NA,0,NA,NA,NA,NA,0,NA,NA,NA,NA,0,NA,NA,NA,NA,0,NA,NA,NA,NA,0,NA,NA,NA,NA,0,NA,NA,NA,NA,0,NA,NA,NA,NA,0,NA,NA,NA,NA,0,NA,NA,NA,NA,0,NA,NA,NA,NA,0,NA,NA,NA,NA
Pondicherry,17.5',Vaccine - DT,5. Total Stock,0,NA,NA,NA,NA,0,NA,NA,NA,NA,0,NA,NA,NA,NA,0,NA,NA,NA,NA,0,NA,NA,NA,NA,0,NA,NA,NA,NA,0,NA,NA,NA,NA,0,NA,NA,NA,NA,0,NA,NA,NA,NA,0,NA,NA,NA,NA,0,NA,NA,NA,NA,0,NA,NA,NA,NA,0,NA,NA,NA,NA
Pondicherry,'17.6',Vaccine - BCG,1. Balance From Previous Month,7360,NA,NA,NA,NA,3390,NA,NA,NA,NA,5040,NA,NA,NA,NA,11630,NA,NA,NA,NA,7530,NA,NA,NA,NA,13640,NA,NA,NA,NA,8370,NA,NA,NA,NA,3100,NA,NA,NA,NA,9850,NA,NA,NA,NA,5870,NA,NA,NA,NA,19270,NA,NA,NA,NA,17050,NA,NA,NA,NA,112100,NA,NA,NA,NA
Pondicherry,17.6',Vaccine - BCG,2. Stocks Received,0,NA,NA,NA,NA,6000,NA,NA,NA,NA,10000,NA,NA,NA,NA,0,NA,NA,NA,NA,10000,NA,NA,NA,NA,0,NA,NA,NA,NA,0,NA,NA,NA,NA,10000,NA,NA,NA,NA,0,NA,NA,NA,NA,17000,NA,NA,NA,NA,0,NA,NA,NA,NA,0,NA,NA,NA,NA,53000,NA,NA,NA,NA
Pondicherry,17.6',Vaccine - BCG,3. Unusable Stock,0,NA,NA,NA,NA,0,NA,NA,NA,NA,0,NA,NA,NA,NA,0,NA,NA,NA,NA,0,NA,NA,NA,NA,0,NA,NA,NA,NA,0,NA,NA,NA,NA,0,NA,NA,NA,NA,0,NA,NA,NA,NA,0,NA,NA,NA,NA,0,NA,NA,NA,NA,0,NA,NA,NA,NA,0,NA,NA,NA,NA
Pondicherry,17.6',Vaccine - BCG,4. Stock Distributed,3970,NA,NA,NA,NA,4350,NA,NA,NA,NA,3410,NA,NA,NA,NA,4100,NA,NA,NA,NA,3890,NA,NA,NA,NA,5270,NA,NA,NA,NA,5270,NA,NA,NA,NA,4680,NA,NA,NA,NA,3980,NA,NA,NA,NA,3600,NA,NA,NA,NA,2220,NA,NA,NA,NA,3160,NA,NA,NA,NA,47900,NA,NA,NA,NA
Pondicherry,17.6',Vaccine - BCG,5. Total Stock,3390,NA,NA,NA,NA,5040,NA,NA,NA,NA,11630,NA,NA,NA,NA,7530,NA,NA,NA,NA,13640,NA,NA,NA,NA,8370,NA,NA,NA,NA,3100,NA,NA,NA,NA,8420,NA,NA,NA,NA,5870,NA,NA,NA,NA,19270,NA,NA,NA,NA,17050,NA,NA,NA,NA,13890,NA,NA,NA,NA,117200,NA,NA,NA,NA
Pondicherry,'17.7',Vaccine - Measles,1. Balance From Previous Month,0,NA,NA,NA,NA,0,NA,NA,NA,NA,0,NA,NA,NA,NA,0,NA,NA,NA,NA,0,NA,NA,NA,NA,0,NA,NA,NA,NA,0,NA,NA,NA,NA,0,NA,NA,NA,NA,0,NA,NA,NA,NA,0,NA,NA,NA,NA,0,NA,NA,NA,NA,0,NA,NA,NA,NA,0,NA,NA,NA,NA
Pondicherry,17.7',Vaccine - Measles,2. Stocks Received,0,NA,NA,NA,NA,0,NA,NA,NA,NA,0,NA,NA,NA,NA,0,NA,NA,NA,NA,0,NA,NA,NA,NA,0,NA,NA,NA,NA,0,NA,NA,NA,NA,0,NA,NA,NA,NA,0,NA,NA,NA,NA,0,NA,NA,NA,NA,0,NA,NA,NA,NA,0,NA,NA,NA,NA,0,NA,NA,NA,NA
Pondicherry,17.7',Vaccine - Measles,3. Unusable Stock,0,NA,NA,NA,NA,0,NA,NA,NA,NA,0,NA,NA,NA,NA,0,NA,NA,NA,NA,0,NA,NA,NA,NA,0,NA,NA,NA,NA,0,NA,NA,NA,NA,0,NA,NA,NA,NA,0,NA,NA,NA,NA,0,NA,NA,NA,NA,0,NA,NA,NA,NA,0,NA,NA,NA,NA,0,NA,NA,NA,NA
Pondicherry,17.7',Vaccine - Measles,4. Stock Distributed,0,NA,NA,NA,NA,0,NA,NA,NA,NA,0,NA,NA,NA,NA,0,NA,NA,NA,NA,0,NA,NA,NA,NA,0,NA,NA,NA,NA,0,NA,NA,NA,NA,0,NA,NA,NA,NA,0,NA,NA,NA,NA,0,NA,NA,NA,NA,0,NA,NA,NA,NA,0,NA,NA,NA,NA,0,NA,NA,NA,NA
Pondicherry,17.7',Vaccine - Measles,5. Total Stock,0,NA,NA,NA,NA,0,NA,NA,NA,NA,0,NA,NA,NA,NA,0,NA,NA,NA,NA,0,NA,NA,NA,NA,0,NA,NA,NA,NA,0,NA,NA,NA,NA,0,NA,NA,NA,NA,0,NA,NA,NA,NA,0,NA,NA,NA,NA,0,NA,NA,NA,NA,0,NA,NA,NA,NA,0,NA,NA,NA,NA
Pondicherry,'17.8',Vaccine - JE,1. Balance From Previous Month,0,NA,NA,NA,NA,0,NA,NA,NA,NA,0,NA,NA,NA,NA,0,NA,NA,NA,NA,0,NA,NA,NA,NA,0,NA,NA,NA,NA,0,NA,NA,NA,NA,0,NA,NA,NA,NA,0,NA,NA,NA,NA,0,NA,NA,NA,NA,0,NA,NA,NA,NA,0,NA,NA,NA,NA,0,NA,NA,NA,NA
Pondicherry,17.8',Vaccine - JE,2. Stocks Received,0,NA,NA,NA,NA,0,NA,NA,NA,NA,0,NA,NA,NA,NA,0,NA,NA,NA,NA,0,NA,NA,NA,NA,0,NA,NA,NA,NA,0,NA,NA,NA,NA,0,NA,NA,NA,NA,0,NA,NA,NA,NA,0,NA,NA,NA,NA,0,NA,NA,NA,NA,0,NA,NA,NA,NA,0,NA,NA,NA,NA
Pondicherry,17.8',Vaccine - JE,3. Unusable Stock,0,NA,NA,NA,NA,0,NA,NA,NA,NA,0,NA,NA,NA,NA,0,NA,NA,NA,NA,0,NA,NA,NA,NA,0,NA,NA,NA,NA,0,NA,NA,NA,NA,0,NA,NA,NA,NA,0,NA,NA,NA,NA,0,NA,NA,NA,NA,0,NA,NA,NA,NA,0,NA,NA,NA,NA,0,NA,NA,NA,NA
Pondicherry,17.8',Vaccine - JE,4. Stock Distributed,0,NA,NA,NA,NA,0,NA,NA,NA,NA,0,NA,NA,NA,NA,0,NA,NA,NA,NA,0,NA,NA,NA,NA,0,NA,NA,NA,NA,0,NA,NA,NA,NA,0,NA,NA,NA,NA,0,NA,NA,NA,NA,0,NA,NA,NA,NA,0,NA,NA,NA,NA,0,NA,NA,NA,NA,0,NA,NA,NA,NA
Pondicherry,17.8',Vaccine - JE,5. Total Stock,0,NA,NA,NA,NA,0,NA,NA,NA,NA,0,NA,NA,NA,NA,0,NA,NA,NA,NA,0,NA,NA,NA,NA,0,NA,NA,NA,NA,0,NA,NA,NA,NA,0,NA,NA,NA,NA,0,NA,NA,NA,NA,0,NA,NA,NA,NA,0,NA,NA,NA,NA,0,NA,NA,NA,NA,0,NA,NA,NA,NA
Pondicherry,'17.9',Vaccine - Hepatitis B,1. Balance From Previous Month,8400,NA,NA,NA,NA,4190,NA,NA,NA,NA,10890,NA,NA,NA,NA,12710,NA,NA,NA,NA,8980,NA,NA,NA,NA,11660,NA,NA,NA,NA,11000,NA,NA,NA,NA,11000,NA,NA,NA,NA,8430,NA,NA,NA,NA,4720,NA,NA,NA,NA,13770,NA,NA,NA,NA,12310,NA,NA,NA,NA,118060,NA,NA,NA,NA
Pondicherry,17.9',Vaccine - Hepatitis B,2. Stocks Received,0,NA,NA,NA,NA,10000,NA,NA,NA,NA,5000,NA,NA,NA,NA,0,NA,NA,NA,NA,6000,NA,NA,NA,NA,3000,NA,NA,NA,NA,0,NA,NA,NA,NA,5000,NA,NA,NA,NA,0,NA,NA,NA,NA,13000,NA,NA,NA,NA,0,NA,NA,NA,NA,0,NA,NA,NA,NA,42000,NA,NA,NA,NA
Pondicherry,17.9',Vaccine - Hepatitis B,3. Unusable Stock,0,NA,NA,NA,NA,0,NA,NA,NA,NA,0,NA,NA,NA,NA,0,NA,NA,NA,NA,0,NA,NA,NA,NA,0,NA,NA,NA,NA,0,NA,NA,NA,NA,0,NA,NA,NA,NA,0,NA,NA,NA,NA,0,NA,NA,NA,NA,0,NA,NA,NA,NA,0,NA,NA,NA,NA,0,NA,NA,NA,NA
Pondicherry,17.9',Vaccine - Hepatitis B,4. Stock Distributed,4210,NA,NA,NA,NA,3300,NA,NA,NA,NA,3180,NA,NA,NA,NA,3730,NA,NA,NA,NA,3320,NA,NA,NA,NA,3660,NA,NA,NA,NA,3660,NA,NA,NA,NA,3910,NA,NA,NA,NA,3710,NA,NA,NA,NA,3950,NA,NA,NA,NA,1460,NA,NA,NA,NA,2930,NA,NA,NA,NA,41020,NA,NA,NA,NA
Pondicherry,17.9',Vaccine - Hepatitis B,5. Total Stock,4190,NA,NA,NA,NA,10890,NA,NA,NA,NA,12710,NA,NA,NA,NA,8980,NA,NA,NA,NA,11660,NA,NA,NA,NA,11000,NA,NA,NA,NA,7340,NA,NA,NA,NA,12090,NA,NA,NA,NA,4720,NA,NA,NA,NA,13770,NA,NA,NA,NA,12310,NA,NA,NA,NA,9380,NA,NA,NA,NA,119040,NA,NA,NA,NA
Pondicherry,'17.10',Vaccine - Typhoid,1. Balance From Previous Month,0,NA,NA,NA,NA,0,NA,NA,NA,NA,0,NA,NA,NA,NA,0,NA,NA,NA,NA,0,NA,NA,NA,NA,0,NA,NA,NA,NA,0,NA,NA,NA,NA,0,NA,NA,NA,NA,0,NA,NA,NA,NA,0,NA,NA,NA,NA,0,NA,NA,NA,NA,0,NA,NA,NA,NA,0,NA,NA,NA,NA
Pondicherry,17.10',Vaccine - Typhoid,2. Stocks Received,0,NA,NA,NA,NA,0,NA,NA,NA,NA,0,NA,NA,NA,NA,0,NA,NA,NA,NA,0,NA,NA,NA,NA,0,NA,NA,NA,NA,0,NA,NA,NA,NA,0,NA,NA,NA,NA,0,NA,NA,NA,NA,0,NA,NA,NA,NA,0,NA,NA,NA,NA,0,NA,NA,NA,NA,0,NA,NA,NA,NA
Pondicherry,17.10',Vaccine - Typhoid,3. Unusable Stock,0,NA,NA,NA,NA,0,NA,NA,NA,NA,0,NA,NA,NA,NA,0,NA,NA,NA,NA,0,NA,NA,NA,NA,0,NA,NA,NA,NA,0,NA,NA,NA,NA,0,NA,NA,NA,NA,0,NA,NA,NA,NA,0,NA,NA,NA,NA,0,NA,NA,NA,NA,0,NA,NA,NA,NA,0,NA,NA,NA,NA
Pondicherry,17.10',Vaccine - Typhoid,4. Stock Distributed,0,NA,NA,NA,NA,0,NA,NA,NA,NA,0,NA,NA,NA,NA,0,NA,NA,NA,NA,0,NA,NA,NA,NA,0,NA,NA,NA,NA,0,NA,NA,NA,NA,0,NA,NA,NA,NA,0,NA,NA,NA,NA,0,NA,NA,NA,NA,0,NA,NA,NA,NA,0,NA,NA,NA,NA,0,NA,NA,NA,NA
Pondicherry,17.10',Vaccine - Typhoid,5. Total Stock,0,NA,NA,NA,NA,0,NA,NA,NA,NA,0,NA,NA,NA,NA,0,NA,NA,NA,NA,0,NA,NA,NA,NA,0,NA,NA,NA,NA,0,NA,NA,NA,NA,0,NA,NA,NA,NA,0,NA,NA,NA,NA,0,NA,NA,NA,NA,0,NA,NA,NA,NA,0,NA,NA,NA,NA,0,NA,NA,NA,NA
Pondicherry,'17.11',Vaccine - Vitamin K,1. Balance From Previous Month,0,NA,NA,NA,NA,0,NA,NA,NA,NA,0,NA,NA,NA,NA,0,NA,NA,NA,NA,0,NA,NA,NA,NA,0,NA,NA,NA,NA,0,NA,NA,NA,NA,0,NA,NA,NA,NA,0,NA,NA,NA,NA,0,NA,NA,NA,NA,0,NA,NA,NA,NA,0,NA,NA,NA,NA,0,NA,NA,NA,NA
Pondicherry,17.11',Vaccine - Vitamin K,2. Stocks Received,0,NA,NA,NA,NA,0,NA,NA,NA,NA,0,NA,NA,NA,NA,0,NA,NA,NA,NA,0,NA,NA,NA,NA,0,NA,NA,NA,NA,0,NA,NA,NA,NA,0,NA,NA,NA,NA,0,NA,NA,NA,NA,0,NA,NA,NA,NA,0,NA,NA,NA,NA,0,NA,NA,NA,NA,0,NA,NA,NA,NA
Pondicherry,17.11',Vaccine - Vitamin K,3. Unusable Stock,0,NA,NA,NA,NA,0,NA,NA,NA,NA,0,NA,NA,NA,NA,0,NA,NA,NA,NA,0,NA,NA,NA,NA,0,NA,NA,NA,NA,0,NA,NA,NA,NA,0,NA,NA,NA,NA,0,NA,NA,NA,NA,0,NA,NA,NA,NA,0,NA,NA,NA,NA,0,NA,NA,NA,NA,0,NA,NA,NA,NA
Pondicherry,17.11',Vaccine - Vitamin K,4. Stock Distributed,0,NA,NA,NA,NA,0,NA,NA,NA,NA,0,NA,NA,NA,NA,0,NA,NA,NA,NA,0,NA,NA,NA,NA,0,NA,NA,NA,NA,0,NA,NA,NA,NA,0,NA,NA,NA,NA,0,NA,NA,NA,NA,0,NA,NA,NA,NA,0,NA,NA,NA,NA,0,NA,NA,NA,NA,0,NA,NA,NA,NA
Pondicherry,17.11',Vaccine - Vitamin K,5. Total Stock,0,NA,NA,NA,NA,0,NA,NA,NA,NA,0,NA,NA,NA,NA,0,NA,NA,NA,NA,0,NA,NA,NA,NA,0,NA,NA,NA,NA,0,NA,NA,NA,NA,0,NA,NA,NA,NA,0,NA,NA,NA,NA,0,NA,NA,NA,NA,0,NA,NA,NA,NA,0,NA,NA,NA,NA,0,NA,NA,NA,NA
Pondicherry,'17.12',Rotavirus,1. Balance From Previous Month,0,NA,NA,NA,NA,0,NA,NA,NA,NA,0,NA,NA,NA,NA,9100,NA,NA,NA,NA,3870,NA,NA,NA,NA,9678,NA,NA,NA,NA,9606,NA,NA,NA,NA,8388,NA,NA,NA,NA,4630,NA,NA,NA,NA,700,NA,NA,NA,NA,9052,NA,NA,NA,NA,4940,NA,NA,NA,NA,59964,NA,NA,NA,NA
Pondicherry,17.12',Rotavirus,2. Stocks Received,0,NA,NA,NA,NA,0,NA,NA,NA,NA,0,NA,NA,NA,NA,0,NA,NA,NA,NA,9000,NA,NA,NA,NA,0,NA,NA,NA,NA,0,NA,NA,NA,NA,0,NA,NA,NA,NA,0,NA,NA,NA,NA,13000,NA,NA,NA,NA,0,NA,NA,NA,NA,10000,NA,NA,NA,NA,32000,NA,NA,NA,NA
Pondicherry,17.12',Rotavirus,3. Unusable Stock,0,NA,NA,NA,NA,0,NA,NA,NA,NA,0,NA,NA,NA,NA,0,NA,NA,NA,NA,0,NA,NA,NA,NA,0,NA,NA,NA,NA,0,NA,NA,NA,NA,0,NA,NA,NA,NA,0,NA,NA,NA,NA,0,NA,NA,NA,NA,0,NA,NA,NA,NA,0,NA,NA,NA,NA,0,NA,NA,NA,NA
Pondicherry,17.12',Rotavirus,4. Stock Distributed,0,NA,NA,NA,NA,0,NA,NA,NA,NA,0,NA,NA,NA,NA,5178,NA,NA,NA,NA,3192,NA,NA,NA,NA,72,NA,NA,NA,NA,1218,NA,NA,NA,NA,3758,NA,NA,NA,NA,3930,NA,NA,NA,NA,4648,NA,NA,NA,NA,4112,NA,NA,NA,NA,2760,NA,NA,NA,NA,28868,NA,NA,NA,NA
Pondicherry,17.12',Rotavirus,5. Total Stock,0,NA,NA,NA,NA,0,NA,NA,NA,NA,0,NA,NA,NA,NA,3922,NA,NA,NA,NA,9678,NA,NA,NA,NA,9606,NA,NA,NA,NA,8388,NA,NA,NA,NA,4630,NA,NA,NA,NA,700,NA,NA,NA,NA,9052,NA,NA,NA,NA,4940,NA,NA,NA,NA,12180,NA,NA,NA,NA,63096,NA,NA,NA,NA
Pondicherry,'17.13',Inactivated Polio Vaccine,1. Balance From Previous Month,7800,NA,NA,NA,NA,4825,NA,NA,NA,NA,6425,NA,NA,NA,NA,24350,NA,NA,NA,NA,20700,NA,NA,NA,NA,18450,NA,NA,NA,NA,14775,NA,NA,NA,NA,7340,NA,NA,NA,NA,7875,NA,NA,NA,NA,5325,NA,NA,NA,NA,3875,NA,NA,NA,NA,525,NA,NA,NA,NA,122265,NA,NA,NA,NA
Pondicherry,17.13',Inactivated Polio Vaccine,2. Stocks Received,0,NA,NA,NA,NA,4000,NA,NA,NA,NA,20000,NA,NA,NA,NA,0,NA,NA,NA,NA,0,NA,NA,NA,NA,0,NA,NA,NA,NA,0,NA,NA,NA,NA,0,NA,NA,NA,NA,0,NA,NA,NA,NA,2500,NA,NA,NA,NA,0,NA,NA,NA,NA,10000,NA,NA,NA,NA,36500,NA,NA,NA,NA
Pondicherry,17.13',Inactivated Polio Vaccine,3. Unusable Stock,0,NA,NA,NA,NA,0,NA,NA,NA,NA,0,NA,NA,NA,NA,0,NA,NA,NA,NA,0,NA,NA,NA,NA,0,NA,NA,NA,NA,0,NA,NA,NA,NA,0,NA,NA,NA,NA,0,NA,NA,NA,NA,0,NA,NA,NA,NA,0,NA,NA,NA,NA,0,NA,NA,NA,NA,0,NA,NA,NA,NA
Pondicherry,17.13',Inactivated Polio Vaccine,4. Stock Distributed,3000,NA,NA,NA,NA,2400,NA,NA,NA,NA,2075,NA,NA,NA,NA,3700,NA,NA,NA,NA,2250,NA,NA,NA,NA,3675,NA,NA,NA,NA,2725,NA,NA,NA,NA,4175,NA,NA,NA,NA,2550,NA,NA,NA,NA,3950,NA,NA,NA,NA,3350,NA,NA,NA,NA,2075,NA,NA,NA,NA,35925,NA,NA,NA,NA
Pondicherry,17.13',Inactivated Polio Vaccine,5. Total Stock,4800,NA,NA,NA,NA,6425,NA,NA,NA,NA,24350,NA,NA,NA,NA,20650,NA,NA,NA,NA,18450,NA,NA,NA,NA,14775,NA,NA,NA,NA,12050,NA,NA,NA,NA,3165,NA,NA,NA,NA,5325,NA,NA,NA,NA,3875,NA,NA,NA,NA,525,NA,NA,NA,NA,8450,NA,NA,NA,NA,122840,NA,NA,NA,NA
Pondicherry,'17.14',Measles Rubella (MR),1. Balance From Previous Month,8480,NA,NA,NA,NA,4290,NA,NA,NA,NA,6500,NA,NA,NA,NA,13430,NA,NA,NA,NA,8550,NA,NA,NA,NA,12380,NA,NA,NA,NA,9380,NA,NA,NA,NA,5600,NA,NA,NA,NA,6650,NA,NA,NA,NA,4150,NA,NA,NA,NA,12650,NA,NA,NA,NA,8670,NA,NA,NA,NA,100730,NA,NA,NA,NA
Pondicherry,17.14',Measles Rubella (MR),2. Stocks Received,0,NA,NA,NA,NA,6000,NA,NA,NA,NA,10000,NA,NA,NA,NA,0,NA,NA,NA,NA,6000,NA,NA,NA,NA,0,NA,NA,NA,NA,0,NA,NA,NA,NA,5000,NA,NA,NA,NA,0,NA,NA,NA,NA,12000,NA,NA,NA,NA,0,NA,NA,NA,NA,6000,NA,NA,NA,NA,45000,NA,NA,NA,NA
Pondicherry,17.14',Measles Rubella (MR),3. Unusable Stock,0,NA,NA,NA,NA,0,NA,NA,NA,NA,0,NA,NA,NA,NA,0,NA,NA,NA,NA,0,NA,NA,NA,NA,0,NA,NA,NA,NA,0,NA,NA,NA,NA,0,NA,NA,NA,NA,0,NA,NA,NA,NA,0,NA,NA,NA,NA,0,NA,NA,NA,NA,0,NA,NA,NA,NA,0,NA,NA,NA,NA
Pondicherry,17.14',Measles Rubella (MR),4. Stock Distributed,4200,NA,NA,NA,NA,3790,NA,NA,NA,NA,3070,NA,NA,NA,NA,4880,NA,NA,NA,NA,2170,NA,NA,NA,NA,3000,NA,NA,NA,NA,3780,NA,NA,NA,NA,3950,NA,NA,NA,NA,2500,NA,NA,NA,NA,3500,NA,NA,NA,NA,3980,NA,NA,NA,NA,3070,NA,NA,NA,NA,41890,NA,NA,NA,NA
Pondicherry,17.14',Measles Rubella (MR),5. Total Stock,4280,NA,NA,NA,NA,6500,NA,NA,NA,NA,13430,NA,NA,NA,NA,8550,NA,NA,NA,NA,12380,NA,NA,NA,NA,9380,NA,NA,NA,NA,5600,NA,NA,NA,NA,6650,NA,NA,NA,NA,4150,NA,NA,NA,NA,12650,NA,NA,NA,NA,8670,NA,NA,NA,NA,11600,NA,NA,NA,NA,103840,NA,NA,NA,NA
Pondicherry,'18.1',IUD 380 A,1. Balance From Previous Month,NA,NA,NA,NA,NA,NA,NA,NA,NA,NA,NA,NA,NA,NA,NA,NA,NA,NA,NA,NA,NA,NA,NA,NA,NA,NA,NA,NA,NA,NA,NA,NA,NA,NA,NA,NA,NA,NA,NA,NA,NA,NA,NA,NA,NA,NA,NA,NA,NA,NA,NA,NA,NA,NA,NA,NA,NA,NA,NA,NA,NA,NA,NA,NA,NA
Pondicherry,18.1',IUD 380 A,2. Stocks Received,NA,NA,NA,NA,NA,NA,NA,NA,NA,NA,NA,NA,NA,NA,NA,NA,NA,NA,NA,NA,NA,NA,NA,NA,NA,NA,NA,NA,NA,NA,NA,NA,NA,NA,NA,NA,NA,NA,NA,NA,NA,NA,NA,NA,NA,NA,NA,NA,NA,NA,NA,NA,NA,NA,NA,NA,NA,NA,NA,NA,NA,NA,NA,NA,NA
Pondicherry,18.1',IUD 380 A,3. Unusable Stock,NA,NA,NA,NA,NA,NA,NA,NA,NA,NA,NA,NA,NA,NA,NA,NA,NA,NA,NA,NA,NA,NA,NA,NA,NA,NA,NA,NA,NA,NA,NA,NA,NA,NA,NA,NA,NA,NA,NA,NA,NA,NA,NA,NA,NA,NA,NA,NA,NA,NA,NA,NA,NA,NA,NA,NA,NA,NA,NA,NA,NA,NA,NA,NA,NA
Pondicherry,18.1',IUD 380 A,4. Stock Distributed,NA,NA,NA,NA,NA,NA,NA,NA,NA,NA,NA,NA,NA,NA,NA,NA,NA,NA,NA,NA,NA,NA,NA,NA,NA,NA,NA,NA,NA,NA,NA,NA,NA,NA,NA,NA,NA,NA,NA,NA,NA,NA,NA,NA,NA,NA,NA,NA,NA,NA,NA,NA,NA,NA,NA,NA,NA,NA,NA,NA,NA,NA,NA,NA,NA
Pondicherry,18.1',IUD 380 A,5. Total Stock,0,NA,NA,NA,NA,0,NA,NA,NA,NA,0,NA,NA,NA,NA,0,NA,NA,NA,NA,0,NA,NA,NA,NA,0,NA,NA,NA,NA,0,NA,NA,NA,NA,0,NA,NA,NA,NA,0,NA,NA,NA,NA,0,NA,NA,NA,NA,0,NA,NA,NA,NA,0,NA,NA,NA,NA,0,NA,NA,NA,NA
Pondicherry,'18.2',IUD 375 A,1. Balance From Previous Month,NA,NA,NA,NA,NA,NA,NA,NA,NA,NA,NA,NA,NA,NA,NA,NA,NA,NA,NA,NA,NA,NA,NA,NA,NA,NA,NA,NA,NA,NA,NA,NA,NA,NA,NA,NA,NA,NA,NA,NA,NA,NA,NA,NA,NA,NA,NA,NA,NA,NA,NA,NA,NA,NA,NA,NA,NA,NA,NA,NA,NA,NA,NA,NA,NA
Pondicherry,18.2',IUD 375 A,2. Stocks Received,NA,NA,NA,NA,NA,NA,NA,NA,NA,NA,NA,NA,NA,NA,NA,NA,NA,NA,NA,NA,NA,NA,NA,NA,NA,NA,NA,NA,NA,NA,NA,NA,NA,NA,NA,NA,NA,NA,NA,NA,NA,NA,NA,NA,NA,NA,NA,NA,NA,NA,NA,NA,NA,NA,NA,NA,NA,NA,NA,NA,NA,NA,NA,NA,NA
Pondicherry,18.2',IUD 375 A,3. Unusable Stock,NA,NA,NA,NA,NA,NA,NA,NA,NA,NA,NA,NA,NA,NA,NA,NA,NA,NA,NA,NA,NA,NA,NA,NA,NA,NA,NA,NA,NA,NA,NA,NA,NA,NA,NA,NA,NA,NA,NA,NA,NA,NA,NA,NA,NA,NA,NA,NA,NA,NA,NA,NA,NA,NA,NA,NA,NA,NA,NA,NA,NA,NA,NA,NA,NA
Pondicherry,18.2',IUD 375 A,4. Stock Distributed,NA,NA,NA,NA,NA,NA,NA,NA,NA,NA,NA,NA,NA,NA,NA,NA,NA,NA,NA,NA,NA,NA,NA,NA,NA,NA,NA,NA,NA,NA,NA,NA,NA,NA,NA,NA,NA,NA,NA,NA,NA,NA,NA,NA,NA,NA,NA,NA,NA,NA,NA,NA,NA,NA,NA,NA,NA,NA,NA,NA,NA,NA,NA,NA,NA
Pondicherry,18.2',IUD 375 A,5. Total Stock,0,NA,NA,NA,NA,0,NA,NA,NA,NA,0,NA,NA,NA,NA,0,NA,NA,NA,NA,0,NA,NA,NA,NA,0,NA,NA,NA,NA,0,NA,NA,NA,NA,0,NA,NA,NA,NA,0,NA,NA,NA,NA,0,NA,NA,NA,NA,0,NA,NA,NA,NA,0,NA,NA,NA,NA,0,NA,NA,NA,NA
Pondicherry,'18.3',Condoms,1. Balance From Previous Month,NA,NA,NA,NA,NA,NA,NA,NA,NA,NA,NA,NA,NA,NA,NA,NA,NA,NA,NA,NA,NA,NA,NA,NA,NA,NA,NA,NA,NA,NA,NA,NA,NA,NA,NA,NA,NA,NA,NA,NA,NA,NA,NA,NA,NA,NA,NA,NA,NA,NA,NA,NA,NA,NA,NA,NA,NA,NA,NA,NA,NA,NA,NA,NA,NA
Pondicherry,18.3',Condoms,2. Stocks Received,NA,NA,NA,NA,NA,NA,NA,NA,NA,NA,NA,NA,NA,NA,NA,NA,NA,NA,NA,NA,NA,NA,NA,NA,NA,NA,NA,NA,NA,NA,NA,NA,NA,NA,NA,NA,NA,NA,NA,NA,NA,NA,NA,NA,NA,NA,NA,NA,NA,NA,NA,NA,NA,NA,NA,NA,NA,NA,NA,NA,NA,NA,NA,NA,NA
Pondicherry,18.3',Condoms,3. Unusable Stock,NA,NA,NA,NA,NA,NA,NA,NA,NA,NA,NA,NA,NA,NA,NA,NA,NA,NA,NA,NA,NA,NA,NA,NA,NA,NA,NA,NA,NA,NA,NA,NA,NA,NA,NA,NA,NA,NA,NA,NA,NA,NA,NA,NA,NA,NA,NA,NA,NA,NA,NA,NA,NA,NA,NA,NA,NA,NA,NA,NA,NA,NA,NA,NA,NA
Pondicherry,18.3',Condoms,4. Stock Distributed,NA,NA,NA,NA,NA,NA,NA,NA,NA,NA,NA,NA,NA,NA,NA,NA,NA,NA,NA,NA,NA,NA,NA,NA,NA,NA,NA,NA,NA,NA,NA,NA,NA,NA,NA,NA,NA,NA,NA,NA,NA,NA,NA,NA,NA,NA,NA,NA,NA,NA,NA,NA,NA,NA,NA,NA,NA,NA,NA,NA,NA,NA,NA,NA,NA
Pondicherry,18.3',Condoms,5. Total Stock,0,NA,NA,NA,NA,0,NA,NA,NA,NA,0,NA,NA,NA,NA,0,NA,NA,NA,NA,0,NA,NA,NA,NA,0,NA,NA,NA,NA,0,NA,NA,NA,NA,0,NA,NA,NA,NA,0,NA,NA,NA,NA,0,NA,NA,NA,NA,0,NA,NA,NA,NA,0,NA,NA,NA,NA,0,NA,NA,NA,NA
Pondicherry,'18.4',Oral Contraceptive,1. Balance From Previous Month,NA,NA,NA,NA,NA,NA,NA,NA,NA,NA,NA,NA,NA,NA,NA,NA,NA,NA,NA,NA,NA,NA,NA,NA,NA,NA,NA,NA,NA,NA,NA,NA,NA,NA,NA,NA,NA,NA,NA,NA,NA,NA,NA,NA,NA,NA,NA,NA,NA,NA,NA,NA,NA,NA,NA,NA,NA,NA,NA,NA,NA,NA,NA,NA,NA
Pondicherry,18.4',Oral Contraceptive,2. Stocks Received,NA,NA,NA,NA,NA,NA,NA,NA,NA,NA,NA,NA,NA,NA,NA,NA,NA,NA,NA,NA,NA,NA,NA,NA,NA,NA,NA,NA,NA,NA,NA,NA,NA,NA,NA,NA,NA,NA,NA,NA,NA,NA,NA,NA,NA,NA,NA,NA,NA,NA,NA,NA,NA,NA,NA,NA,NA,NA,NA,NA,NA,NA,NA,NA,NA
Pondicherry,18.4',Oral Contraceptive,3. Unusable Stock,NA,NA,NA,NA,NA,NA,NA,NA,NA,NA,NA,NA,NA,NA,NA,NA,NA,NA,NA,NA,NA,NA,NA,NA,NA,NA,NA,NA,NA,NA,NA,NA,NA,NA,NA,NA,NA,NA,NA,NA,NA,NA,NA,NA,NA,NA,NA,NA,NA,NA,NA,NA,NA,NA,NA,NA,NA,NA,NA,NA,NA,NA,NA,NA,NA
Pondicherry,18.4',Oral Contraceptive,4. Stock Distributed,NA,NA,NA,NA,NA,NA,NA,NA,NA,NA,NA,NA,NA,NA,NA,NA,NA,NA,NA,NA,NA,NA,NA,NA,NA,NA,NA,NA,NA,NA,NA,NA,NA,NA,NA,NA,NA,NA,NA,NA,NA,NA,NA,NA,NA,NA,NA,NA,NA,NA,NA,NA,NA,NA,NA,NA,NA,NA,NA,NA,NA,NA,NA,NA,NA
Pondicherry,18.4',Oral Contraceptive,5. Total Stock,0,NA,NA,NA,NA,0,NA,NA,NA,NA,0,NA,NA,NA,NA,0,NA,NA,NA,NA,0,NA,NA,NA,NA,0,NA,NA,NA,NA,0,NA,NA,NA,NA,0,NA,NA,NA,NA,0,NA,NA,NA,NA,0,NA,NA,NA,NA,0,NA,NA,NA,NA,0,NA,NA,NA,NA,0,NA,NA,NA,NA
Pondicherry,'18.5',Emergency Contraceptive Pills,1. Balance From Previous Month,NA,NA,NA,NA,NA,NA,NA,NA,NA,NA,NA,NA,NA,NA,NA,NA,NA,NA,NA,NA,NA,NA,NA,NA,NA,NA,NA,NA,NA,NA,NA,NA,NA,NA,NA,NA,NA,NA,NA,NA,NA,NA,NA,NA,NA,NA,NA,NA,NA,NA,NA,NA,NA,NA,NA,NA,NA,NA,NA,NA,NA,NA,NA,NA,NA
Pondicherry,18.5',Emergency Contraceptive Pills,2. Stocks Received,NA,NA,NA,NA,NA,NA,NA,NA,NA,NA,NA,NA,NA,NA,NA,NA,NA,NA,NA,NA,NA,NA,NA,NA,NA,NA,NA,NA,NA,NA,NA,NA,NA,NA,NA,NA,NA,NA,NA,NA,NA,NA,NA,NA,NA,NA,NA,NA,NA,NA,NA,NA,NA,NA,NA,NA,NA,NA,NA,NA,NA,NA,NA,NA,NA
Pondicherry,18.5',Emergency Contraceptive Pills,3. Unusable Stock,NA,NA,NA,NA,NA,NA,NA,NA,NA,NA,NA,NA,NA,NA,NA,NA,NA,NA,NA,NA,NA,NA,NA,NA,NA,NA,NA,NA,NA,NA,NA,NA,NA,NA,NA,NA,NA,NA,NA,NA,NA,NA,NA,NA,NA,NA,NA,NA,NA,NA,NA,NA,NA,NA,NA,NA,NA,NA,NA,NA,NA,NA,NA,NA,NA
Pondicherry,18.5',Emergency Contraceptive Pills,4. Stock Distributed,NA,NA,NA,NA,NA,NA,NA,NA,NA,NA,NA,NA,NA,NA,NA,NA,NA,NA,NA,NA,NA,NA,NA,NA,NA,NA,NA,NA,NA,NA,NA,NA,NA,NA,NA,NA,NA,NA,NA,NA,NA,NA,NA,NA,NA,NA,NA,NA,NA,NA,NA,NA,NA,NA,NA,NA,NA,NA,NA,NA,NA,NA,NA,NA,NA
Pondicherry,18.5',Emergency Contraceptive Pills,5. Total Stock,0,NA,NA,NA,NA,0,NA,NA,NA,NA,0,NA,NA,NA,NA,0,NA,NA,NA,NA,0,NA,NA,NA,NA,0,NA,NA,NA,NA,0,NA,NA,NA,NA,0,NA,NA,NA,NA,0,NA,NA,NA,NA,0,NA,NA,NA,NA,0,NA,NA,NA,NA,0,NA,NA,NA,NA,0,NA,NA,NA,NA
Pondicherry,'18.6',Centchroman weekly pills,1. Balance From Previous Month,NA,NA,NA,NA,NA,NA,NA,NA,NA,NA,NA,NA,NA,NA,NA,NA,NA,NA,NA,NA,NA,NA,NA,NA,NA,NA,NA,NA,NA,NA,NA,NA,NA,NA,NA,NA,NA,NA,NA,NA,NA,NA,NA,NA,NA,NA,NA,NA,NA,NA,NA,NA,NA,NA,NA,NA,NA,NA,NA,NA,NA,NA,NA,NA,NA
Pondicherry,18.6',Centchroman weekly pills,2. Stocks Received,NA,NA,NA,NA,NA,NA,NA,NA,NA,NA,NA,NA,NA,NA,NA,NA,NA,NA,NA,NA,NA,NA,NA,NA,NA,NA,NA,NA,NA,NA,NA,NA,NA,NA,NA,NA,NA,NA,NA,NA,NA,NA,NA,NA,NA,NA,NA,NA,NA,NA,NA,NA,NA,NA,NA,NA,NA,NA,NA,NA,NA,NA,NA,NA,NA
Pondicherry,18.6',Centchroman weekly pills,3. Unusable Stock,NA,NA,NA,NA,NA,NA,NA,NA,NA,NA,NA,NA,NA,NA,NA,NA,NA,NA,NA,NA,NA,NA,NA,NA,NA,NA,NA,NA,NA,NA,NA,NA,NA,NA,NA,NA,NA,NA,NA,NA,NA,NA,NA,NA,NA,NA,NA,NA,NA,NA,NA,NA,NA,NA,NA,NA,NA,NA,NA,NA,NA,NA,NA,NA,NA
Pondicherry,18.6',Centchroman weekly pills,4. Stock Distributed,NA,NA,NA,NA,NA,NA,NA,NA,NA,NA,NA,NA,NA,NA,NA,NA,NA,NA,NA,NA,NA,NA,NA,NA,NA,NA,NA,NA,NA,NA,NA,NA,NA,NA,NA,NA,NA,NA,NA,NA,NA,NA,NA,NA,NA,NA,NA,NA,NA,NA,NA,NA,NA,NA,NA,NA,NA,NA,NA,NA,NA,NA,NA,NA,NA
Pondicherry,18.6',Centchroman weekly pills,5. Total Stock,NA,NA,NA,NA,NA,NA,NA,NA,NA,NA,NA,NA,NA,NA,NA,NA,NA,NA,NA,NA,NA,NA,NA,NA,NA,NA,NA,NA,NA,NA,NA,NA,NA,NA,NA,NA,NA,NA,NA,NA,NA,NA,NA,NA,NA,NA,NA,NA,NA,NA,NA,NA,NA,NA,NA,NA,NA,NA,NA,NA,NA,NA,NA,NA,NA
Pondicherry,'18.7',Injectable Contraceptive MPA (Vials),1. Balance From Previous Month,NA,NA,NA,NA,NA,NA,NA,NA,NA,NA,NA,NA,NA,NA,NA,NA,NA,NA,NA,NA,NA,NA,NA,NA,NA,NA,NA,NA,NA,NA,NA,NA,NA,NA,NA,NA,NA,NA,NA,NA,NA,NA,NA,NA,NA,NA,NA,NA,NA,NA,NA,NA,NA,NA,NA,NA,NA,NA,NA,NA,NA,NA,NA,NA,NA
Pondicherry,18.7',Injectable Contraceptive MPA (Vials),2. Stocks Received,NA,NA,NA,NA,NA,NA,NA,NA,NA,NA,NA,NA,NA,NA,NA,NA,NA,NA,NA,NA,NA,NA,NA,NA,NA,NA,NA,NA,NA,NA,NA,NA,NA,NA,NA,NA,NA,NA,NA,NA,NA,NA,NA,NA,NA,NA,NA,NA,NA,NA,NA,NA,NA,NA,NA,NA,NA,NA,NA,NA,NA,NA,NA,NA,NA
Pondicherry,18.7',Injectable Contraceptive MPA (Vials),3. Unusable Stock,NA,NA,NA,NA,NA,NA,NA,NA,NA,NA,NA,NA,NA,NA,NA,NA,NA,NA,NA,NA,NA,NA,NA,NA,NA,NA,NA,NA,NA,NA,NA,NA,NA,NA,NA,NA,NA,NA,NA,NA,NA,NA,NA,NA,NA,NA,NA,NA,NA,NA,NA,NA,NA,NA,NA,NA,NA,NA,NA,NA,NA,NA,NA,NA,NA
Pondicherry,18.7',Injectable Contraceptive MPA (Vials),4. Stock Distributed,NA,NA,NA,NA,NA,NA,NA,NA,NA,NA,NA,NA,NA,NA,NA,NA,NA,NA,NA,NA,NA,NA,NA,NA,NA,NA,NA,NA,NA,NA,NA,NA,NA,NA,NA,NA,NA,NA,NA,NA,NA,NA,NA,NA,NA,NA,NA,NA,NA,NA,NA,NA,NA,NA,NA,NA,NA,NA,NA,NA,NA,NA,NA,NA,NA
Pondicherry,18.7',Injectable Contraceptive MPA (Vials),5. Total Stock,NA,NA,NA,NA,NA,NA,NA,NA,NA,NA,NA,NA,NA,NA,NA,NA,NA,NA,NA,NA,NA,NA,NA,NA,NA,NA,NA,NA,NA,NA,NA,NA,NA,NA,NA,NA,NA,NA,NA,NA,NA,NA,NA,NA,NA,NA,NA,NA,NA,NA,NA,NA,NA,NA,NA,NA,NA,NA,NA,NA,NA,NA,NA,NA,NA
Pondicherry,'18.8',Tubal rings,1. Balance From Previous Month,NA,NA,NA,NA,NA,NA,NA,NA,NA,NA,NA,NA,NA,NA,NA,NA,NA,NA,NA,NA,NA,NA,NA,NA,NA,NA,NA,NA,NA,NA,NA,NA,NA,NA,NA,NA,NA,NA,NA,NA,NA,NA,NA,NA,NA,NA,NA,NA,NA,NA,NA,NA,NA,NA,NA,NA,NA,NA,NA,NA,NA,NA,NA,NA,NA
Pondicherry,18.8',Tubal rings,2. Stocks Received,NA,NA,NA,NA,NA,NA,NA,NA,NA,NA,NA,NA,NA,NA,NA,NA,NA,NA,NA,NA,NA,NA,NA,NA,NA,NA,NA,NA,NA,NA,NA,NA,NA,NA,NA,NA,NA,NA,NA,NA,NA,NA,NA,NA,NA,NA,NA,NA,NA,NA,NA,NA,NA,NA,NA,NA,NA,NA,NA,NA,NA,NA,NA,NA,NA
Pondicherry,18.8',Tubal rings,3. Unusable Stock,NA,NA,NA,NA,NA,NA,NA,NA,NA,NA,NA,NA,NA,NA,NA,NA,NA,NA,NA,NA,NA,NA,NA,NA,NA,NA,NA,NA,NA,NA,NA,NA,NA,NA,NA,NA,NA,NA,NA,NA,NA,NA,NA,NA,NA,NA,NA,NA,NA,NA,NA,NA,NA,NA,NA,NA,NA,NA,NA,NA,NA,NA,NA,NA,NA
Pondicherry,18.8',Tubal rings,4. Stock Distributed,NA,NA,NA,NA,NA,NA,NA,NA,NA,NA,NA,NA,NA,NA,NA,NA,NA,NA,NA,NA,NA,NA,NA,NA,NA,NA,NA,NA,NA,NA,NA,NA,NA,NA,NA,NA,NA,NA,NA,NA,NA,NA,NA,NA,NA,NA,NA,NA,NA,NA,NA,NA,NA,NA,NA,NA,NA,NA,NA,NA,NA,NA,NA,NA,NA
Pondicherry,18.8',Tubal rings,5. Total Stock,NA,NA,NA,NA,NA,NA,NA,NA,NA,NA,NA,NA,NA,NA,NA,NA,NA,NA,NA,NA,NA,NA,NA,NA,NA,NA,NA,NA,NA,NA,NA,NA,NA,NA,NA,NA,NA,NA,NA,NA,NA,NA,NA,NA,NA,NA,NA,NA,NA,NA,NA,NA,NA,NA,NA,NA,NA,NA,NA,NA,NA,NA,NA,NA,NA
Pondicherry,'18.9',Pregnancy testing Kits (Nischay Kits),1. Balance From Previous Month,NA,NA,NA,NA,NA,NA,NA,NA,NA,NA,NA,NA,NA,NA,NA,NA,NA,NA,NA,NA,NA,NA,NA,NA,NA,NA,NA,NA,NA,NA,NA,NA,NA,NA,NA,NA,NA,NA,NA,NA,NA,NA,NA,NA,NA,NA,NA,NA,NA,NA,NA,NA,NA,NA,NA,NA,NA,NA,NA,NA,NA,NA,NA,NA,NA
Pondicherry,18.9',Pregnancy testing Kits (Nischay Kits),2. Stocks Received,NA,NA,NA,NA,NA,NA,NA,NA,NA,NA,NA,NA,NA,NA,NA,NA,NA,NA,NA,NA,NA,NA,NA,NA,NA,NA,NA,NA,NA,NA,NA,NA,NA,NA,NA,NA,NA,NA,NA,NA,NA,NA,NA,NA,NA,NA,NA,NA,NA,NA,NA,NA,NA,NA,NA,NA,NA,NA,NA,NA,NA,NA,NA,NA,NA
Pondicherry,18.9',Pregnancy testing Kits (Nischay Kits),3. Unusable Stock,NA,NA,NA,NA,NA,NA,NA,NA,NA,NA,NA,NA,NA,NA,NA,NA,NA,NA,NA,NA,NA,NA,NA,NA,NA,NA,NA,NA,NA,NA,NA,NA,NA,NA,NA,NA,NA,NA,NA,NA,NA,NA,NA,NA,NA,NA,NA,NA,NA,NA,NA,NA,NA,NA,NA,NA,NA,NA,NA,NA,NA,NA,NA,NA,NA
Pondicherry,18.9',Pregnancy testing Kits (Nischay Kits),4. Stock Distributed,NA,NA,NA,NA,NA,NA,NA,NA,NA,NA,NA,NA,NA,NA,NA,NA,NA,NA,NA,NA,NA,NA,NA,NA,NA,NA,NA,NA,NA,NA,NA,NA,NA,NA,NA,NA,NA,NA,NA,NA,NA,NA,NA,NA,NA,NA,NA,NA,NA,NA,NA,NA,NA,NA,NA,NA,NA,NA,NA,NA,NA,NA,NA,NA,NA
Pondicherry,18.9',Pregnancy testing Kits (Nischay Kits),5. Total Stock,NA,NA,NA,NA,NA,NA,NA,NA,NA,NA,NA,NA,NA,NA,NA,NA,NA,NA,NA,NA,NA,NA,NA,NA,NA,NA,NA,NA,NA,NA,NA,NA,NA,NA,NA,NA,NA,NA,NA,NA,NA,NA,NA,NA,NA,NA,NA,NA,NA,NA,NA,NA,NA,NA,NA,NA,NA,NA,NA,NA,NA,NA,NA,NA,NA
Pondicherry,'19.1',Gloves,1. Balance From Previous Month,NA,NA,NA,NA,NA,NA,NA,NA,NA,NA,NA,NA,NA,NA,NA,NA,NA,NA,NA,NA,NA,NA,NA,NA,NA,NA,NA,NA,NA,NA,NA,NA,NA,NA,NA,NA,NA,NA,NA,NA,NA,NA,NA,NA,NA,NA,NA,NA,NA,NA,NA,NA,NA,NA,NA,NA,NA,NA,NA,NA,NA,NA,NA,NA,NA
Pondicherry,19.1',Gloves,2. Stocks Received,NA,NA,NA,NA,NA,NA,NA,NA,NA,NA,NA,NA,NA,NA,NA,NA,NA,NA,NA,NA,NA,NA,NA,NA,NA,NA,NA,NA,NA,NA,NA,NA,NA,NA,NA,NA,NA,NA,NA,NA,NA,NA,NA,NA,NA,NA,NA,NA,NA,NA,NA,NA,NA,NA,NA,NA,NA,NA,NA,NA,NA,NA,NA,NA,NA
Pondicherry,19.1',Gloves,3. Unusable Stock,NA,NA,NA,NA,NA,NA,NA,NA,NA,NA,NA,NA,NA,NA,NA,NA,NA,NA,NA,NA,NA,NA,NA,NA,NA,NA,NA,NA,NA,NA,NA,NA,NA,NA,NA,NA,NA,NA,NA,NA,NA,NA,NA,NA,NA,NA,NA,NA,NA,NA,NA,NA,NA,NA,NA,NA,NA,NA,NA,NA,NA,NA,NA,NA,NA
Pondicherry,19.1',Gloves,4. Stock Distributed,NA,NA,NA,NA,NA,NA,NA,NA,NA,NA,NA,NA,NA,NA,NA,NA,NA,NA,NA,NA,NA,NA,NA,NA,NA,NA,NA,NA,NA,NA,NA,NA,NA,NA,NA,NA,NA,NA,NA,NA,NA,NA,NA,NA,NA,NA,NA,NA,NA,NA,NA,NA,NA,NA,NA,NA,NA,NA,NA,NA,NA,NA,NA,NA,NA
Pondicherry,19.1',Gloves,5. Total Stock,0,NA,NA,NA,NA,0,NA,NA,NA,NA,0,NA,NA,NA,NA,0,NA,NA,NA,NA,0,NA,NA,NA,NA,0,NA,NA,NA,NA,0,NA,NA,NA,NA,0,NA,NA,NA,NA,0,NA,NA,NA,NA,0,NA,NA,NA,NA,0,NA,NA,NA,NA,0,NA,NA,NA,NA,0,NA,NA,NA,NA
Pondicherry,'19.2',MVA Syringes,1. Balance From Previous Month,NA,NA,NA,NA,NA,NA,NA,NA,NA,NA,NA,NA,NA,NA,NA,NA,NA,NA,NA,NA,NA,NA,NA,NA,NA,NA,NA,NA,NA,NA,NA,NA,NA,NA,NA,NA,NA,NA,NA,NA,NA,NA,NA,NA,NA,NA,NA,NA,NA,NA,NA,NA,NA,NA,NA,NA,NA,NA,NA,NA,NA,NA,NA,NA,NA
Pondicherry,19.2',MVA Syringes,2. Stocks Received,NA,NA,NA,NA,NA,NA,NA,NA,NA,NA,NA,NA,NA,NA,NA,NA,NA,NA,NA,NA,NA,NA,NA,NA,NA,NA,NA,NA,NA,NA,NA,NA,NA,NA,NA,NA,NA,NA,NA,NA,NA,NA,NA,NA,NA,NA,NA,NA,NA,NA,NA,NA,NA,NA,NA,NA,NA,NA,NA,NA,NA,NA,NA,NA,NA
Pondicherry,19.2',MVA Syringes,3. Unusable Stock,NA,NA,NA,NA,NA,NA,NA,NA,NA,NA,NA,NA,NA,NA,NA,NA,NA,NA,NA,NA,NA,NA,NA,NA,NA,NA,NA,NA,NA,NA,NA,NA,NA,NA,NA,NA,NA,NA,NA,NA,NA,NA,NA,NA,NA,NA,NA,NA,NA,NA,NA,NA,NA,NA,NA,NA,NA,NA,NA,NA,NA,NA,NA,NA,NA
Pondicherry,19.2',MVA Syringes,4. Stock Distributed,NA,NA,NA,NA,NA,NA,NA,NA,NA,NA,NA,NA,NA,NA,NA,NA,NA,NA,NA,NA,NA,NA,NA,NA,NA,NA,NA,NA,NA,NA,NA,NA,NA,NA,NA,NA,NA,NA,NA,NA,NA,NA,NA,NA,NA,NA,NA,NA,NA,NA,NA,NA,NA,NA,NA,NA,NA,NA,NA,NA,NA,NA,NA,NA,NA
Pondicherry,19.2',MVA Syringes,5. Total Stock,0,NA,NA,NA,NA,0,NA,NA,NA,NA,0,NA,NA,NA,NA,0,NA,NA,NA,NA,0,NA,NA,NA,NA,0,NA,NA,NA,NA,0,NA,NA,NA,NA,0,NA,NA,NA,NA,0,NA,NA,NA,NA,0,NA,NA,NA,NA,0,NA,NA,NA,NA,0,NA,NA,NA,NA,0,NA,NA,NA,NA
Pondicherry,'19.3',Tab. Fluconazole,1. Balance From Previous Month,NA,NA,NA,NA,NA,NA,NA,NA,NA,NA,NA,NA,NA,NA,NA,NA,NA,NA,NA,NA,NA,NA,NA,NA,NA,NA,NA,NA,NA,NA,NA,NA,NA,NA,NA,NA,NA,NA,NA,NA,NA,NA,NA,NA,NA,NA,NA,NA,NA,NA,NA,NA,NA,NA,NA,NA,NA,NA,NA,NA,NA,NA,NA,NA,NA
Pondicherry,19.3',Tab. Fluconazole,2. Stocks Received,NA,NA,NA,NA,NA,NA,NA,NA,NA,NA,NA,NA,NA,NA,NA,NA,NA,NA,NA,NA,NA,NA,NA,NA,NA,NA,NA,NA,NA,NA,NA,NA,NA,NA,NA,NA,NA,NA,NA,NA,NA,NA,NA,NA,NA,NA,NA,NA,NA,NA,NA,NA,NA,NA,NA,NA,NA,NA,NA,NA,NA,NA,NA,NA,NA
Pondicherry,19.3',Tab. Fluconazole,3. Unusable Stock,NA,NA,NA,NA,NA,NA,NA,NA,NA,NA,NA,NA,NA,NA,NA,NA,NA,NA,NA,NA,NA,NA,NA,NA,NA,NA,NA,NA,NA,NA,NA,NA,NA,NA,NA,NA,NA,NA,NA,NA,NA,NA,NA,NA,NA,NA,NA,NA,NA,NA,NA,NA,NA,NA,NA,NA,NA,NA,NA,NA,NA,NA,NA,NA,NA
Pondicherry,19.3',Tab. Fluconazole,4. Stock Distributed,NA,NA,NA,NA,NA,NA,NA,NA,NA,NA,NA,NA,NA,NA,NA,NA,NA,NA,NA,NA,NA,NA,NA,NA,NA,NA,NA,NA,NA,NA,NA,NA,NA,NA,NA,NA,NA,NA,NA,NA,NA,NA,NA,NA,NA,NA,NA,NA,NA,NA,NA,NA,NA,NA,NA,NA,NA,NA,NA,NA,NA,NA,NA,NA,NA
Pondicherry,19.3',Tab. Fluconazole,5. Total Stock,0,NA,NA,NA,NA,0,NA,NA,NA,NA,0,NA,NA,NA,NA,0,NA,NA,NA,NA,0,NA,NA,NA,NA,0,NA,NA,NA,NA,0,NA,NA,NA,NA,0,NA,NA,NA,NA,0,NA,NA,NA,NA,0,NA,NA,NA,NA,0,NA,NA,NA,NA,0,NA,NA,NA,NA,0,NA,NA,NA,NA
Pondicherry,'19.4',Blood Transfusion sets,1. Balance From Previous Month,NA,NA,NA,NA,NA,NA,NA,NA,NA,NA,NA,NA,NA,NA,NA,NA,NA,NA,NA,NA,NA,NA,NA,NA,NA,NA,NA,NA,NA,NA,NA,NA,NA,NA,NA,NA,NA,NA,NA,NA,NA,NA,NA,NA,NA,NA,NA,NA,NA,NA,NA,NA,NA,NA,NA,NA,NA,NA,NA,NA,NA,NA,NA,NA,NA
Pondicherry,19.4',Blood Transfusion sets,2. Stocks Received,NA,NA,NA,NA,NA,NA,NA,NA,NA,NA,NA,NA,NA,NA,NA,NA,NA,NA,NA,NA,NA,NA,NA,NA,NA,NA,NA,NA,NA,NA,NA,NA,NA,NA,NA,NA,NA,NA,NA,NA,NA,NA,NA,NA,NA,NA,NA,NA,NA,NA,NA,NA,NA,NA,NA,NA,NA,NA,NA,NA,NA,NA,NA,NA,NA
Pondicherry,19.4',Blood Transfusion sets,3. Unusable Stock,NA,NA,NA,NA,NA,NA,NA,NA,NA,NA,NA,NA,NA,NA,NA,NA,NA,NA,NA,NA,NA,NA,NA,NA,NA,NA,NA,NA,NA,NA,NA,NA,NA,NA,NA,NA,NA,NA,NA,NA,NA,NA,NA,NA,NA,NA,NA,NA,NA,NA,NA,NA,NA,NA,NA,NA,NA,NA,NA,NA,NA,NA,NA,NA,NA
Pondicherry,19.4',Blood Transfusion sets,4. Stock Distributed,NA,NA,NA,NA,NA,NA,NA,NA,NA,NA,NA,NA,NA,NA,NA,NA,NA,NA,NA,NA,NA,NA,NA,NA,NA,NA,NA,NA,NA,NA,NA,NA,NA,NA,NA,NA,NA,NA,NA,NA,NA,NA,NA,NA,NA,NA,NA,NA,NA,NA,NA,NA,NA,NA,NA,NA,NA,NA,NA,NA,NA,NA,NA,NA,NA
Pondicherry,19.4',Blood Transfusion sets,5. Total Stock,0,NA,NA,NA,NA,0,NA,NA,NA,NA,0,NA,NA,NA,NA,0,NA,NA,NA,NA,0,NA,NA,NA,NA,0,NA,NA,NA,NA,0,NA,NA,NA,NA,0,NA,NA,NA,NA,0,NA,NA,NA,NA,0,NA,NA,NA,NA,0,NA,NA,NA,NA,0,NA,NA,NA,NA,0,NA,NA,NA,NA
Pondicherry,'19.5',Gluteraldehyde 2%,1. Balance From Previous Month,NA,NA,NA,NA,NA,NA,NA,NA,NA,NA,NA,NA,NA,NA,NA,NA,NA,NA,NA,NA,NA,NA,NA,NA,NA,NA,NA,NA,NA,NA,NA,NA,NA,NA,NA,NA,NA,NA,NA,NA,NA,NA,NA,NA,NA,NA,NA,NA,NA,NA,NA,NA,NA,NA,NA,NA,NA,NA,NA,NA,NA,NA,NA,NA,NA
Pondicherry,19.5',Gluteraldehyde 2%,2. Stocks Received,NA,NA,NA,NA,NA,NA,NA,NA,NA,NA,NA,NA,NA,NA,NA,NA,NA,NA,NA,NA,NA,NA,NA,NA,NA,NA,NA,NA,NA,NA,NA,NA,NA,NA,NA,NA,NA,NA,NA,NA,NA,NA,NA,NA,NA,NA,NA,NA,NA,NA,NA,NA,NA,NA,NA,NA,NA,NA,NA,NA,NA,NA,NA,NA,NA
Pondicherry,19.5',Gluteraldehyde 2%,3. Unusable Stock,NA,NA,NA,NA,NA,NA,NA,NA,NA,NA,NA,NA,NA,NA,NA,NA,NA,NA,NA,NA,NA,NA,NA,NA,NA,NA,NA,NA,NA,NA,NA,NA,NA,NA,NA,NA,NA,NA,NA,NA,NA,NA,NA,NA,NA,NA,NA,NA,NA,NA,NA,NA,NA,NA,NA,NA,NA,NA,NA,NA,NA,NA,NA,NA,NA
Pondicherry,19.5',Gluteraldehyde 2%,4. Stock Distributed,NA,NA,NA,NA,NA,NA,NA,NA,NA,NA,NA,NA,NA,NA,NA,NA,NA,NA,NA,NA,NA,NA,NA,NA,NA,NA,NA,NA,NA,NA,NA,NA,NA,NA,NA,NA,NA,NA,NA,NA,NA,NA,NA,NA,NA,NA,NA,NA,NA,NA,NA,NA,NA,NA,NA,NA,NA,NA,NA,NA,NA,NA,NA,NA,NA
Pondicherry,19.5',Gluteraldehyde 2%,5. Total Stock,0,NA,NA,NA,NA,0,NA,NA,NA,NA,0,NA,NA,NA,NA,0,NA,NA,NA,NA,0,NA,NA,NA,NA,0,NA,NA,NA,NA,0,NA,NA,NA,NA,0,NA,NA,NA,NA,0,NA,NA,NA,NA,0,NA,NA,NA,NA,0,NA,NA,NA,NA,0,NA,NA,NA,NA,0,NA,NA,NA,NA
Pondicherry,'19.6',IFA tablets ( Adult),1. Balance From Previous Month,NA,NA,NA,NA,NA,NA,NA,NA,NA,NA,NA,NA,NA,NA,NA,NA,NA,NA,NA,NA,NA,NA,NA,NA,NA,NA,NA,NA,NA,NA,NA,NA,NA,NA,NA,NA,NA,NA,NA,NA,NA,NA,NA,NA,NA,NA,NA,NA,NA,NA,NA,NA,NA,NA,NA,NA,NA,NA,NA,NA,NA,NA,NA,NA,NA
Pondicherry,19.6',IFA tablets ( Adult),2. Stocks Received,NA,NA,NA,NA,NA,NA,NA,NA,NA,NA,NA,NA,NA,NA,NA,NA,NA,NA,NA,NA,NA,NA,NA,NA,NA,NA,NA,NA,NA,NA,NA,NA,NA,NA,NA,NA,NA,NA,NA,NA,NA,NA,NA,NA,NA,NA,NA,NA,NA,NA,NA,NA,NA,NA,NA,NA,NA,NA,NA,NA,NA,NA,NA,NA,NA
Pondicherry,19.6',IFA tablets ( Adult),3. Unusable Stock,NA,NA,NA,NA,NA,NA,NA,NA,NA,NA,NA,NA,NA,NA,NA,NA,NA,NA,NA,NA,NA,NA,NA,NA,NA,NA,NA,NA,NA,NA,NA,NA,NA,NA,NA,NA,NA,NA,NA,NA,NA,NA,NA,NA,NA,NA,NA,NA,NA,NA,NA,NA,NA,NA,NA,NA,NA,NA,NA,NA,NA,NA,NA,NA,NA
Pondicherry,19.6',IFA tablets ( Adult),4. Stock Distributed,NA,NA,NA,NA,NA,NA,NA,NA,NA,NA,NA,NA,NA,NA,NA,NA,NA,NA,NA,NA,NA,NA,NA,NA,NA,NA,NA,NA,NA,NA,NA,NA,NA,NA,NA,NA,NA,NA,NA,NA,NA,NA,NA,NA,NA,NA,NA,NA,NA,NA,NA,NA,NA,NA,NA,NA,NA,NA,NA,NA,NA,NA,NA,NA,NA
Pondicherry,19.6',IFA tablets ( Adult),5. Total Stock,0,NA,NA,NA,NA,0,NA,NA,NA,NA,0,NA,NA,NA,NA,0,NA,NA,NA,NA,0,NA,NA,NA,NA,0,NA,NA,NA,NA,0,NA,NA,NA,NA,0,NA,NA,NA,NA,0,NA,NA,NA,NA,0,NA,NA,NA,NA,0,NA,NA,NA,NA,0,NA,NA,NA,NA,0,NA,NA,NA,NA
Pondicherry,'19.7',IFA - Blue ( Adolescent 10-19 yrs),1. Balance From Previous Month,NA,NA,NA,NA,NA,NA,NA,NA,NA,NA,NA,NA,NA,NA,NA,NA,NA,NA,NA,NA,NA,NA,NA,NA,NA,NA,NA,NA,NA,NA,NA,NA,NA,NA,NA,NA,NA,NA,NA,NA,NA,NA,NA,NA,NA,NA,NA,NA,NA,NA,NA,NA,NA,NA,NA,NA,NA,NA,NA,NA,NA,NA,NA,NA,NA
Pondicherry,19.7',IFA - Blue ( Adolescent 10-19 yrs),2. Stocks Received,NA,NA,NA,NA,NA,NA,NA,NA,NA,NA,NA,NA,NA,NA,NA,NA,NA,NA,NA,NA,NA,NA,NA,NA,NA,NA,NA,NA,NA,NA,NA,NA,NA,NA,NA,NA,NA,NA,NA,NA,NA,NA,NA,NA,NA,NA,NA,NA,NA,NA,NA,NA,NA,NA,NA,NA,NA,NA,NA,NA,NA,NA,NA,NA,NA
Pondicherry,19.7',IFA - Blue ( Adolescent 10-19 yrs),3. Unusable Stock,NA,NA,NA,NA,NA,NA,NA,NA,NA,NA,NA,NA,NA,NA,NA,NA,NA,NA,NA,NA,NA,NA,NA,NA,NA,NA,NA,NA,NA,NA,NA,NA,NA,NA,NA,NA,NA,NA,NA,NA,NA,NA,NA,NA,NA,NA,NA,NA,NA,NA,NA,NA,NA,NA,NA,NA,NA,NA,NA,NA,NA,NA,NA,NA,NA
Pondicherry,19.7',IFA - Blue ( Adolescent 10-19 yrs),4. Stock Distributed,NA,NA,NA,NA,NA,NA,NA,NA,NA,NA,NA,NA,NA,NA,NA,NA,NA,NA,NA,NA,NA,NA,NA,NA,NA,NA,NA,NA,NA,NA,NA,NA,NA,NA,NA,NA,NA,NA,NA,NA,NA,NA,NA,NA,NA,NA,NA,NA,NA,NA,NA,NA,NA,NA,NA,NA,NA,NA,NA,NA,NA,NA,NA,NA,NA
Pondicherry,19.7',IFA - Blue ( Adolescent 10-19 yrs),5. Total Stock,0,NA,NA,NA,NA,0,NA,NA,NA,NA,0,NA,NA,NA,NA,0,NA,NA,NA,NA,0,NA,NA,NA,NA,0,NA,NA,NA,NA,0,NA,NA,NA,NA,0,NA,NA,NA,NA,0,NA,NA,NA,NA,0,NA,NA,NA,NA,0,NA,NA,NA,NA,0,NA,NA,NA,NA,0,NA,NA,NA,NA
Pondicherry,'19.8',IFA- Pink ( Junior 6-10 yrs),1. Balance From Previous Month,NA,NA,NA,NA,NA,NA,NA,NA,NA,NA,NA,NA,NA,NA,NA,NA,NA,NA,NA,NA,NA,NA,NA,NA,NA,NA,NA,NA,NA,NA,NA,NA,NA,NA,NA,NA,NA,NA,NA,NA,NA,NA,NA,NA,NA,NA,NA,NA,NA,NA,NA,NA,NA,NA,NA,NA,NA,NA,NA,NA,NA,NA,NA,NA,NA
Pondicherry,19.8',IFA- Pink ( Junior 6-10 yrs),2. Stocks Received,NA,NA,NA,NA,NA,NA,NA,NA,NA,NA,NA,NA,NA,NA,NA,NA,NA,NA,NA,NA,NA,NA,NA,NA,NA,NA,NA,NA,NA,NA,NA,NA,NA,NA,NA,NA,NA,NA,NA,NA,NA,NA,NA,NA,NA,NA,NA,NA,NA,NA,NA,NA,NA,NA,NA,NA,NA,NA,NA,NA,NA,NA,NA,NA,NA
Pondicherry,19.8',IFA- Pink ( Junior 6-10 yrs),3. Unusable Stock,NA,NA,NA,NA,NA,NA,NA,NA,NA,NA,NA,NA,NA,NA,NA,NA,NA,NA,NA,NA,NA,NA,NA,NA,NA,NA,NA,NA,NA,NA,NA,NA,NA,NA,NA,NA,NA,NA,NA,NA,NA,NA,NA,NA,NA,NA,NA,NA,NA,NA,NA,NA,NA,NA,NA,NA,NA,NA,NA,NA,NA,NA,NA,NA,NA
Pondicherry,19.8',IFA- Pink ( Junior 6-10 yrs),4. Stock Distributed,NA,NA,NA,NA,NA,NA,NA,NA,NA,NA,NA,NA,NA,NA,NA,NA,NA,NA,NA,NA,NA,NA,NA,NA,NA,NA,NA,NA,NA,NA,NA,NA,NA,NA,NA,NA,NA,NA,NA,NA,NA,NA,NA,NA,NA,NA,NA,NA,NA,NA,NA,NA,NA,NA,NA,NA,NA,NA,NA,NA,NA,NA,NA,NA,NA
Pondicherry,19.8',IFA- Pink ( Junior 6-10 yrs),5. Total Stock,0,NA,NA,NA,NA,0,NA,NA,NA,NA,0,NA,NA,NA,NA,0,NA,NA,NA,NA,0,NA,NA,NA,NA,0,NA,NA,NA,NA,0,NA,NA,NA,NA,0,NA,NA,NA,NA,0,NA,NA,NA,NA,0,NA,NA,NA,NA,0,NA,NA,NA,NA,0,NA,NA,NA,NA,0,NA,NA,NA,NA
Pondicherry,'19.9',IFA Syrup (Paediatric),1. Balance From Previous Month,NA,NA,NA,NA,NA,NA,NA,NA,NA,NA,NA,NA,NA,NA,NA,NA,NA,NA,NA,NA,NA,NA,NA,NA,NA,NA,NA,NA,NA,NA,NA,NA,NA,NA,NA,NA,NA,NA,NA,NA,NA,NA,NA,NA,NA,NA,NA,NA,NA,NA,NA,NA,NA,NA,NA,NA,NA,NA,NA,NA,NA,NA,NA,NA,NA
Pondicherry,19.9',IFA Syrup (Paediatric),2. Stocks Received,NA,NA,NA,NA,NA,NA,NA,NA,NA,NA,NA,NA,NA,NA,NA,NA,NA,NA,NA,NA,NA,NA,NA,NA,NA,NA,NA,NA,NA,NA,NA,NA,NA,NA,NA,NA,NA,NA,NA,NA,NA,NA,NA,NA,NA,NA,NA,NA,NA,NA,NA,NA,NA,NA,NA,NA,NA,NA,NA,NA,NA,NA,NA,NA,NA
Pondicherry,19.9',IFA Syrup (Paediatric),3. Unusable Stock,NA,NA,NA,NA,NA,NA,NA,NA,NA,NA,NA,NA,NA,NA,NA,NA,NA,NA,NA,NA,NA,NA,NA,NA,NA,NA,NA,NA,NA,NA,NA,NA,NA,NA,NA,NA,NA,NA,NA,NA,NA,NA,NA,NA,NA,NA,NA,NA,NA,NA,NA,NA,NA,NA,NA,NA,NA,NA,NA,NA,NA,NA,NA,NA,NA
Pondicherry,19.9',IFA Syrup (Paediatric),4. Stock Distributed,NA,NA,NA,NA,NA,NA,NA,NA,NA,NA,NA,NA,NA,NA,NA,NA,NA,NA,NA,NA,NA,NA,NA,NA,NA,NA,NA,NA,NA,NA,NA,NA,NA,NA,NA,NA,NA,NA,NA,NA,NA,NA,NA,NA,NA,NA,NA,NA,NA,NA,NA,NA,NA,NA,NA,NA,NA,NA,NA,NA,NA,NA,NA,NA,NA
Pondicherry,19.9',IFA Syrup (Paediatric),5. Total Stock,0,NA,NA,NA,NA,0,NA,NA,NA,NA,0,NA,NA,NA,NA,0,NA,NA,NA,NA,0,NA,NA,NA,NA,0,NA,NA,NA,NA,0,NA,NA,NA,NA,0,NA,NA,NA,NA,0,NA,NA,NA,NA,0,NA,NA,NA,NA,0,NA,NA,NA,NA,0,NA,NA,NA,NA,0,NA,NA,NA,NA
Pondicherry,'19.10',Paediatrics Antibiotics ( Amoxycillin and Injectable Gentamicin),1. Balance From Previous Month,NA,NA,NA,NA,NA,NA,NA,NA,NA,NA,NA,NA,NA,NA,NA,NA,NA,NA,NA,NA,NA,NA,NA,NA,NA,NA,NA,NA,NA,NA,NA,NA,NA,NA,NA,NA,NA,NA,NA,NA,NA,NA,NA,NA,NA,NA,NA,NA,NA,NA,NA,NA,NA,NA,NA,NA,NA,NA,NA,NA,NA,NA,NA,NA,NA
Pondicherry,19.10',Paediatrics Antibiotics ( Amoxycillin and Injectable Gentamicin),2. Stocks Received,NA,NA,NA,NA,NA,NA,NA,NA,NA,NA,NA,NA,NA,NA,NA,NA,NA,NA,NA,NA,NA,NA,NA,NA,NA,NA,NA,NA,NA,NA,NA,NA,NA,NA,NA,NA,NA,NA,NA,NA,NA,NA,NA,NA,NA,NA,NA,NA,NA,NA,NA,NA,NA,NA,NA,NA,NA,NA,NA,NA,NA,NA,NA,NA,NA
Pondicherry,19.10',Paediatrics Antibiotics ( Amoxycillin and Injectable Gentamicin),3. Unusable Stock,NA,NA,NA,NA,NA,NA,NA,NA,NA,NA,NA,NA,NA,NA,NA,NA,NA,NA,NA,NA,NA,NA,NA,NA,NA,NA,NA,NA,NA,NA,NA,NA,NA,NA,NA,NA,NA,NA,NA,NA,NA,NA,NA,NA,NA,NA,NA,NA,NA,NA,NA,NA,NA,NA,NA,NA,NA,NA,NA,NA,NA,NA,NA,NA,NA
Pondicherry,19.10',Paediatrics Antibiotics ( Amoxycillin and Injectable Gentamicin),4. Stock Distributed,NA,NA,NA,NA,NA,NA,NA,NA,NA,NA,NA,NA,NA,NA,NA,NA,NA,NA,NA,NA,NA,NA,NA,NA,NA,NA,NA,NA,NA,NA,NA,NA,NA,NA,NA,NA,NA,NA,NA,NA,NA,NA,NA,NA,NA,NA,NA,NA,NA,NA,NA,NA,NA,NA,NA,NA,NA,NA,NA,NA,NA,NA,NA,NA,NA
Pondicherry,19.10',Paediatrics Antibiotics ( Amoxycillin and Injectable Gentamicin),5. Total Stock,0,NA,NA,NA,NA,0,NA,NA,NA,NA,0,NA,NA,NA,NA,0,NA,NA,NA,NA,0,NA,NA,NA,NA,0,NA,NA,NA,NA,0,NA,NA,NA,NA,0,NA,NA,NA,NA,0,NA,NA,NA,NA,0,NA,NA,NA,NA,0,NA,NA,NA,NA,0,NA,NA,NA,NA,0,NA,NA,NA,NA
Pondicherry,'19.11',Vit A syrup,1. Balance From Previous Month,NA,NA,NA,NA,NA,NA,NA,NA,NA,NA,NA,NA,NA,NA,NA,NA,NA,NA,NA,NA,NA,NA,NA,NA,NA,NA,NA,NA,NA,NA,NA,NA,NA,NA,NA,NA,NA,NA,NA,NA,NA,NA,NA,NA,NA,NA,NA,NA,NA,NA,NA,NA,NA,NA,NA,NA,NA,NA,NA,NA,NA,NA,NA,NA,NA
Pondicherry,19.11',Vit A syrup,2. Stocks Received,NA,NA,NA,NA,NA,NA,NA,NA,NA,NA,NA,NA,NA,NA,NA,NA,NA,NA,NA,NA,NA,NA,NA,NA,NA,NA,NA,NA,NA,NA,NA,NA,NA,NA,NA,NA,NA,NA,NA,NA,NA,NA,NA,NA,NA,NA,NA,NA,NA,NA,NA,NA,NA,NA,NA,NA,NA,NA,NA,NA,NA,NA,NA,NA,NA
Pondicherry,19.11',Vit A syrup,3. Unusable Stock,NA,NA,NA,NA,NA,NA,NA,NA,NA,NA,NA,NA,NA,NA,NA,NA,NA,NA,NA,NA,NA,NA,NA,NA,NA,NA,NA,NA,NA,NA,NA,NA,NA,NA,NA,NA,NA,NA,NA,NA,NA,NA,NA,NA,NA,NA,NA,NA,NA,NA,NA,NA,NA,NA,NA,NA,NA,NA,NA,NA,NA,NA,NA,NA,NA
Pondicherry,19.11',Vit A syrup,4. Stock Distributed,NA,NA,NA,NA,NA,NA,NA,NA,NA,NA,NA,NA,NA,NA,NA,NA,NA,NA,NA,NA,NA,NA,NA,NA,NA,NA,NA,NA,NA,NA,NA,NA,NA,NA,NA,NA,NA,NA,NA,NA,NA,NA,NA,NA,NA,NA,NA,NA,NA,NA,NA,NA,NA,NA,NA,NA,NA,NA,NA,NA,NA,NA,NA,NA,NA
Pondicherry,19.11',Vit A syrup,5. Total Stock,0,NA,NA,NA,NA,0,NA,NA,NA,NA,0,NA,NA,NA,NA,0,NA,NA,NA,NA,0,NA,NA,NA,NA,0,NA,NA,NA,NA,0,NA,NA,NA,NA,0,NA,NA,NA,NA,0,NA,NA,NA,NA,0,NA,NA,NA,NA,0,NA,NA,NA,NA,0,NA,NA,NA,NA,0,NA,NA,NA,NA
Pondicherry,'19.12',ORS (New WHO),1. Balance From Previous Month,NA,NA,NA,NA,NA,NA,NA,NA,NA,NA,NA,NA,NA,NA,NA,NA,NA,NA,NA,NA,NA,NA,NA,NA,NA,NA,NA,NA,NA,NA,NA,NA,NA,NA,NA,NA,NA,NA,NA,NA,NA,NA,NA,NA,NA,NA,NA,NA,NA,NA,NA,NA,NA,NA,NA,NA,NA,NA,NA,NA,NA,NA,NA,NA,NA
Pondicherry,19.12',ORS (New WHO),2. Stocks Received,NA,NA,NA,NA,NA,NA,NA,NA,NA,NA,NA,NA,NA,NA,NA,NA,NA,NA,NA,NA,NA,NA,NA,NA,NA,NA,NA,NA,NA,NA,NA,NA,NA,NA,NA,NA,NA,NA,NA,NA,NA,NA,NA,NA,NA,NA,NA,NA,NA,NA,NA,NA,NA,NA,NA,NA,NA,NA,NA,NA,NA,NA,NA,NA,NA
Pondicherry,19.12',ORS (New WHO),3. Unusable Stock,NA,NA,NA,NA,NA,NA,NA,NA,NA,NA,NA,NA,NA,NA,NA,NA,NA,NA,NA,NA,NA,NA,NA,NA,NA,NA,NA,NA,NA,NA,NA,NA,NA,NA,NA,NA,NA,NA,NA,NA,NA,NA,NA,NA,NA,NA,NA,NA,NA,NA,NA,NA,NA,NA,NA,NA,NA,NA,NA,NA,NA,NA,NA,NA,NA
Pondicherry,19.12',ORS (New WHO),4. Stock Distributed,NA,NA,NA,NA,NA,NA,NA,NA,NA,NA,NA,NA,NA,NA,NA,NA,NA,NA,NA,NA,NA,NA,NA,NA,NA,NA,NA,NA,NA,NA,NA,NA,NA,NA,NA,NA,NA,NA,NA,NA,NA,NA,NA,NA,NA,NA,NA,NA,NA,NA,NA,NA,NA,NA,NA,NA,NA,NA,NA,NA,NA,NA,NA,NA,NA
Pondicherry,19.12',ORS (New WHO),5. Total Stock,NA,NA,NA,NA,NA,NA,NA,NA,NA,NA,NA,NA,NA,NA,NA,NA,NA,NA,NA,NA,NA,NA,NA,NA,NA,NA,NA,NA,NA,NA,NA,NA,NA,NA,NA,NA,NA,NA,NA,NA,NA,NA,NA,NA,NA,NA,NA,NA,NA,NA,NA,NA,NA,NA,NA,NA,NA,NA,NA,NA,NA,NA,NA,NA,NA
Pondicherry,'19.13',RTI /STI colour coded syndromic kits ( I to VII),1. Balance From Previous Month,NA,NA,NA,NA,NA,NA,NA,NA,NA,NA,NA,NA,NA,NA,NA,NA,NA,NA,NA,NA,NA,NA,NA,NA,NA,NA,NA,NA,NA,NA,NA,NA,NA,NA,NA,NA,NA,NA,NA,NA,NA,NA,NA,NA,NA,NA,NA,NA,NA,NA,NA,NA,NA,NA,NA,NA,NA,NA,NA,NA,NA,NA,NA,NA,NA
Pondicherry,19.13',RTI /STI colour coded syndromic kits ( I to VII),2. Stocks Received,NA,NA,NA,NA,NA,NA,NA,NA,NA,NA,NA,NA,NA,NA,NA,NA,NA,NA,NA,NA,NA,NA,NA,NA,NA,NA,NA,NA,NA,NA,NA,NA,NA,NA,NA,NA,NA,NA,NA,NA,NA,NA,NA,NA,NA,NA,NA,NA,NA,NA,NA,NA,NA,NA,NA,NA,NA,NA,NA,NA,NA,NA,NA,NA,NA
Pondicherry,19.13',RTI /STI colour coded syndromic kits ( I to VII),3. Unusable Stock,NA,NA,NA,NA,NA,NA,NA,NA,NA,NA,NA,NA,NA,NA,NA,NA,NA,NA,NA,NA,NA,NA,NA,NA,NA,NA,NA,NA,NA,NA,NA,NA,NA,NA,NA,NA,NA,NA,NA,NA,NA,NA,NA,NA,NA,NA,NA,NA,NA,NA,NA,NA,NA,NA,NA,NA,NA,NA,NA,NA,NA,NA,NA,NA,NA
Pondicherry,19.13',RTI /STI colour coded syndromic kits ( I to VII),4. Stock Distributed,NA,NA,NA,NA,NA,NA,NA,NA,NA,NA,NA,NA,NA,NA,NA,NA,NA,NA,NA,NA,NA,NA,NA,NA,NA,NA,NA,NA,NA,NA,NA,NA,NA,NA,NA,NA,NA,NA,NA,NA,NA,NA,NA,NA,NA,NA,NA,NA,NA,NA,NA,NA,NA,NA,NA,NA,NA,NA,NA,NA,NA,NA,NA,NA,NA
Pondicherry,19.13',RTI /STI colour coded syndromic kits ( I to VII),5. Total Stock,NA,NA,NA,NA,NA,NA,NA,NA,NA,NA,NA,NA,NA,NA,NA,NA,NA,NA,NA,NA,NA,NA,NA,NA,NA,NA,NA,NA,NA,NA,NA,NA,NA,NA,NA,NA,NA,NA,NA,NA,NA,NA,NA,NA,NA,NA,NA,NA,NA,NA,NA,NA,NA,NA,NA,NA,NA,NA,NA,NA,NA,NA,NA,NA,NA
Pondicherry,'19.14',Zinc 20 mg tablet,1. Balance From Previous Month,NA,NA,NA,NA,NA,NA,NA,NA,NA,NA,NA,NA,NA,NA,NA,NA,NA,NA,NA,NA,NA,NA,NA,NA,NA,NA,NA,NA,NA,NA,NA,NA,NA,NA,NA,NA,NA,NA,NA,NA,NA,NA,NA,NA,NA,NA,NA,NA,NA,NA,NA,NA,NA,NA,NA,NA,NA,NA,NA,NA,NA,NA,NA,NA,NA
Pondicherry,19.14',Zinc 20 mg tablet,2. Stocks Received,NA,NA,NA,NA,NA,NA,NA,NA,NA,NA,NA,NA,NA,NA,NA,NA,NA,NA,NA,NA,NA,NA,NA,NA,NA,NA,NA,NA,NA,NA,NA,NA,NA,NA,NA,NA,NA,NA,NA,NA,NA,NA,NA,NA,NA,NA,NA,NA,NA,NA,NA,NA,NA,NA,NA,NA,NA,NA,NA,NA,NA,NA,NA,NA,NA
Pondicherry,19.14',Zinc 20 mg tablet,3. Unusable Stock,NA,NA,NA,NA,NA,NA,NA,NA,NA,NA,NA,NA,NA,NA,NA,NA,NA,NA,NA,NA,NA,NA,NA,NA,NA,NA,NA,NA,NA,NA,NA,NA,NA,NA,NA,NA,NA,NA,NA,NA,NA,NA,NA,NA,NA,NA,NA,NA,NA,NA,NA,NA,NA,NA,NA,NA,NA,NA,NA,NA,NA,NA,NA,NA,NA
Pondicherry,19.14',Zinc 20 mg tablet,4. Stock Distributed,NA,NA,NA,NA,NA,NA,NA,NA,NA,NA,NA,NA,NA,NA,NA,NA,NA,NA,NA,NA,NA,NA,NA,NA,NA,NA,NA,NA,NA,NA,NA,NA,NA,NA,NA,NA,NA,NA,NA,NA,NA,NA,NA,NA,NA,NA,NA,NA,NA,NA,NA,NA,NA,NA,NA,NA,NA,NA,NA,NA,NA,NA,NA,NA,NA
Pondicherry,19.14',Zinc 20 mg tablet,5. Total Stock,NA,NA,NA,NA,NA,NA,NA,NA,NA,NA,NA,NA,NA,NA,NA,NA,NA,NA,NA,NA,NA,NA,NA,NA,NA,NA,NA,NA,NA,NA,NA,NA,NA,NA,NA,NA,NA,NA,NA,NA,NA,NA,NA,NA,NA,NA,NA,NA,NA,NA,NA,NA,NA,NA,NA,NA,NA,NA,NA,NA,NA,NA,NA,NA,NA
Pondicherry,'19.15',Albendazole 400 mg tablet,1. Balance From Previous Month,NA,NA,NA,NA,NA,NA,NA,NA,NA,NA,NA,NA,NA,NA,NA,NA,NA,NA,NA,NA,NA,NA,NA,NA,NA,NA,NA,NA,NA,NA,NA,NA,NA,NA,NA,NA,NA,NA,NA,NA,NA,NA,NA,NA,NA,NA,NA,NA,NA,NA,NA,NA,NA,NA,NA,NA,NA,NA,NA,NA,NA,NA,NA,NA,NA
Pondicherry,19.15',Albendazole 400 mg tablet,2. Stocks Received,NA,NA,NA,NA,NA,NA,NA,NA,NA,NA,NA,NA,NA,NA,NA,NA,NA,NA,NA,NA,NA,NA,NA,NA,NA,NA,NA,NA,NA,NA,NA,NA,NA,NA,NA,NA,NA,NA,NA,NA,NA,NA,NA,NA,NA,NA,NA,NA,NA,NA,NA,NA,NA,NA,NA,NA,NA,NA,NA,NA,NA,NA,NA,NA,NA
Pondicherry,19.15',Albendazole 400 mg tablet,3. Unusable Stock,NA,NA,NA,NA,NA,NA,NA,NA,NA,NA,NA,NA,NA,NA,NA,NA,NA,NA,NA,NA,NA,NA,NA,NA,NA,NA,NA,NA,NA,NA,NA,NA,NA,NA,NA,NA,NA,NA,NA,NA,NA,NA,NA,NA,NA,NA,NA,NA,NA,NA,NA,NA,NA,NA,NA,NA,NA,NA,NA,NA,NA,NA,NA,NA,NA
Pondicherry,19.15',Albendazole 400 mg tablet,4. Stock Distributed,NA,NA,NA,NA,NA,NA,NA,NA,NA,NA,NA,NA,NA,NA,NA,NA,NA,NA,NA,NA,NA,NA,NA,NA,NA,NA,NA,NA,NA,NA,NA,NA,NA,NA,NA,NA,NA,NA,NA,NA,NA,NA,NA,NA,NA,NA,NA,NA,NA,NA,NA,NA,NA,NA,NA,NA,NA,NA,NA,NA,NA,NA,NA,NA,NA
Pondicherry,19.15',Albendazole 400 mg tablet,5. Total Stock,NA,NA,NA,NA,NA,NA,NA,NA,NA,NA,NA,NA,NA,NA,NA,NA,NA,NA,NA,NA,NA,NA,NA,NA,NA,NA,NA,NA,NA,NA,NA,NA,NA,NA,NA,NA,NA,NA,NA,NA,NA,NA,NA,NA,NA,NA,NA,NA,NA,NA,NA,NA,NA,NA,NA,NA,NA,NA,NA,NA,NA,NA,NA,NA,NA
Pondicherry,'19.16',Calcium Tablets,1. Balance From Previous Month,NA,NA,NA,NA,NA,NA,NA,NA,NA,NA,NA,NA,NA,NA,NA,NA,NA,NA,NA,NA,NA,NA,NA,NA,NA,NA,NA,NA,NA,NA,NA,NA,NA,NA,NA,NA,NA,NA,NA,NA,NA,NA,NA,NA,NA,NA,NA,NA,NA,NA,NA,NA,NA,NA,NA,NA,NA,NA,NA,NA,NA,NA,NA,NA,NA
Pondicherry,19.16',Calcium Tablets,2. Stocks Received,NA,NA,NA,NA,NA,NA,NA,NA,NA,NA,NA,NA,NA,NA,NA,NA,NA,NA,NA,NA,NA,NA,NA,NA,NA,NA,NA,NA,NA,NA,NA,NA,NA,NA,NA,NA,NA,NA,NA,NA,NA,NA,NA,NA,NA,NA,NA,NA,NA,NA,NA,NA,NA,NA,NA,NA,NA,NA,NA,NA,NA,NA,NA,NA,NA
Pondicherry,19.16',Calcium Tablets,3. Unusable Stock,NA,NA,NA,NA,NA,NA,NA,NA,NA,NA,NA,NA,NA,NA,NA,NA,NA,NA,NA,NA,NA,NA,NA,NA,NA,NA,NA,NA,NA,NA,NA,NA,NA,NA,NA,NA,NA,NA,NA,NA,NA,NA,NA,NA,NA,NA,NA,NA,NA,NA,NA,NA,NA,NA,NA,NA,NA,NA,NA,NA,NA,NA,NA,NA,NA
Pondicherry,19.16',Calcium Tablets,4. Stock Distributed,NA,NA,NA,NA,NA,NA,NA,NA,NA,NA,NA,NA,NA,NA,NA,NA,NA,NA,NA,NA,NA,NA,NA,NA,NA,NA,NA,NA,NA,NA,NA,NA,NA,NA,NA,NA,NA,NA,NA,NA,NA,NA,NA,NA,NA,NA,NA,NA,NA,NA,NA,NA,NA,NA,NA,NA,NA,NA,NA,NA,NA,NA,NA,NA,NA
Pondicherry,19.16',Calcium Tablets,5. Total Stock,NA,NA,NA,NA,NA,NA,NA,NA,NA,NA,NA,NA,NA,NA,NA,NA,NA,NA,NA,NA,NA,NA,NA,NA,NA,NA,NA,NA,NA,NA,NA,NA,NA,NA,NA,NA,NA,NA,NA,NA,NA,NA,NA,NA,NA,NA,NA,NA,NA,NA,NA,NA,NA,NA,NA,NA,NA,NA,NA,NA,NA,NA,NA,NA,NA
Pondicherry,'20.1',Syringes - 0.1 ml (AD),1. Balance From Previous Month,13450,NA,NA,NA,NA,6600,NA,NA,NA,NA,1600,NA,NA,NA,NA,0,NA,NA,NA,NA,19425,NA,NA,NA,NA,14425,NA,NA,NA,NA,35405,NA,NA,NA,NA,29905,NA,NA,NA,NA,20705,NA,NA,NA,NA,15955,NA,NA,NA,NA,28405,NA,NA,NA,NA,28205,NA,NA,NA,NA,214080,NA,NA,NA,NA
Pondicherry,20.1',Syringes - 0.1 ml (AD),2. Stocks Received,0,NA,NA,NA,NA,0,NA,NA,NA,NA,0,NA,NA,NA,NA,30000,NA,NA,NA,NA,0,NA,NA,NA,NA,30000,NA,NA,NA,NA,0,NA,NA,NA,NA,0,NA,NA,NA,NA,0,NA,NA,NA,NA,20000,NA,NA,NA,NA,6000,NA,NA,NA,NA,0,NA,NA,NA,NA,86000,NA,NA,NA,NA
Pondicherry,20.1',Syringes - 0.1 ml (AD),3. Unusable Stock,0,NA,NA,NA,NA,0,NA,NA,NA,NA,0,NA,NA,NA,NA,0,NA,NA,NA,NA,0,NA,NA,NA,NA,0,NA,NA,NA,NA,0,NA,NA,NA,NA,0,NA,NA,NA,NA,0,NA,NA,NA,NA,0,NA,NA,NA,NA,0,NA,NA,NA,NA,0,NA,NA,NA,NA,0,NA,NA,NA,NA
Pondicherry,20.1',Syringes - 0.1 ml (AD),4. Stock Distributed,6850,NA,NA,NA,NA,5000,NA,NA,NA,NA,1600,NA,NA,NA,NA,9185,NA,NA,NA,NA,5000,NA,NA,NA,NA,9020,NA,NA,NA,NA,5500,NA,NA,NA,NA,9200,NA,NA,NA,NA,4750,NA,NA,NA,NA,7550,NA,NA,NA,NA,6200,NA,NA,NA,NA,5450,NA,NA,NA,NA,75305,NA,NA,NA,NA
Pondicherry,20.1',Syringes - 0.1 ml (AD),5. Total Stock,6600,NA,NA,NA,NA,1600,NA,NA,NA,NA,0,NA,NA,NA,NA,20815,NA,NA,NA,NA,14425,NA,NA,NA,NA,35405,NA,NA,NA,NA,29905,NA,NA,NA,NA,20705,NA,NA,NA,NA,15955,NA,NA,NA,NA,28405,NA,NA,NA,NA,28205,NA,NA,NA,NA,22755,NA,NA,NA,NA,224775,NA,NA,NA,NA
Pondicherry,'20.2',Syringes - 0.5 ml (AD),1. Balance From Previous Month,84996,NA,NA,NA,NA,77996,NA,NA,NA,NA,68896,NA,NA,NA,NA,59546,NA,NA,NA,NA,96146,NA,NA,NA,NA,63546,NA,NA,NA,NA,36996,NA,NA,NA,NA,14646,NA,NA,NA,NA,43146,NA,NA,NA,NA,29146,NA,NA,NA,NA,42596,NA,NA,NA,NA,73566,NA,NA,NA,NA,691222,NA,NA,NA,NA
Pondicherry,20.2',Syringes - 0.5 ml (AD),2. Stocks Received,0,NA,NA,NA,NA,0,NA,NA,NA,NA,0,NA,NA,NA,NA,50000,NA,NA,NA,NA,0,NA,NA,NA,NA,0,NA,NA,NA,NA,0,NA,NA,NA,NA,50000,NA,NA,NA,NA,0,NA,NA,NA,NA,20000,NA,NA,NA,NA,50000,NA,NA,NA,NA,0,NA,NA,NA,NA,170000,NA,NA,NA,NA
Pondicherry,20.2',Syringes - 0.5 ml (AD),3. Unusable Stock,0,NA,NA,NA,NA,0,NA,NA,NA,NA,0,NA,NA,NA,NA,0,NA,NA,NA,NA,0,NA,NA,NA,NA,0,NA,NA,NA,NA,0,NA,NA,NA,NA,0,NA,NA,NA,NA,0,NA,NA,NA,NA,0,NA,NA,NA,NA,0,NA,NA,NA,NA,0,NA,NA,NA,NA,0,NA,NA,NA,NA
Pondicherry,20.2',Syringes - 0.5 ml (AD),4. Stock Distributed,7000,NA,NA,NA,NA,9100,NA,NA,NA,NA,9650,NA,NA,NA,NA,11000,NA,NA,NA,NA,32600,NA,NA,NA,NA,26550,NA,NA,NA,NA,15350,NA,NA,NA,NA,21500,NA,NA,NA,NA,14000,NA,NA,NA,NA,6550,NA,NA,NA,NA,19030,NA,NA,NA,NA,10000,NA,NA,NA,NA,182330,NA,NA,NA,NA
Pondicherry,20.2',Syringes - 0.5 ml (AD),5. Total Stock,77996,NA,NA,NA,NA,68896,NA,NA,NA,NA,59246,NA,NA,NA,NA,98546,NA,NA,NA,NA,63546,NA,NA,NA,NA,36996,NA,NA,NA,NA,21646,NA,NA,NA,NA,43146,NA,NA,NA,NA,29146,NA,NA,NA,NA,42596,NA,NA,NA,NA,73566,NA,NA,NA,NA,63566,NA,NA,NA,NA,678892,NA,NA,NA,NA
Pondicherry,'20.3',Syringes - 5.0 ml (Disposable),1. Balance From Previous Month,1700,NA,NA,NA,NA,1500,NA,NA,NA,NA,1300,NA,NA,NA,NA,1100,NA,NA,NA,NA,5600,NA,NA,NA,NA,5250,NA,NA,NA,NA,6400,NA,NA,NA,NA,7331,NA,NA,NA,NA,7031,NA,NA,NA,NA,5531,NA,NA,NA,NA,4731,NA,NA,NA,NA,5931,NA,NA,NA,NA,53405,NA,NA,NA,NA
Pondicherry,20.3',Syringes - 5.0 ml (Disposable),2. Stocks Received,0,NA,NA,NA,NA,0,NA,NA,NA,NA,0,NA,NA,NA,NA,5000,NA,NA,NA,NA,0,NA,NA,NA,NA,2000,NA,NA,NA,NA,0,NA,NA,NA,NA,0,NA,NA,NA,NA,0,NA,NA,NA,NA,0,NA,NA,NA,NA,2000,NA,NA,NA,NA,0,NA,NA,NA,NA,9000,NA,NA,NA,NA
Pondicherry,20.3',Syringes - 5.0 ml (Disposable),3. Unusable Stock,0,NA,NA,NA,NA,0,NA,NA,NA,NA,0,NA,NA,NA,NA,0,NA,NA,NA,NA,0,NA,NA,NA,NA,0,NA,NA,NA,NA,0,NA,NA,NA,NA,0,NA,NA,NA,NA,0,NA,NA,NA,NA,0,NA,NA,NA,NA,0,NA,NA,NA,NA,0,NA,NA,NA,NA,0,NA,NA,NA,NA
Pondicherry,20.3',Syringes - 5.0 ml (Disposable),4. Stock Distributed,200,NA,NA,NA,NA,200,NA,NA,NA,NA,400,NA,NA,NA,NA,500,NA,NA,NA,NA,350,NA,NA,NA,NA,850,NA,NA,NA,NA,300,NA,NA,NA,NA,300,NA,NA,NA,NA,1500,NA,NA,NA,NA,800,NA,NA,NA,NA,800,NA,NA,NA,NA,300,NA,NA,NA,NA,6500,NA,NA,NA,NA
Pondicherry,20.3',Syringes - 5.0 ml (Disposable),5. Total Stock,1500,NA,NA,NA,NA,1300,NA,NA,NA,NA,900,NA,NA,NA,NA,5600,NA,NA,NA,NA,5250,NA,NA,NA,NA,6400,NA,NA,NA,NA,6100,NA,NA,NA,NA,7031,NA,NA,NA,NA,5531,NA,NA,NA,NA,4731,NA,NA,NA,NA,5931,NA,NA,NA,NA,5631,NA,NA,NA,NA,55905,NA,NA,NA,NA
Pondicherry,'21.1',Number of newborn screened for defects at birth (as per RBSK),TOTAL,NA,NA,NA,NA,NA,NA,NA,NA,NA,NA,NA,NA,NA,NA,NA,NA,NA,NA,NA,NA,NA,NA,NA,NA,NA,NA,NA,NA,NA,NA,NA,NA,NA,NA,NA,NA,NA,NA,NA,NA,NA,NA,NA,NA,NA,NA,NA,NA,NA,NA,NA,NA,NA,NA,NA,NA,NA,NA,NA,NA,NA,NA,NA,NA,NA
Pondicherry,'21.2',Number of children (6 month to 6 years) screened by RBSK mobile health teams at Anganwadi center,TOTAL,2254,NA,NA,NA,NA,2647,NA,NA,NA,NA,2403,NA,NA,NA,NA,2488,NA,NA,NA,NA,2432,NA,NA,NA,NA,3558,NA,NA,NA,NA,11722,NA,NA,NA,NA,3103,NA,NA,NA,NA,6823,NA,NA,NA,NA,16136,NA,NA,NA,NA,9004,NA,NA,NA,NA,1255,NA,NA,NA,NA,63825,NA,NA,NA,NA
Pondicherry,'21.3',Number of children (6 years to 18 years) screened by RBSK mobile health teams at Govt and Govt aided schools,TOTAL,1045,NA,NA,NA,NA,0,NA,NA,NA,NA,2552,NA,NA,NA,NA,4407,NA,NA,NA,NA,4282,NA,NA,NA,NA,7153,NA,NA,NA,NA,18725,NA,NA,NA,NA,17403,NA,NA,NA,NA,14803,NA,NA,NA,NA,17772,NA,NA,NA,NA,0,NA,NA,NA,NA,0,NA,NA,NA,NA,88142,NA,NA,NA,NA
Pondicherry,'21.4.1.a',Number of Male children identified with Disease,TOTAL,NA,NA,NA,NA,NA,NA,NA,NA,NA,NA,NA,NA,NA,NA,NA,NA,NA,NA,NA,NA,NA,NA,NA,NA,NA,NA,NA,NA,NA,NA,NA,NA,NA,NA,NA,NA,NA,NA,NA,NA,NA,NA,NA,NA,NA,NA,NA,NA,NA,NA,NA,NA,NA,NA,NA,NA,NA,NA,NA,NA,NA,NA,NA,NA,NA
Pondicherry,'21.4.1.b',Number of Female children identified with Disease,TOTAL,NA,NA,NA,NA,NA,NA,NA,NA,NA,NA,NA,NA,NA,NA,NA,NA,NA,NA,NA,NA,NA,NA,NA,NA,NA,NA,NA,NA,NA,NA,NA,NA,NA,NA,NA,NA,NA,NA,NA,NA,NA,NA,NA,NA,NA,NA,NA,NA,NA,NA,NA,NA,NA,NA,NA,NA,NA,NA,NA,NA,NA,NA,NA,NA,NA
Pondicherry,'21.4.2.a',Number of Male children identified with Deficiency,TOTAL,NA,NA,NA,NA,NA,NA,NA,NA,NA,NA,NA,NA,NA,NA,NA,NA,NA,NA,NA,NA,NA,NA,NA,NA,NA,NA,NA,NA,NA,NA,NA,NA,NA,NA,NA,NA,NA,NA,NA,NA,NA,NA,NA,NA,NA,NA,NA,NA,NA,NA,NA,NA,NA,NA,NA,NA,NA,NA,NA,NA,NA,NA,NA,NA,NA
Pondicherry,'21.4.2.b',Number of Female children identified with Deficiency,TOTAL,NA,NA,NA,NA,NA,NA,NA,NA,NA,NA,NA,NA,NA,NA,NA,NA,NA,NA,NA,NA,NA,NA,NA,NA,NA,NA,NA,NA,NA,NA,NA,NA,NA,NA,NA,NA,NA,NA,NA,NA,NA,NA,NA,NA,NA,NA,NA,NA,NA,NA,NA,NA,NA,NA,NA,NA,NA,NA,NA,NA,NA,NA,NA,NA,NA
Pondicherry,'21.4.3.a',Number of Male children identified with Developmental delay,TOTAL,NA,NA,NA,NA,NA,NA,NA,NA,NA,NA,NA,NA,NA,NA,NA,NA,NA,NA,NA,NA,NA,NA,NA,NA,NA,NA,NA,NA,NA,NA,NA,NA,NA,NA,NA,NA,NA,NA,NA,NA,NA,NA,NA,NA,NA,NA,NA,NA,NA,NA,NA,NA,NA,NA,NA,NA,NA,NA,NA,NA,NA,NA,NA,NA,NA
Pondicherry,'21.4.3.b',Number of Female children identified with Developmental delay,TOTAL,NA,NA,NA,NA,NA,NA,NA,NA,NA,NA,NA,NA,NA,NA,NA,NA,NA,NA,NA,NA,NA,NA,NA,NA,NA,NA,NA,NA,NA,NA,NA,NA,NA,NA,NA,NA,NA,NA,NA,NA,NA,NA,NA,NA,NA,NA,NA,NA,NA,NA,NA,NA,NA,NA,NA,NA,NA,NA,NA,NA,NA,NA,NA,NA,NA
Pondicherry,'21.5.1',Number of Children Managed by Intervention - Medical,TOTAL,NA,NA,NA,NA,NA,NA,NA,NA,NA,NA,NA,NA,NA,NA,NA,NA,NA,NA,NA,NA,NA,NA,NA,NA,NA,NA,NA,NA,NA,NA,NA,NA,NA,NA,NA,NA,NA,NA,NA,NA,NA,NA,NA,NA,NA,NA,NA,NA,NA,NA,NA,NA,NA,NA,NA,NA,NA,NA,NA,NA,NA,NA,NA,NA,NA
Pondicherry,'21.5.2',Number of Children Managed by Intervention - Surgical,TOTAL,NA,NA,NA,NA,NA,NA,NA,NA,NA,NA,NA,NA,NA,NA,NA,NA,NA,NA,NA,NA,NA,NA,NA,NA,NA,NA,NA,NA,NA,NA,NA,NA,NA,NA,NA,NA,NA,NA,NA,NA,NA,NA,NA,NA,NA,NA,NA,NA,NA,NA,NA,NA,NA,NA,NA,NA,NA,NA,NA,NA,NA,NA,NA,NA,NA
Pondicherry,'21.5.3',Early intervention at DEIC ( District Early Intervention Centre),TOTAL,NA,NA,NA,NA,NA,NA,NA,NA,NA,NA,NA,NA,NA,NA,NA,NA,NA,NA,NA,NA,NA,NA,NA,NA,NA,NA,NA,NA,NA,NA,NA,NA,NA,NA,NA,NA,NA,NA,NA,NA,NA,NA,NA,NA,NA,NA,NA,NA,NA,NA,NA,NA,NA,NA,NA,NA,NA,NA,NA,NA,NA,NA,NA,NA,NA
Pondicherry,'22.1.1.a',Girls (6th -12th class) provided 4 IFA tablets in schools,TOTAL,25596,NA,NA,NA,NA,25494,NA,NA,NA,NA,25454,NA,NA,NA,NA,25912,NA,NA,NA,NA,26395,NA,NA,NA,NA,25718,NA,NA,NA,NA,25409,NA,NA,NA,NA,24009,NA,NA,NA,NA,25575,NA,NA,NA,NA,25411,NA,NA,NA,NA,24525,NA,NA,NA,NA,23495,NA,NA,NA,NA,302993,NA,NA,NA,NA
Pondicherry,'22.1.1.b',Boys (6th -12th class) provided 4 IFA tablets in schools,TOTAL,18109,NA,NA,NA,NA,18538,NA,NA,NA,NA,18404,NA,NA,NA,NA,18324,NA,NA,NA,NA,19263,NA,NA,NA,NA,19270,NA,NA,NA,NA,18275,NA,NA,NA,NA,18606,NA,NA,NA,NA,19120,NA,NA,NA,NA,18795,NA,NA,NA,NA,18539,NA,NA,NA,NA,15342,NA,NA,NA,NA,220585,NA,NA,NA,NA
Pondicherry,'22.1.2.a',Girls (6th -12th class) provided albendazole in schools,TOTAL,0,NA,NA,NA,NA,0,NA,NA,NA,NA,0,NA,NA,NA,NA,0,NA,NA,NA,NA,26395,NA,NA,NA,NA,0,NA,NA,NA,NA,0,NA,NA,NA,NA,0,NA,NA,NA,NA,0,NA,NA,NA,NA,0,NA,NA,NA,NA,24525,NA,NA,NA,NA,0,NA,NA,NA,NA,50920,NA,NA,NA,NA
Pondicherry,'22.1.2.b',Boys (6th -12th class) provided albendazole in schools,TOTAL,0,NA,NA,NA,NA,0,NA,NA,NA,NA,0,NA,NA,NA,NA,0,NA,NA,NA,NA,19263,NA,NA,NA,NA,0,NA,NA,NA,NA,0,NA,NA,NA,NA,0,NA,NA,NA,NA,0,NA,NA,NA,NA,0,NA,NA,NA,NA,18539,NA,NA,NA,NA,0,NA,NA,NA,NA,37802,NA,NA,NA,NA
Pondicherry,'22.1.3',Number of out of school adolscent girls (10-19 years) provided 4 IFA tablets at Anganwadi Centres,TOTAL,835,NA,NA,NA,NA,751,NA,NA,NA,NA,819,NA,NA,NA,NA,760,NA,NA,NA,NA,822,NA,NA,NA,NA,822,NA,NA,NA,NA,855,NA,NA,NA,NA,750,NA,NA,NA,NA,783,NA,NA,NA,NA,859,NA,NA,NA,NA,846,NA,NA,NA,NA,385,NA,NA,NA,NA,9287,NA,NA,NA,NA
Pondicherry,'22.1.4',Number of out of school adolscent girls (10-19 years) provided albendazole at Anganwadi Centres,TOTAL,0,NA,NA,NA,NA,0,NA,NA,NA,NA,0,NA,NA,NA,NA,0,NA,NA,NA,NA,822,NA,NA,NA,NA,0,NA,NA,NA,NA,0,NA,NA,NA,NA,0,NA,NA,NA,NA,0,NA,NA,NA,NA,0,NA,NA,NA,NA,846,NA,NA,NA,NA,0,NA,NA,NA,NA,1668,NA,NA,NA,NA
Pondicherry,'22.2.1',Number of adolescent girls provided sanitary napkin packs,TOTAL,0,NA,NA,NA,NA,0,NA,NA,NA,NA,0,NA,NA,NA,NA,0,NA,NA,NA,NA,0,NA,NA,NA,NA,0,NA,NA,NA,NA,0,NA,NA,NA,NA,0,NA,NA,NA,NA,0,NA,NA,NA,NA,0,NA,NA,NA,NA,0,NA,NA,NA,NA,0,NA,NA,NA,NA,0,NA,NA,NA,NA
Pondicherry,'22.2.2',Number of sanitary napkin packs sold to adolescent girls,TOTAL,0,NA,NA,NA,NA,0,NA,NA,NA,NA,0,NA,NA,NA,NA,0,NA,NA,NA,NA,0,NA,NA,NA,NA,0,NA,NA,NA,NA,0,NA,NA,NA,NA,0,NA,NA,NA,NA,0,NA,NA,NA,NA,0,NA,NA,NA,NA,0,NA,NA,NA,NA,0,NA,NA,NA,NA,0,NA,NA,NA,NA
Pondicherry,'22.2.3',Number of sanitary napkin packs distributed free to ASHA,TOTAL,0,NA,NA,NA,NA,0,NA,NA,NA,NA,0,NA,NA,NA,NA,0,NA,NA,NA,NA,0,NA,NA,NA,NA,0,NA,NA,NA,NA,0,NA,NA,NA,NA,0,NA,NA,NA,NA,0,NA,NA,NA,NA,0,NA,NA,NA,NA,0,NA,NA,NA,NA,0,NA,NA,NA,NA,0,NA,NA,NA,NA
Pondicherry,'22.2.4',Number of adolescent girls attended monthly meeting,TOTAL,NA,NA,NA,NA,NA,NA,NA,NA,NA,NA,NA,NA,NA,NA,NA,NA,NA,NA,NA,NA,NA,NA,NA,NA,NA,NA,NA,NA,NA,NA,NA,NA,NA,NA,NA,NA,NA,NA,NA,NA,NA,NA,NA,NA,NA,NA,NA,NA,NA,NA,NA,NA,NA,NA,NA,NA,NA,NA,NA,NA,NA,NA,NA,NA,NA
Pondicherry,'23.1',Number of children covered under WIFS JUNIOR (6 - 10 years ) provided 4-5 IFA tablets in schools,TOTAL,0,NA,NA,NA,NA,0,NA,NA,NA,NA,0,NA,NA,NA,NA,81618,NA,NA,NA,NA,81618,NA,NA,NA,NA,81618,NA,NA,NA,NA,81618,NA,NA,NA,NA,81618,NA,NA,NA,NA,81618,NA,NA,NA,NA,81618,NA,NA,NA,NA,81618,NA,NA,NA,NA,81618,NA,NA,NA,NA,734562,NA,NA,NA,NA
Pondicherry,'23.2',Number of children (6 - 10 years) provided albendazole in schools,TOTAL,0,NA,NA,NA,NA,0,NA,NA,NA,NA,0,NA,NA,NA,NA,0,NA,NA,NA,NA,81618,NA,NA,NA,NA,0,NA,NA,NA,NA,0,NA,NA,NA,NA,0,NA,NA,NA,NA,0,NA,NA,NA,NA,0,NA,NA,NA,NA,81618,NA,NA,NA,NA,0,NA,NA,NA,NA,163236,NA,NA,NA,NA
Pondicherry,'23.3',Number of out of school children (6-10 years) given 4-5 IFA tablets at Anganwadi Centres,TOTAL,NA,NA,NA,NA,NA,NA,NA,NA,NA,NA,NA,NA,NA,NA,NA,NA,NA,NA,NA,NA,NA,NA,NA,NA,NA,NA,NA,NA,NA,NA,NA,NA,NA,NA,NA,NA,NA,NA,NA,NA,NA,NA,NA,NA,NA,NA,NA,NA,NA,NA,NA,NA,NA,NA,NA,NA,NA,NA,NA,NA,NA,NA,NA,NA,NA
Pondicherry,'23.4',Number of out of school children (6-10 years) provided albendazole at Anganwadi Centres,TOTAL,0,NA,NA,NA,NA,0,NA,NA,NA,NA,0,NA,NA,NA,NA,0,NA,NA,NA,NA,0,NA,NA,NA,NA,0,NA,NA,NA,NA,0,NA,NA,NA,NA,0,NA,NA,NA,NA,0,NA,NA,NA,NA,0,NA,NA,NA,NA,0,NA,NA,NA,NA,0,NA,NA,NA,NA,0,NA,NA,NA,NA
Pondicherry,'24.1',Total Maternal Deaths Reviewed (MDR) by CMO,TOTAL,2,NA,NA,NA,NA,2,NA,NA,NA,NA,2,NA,NA,NA,NA,3,NA,NA,NA,NA,2,NA,NA,NA,NA,1,NA,NA,NA,NA,2,NA,NA,NA,NA,2,NA,NA,NA,NA,3,NA,NA,NA,NA,2,NA,NA,NA,NA,3,NA,NA,NA,NA,1,NA,NA,NA,NA,25,NA,NA,NA,NA
Pondicherry,'24.2',Total Maternal Deaths Reviewed (MDR) by DM,TOTAL,0,NA,NA,NA,NA,1,NA,NA,NA,NA,0,NA,NA,NA,NA,0,NA,NA,NA,NA,0,NA,NA,NA,NA,0,NA,NA,NA,NA,1,NA,NA,NA,NA,1,NA,NA,NA,NA,0,NA,NA,NA,NA,0,NA,NA,NA,NA,0,NA,NA,NA,NA,0,NA,NA,NA,NA,3,NA,NA,NA,NA
Pondicherry,'24.3',Number of maternal deaths reported through Community based Maternal Death Review (CBMDR),TOTAL,0,NA,NA,NA,NA,1,NA,NA,NA,NA,0,NA,NA,NA,NA,0,NA,NA,NA,NA,0,NA,NA,NA,NA,1,NA,NA,NA,NA,0,NA,NA,NA,NA,0,NA,NA,NA,NA,0,NA,NA,NA,NA,0,NA,NA,NA,NA,0,NA,NA,NA,NA,0,NA,NA,NA,NA,2,NA,NA,NA,NA
Pondicherry,'25.1.1',Number of Pregnant Women provided - Free Medicines under JSSK,TOTAL,1001,NA,NA,NA,NA,987,NA,NA,NA,NA,994,NA,NA,NA,NA,1012,NA,NA,NA,NA,1025,NA,NA,NA,NA,1010,NA,NA,NA,NA,990,NA,NA,NA,NA,1013,NA,NA,NA,NA,910,NA,NA,NA,NA,974,NA,NA,NA,NA,1064,NA,NA,NA,NA,1034,NA,NA,NA,NA,12014,NA,NA,NA,NA
Pondicherry,'25.1.2',Number of Pregnant Women provided - Free Diet under JSSK,TOTAL,1001,NA,NA,NA,NA,987,NA,NA,NA,NA,994,NA,NA,NA,NA,1012,NA,NA,NA,NA,1025,NA,NA,NA,NA,1010,NA,NA,NA,NA,990,NA,NA,NA,NA,1013,NA,NA,NA,NA,910,NA,NA,NA,NA,974,NA,NA,NA,NA,1064,NA,NA,NA,NA,1034,NA,NA,NA,NA,12014,NA,NA,NA,NA
Pondicherry,'25.1.3',Number of Pregnant Women provided - Free Diagnostics under JSSK,TOTAL,1001,NA,NA,NA,NA,987,NA,NA,NA,NA,994,NA,NA,NA,NA,1012,NA,NA,NA,NA,1025,NA,NA,NA,NA,1010,NA,NA,NA,NA,990,NA,NA,NA,NA,1013,NA,NA,NA,NA,910,NA,NA,NA,NA,974,NA,NA,NA,NA,1064,NA,NA,NA,NA,1034,NA,NA,NA,NA,12014,NA,NA,NA,NA
Pondicherry,'25.1.4',Number of Pregnant Women provided - Free Home to facility transport under JSSK,TOTAL,0,NA,NA,NA,NA,0,NA,NA,NA,NA,0,NA,NA,NA,NA,0,NA,NA,NA,NA,0,NA,NA,NA,NA,0,NA,NA,NA,NA,0,NA,NA,NA,NA,0,NA,NA,NA,NA,0,NA,NA,NA,NA,0,NA,NA,NA,NA,0,NA,NA,NA,NA,0,NA,NA,NA,NA,0,NA,NA,NA,NA
Pondicherry,'25.1.5',Number of Pregnant Women provided - Interfacility transfers when needed under JSSK,TOTAL,0,NA,NA,NA,NA,0,NA,NA,NA,NA,0,NA,NA,NA,NA,0,NA,NA,NA,NA,0,NA,NA,NA,NA,0,NA,NA,NA,NA,0,NA,NA,NA,NA,0,NA,NA,NA,NA,0,NA,NA,NA,NA,0,NA,NA,NA,NA,0,NA,NA,NA,NA,0,NA,NA,NA,NA,0,NA,NA,NA,NA
Pondicherry,'25.1.6',Number of Pregnant Women provided - Free Drop Back home under JSSK,TOTAL,225,NA,NA,NA,NA,183,NA,NA,NA,NA,138,NA,NA,NA,NA,177,NA,NA,NA,NA,0,NA,NA,NA,NA,326,NA,NA,NA,NA,115,NA,NA,NA,NA,83,NA,NA,NA,NA,172,NA,NA,NA,NA,161,NA,NA,NA,NA,106,NA,NA,NA,NA,67,NA,NA,NA,NA,1753,NA,NA,NA,NA
Pondicherry,'25.2.1',Number of sick infants provided - Free Medicines under JSSK,TOTAL,0,NA,NA,NA,NA,0,NA,NA,NA,NA,0,NA,NA,NA,NA,0,NA,NA,NA,NA,0,NA,NA,NA,NA,0,NA,NA,NA,NA,0,NA,NA,NA,NA,0,NA,NA,NA,NA,0,NA,NA,NA,NA,0,NA,NA,NA,NA,0,NA,NA,NA,NA,0,NA,NA,NA,NA,0,NA,NA,NA,NA
Pondicherry,'25.2.2',Number of sick infants provided - Free Diagnostics under JSSK,TOTAL,0,NA,NA,NA,NA,0,NA,NA,NA,NA,0,NA,NA,NA,NA,0,NA,NA,NA,NA,0,NA,NA,NA,NA,0,NA,NA,NA,NA,0,NA,NA,NA,NA,0,NA,NA,NA,NA,0,NA,NA,NA,NA,0,NA,NA,NA,NA,0,NA,NA,NA,NA,0,NA,NA,NA,NA,0,NA,NA,NA,NA
Pondicherry,'25.2.3',Number of sick infants provided - Free Home to facility transport under JSSK,TOTAL,0,NA,NA,NA,NA,0,NA,NA,NA,NA,0,NA,NA,NA,NA,0,NA,NA,NA,NA,0,NA,NA,NA,NA,0,NA,NA,NA,NA,0,NA,NA,NA,NA,0,NA,NA,NA,NA,0,NA,NA,NA,NA,0,NA,NA,NA,NA,0,NA,NA,NA,NA,0,NA,NA,NA,NA,0,NA,NA,NA,NA
Pondicherry,'25.2.4',Number of sick infants provided - Interfacility transfers when needed under JSSK,TOTAL,0,NA,NA,NA,NA,0,NA,NA,NA,NA,0,NA,NA,NA,NA,0,NA,NA,NA,NA,0,NA,NA,NA,NA,0,NA,NA,NA,NA,0,NA,NA,NA,NA,0,NA,NA,NA,NA,0,NA,NA,NA,NA,0,NA,NA,NA,NA,0,NA,NA,NA,NA,0,NA,NA,NA,NA,0,NA,NA,NA,NA
Pondicherry,'25.2.5',Number of sick infants provided - Free Drop Back home under JSSK,TOTAL,0,NA,NA,NA,NA,0,NA,NA,NA,NA,0,NA,NA,NA,NA,0,NA,NA,NA,NA,0,NA,NA,NA,NA,0,NA,NA,NA,NA,0,NA,NA,NA,NA,0,NA,NA,NA,NA,0,NA,NA,NA,NA,0,NA,NA,NA,NA,0,NA,NA,NA,NA,0,NA,NA,NA,NA,0,NA,NA,NA,NA
Yanam,'1.1',Total number of pregnant women registered for ANC,TOTAL,111,104,7,29,82,103,96,7,34,69,103,98,5,35,68,102,90,12,35,67,100,70,30,46,54,102,63,39,70,32,106,84,22,35,71,164,124,40,68,96,165,113,52,75,90,137,108,29,46,91,101,101,0,34,67,141,110,31,64,77,1435,1161,274,571,864
Yanam,'1.1.1',"Out of the total ANC registered, number registered within 1st trimester (within 12 weeks)",TOTAL,80,79,1,21,59,63,58,5,24,39,78,78,0,24,54,80,76,4,23,57,81,51,30,44,37,57,54,3,32,25,65,55,10,22,43,75,63,12,37,38,102,102,0,18,84,104,92,12,25,79,56,56,0,32,24,100,95,5,32,68,941,859,82,334,607
Yanam,'1.2.1',Number of PW given TT1,TOTAL,62,62,0,12,50,61,61,0,15,46,62,62,0,21,41,47,47,0,13,34,42,42,0,11,31,46,46,0,21,25,48,48,0,9,39,60,60,0,22,38,53,53,0,15,38,69,69,0,11,58,56,56,0,21,35,47,47,0,19,28,653,653,0,190,463
Yanam,'1.2.2',Number of PW given TT2,TOTAL,48,48,0,17,31,56,56,0,14,42,70,70,0,14,56,54,54,0,18,36,44,44,0,14,30,39,39,0,10,29,57,57,0,17,40,28,28,0,10,18,41,41,0,16,25,61,61,0,14,47,37,37,0,11,26,40,40,0,16,24,575,575,0,171,404
Yanam,'1.2.3',Number of PW given TT Booster,TOTAL,7,7,0,6,1,8,8,0,7,1,17,17,0,6,11,12,12,0,7,5,6,6,0,3,3,10,10,0,8,2,9,9,0,4,5,8,8,0,6,2,8,8,0,6,2,15,15,0,3,12,12,12,0,12,0,10,10,0,10,0,122,122,0,78,44
Yanam,'1.2.4',Number of PW given 180 Iron Folic Acid (IFA) tablets,TOTAL,97,97,0,21,76,106,106,0,24,82,72,72,0,18,54,66,54,12,26,40,15,5,10,15,0,63,63,0,24,39,118,96,22,35,83,152,124,28,41,111,192,152,40,63,129,137,108,29,48,89,59,59,0,17,42,157,157,0,30,127,1234,1093,141,362,872
Yanam,'1.2.5',Number of PW given 360 Calcium tablets,TOTAL,97,97,0,20,77,5,5,0,5,0,11,11,0,11,0,14,2,12,14,0,13,3,10,13,0,94,55,39,60,34,12,10,2,12,0,152,124,28,36,116,10,10,0,10,0,36,7,29,36,0,55,55,0,13,42,149,149,0,22,127,648,528,120,252,396
Yanam,'1.2.6',Number of PW given one Albendazole tablet after 1st trimester,TOTAL,64,64,0,30,34,74,74,0,35,39,78,78,0,30,48,100,99,1,43,57,65,60,5,44,21,60,60,0,35,25,83,83,0,40,43,67,63,4,26,41,114,114,0,30,84,114,108,6,35,79,79,79,0,25,54,52,52,0,28,24,950,934,16,401,549
Yanam,'1.2.7',Number of PW received 4 or more ANC check ups,TOTAL,154,154,0,27,127,138,138,0,20,118,151,151,0,22,129,159,149,10,32,127,161,151,10,34,127,55,55,0,23,32,121,114,7,26,95,125,125,0,27,98,114,114,0,23,91,118,98,20,39,79,43,43,0,19,24,135,135,0,6,129,1474,1427,47,298,1176
Yanam,'1.2.8',Number of PW given ANC Corticosteroids in Pre Term Labour,TOTAL,0,0,0,0,0,0,0,0,0,0,0,0,0,0,0,0,0,0,0,0,0,0,0,0,0,0,0,0,0,0,0,0,0,0,0,0,0,0,0,0,0,0,0,0,0,0,0,0,0,0,0,0,0,0,0,0,0,0,0,0,0,0,0,0,0
Yanam,'1.3.1',New cases of PW with hypertension detected,TOTAL,0,0,0,0,0,0,0,0,0,0,0,0,0,0,0,2,2,0,0,2,0,0,0,0,0,0,0,0,0,0,1,0,1,1,0,0,0,0,0,0,0,0,0,0,0,2,2,0,1,1,0,0,0,0,0,4,4,0,2,2,9,8,1,4,5
Yanam,'1.3.1.a',"Out of the new cases of PW with hypertension detected, cases managed at institution",TOTAL,0,0,0,0,0,0,0,0,0,0,0,0,0,0,0,0,0,0,0,0,0,0,0,0,0,0,0,0,0,0,1,0,1,1,0,0,0,0,0,0,0,0,0,0,0,0,0,0,0,0,0,0,0,0,0,0,0,0,0,0,1,0,1,1,0
Yanam,'1.3.2',Number of Eclampsia cases managed during delivery,TOTAL,0,0,0,0,0,0,0,0,0,0,0,0,0,0,0,0,0,0,0,0,0,0,0,0,0,0,0,0,0,0,0,0,0,0,0,0,0,0,0,0,0,0,0,0,0,0,0,0,0,0,0,0,0,0,0,0,0,0,0,0,0,0,0,0,0
Yanam,'1.4.1',Number of PW tested for Haemoglobin (Hb ) 4 or more than 4 times for respective ANCs,TOTAL,22,22,0,22,0,27,27,0,27,0,30,30,0,30,0,33,23,10,33,0,14,14,0,14,0,23,23,0,23,0,4,4,0,4,0,24,24,0,24,0,46,46,0,23,23,30,17,13,30,0,34,34,0,34,0,26,26,0,26,0,313,290,23,290,23
Yanam,'1.4.2',Number of PW having Hb level<11 (tested cases)(7.1 to 10.9),TOTAL,92,92,0,21,71,97,97,0,27,70,91,91,0,30,61,124,123,1,24,100,70,70,0,14,56,112,112,0,23,89,74,74,0,4,70,107,107,0,24,83,130,130,0,22,108,115,115,0,17,98,123,123,0,34,89,214,214,0,26,188,1349,1348,1,266,1083
Yanam,'1.4.3',Number of PW having Hb level<7 (tested cases),TOTAL,1,1,0,1,0,0,0,0,0,0,0,0,0,0,0,3,3,0,0,3,0,0,0,0,0,0,0,0,0,0,0,0,0,0,0,1,1,0,0,1,1,1,0,1,0,0,0,0,0,0,0,0,0,0,0,0,0,0,0,0,6,6,0,2,4
Yanam,'1.4.4',Number of PW having severe anaemia (Hb<7) treated,TOTAL,0,0,0,0,0,0,0,0,0,0,0,0,0,0,0,3,3,0,0,3,0,0,0,0,0,0,0,0,0,0,0,0,0,0,0,1,1,0,0,1,0,0,0,0,0,0,0,0,0,0,0,0,0,0,0,0,0,0,0,0,4,4,0,0,4
Yanam,'1.5.1',Number of PW tested for blood sugar using OGTT (Oral Glucose Tolerance Test),TOTAL,7,0,7,7,0,3,0,3,3,0,11,0,11,11,0,0,0,0,0,0,0,0,0,0,0,2,0,2,2,0,3,0,3,3,0,40,0,40,40,0,0,0,0,0,0,0,0,0,0,0,0,0,0,0,0,0,0,0,0,0,66,0,66,66,0
Yanam,'1.5.2',Number of PW tested positive for GDM,TOTAL,0,0,0,0,0,0,0,0,0,0,0,0,0,0,0,0,0,0,0,0,0,0,0,0,0,0,0,0,0,0,0,0,0,0,0,1,0,1,1,0,0,0,0,0,0,0,0,0,0,0,0,0,0,0,0,0,0,0,0,0,1,0,1,1,0
Yanam,'1.5.3',Number of PW given insulin out of total tested positive for GDM,TOTAL,0,0,0,0,0,0,0,0,0,0,0,0,0,0,0,0,0,0,0,0,0,0,0,0,0,0,0,0,0,0,0,0,0,0,0,0,0,0,0,0,0,0,0,0,0,0,0,0,0,0,0,0,0,0,0,0,0,0,0,0,0,0,0,0,0
Yanam,'1.6.1.a',Number of PW tested using POC test for Syphilis,TOTAL,0,0,NA,0,NA,0,0,NA,0,NA,0,0,NA,0,NA,0,0,NA,0,NA,0,0,NA,0,NA,0,0,NA,0,NA,0,0,NA,0,NA,0,0,NA,0,NA,0,0,NA,0,NA,0,0,NA,0,NA,0,0,NA,0,NA,0,0,NA,0,NA,0,0,NA,0,NA
Yanam,'1.6.1.b',"Out of above, number of PW found sero positive for syphilis",TOTAL,0,0,NA,0,NA,0,0,NA,0,NA,0,0,NA,0,NA,0,0,NA,0,NA,0,0,NA,0,NA,0,0,NA,0,NA,0,0,NA,0,NA,0,0,NA,0,NA,0,0,NA,0,NA,0,0,NA,0,NA,0,0,NA,0,NA,0,0,NA,0,NA,0,0,NA,0,NA
Yanam,'1.6.2.a',Number of pregnant women tested for Syphilis,TOTAL,108,76,32,32,76,72,64,8,8,64,83,61,22,22,61,156,144,12,12,144,81,57,24,24,57,85,76,9,9,76,105,83,22,22,83,112,84,28,28,84,136,108,28,28,108,123,98,25,25,98,117,97,20,20,97,108,98,10,10,98,1286,1046,240,240,1046
Yanam,'1.6.2.b',Number of pregnant women tested found sero positive for Syphilis,TOTAL,0,0,0,0,0,0,0,0,0,0,0,0,0,0,0,0,0,0,0,0,0,0,0,0,0,0,0,0,0,0,0,0,0,0,0,0,0,0,0,0,0,0,0,0,0,0,0,0,0,0,0,0,0,0,0,0,0,0,0,0,0,0,0,0,0
Yanam,'1.6.2.c',Number of syphilis positive pregnant women treated for Syphilis,TOTAL,0,0,0,0,0,0,0,0,0,0,0,0,0,0,0,0,0,0,0,0,0,0,0,0,0,0,0,0,0,0,0,0,0,0,0,0,0,0,0,0,0,0,0,0,0,0,0,0,0,0,0,0,0,0,0,0,0,0,0,0,0,0,0,0,0
Yanam,'1.6.2.d',Number of babies diagnosed with Congenital Syphilis,TOTAL,0,0,0,0,0,0,0,0,0,0,0,0,0,0,0,0,0,0,0,0,0,0,0,0,0,0,0,0,0,0,0,0,0,0,0,0,0,0,0,0,0,0,0,0,0,0,0,0,0,0,0,0,0,0,0,0,0,0,0,0,0,0,0,0,0
Yanam,'1.6.2.e',Number of babies treated for congenital Syphilis,TOTAL,0,0,0,0,0,0,0,0,0,0,0,0,0,0,0,0,0,0,0,0,0,0,0,0,0,0,0,0,0,0,0,0,0,0,0,0,0,0,0,0,0,0,0,0,0,0,0,0,0,0,0,0,0,0,0,0,0,0,0,0,0,0,0,0,0
Yanam,'2.1.1.a',Number of Home Deliveries attended by Skill Birth Attendant(SBA) (Doctor/Nurse/ANM),TOTAL,0,0,NA,0,NA,0,0,NA,0,NA,0,0,NA,0,NA,0,0,NA,0,NA,0,0,NA,0,NA,0,0,NA,0,NA,0,0,NA,0,NA,0,0,NA,0,NA,0,0,NA,0,NA,0,0,NA,0,NA,0,0,NA,0,NA,0,0,NA,0,NA,0,0,NA,0,NA
Yanam,'2.1.1.b',Number of Home Deliveries attended by Non SBA (Trained Birth Attendant(TBA) /Relatives/etc.),TOTAL,0,0,NA,0,NA,0,0,NA,0,NA,0,0,NA,0,NA,0,0,NA,0,NA,0,0,NA,0,NA,0,0,NA,0,NA,0,0,NA,0,NA,0,0,NA,0,NA,0,0,NA,0,NA,0,0,NA,0,NA,0,0,NA,0,NA,0,0,NA,0,NA,0,0,NA,0,NA
Yanam,'2.1.2',Number of PW given Tablet Misoprostol during home delivery,TOTAL,0,0,NA,0,NA,0,0,NA,0,NA,0,0,NA,0,NA,0,0,NA,0,NA,0,0,NA,0,NA,0,0,NA,0,NA,0,0,NA,0,NA,0,0,NA,0,NA,0,0,NA,0,NA,0,0,NA,0,NA,0,0,NA,0,NA,0,0,NA,0,NA,0,0,NA,0,NA
Yanam,'2.1.3',Number of newborns received 7 Home Based Newborn Care (HBNC) visits in case of Home delivery,TOTAL,0,0,NA,0,NA,0,0,NA,0,NA,0,0,NA,0,NA,0,0,NA,0,NA,0,0,NA,0,NA,0,0,NA,0,NA,0,0,NA,0,NA,0,0,NA,0,NA,0,0,NA,0,NA,0,0,NA,0,NA,0,0,NA,0,NA,0,0,NA,0,NA,0,0,NA,0,NA
Yanam,'2.2',Number of Institutional Deliveries conducted (Including C-Sections),TOTAL,47,46,1,1,46,37,32,5,5,32,44,38,6,6,38,48,45,3,3,45,47,45,2,2,45,47,42,5,5,42,63,55,8,8,55,38,34,4,4,34,46,35,11,11,35,37,33,4,4,33,21,21,0,0,21,31,31,0,0,31,506,457,49,49,457
Yanam,'2.2.1',Out of total institutional deliveries number of women discharged within 48 hours of delivery,TOTAL,0,0,0,0,0,0,0,0,0,0,0,0,0,0,0,0,0,0,0,0,1,1,0,0,1,0,0,0,0,0,0,0,0,0,0,0,0,0,0,0,0,0,0,0,0,0,0,0,0,0,0,0,0,0,0,3,3,0,0,3,4,4,0,0,4
Yanam,'2.2.2',Number of newborns received 6 HBNC  visits after Institutional Delivery,TOTAL,0,0,0,0,NA,0,0,0,0,NA,0,0,0,0,NA,0,0,0,0,NA,0,0,0,0,NA,0,0,0,0,NA,0,0,0,0,NA,0,0,0,0,NA,0,0,0,0,NA,0,0,0,0,NA,0,0,0,0,NA,0,0,0,0,NA,0,0,0,0,NA
Yanam,'3.1',Total C -Section deliveries performed,TOTAL,18,18,0,0,18,20,15,5,5,15,26,20,6,6,20,22,19,3,3,19,23,21,2,2,21,19,15,4,4,15,32,24,8,8,24,20,16,4,4,16,24,16,8,8,16,24,20,4,4,20,12,12,0,0,12,12,12,0,0,12,252,208,44,44,208
Yanam,'3.1.1',"C-sections, performed at night (8 PM- 8 AM)",TOTAL,0,0,0,0,0,0,0,0,0,0,0,0,0,0,0,1,0,1,1,0,0,0,0,0,0,0,0,0,0,0,0,0,0,0,0,0,0,0,0,0,0,0,0,0,0,0,0,0,0,0,0,0,0,0,0,0,0,0,0,0,1,0,1,1,0
Yanam,'4.1.1.a',Live Birth - Male,TOTAL,25,24,1,1,24,15,11,4,4,11,23,21,2,2,21,24,21,3,3,21,34,33,1,1,33,25,21,4,4,21,29,25,4,4,25,21,19,2,2,19,25,20,5,5,20,18,15,3,3,15,12,12,0,0,12,16,16,0,0,16,267,238,29,29,238
Yanam,'4.1.1.b',Live Birth - Female,TOTAL,22,22,0,0,22,22,21,1,1,21,21,17,4,4,17,25,25,0,0,25,13,12,1,1,12,22,21,1,1,21,33,29,4,4,29,17,15,2,2,15,21,15,6,6,15,19,18,1,1,18,9,9,0,0,9,15,15,0,0,15,239,219,20,20,219
Yanam,'4.1.2',Number of Pre term newborns ( < 37 weeks of pregnancy),TOTAL,0,0,0,0,0,0,0,0,0,0,0,0,0,0,0,0,0,0,0,0,0,0,0,0,0,0,0,0,0,0,0,0,0,0,0,0,0,0,0,0,0,0,0,0,0,0,0,0,0,0,0,0,0,0,0,0,0,0,0,0,0,0,0,0,0
Yanam,'4.1.3',Still Birth,TOTAL,0,0,0,0,0,0,0,0,0,0,0,0,0,0,0,0,0,0,0,0,0,0,0,0,0,0,0,0,0,0,1,1,0,0,1,0,0,0,0,0,0,0,0,0,0,0,0,0,0,0,0,0,0,0,0,0,0,0,0,0,1,1,0,0,1
Yanam,'4.2',Abortion (spontaneous),TOTAL,3,3,0,0,3,0,0,0,0,0,2,2,0,0,2,0,0,0,0,0,4,4,0,0,4,2,2,0,0,2,2,2,0,0,2,8,8,0,0,8,2,2,0,0,2,5,5,0,0,5,2,2,0,0,2,3,3,0,0,3,33,33,0,0,33
Yanam,'4.3.1.a',MTP up to 12 weeks of pregnancy,TOTAL,1,1,0,0,1,1,1,0,0,1,2,2,0,0,2,0,0,0,0,0,0,0,0,0,0,0,0,0,0,0,2,2,0,0,2,0,0,0,0,0,2,2,0,0,2,1,1,0,0,1,3,3,0,0,3,0,0,0,0,0,12,12,0,0,12
Yanam,'4.3.1.b',MTP more than 12 weeks of pregnancy,TOTAL,0,0,0,0,0,0,0,0,0,0,0,0,0,0,0,0,0,0,0,0,0,0,0,0,0,0,0,0,0,0,0,0,0,0,0,0,0,0,0,0,0,0,0,0,0,0,0,0,0,0,0,0,0,0,0,0,0,0,0,0,0,0,0,0,0
Yanam,'4.3.2.a',Post Abortion/ MTP Complications Identified,TOTAL,0,0,0,0,0,0,0,0,0,0,0,0,0,0,0,0,0,0,0,0,0,0,0,0,0,0,0,0,0,0,0,0,0,0,0,0,0,0,0,0,0,0,0,0,0,0,0,0,0,0,0,0,0,0,0,0,0,0,0,0,0,0,0,0,0
Yanam,'4.3.2.b',Post Abortion/ MTP Complications Treated,TOTAL,0,0,0,0,0,0,0,0,0,0,0,0,0,0,0,0,0,0,0,0,0,0,0,0,0,0,0,0,0,0,0,0,0,0,0,0,0,0,0,0,0,0,0,0,0,0,0,0,0,0,0,0,0,0,0,0,0,0,0,0,0,0,0,0,0
Yanam,'4.3.3',Number of women provided with post abortion/ MTP contraception,TOTAL,0,0,0,0,0,0,0,0,0,0,0,0,0,0,0,0,0,0,0,0,0,0,0,0,0,0,0,0,0,0,0,0,0,0,0,0,0,0,0,0,0,0,0,0,0,0,0,0,0,0,0,0,0,0,0,0,0,0,0,0,0,0,0,0,0
Yanam,'4.4.1',Number of newborns weighed at birth,TOTAL,46,46,0,0,46,37,32,5,5,32,44,38,6,6,38,49,46,3,3,46,47,45,2,2,45,46,42,4,4,42,63,55,8,8,55,38,34,4,4,34,46,35,11,11,35,37,33,4,4,33,21,21,0,0,21,31,31,0,0,31,505,458,47,47,458
Yanam,'4.4.2',Number of newborns having weight less than 2.5 kg,TOTAL,3,3,0,0,3,2,1,1,1,1,0,0,0,0,0,3,3,0,0,3,4,4,0,0,4,0,0,0,0,0,1,1,0,0,1,0,0,0,0,0,2,2,0,0,2,5,4,1,1,4,1,1,0,0,1,0,0,0,0,0,21,19,2,2,19
Yanam,'4.4.3',Number of Newborns breast fed within 1 hour of birth ,TOTAL,46,46,0,0,46,37,32,5,5,32,44,38,6,6,38,49,46,3,3,46,47,45,2,2,45,46,42,4,4,42,62,54,8,8,54,38,34,4,4,34,46,35,11,11,35,37,33,4,4,33,21,21,0,0,21,31,31,0,0,31,504,457,47,47,457
Yanam,'5.1',"Number of cases of pregnant women with Obstetric Complications attended (Antepartum haemorrhage (APH), Post-Partum Hemorrhage (PPH), Sepsis, Eclampsia and others)",TOTAL,0,0,0,0,0,0,0,0,0,0,0,0,0,0,0,0,0,0,0,0,0,0,0,0,0,0,0,0,0,0,0,0,0,0,0,0,0,0,0,0,0,0,0,0,0,0,0,0,0,0,0,0,0,0,0,0,0,0,0,0,0,0,0,0,0
Yanam,'5.2',Number of Complicated pregnancies treated with Blood Transfusion,TOTAL,0,0,0,0,0,0,0,0,0,0,0,0,0,0,0,0,0,0,0,0,0,0,0,0,0,0,0,0,0,0,1,1,0,0,1,0,0,0,0,0,0,0,0,0,0,0,0,0,0,0,0,0,0,0,0,0,0,0,0,0,1,1,0,0,1
Yanam,'6.1',Women receiving 1st post partum checkup within 48 hours of home delivery,TOTAL,0,0,0,0,0,0,0,0,0,0,0,0,0,0,0,0,0,0,0,0,0,0,0,0,0,0,0,0,0,0,0,0,0,0,0,0,0,0,0,0,0,0,0,0,0,0,0,0,0,0,0,0,0,0,0,0,0,0,0,0,0,0,0,0,0
Yanam,'6.2',Women receiving 1st post partum checkup between 48 hours and 14 days,TOTAL,29,29,0,0,29,0,0,0,0,0,12,12,0,0,12,53,53,0,7,46,45,45,0,0,45,48,48,0,6,42,3,3,0,3,0,34,34,0,4,30,43,43,0,8,35,47,47,0,14,33,30,30,0,10,20,15,15,0,5,10,359,359,0,57,302
Yanam,'6.3',Number of mothers provided full course of 180 IFA tablets after delivery,TOTAL,46,46,0,0,46,54,54,0,0,54,38,38,0,0,38,5,2,3,5,0,0,0,0,0,0,69,69,0,21,48,82,74,8,28,54,34,34,0,13,21,70,70,0,22,48,56,56,0,23,33,46,46,0,11,35,45,45,0,14,31,545,534,11,137,408
Yanam,'6.4',Number of mothers provided 360 Calcium tablets after delivery,TOTAL,46,46,0,0,46,0,0,0,0,0,38,38,0,0,38,3,0,3,3,0,620,620,0,0,620,69,69,0,21,48,28,20,8,28,0,34,34,0,13,21,62,62,0,14,48,44,44,0,11,33,32,32,0,11,21,43,43,0,12,31,1019,1008,11,113,906
Yanam,'7.1.1',New RTI/STI cases identified - Male,TOTAL,0,0,0,0,0,0,0,0,0,0,0,0,0,0,0,0,0,0,0,0,0,0,0,0,0,0,0,0,0,0,6,0,6,6,0,0,0,0,0,0,1,1,0,0,1,0,0,0,0,0,2,2,0,0,2,0,0,0,0,0,9,3,6,6,3
Yanam,'7.1.2',New RTI/STI cases identified - Female,TOTAL,16,16,0,0,16,0,0,0,0,0,0,0,0,0,0,4,0,4,4,0,0,0,0,0,0,0,0,0,0,0,0,0,0,0,0,2,0,2,2,0,18,18,0,0,18,2,0,2,2,0,17,17,0,0,17,6,6,0,0,6,65,57,8,8,57
Yanam,'7.2.1',RTI/STI for which treatment initiated - Male,TOTAL,0,0,0,0,0,0,0,0,0,0,0,0,0,0,0,0,0,0,0,0,0,0,0,0,0,0,0,0,0,0,0,0,0,0,0,0,0,0,0,0,0,0,0,0,0,0,0,0,0,0,0,0,0,0,0,0,0,0,0,0,0,0,0,0,0
Yanam,'7.2.2',RTI/STI for which treatment initiated -Female,TOTAL,0,0,0,0,0,0,0,0,0,0,0,0,0,0,0,4,0,4,4,0,0,0,0,0,0,0,0,0,0,0,0,0,0,0,0,0,0,0,0,0,0,0,0,0,0,0,0,0,0,0,0,0,0,0,0,0,0,0,0,0,4,0,4,4,0
Yanam,'8.1.1',Number of Non Scalpel Vasectomy (NSV) / Conventional Vasectomy conducted,TOTAL,0,0,0,0,0,0,0,0,0,0,1,1,0,0,1,1,1,0,0,1,0,0,0,0,0,1,1,0,0,1,0,0,0,0,0,0,0,0,0,0,3,3,0,0,3,0,0,0,0,0,0,0,0,0,0,0,0,0,0,0,6,6,0,0,6
Yanam,'8.2.1',Number of Laparoscopic sterilizations (excluding post abortion) conducted,TOTAL,0,0,0,0,0,0,0,0,0,0,0,0,0,0,0,0,0,0,0,0,0,0,0,0,0,0,0,0,0,0,0,0,0,0,0,0,0,0,0,0,0,0,0,0,0,0,0,0,0,0,0,0,0,0,0,0,0,0,0,0,0,0,0,0,0
Yanam,'8.2.2',Number of Interval Mini-lap (other than post-partum and post abortion) sterilizations conducted,TOTAL,1,1,0,0,1,7,7,0,0,7,1,1,0,0,1,5,5,0,0,5,6,5,1,1,5,8,8,0,0,8,3,3,0,0,3,11,11,0,0,11,5,5,0,0,5,7,7,0,0,7,0,0,0,0,0,0,0,0,0,0,54,53,1,1,53
Yanam,'8.2.3',Number of Postpartum sterilizations (within 7 days of delivery by minilap or concurrent with caesarean section) conducted,TOTAL,7,7,0,0,7,7,7,0,0,7,7,7,0,0,7,10,10,0,0,10,11,11,0,0,11,3,3,0,0,3,10,8,2,2,8,8,6,2,2,6,4,4,0,0,4,6,5,1,1,5,12,12,0,0,12,10,10,0,0,10,95,90,5,5,90
Yanam,'8.2.4',Number of Post Abortion sterilizations (within 7 days of spontaneous or surgical abortion) conducted,TOTAL,0,0,0,0,0,0,0,0,0,0,0,0,0,0,0,0,0,0,0,0,0,0,0,0,0,0,0,0,0,0,0,0,0,0,0,0,0,0,0,0,0,0,0,0,0,0,0,0,0,0,0,0,0,0,0,0,0,0,0,0,0,0,0,0,0
Yanam,'8.3',Number of Interval IUCD Insertions (excluding PPIUCD and PAIUCD),TOTAL,0,0,0,0,0,1,1,0,0,1,5,5,0,0,5,8,8,0,0,8,6,6,0,0,6,2,2,0,0,2,0,0,0,0,0,10,10,0,0,10,0,0,0,0,0,24,24,0,0,24,11,11,0,5,6,11,11,0,0,11,78,78,0,5,73
Yanam,'8.4',Number of Postpartum (within 48 hours of delivery) IUCD insertions,TOTAL,6,6,0,0,6,17,17,0,0,17,0,0,0,0,0,3,3,0,2,1,0,0,0,0,0,0,0,0,0,0,0,0,0,0,0,0,0,0,0,0,0,0,0,0,0,0,0,0,0,0,0,0,0,0,0,0,0,0,0,0,26,26,0,2,24
Yanam,'8.5',Number of Post Abortion (within 12 days of spontaneous or surgical abortion) IUCD insertions,TOTAL,0,0,0,0,0,0,0,0,0,0,0,0,0,0,0,0,0,0,0,0,0,0,0,0,0,0,0,0,0,0,0,0,0,0,0,0,0,0,0,0,0,0,0,0,0,0,0,0,0,0,0,0,0,0,0,0,0,0,0,0,0,0,0,0,0
Yanam,'8.6',Number of IUCD Removals,TOTAL,0,0,0,0,0,5,5,0,0,5,0,0,0,0,0,2,2,0,0,2,0,0,0,0,0,3,3,0,1,2,0,0,0,0,0,2,1,1,1,1,4,4,0,0,4,1,0,1,1,0,7,7,0,3,4,7,7,0,0,7,31,29,2,6,25
Yanam,'8.7',Number of complications following IUCD Insertion,TOTAL,0,0,0,0,0,0,0,0,0,0,0,0,0,0,0,0,0,0,0,0,0,0,0,0,0,0,0,0,0,0,0,0,0,0,0,0,0,0,0,0,23,23,0,0,23,0,0,0,0,0,0,0,0,0,0,2,2,0,2,0,25,25,0,2,23
Yanam,'8.8',Injectable Contraceptive-Antara Program- First Dose,TOTAL,0,0,0,0,0,0,0,0,0,0,0,0,0,0,0,0,0,0,0,0,9,9,0,0,9,1,1,0,1,0,4,4,0,0,4,1,1,0,0,1,4,4,0,0,4,2,1,1,1,1,6,6,0,5,1,8,8,0,8,0,35,34,1,15,20
Yanam,'8.9',Injectable Contraceptive-Antara Program- Second Dose,TOTAL,0,0,0,0,0,0,0,0,0,0,0,0,0,0,0,0,0,0,0,0,1,1,0,0,1,0,0,0,0,0,0,0,0,0,0,1,1,0,1,0,0,0,0,0,0,2,2,0,0,2,0,0,0,0,0,0,0,0,0,0,4,4,0,1,3
Yanam,'8.10',Injectable Contraceptive-Antara Program- Third Dose,TOTAL,0,0,0,0,0,0,0,0,0,0,0,0,0,0,0,1,1,0,1,0,1,1,0,0,1,0,0,0,0,0,2,2,0,1,1,0,0,0,0,0,0,0,0,0,0,1,1,0,1,0,0,0,0,0,0,0,0,0,0,0,5,5,0,3,2
Yanam,'8.11',Injectable Contraceptive-Antara Program- Fourth or more than fourth,TOTAL,0,0,0,0,0,0,0,0,0,0,0,0,0,0,0,0,0,0,0,0,0,0,0,0,0,0,0,0,0,0,0,0,0,0,0,0,0,0,0,0,0,0,0,0,0,0,0,0,0,0,0,0,0,0,0,1,1,0,1,0,1,1,0,1,0
Yanam,'8.12',Number of Combined Oral Pill cycles distributed,TOTAL,280,280,0,224,56,0,0,0,0,0,0,0,0,0,0,0,0,0,0,0,0,0,0,0,0,73,73,0,27,46,181,181,0,42,139,123,123,0,35,88,126,126,0,38,88,125,125,0,34,91,102,102,0,39,63,119,119,0,35,84,1129,1129,0,474,655
Yanam,'8.13',Number of Condom pieces distributed,TOTAL,3260,3260,0,1220,2040,4580,4580,0,1530,3050,4670,4670,0,1590,3080,4840,4840,0,1750,3090,5140,5140,0,1800,3340,5090,5090,0,2150,2940,4390,4390,0,1970,2420,4330,4330,0,2060,2270,4200,4200,0,1950,2250,4190,4190,0,2020,2170,4360,4360,0,1910,2450,4040,4040,0,1800,2240,53090,53090,0,21750,31340
Yanam,'8.14',Number of Centchroman (weekly) pill strips distributed,TOTAL,0,0,0,0,0,0,0,0,0,0,0,0,0,0,0,0,0,0,0,0,0,0,0,0,0,0,0,0,0,0,0,0,0,0,0,0,0,0,0,0,0,0,0,0,0,0,0,0,0,0,0,0,0,0,0,0,0,0,0,0,0,0,0,0,0
Yanam,'8.15',Number of Emergency Contraceptive Pills (ECP) given,TOTAL,0,0,0,0,0,0,0,0,0,0,0,0,0,0,0,0,0,0,0,0,0,0,0,0,0,0,0,0,0,0,32,32,0,10,22,29,29,0,10,19,16,16,0,5,11,21,21,0,6,15,23,23,0,3,20,22,22,0,6,16,143,143,0,40,103
Yanam,'8.16',Number of Pregnancy Test Kits (PTK) used,TOTAL,0,0,0,0,0,0,0,0,0,0,0,0,0,0,0,0,0,0,0,0,0,0,0,0,0,0,0,0,0,0,0,0,0,0,0,0,0,0,0,0,154,154,0,0,154,0,0,0,0,0,0,0,0,0,0,0,0,0,0,0,154,154,0,0,154
Yanam,'8.17.1',Complications following male sterilization,TOTAL,0,0,0,0,0,0,0,0,0,0,0,0,0,0,0,0,0,0,0,0,0,0,0,0,0,0,0,0,0,0,0,0,0,0,0,0,0,0,0,0,0,0,0,0,0,0,0,0,0,0,0,0,0,0,0,0,0,0,0,0,0,0,0,0,0
Yanam,'8.17.2',Complications following female sterilization,TOTAL,0,0,0,0,0,0,0,0,0,0,0,0,0,0,0,0,0,0,0,0,0,0,0,0,0,0,0,0,0,0,0,0,0,0,0,0,0,0,0,0,0,0,0,0,0,0,0,0,0,0,0,0,0,0,0,0,0,0,0,0,0,0,0,0,0
Yanam,'8.17.3',Failures following male sterilization,TOTAL,0,0,0,0,0,0,0,0,0,0,0,0,0,0,0,0,0,0,0,0,0,0,0,0,0,0,0,0,0,0,0,0,0,0,0,0,0,0,0,0,0,0,0,0,0,0,0,0,0,0,0,0,0,0,0,0,0,0,0,0,0,0,0,0,0
Yanam,'8.17.4',Failures following female sterilization,TOTAL,0,0,0,0,0,0,0,0,0,0,0,0,0,0,0,0,0,0,0,0,0,0,0,0,0,0,0,0,0,0,0,0,0,0,0,0,0,0,0,0,0,0,0,0,0,0,0,0,0,0,0,0,0,0,0,0,0,0,0,0,0,0,0,0,0
Yanam,'8.17.5',Deaths following male sterilization,TOTAL,0,0,0,0,0,0,0,0,0,0,0,0,0,0,0,0,0,0,0,0,0,0,0,0,0,0,0,0,0,0,0,0,0,0,0,0,0,0,0,0,0,0,0,0,0,0,0,0,0,0,0,0,0,0,0,0,0,0,0,0,0,0,0,0,0
Yanam,'8.17.6',Deaths following female sterilization,TOTAL,0,0,0,0,0,0,0,0,0,0,0,0,0,0,0,0,0,0,0,0,0,0,0,0,0,0,0,0,0,0,0,0,0,0,0,0,0,0,0,0,0,0,0,0,0,0,0,0,0,0,0,0,0,0,0,0,0,0,0,0,0,0,0,0,0
Yanam,'9.1.1',Child immunisation - Vitamin K1 (Birth Dose),TOTAL,46,46,0,0,46,34,32,2,2,32,38,38,0,0,38,49,46,3,3,46,45,45,0,0,45,47,42,5,5,42,62,54,8,8,54,38,34,4,4,34,46,35,11,11,35,37,33,4,4,33,21,21,0,0,21,31,31,0,0,31,494,457,37,37,457
Yanam,'9.1.2',Child immunisation - BCG,TOTAL,46,46,0,0,46,34,32,2,2,32,38,38,0,0,38,49,46,3,3,46,45,45,0,0,45,42,42,0,0,42,54,54,0,0,54,34,34,0,0,34,35,35,0,0,35,33,33,0,0,33,21,21,0,0,21,31,31,0,0,31,462,457,5,5,457
Yanam,'9.1.3',Child immunisation - DPT1,TOTAL,0,0,0,0,0,0,0,0,0,0,48,48,0,0,48,0,0,0,0,0,0,0,0,0,0,0,0,0,0,0,0,0,0,0,0,0,0,0,0,0,0,0,0,0,0,5,0,5,5,0,0,0,0,0,0,0,0,0,0,0,53,48,5,5,48
Yanam,'9.1.4',Child immunisation - DPT2,TOTAL,0,0,0,0,0,0,0,0,0,0,0,0,0,0,0,0,0,0,0,0,0,0,0,0,0,0,0,0,0,0,0,0,0,0,0,0,0,0,0,0,0,0,0,0,0,5,0,5,5,0,0,0,0,0,0,0,0,0,0,0,5,0,5,5,0
Yanam,'9.1.5',Child immunisation - DPT3,TOTAL,0,0,0,0,0,3,0,3,3,0,0,0,0,0,0,0,0,0,0,0,0,0,0,0,0,0,0,0,0,0,0,0,0,0,0,0,0,0,0,0,0,0,0,0,0,5,0,5,5,0,0,0,0,0,0,0,0,0,0,0,8,0,8,8,0
Yanam,'9.1.6',Child immunisation - Pentavalent 1,TOTAL,26,26,0,5,21,54,54,0,6,48,75,75,0,11,64,68,63,5,15,53,58,58,0,7,51,52,52,0,4,48,53,53,0,3,50,57,57,0,3,54,63,63,0,14,49,49,46,3,9,40,61,58,3,19,42,47,47,0,9,38,663,652,11,105,558
Yanam,'9.1.7',Child immunisation - Pentavalent 2,TOTAL,46,46,0,7,39,28,28,0,4,24,57,57,0,9,48,91,86,5,16,75,71,71,0,8,63,51,51,0,5,46,47,47,0,1,46,51,51,0,4,47,65,65,0,5,60,62,59,3,19,43,59,56,3,8,51,49,49,0,16,33,677,666,11,102,575
Yanam,'9.1.8',Child immunisation - Pentavalent 3,TOTAL,58,58,0,9,49,41,41,0,6,35,28,28,0,10,18,65,60,5,12,53,75,75,0,16,59,49,49,0,8,41,42,42,0,1,41,42,42,0,3,39,64,64,0,7,57,55,55,0,14,41,56,56,0,14,42,44,44,0,5,39,619,614,5,105,514
Yanam,'9.1.9',Child immunisation - OPV 0 (Birth Dose),TOTAL,46,46,0,0,46,34,32,2,2,32,38,38,0,0,38,49,46,3,3,46,45,45,0,0,45,42,42,0,0,42,54,54,0,0,54,34,34,0,0,34,35,35,0,0,35,33,33,0,0,33,21,21,0,0,21,31,31,0,0,31,462,457,5,5,457
Yanam,'9.1.10',Child immunisation - OPV1,TOTAL,26,26,0,5,21,54,54,0,6,48,75,75,0,11,64,63,63,0,10,53,58,58,0,7,51,52,52,0,4,48,53,53,0,3,50,57,57,0,3,54,63,63,0,14,49,46,46,0,6,40,58,58,0,16,42,47,47,0,9,38,652,652,0,94,558
Yanam,'9.1.11',Child immunisation - OPV2,TOTAL,46,46,0,7,39,28,28,0,4,24,57,57,0,9,48,86,86,0,11,75,71,71,0,8,63,51,51,0,5,46,47,47,0,1,46,51,51,NA,4,47,65,65,0,5,60,59,59,0,16,43,56,56,0,5,51,49,49,0,16,33,666,666,0,91,575
Yanam,'9.1.12',Child immunisation - OPV3,TOTAL,58,58,0,9,49,41,41,0,6,35,28,28,0,10,18,60,60,0,7,53,75,75,0,16,59,49,49,0,8,41,42,42,0,1,41,42,42,0,3,39,64,64,0,7,57,55,55,0,14,41,56,56,0,14,42,44,44,0,5,39,614,614,0,100,514
Yanam,'9.1.13',Child immunisation - Hepatitis-B0 (Birth Dose),TOTAL,46,46,0,0,46,34,32,2,2,32,38,38,0,0,38,49,46,3,3,46,45,45,0,0,45,42,42,0,0,42,62,54,8,8,54,38,34,4,4,34,35,35,0,0,35,33,33,0,0,33,21,21,0,0,21,31,31,0,0,31,474,457,17,17,457
Yanam,'9.1.14',Child immunisation - Hepatitis-B1,TOTAL,0,0,0,0,0,0,0,0,0,0,0,0,0,0,0,14,0,14,14,0,0,0,0,0,0,0,0,0,0,0,3,0,3,3,0,0,0,0,0,0,0,0,0,0,0,3,0,3,3,0,5,0,5,5,0,0,0,0,0,0,25,0,25,25,0
Yanam,'9.1.15',Child immunisation - Hepatitis-B2,TOTAL,0,0,0,0,0,3,0,3,3,0,0,0,0,0,0,14,0,14,14,0,0,0,0,0,0,0,0,0,0,0,3,0,3,3,0,0,0,0,0,0,0,0,0,0,0,3,0,3,3,0,0,0,0,0,0,0,0,0,0,0,23,0,23,23,0
Yanam,'9.1.16',Child immunisation - Hepatitis-B3,TOTAL,0,0,0,0,0,0,0,0,0,0,0,0,0,0,0,14,0,14,14,0,0,0,0,0,0,0,0,0,0,0,3,0,3,3,0,0,0,0,0,0,0,0,0,0,0,3,0,3,3,0,0,0,0,0,0,0,0,0,0,0,20,0,20,20,0
Yanam,'9.1.17',Child immunisation - Inactivated Polio Vaccine 1 (IPV 1),TOTAL,25,25,0,4,21,54,54,0,6,48,75,75,0,11,64,63,63,0,10,53,58,58,0,7,51,52,52,0,4,48,53,53,0,3,50,57,57,0,3,54,63,63,0,14,49,46,46,0,6,40,58,58,0,16,42,47,47,0,9,38,651,651,0,93,558
Yanam,'9.1.18',Child immunisation - Inactivated Polio Vaccine 2 (IPV 2),TOTAL,58,58,0,9,49,41,41,0,6,35,28,28,0,10,18,60,60,0,7,53,75,75,0,16,59,49,49,0,8,41,42,42,0,1,41,42,42,0,3,39,64,64,0,7,57,55,55,0,14,41,62,56,6,20,42,44,44,0,5,39,620,614,6,106,514
Yanam,'9.1.19',Child immunisation - Rotavirus 1,TOTAL,0,0,0,0,0,0,0,0,0,0,0,0,0,0,0,0,0,0,0,0,14,14,0,0,14,53,53,0,4,49,61,56,5,8,53,57,57,0,3,54,68,63,5,19,49,54,46,8,14,40,58,58,0,16,42,47,47,0,9,38,412,394,18,73,339
Yanam,'9.1.20',Child immunisation - Rotavirus 2,TOTAL,0,0,0,0,0,0,0,0,0,0,0,0,0,0,0,0,0,0,0,0,0,0,0,0,0,5,5,0,0,5,41,36,5,5,36,51,51,0,4,47,73,65,8,13,60,67,59,8,24,43,56,56,0,5,51,49,49,0,16,33,342,321,21,67,275
Yanam,'9.1.21',Child immunisation - Rotavirus 3,TOTAL,0,0,0,0,0,0,0,0,0,0,0,0,0,0,0,0,0,0,0,0,0,0,0,0,0,1,1,0,0,1,18,12,6,6,12,42,42,0,3,39,72,64,8,15,57,63,55,8,22,41,56,56,0,14,42,44,44,0,5,39,296,274,22,65,231
Yanam,'9.2.1',Child immunisation (9-11months) - Measles & Rubella (MR)- 1st Dose,TOTAL,25,25,0,18,7,70,68,2,14,56,57,55,2,20,37,85,76,9,35,50,40,40,0,12,28,67,67,0,20,47,43,43,0,9,34,57,57,0,12,45,47,44,3,13,34,55,52,3,12,43,61,61,0,14,47,40,40,0,16,24,647,628,19,195,452
Yanam,'9.2.2',Child immunisation (9-11months) - Measles 1st dose,TOTAL,0,0,0,0,0,0,0,0,0,0,2,0,2,2,0,0,0,0,0,0,0,0,0,0,0,0,0,0,0,0,0,0,0,0,0,0,0,0,0,0,2,0,2,2,0,1,0,1,1,0,0,0,0,0,0,0,0,0,0,0,5,0,5,5,0
Yanam,'9.2.3',Child immunisation (9-11months) - JE 1st dose,TOTAL,0,0,0,0,0,0,0,0,0,0,0,0,0,0,0,0,0,0,0,0,0,0,0,0,0,0,0,0,0,0,0,0,0,0,0,0,0,0,0,0,0,0,0,0,0,0,0,0,0,0,0,0,0,0,0,0,0,0,0,0,0,0,0,0,0
Yanam,'9.2.4.a',Children aged between 9 and 11 months fully immunized- Male,TOTAL,5,5,0,5,0,33,33,0,1,32,29,29,0,8,21,5,5,0,5,0,20,20,0,7,13,29,29,0,5,24,31,31,0,6,25,24,24,0,5,19,21,21,0,5,16,19,19,0,4,15,33,33,0,7,26,18,18,0,8,10,267,267,0,66,201
Yanam,'9.2.4.b',Children aged between 9 and 11 months fully immunized - Female,TOTAL,9,9,0,9,0,25,25,0,1,24,20,20,0,4,16,1,1,0,1,0,19,19,0,4,15,38,38,0,15,23,12,12,0,3,9,33,33,0,7,26,22,22,0,4,18,33,33,0,5,28,28,28,0,7,21,22,22,0,8,14,262,262,0,68,194
Yanam,'9.3.1',Child immunisation - Measles & Rubella (MR)- 1st Dose,TOTAL,0,0,0,0,0,0,0,0,0,0,0,0,0,0,0,0,0,0,0,0,0,0,0,0,0,0,0,0,0,0,0,0,0,0,0,0,0,0,0,0,5,0,5,5,0,2,0,2,2,0,0,0,0,0,0,0,0,0,0,0,7,0,7,7,0
Yanam,'9.3.2',Child immunisation - Measles-1st dose,TOTAL,0,0,0,0,0,0,0,0,0,0,0,0,0,0,0,0,0,0,0,0,0,0,0,0,0,0,0,0,0,0,0,0,0,0,0,0,0,0,0,0,3,0,3,3,0,0,0,0,0,0,0,0,0,0,0,0,0,0,0,0,3,0,3,3,0
Yanam,'9.3.3',Child immunisation - JE 1st dose,TOTAL,0,0,0,0,0,0,0,0,0,0,0,0,0,0,0,0,0,0,0,0,0,0,0,0,0,0,0,0,0,0,0,0,0,0,0,0,0,0,0,0,0,0,0,0,0,0,0,0,0,0,0,0,0,0,0,0,0,0,0,0,0,0,0,0,0
Yanam,'9.4.1',Child immunisation - Measles & Rubella (MR)- 2nd Dose (16-24 months),TOTAL,59,59,0,26,33,68,68,0,25,43,71,71,0,23,48,66,64,2,21,45,31,31,0,13,18,52,52,0,22,30,65,65,0,16,49,71,71,0,26,45,68,63,5,24,44,65,65,0,8,57,65,65,0,9,56,38,38,0,15,23,719,712,7,228,491
Yanam,'9.4.2',Child immunisation - Measles 2nd dose (More than 16 months),TOTAL,0,0,0,0,0,5,5,0,5,0,0,0,0,0,0,0,0,0,0,0,0,0,0,0,0,0,0,0,0,0,0,0,0,0,0,0,0,0,0,0,3,0,3,3,0,0,0,0,0,0,0,0,0,0,0,0,0,0,0,0,8,5,3,8,0
Yanam,'9.4.3',Child immunisation - DPT 1st Booster,TOTAL,59,59,0,26,33,68,68,0,25,43,71,71,0,23,48,64,64,0,19,45,31,31,0,13,18,52,52,0,22,30,65,65,0,16,49,71,71,0,26,45,66,63,3,22,44,65,65,0,8,57,65,65,0,9,56,38,38,0,15,23,715,712,3,224,491
Yanam,'9.4.4',Child immunisation - OPV Booster,TOTAL,59,59,0,26,33,68,68,0,25,43,71,71,0,23,48,64,64,0,19,45,31,31,0,13,18,52,52,0,22,30,65,65,0,16,49,71,71,0,26,45,63,63,0,19,44,65,65,0,8,57,65,65,0,9,56,38,38,0,15,23,712,712,0,221,491
Yanam,'9.4.5',"Child immunisation - Measles, Mumps, Rubella (MMR) Vaccine",TOTAL,0,0,0,0,0,2,0,2,2,0,0,0,0,0,0,0,0,0,0,0,0,0,0,0,0,0,0,0,0,0,0,0,0,0,0,0,0,0,0,0,6,0,6,6,0,0,0,0,0,0,0,0,0,0,0,0,0,0,0,0,8,0,8,8,0
Yanam,'9.4.6',Number of children more than 16 months of age who received Japanese Encephalitis (JE) vaccine,TOTAL,0,0,0,0,0,0,0,0,0,0,0,0,0,0,0,0,0,0,0,0,0,0,0,0,0,0,0,0,0,0,0,0,0,0,0,0,0,0,0,0,0,0,0,0,0,0,0,0,0,0,0,0,0,0,0,0,0,0,0,0,0,0,0,0,0
Yanam,'9.5.1',Child immunisation - Typhoid,TOTAL,0,0,0,0,0,2,0,2,2,0,3,0,3,3,0,2,0,2,2,0,0,0,0,0,0,3,0,3,3,0,3,0,3,3,0,0,0,0,0,0,3,0,3,3,0,1,0,1,1,0,0,0,0,0,0,0,0,0,0,0,17,0,17,17,0
Yanam,'9.5.2',Children more than 5 years received DPT5 (2nd Booster),TOTAL,0,0,0,0,0,0,0,0,0,0,0,0,0,0,0,0,0,0,0,0,14,14,0,14,0,67,67,0,67,0,50,50,0,25,25,342,342,0,21,321,72,72,0,10,62,4,0,4,4,0,1,1,0,1,0,0,0,0,0,0,550,546,4,142,408
Yanam,'9.5.3',Children more than 10 years received TT10,TOTAL,0,0,0,0,0,0,0,0,0,0,0,0,0,0,0,0,0,0,0,0,10,10,0,10,0,105,102,3,105,0,60,60,0,33,27,382,382,0,27,355,109,109,0,7,102,3,0,3,3,0,0,0,0,0,0,0,0,0,0,0,669,663,6,185,484
Yanam,'9.5.4',Children more than 16 years received TT16,TOTAL,0,0,0,0,0,0,0,0,0,0,0,0,0,0,0,0,0,0,0,0,0,0,0,0,0,51,51,0,51,0,36,36,0,36,0,538,538,0,39,499,134,134,0,30,104,0,0,0,0,0,0,0,0,0,0,0,0,0,0,0,759,759,0,156,603
Yanam,'9.6.1',Number of cases of AEFI - Abscess,TOTAL,0,0,0,0,0,0,0,0,0,0,0,0,0,0,0,0,0,0,0,0,0,0,0,0,0,0,0,0,0,0,69,69,0,0,69,0,0,0,0,0,0,0,0,0,0,0,0,0,0,0,0,0,0,0,0,0,0,0,0,0,69,69,0,0,69
Yanam,'9.6.2',Number of cases of AEFI - Death,TOTAL,0,0,0,0,0,0,0,0,0,0,0,0,0,0,0,0,0,0,0,0,0,0,0,0,0,0,0,0,0,0,0,0,0,0,0,0,0,0,0,0,0,0,0,0,0,0,0,0,0,0,0,0,0,0,0,0,0,0,0,0,0,0,0,0,0
Yanam,'9.6.3',Number of cases of AEFI - Others,TOTAL,0,0,0,0,0,0,0,0,0,0,0,0,0,0,0,0,0,0,0,0,0,0,0,0,0,0,0,0,0,0,0,0,0,0,0,0,0,0,0,0,0,0,0,0,0,0,0,0,0,0,0,0,0,0,0,0,0,0,0,0,0,0,0,0,0
Yanam,'9.7.1',Immunisation sessions planned,TOTAL,27,27,0,17,10,25,25,0,16,9,24,24,0,16,8,25,25,0,17,8,25,25,0,17,8,24,24,0,16,8,24,24,0,16,8,24,24,0,16,8,25,25,0,17,8,26,26,0,18,8,24,24,0,16,8,26,26,0,18,8,299,299,0,200,99
Yanam,'9.7.2',Immunisation sessions held,TOTAL,27,27,0,17,10,25,25,0,16,9,24,24,0,16,8,25,25,0,17,8,25,25,0,17,8,24,24,0,16,8,24,24,0,16,8,24,24,0,16,8,25,25,0,17,8,26,26,0,18,8,24,24,0,16,8,26,26,0,18,8,299,299,0,200,99
Yanam,'9.7.3',Number of Immunisation sessions where ASHAs were present,TOTAL,26,26,0,16,10,25,25,0,16,9,24,24,0,16,8,25,25,0,17,8,25,25,0,17,8,24,24,0,16,8,24,24,0,16,8,24,24,0,16,8,25,25,0,17,8,24,24,0,16,8,24,24,0,16,8,26,26,0,18,8,296,296,0,197,99
Yanam,'9.8.1',Child immunisation - Vitamin A Dose - 1,TOTAL,53,53,0,19,34,41,41,0,12,29,47,47,0,18,29,64,64,0,26,38,12,12,0,12,0,67,67,0,21,46,53,53,0,10,43,57,57,0,14,43,33,33,0,11,22,52,52,0,9,43,64,64,0,17,47,40,40,0,16,24,583,583,0,185,398
Yanam,'9.8.2',Child immunisation - Vitamin A Dose - 5,TOTAL,104,104,0,32,72,81,81,0,32,49,111,111,0,42,69,110,110,0,45,65,373,373,0,138,235,79,79,0,30,49,104,104,0,27,77,138,138,0,35,103,154,154,0,30,124,367,367,0,109,258,376,376,0,160,216,388,388,0,162,226,2385,2385,0,842,1543
Yanam,'9.8.3',Child immunisation - Vitamin A Dose - 9,TOTAL,87,87,0,32,55,79,79,0,31,48,94,94,0,9,85,124,124,0,53,71,405,405,0,131,274,79,79,0,34,45,90,90,0,41,49,141,141,0,43,98,167,167,0,25,142,302,302,0,176,126,437,437,0,221,216,530,530,0,214,316,2535,2535,0,1010,1525
Yanam,'9.9',Number of children (6-59 months) provided 8-10 doses (1ml) of IFA syrup (Bi weekly),TOTAL,382,382,NA,382,NA,283,283,NA,283,NA,417,417,NA,417,NA,376,376,NA,376,NA,363,363,NA,363,NA,437,437,NA,437,NA,397,397,NA,397,NA,371,371,NA,371,NA,150,150,NA,150,NA,225,225,NA,225,NA,469,469,NA,469,NA,427,427,NA,427,NA,4297,4297,NA,4297,NA
Yanam,'9.10',Number of children (12-59 months) provided Albendazole,TOTAL,0,0,0,0,0,0,0,0,0,0,0,0,0,0,0,24,0,24,24,0,12950,12950,0,640,12310,0,0,0,0,0,0,0,0,0,0,0,0,0,0,0,295,295,0,0,295,0,0,0,0,0,2047,2047,0,1141,906,889,889,0,0,889,16205,16181,24,1805,14400
Yanam,'9.11',Number of severely underweight children provided Health Checkup (0-5 yrs),TOTAL,0,0,0,0,0,0,0,0,0,0,0,0,0,0,0,0,0,0,0,0,0,0,0,0,0,0,0,0,0,0,0,0,0,0,0,0,0,0,0,0,0,0,0,0,0,0,0,0,0,0,0,0,0,0,0,0,0,0,0,0,0,0,0,0,0
Yanam,'10.1',Childhood Diseases - Pneumonia,TOTAL,0,0,0,0,0,0,0,0,0,0,0,0,0,0,0,0,0,0,0,0,0,0,0,0,0,0,0,0,0,0,0,0,0,0,0,0,0,0,0,0,0,0,0,0,0,0,0,0,0,0,0,0,0,0,0,1,1,0,0,1,1,1,0,0,1
Yanam,'10.2',Childhood Diseases - Asthma,TOTAL,0,0,0,0,0,0,0,0,0,0,0,0,0,0,0,5,1,4,4,1,0,0,0,0,0,0,0,0,0,0,1,1,0,0,1,4,4,0,0,4,6,1,5,5,1,3,0,3,3,0,0,0,0,0,0,4,4,0,0,4,23,11,12,12,11
Yanam,'10.3',Childhood Diseases - Sepsis,TOTAL,0,0,0,0,0,0,0,0,0,0,0,0,0,0,0,0,0,0,0,0,0,0,0,0,0,0,0,0,0,0,0,0,0,0,0,0,0,0,0,0,0,0,0,0,0,0,0,0,0,0,0,0,0,0,0,0,0,0,0,0,0,0,0,0,0
Yanam,'10.4',Childhood Diseases - Diphtheria,TOTAL,0,0,0,0,0,0,0,0,0,0,0,0,0,0,0,0,0,0,0,0,0,0,0,0,0,0,0,0,0,0,0,0,0,0,0,0,0,0,0,0,0,0,0,0,0,0,0,0,0,0,0,0,0,0,0,0,0,0,0,0,0,0,0,0,0
Yanam,'10.5',Childhood Diseases - Pertussis,TOTAL,0,0,0,0,0,0,0,0,0,0,0,0,0,0,0,0,0,0,0,0,0,0,0,0,0,0,0,0,0,0,0,0,0,0,0,0,0,0,0,0,0,0,0,0,0,0,0,0,0,0,0,0,0,0,0,0,0,0,0,0,0,0,0,0,0
Yanam,'10.6',Childhood Diseases - Tetanus Neonatorum,TOTAL,0,0,0,0,0,0,0,0,0,0,0,0,0,0,0,0,0,0,0,0,0,0,0,0,0,0,0,0,0,0,0,0,0,0,0,0,0,0,0,0,0,0,0,0,0,0,0,0,0,0,0,0,0,0,0,0,0,0,0,0,0,0,0,0,0
Yanam,'10.7',Childhood Diseases - Tuberculosis (TB),TOTAL,0,0,0,0,0,0,0,0,0,0,0,0,0,0,0,0,0,0,0,0,0,0,0,0,0,0,0,0,0,0,0,0,0,0,0,0,0,0,0,0,0,0,0,0,0,0,0,0,0,0,0,0,0,0,0,1,1,0,0,1,1,1,0,0,1
Yanam,'10.8',Childhood Diseases - Acute Flaccid Paralysis(AFP),TOTAL,0,0,0,0,0,0,0,0,0,0,0,0,0,0,0,0,0,0,0,0,0,0,0,0,0,0,0,0,0,0,0,0,0,0,0,0,0,0,0,0,0,0,0,0,0,0,0,0,0,0,0,0,0,0,0,0,0,0,0,0,0,0,0,0,0
Yanam,'10.9',Childhood Diseases - Measles,TOTAL,0,0,0,0,0,0,0,0,0,0,0,0,0,0,0,0,0,0,0,0,0,0,0,0,0,0,0,0,0,0,0,0,0,0,0,0,0,0,0,0,0,0,0,0,0,0,0,0,0,0,0,0,0,0,0,0,0,0,0,0,0,0,0,0,0
Yanam,'10.10',Childhood Diseases - Malaria,TOTAL,0,0,0,0,0,0,0,0,0,0,0,0,0,0,0,0,0,0,0,0,0,0,0,0,0,0,0,0,0,0,0,0,0,0,0,0,0,0,0,0,0,0,0,0,0,0,0,0,0,0,0,0,0,0,0,0,0,0,0,0,0,0,0,0,0
Yanam,'10.11',Childhood Diseases - Diarrhoea,TOTAL,2,2,0,0,2,1,1,0,0,1,0,0,0,0,0,0,0,0,0,0,0,0,0,0,0,1,1,0,0,1,1,1,0,0,1,3,3,0,0,3,0,0,0,0,0,0,0,0,0,0,0,0,0,0,0,3,3,0,0,3,11,11,0,0,11
Yanam,'10.12',Childhood Diseases - Diarrhoea treated in Inpatients,TOTAL,2,2,0,0,2,1,1,0,0,1,3,3,0,0,3,5,5,0,0,5,1,1,0,0,1,1,1,0,0,1,0,0,0,0,0,3,3,0,0,3,6,6,0,0,6,0,0,0,0,0,4,4,0,0,4,4,4,0,0,4,30,30,0,0,30
Yanam,'10.13',Children admitted with upper respiratory infections,TOTAL,0,0,0,0,0,0,0,0,0,0,0,0,0,0,0,1,1,0,0,1,0,0,0,0,0,0,0,0,0,0,10,10,0,0,10,6,6,0,0,6,0,0,0,0,0,3,3,0,0,3,1,1,0,0,1,2,2,0,0,2,23,23,0,0,23
Yanam,'10.14',Childhood Diseases - Severe Acute Malnutrition (SAM),TOTAL,0,0,0,0,0,0,0,0,0,0,0,0,0,0,0,0,0,0,0,0,0,0,0,0,0,0,0,0,0,0,0,0,0,0,0,0,0,0,0,0,0,0,0,0,0,0,0,0,0,0,0,0,0,0,0,0,0,0,0,0,0,0,0,0,0
Yanam,'11.1.1.a',Total Blood Smears Examined for Malaria,TOTAL,396,396,0,0,396,311,311,0,0,311,366,366,0,0,366,307,307,0,0,307,258,258,0,0,258,351,346,5,5,346,271,271,0,0,271,217,217,0,0,217,294,294,0,0,294,148,148,0,0,148,191,191,0,0,191,207,207,0,0,207,3317,3312,5,5,3312
Yanam,'11.1.1.b',Malaria (Microscopy Tests ) - Plasmodium Vivax test positive,TOTAL,0,0,0,0,0,0,0,0,0,0,0,0,0,0,0,1,1,0,0,1,0,0,0,0,0,0,0,0,0,0,0,0,0,0,0,2,2,0,0,2,1,1,0,0,1,0,0,0,0,0,0,0,0,0,0,0,0,0,0,0,4,4,0,0,4
Yanam,'11.1.1.c',Malaria (Microscopy Tests ) - Plasmodium Falciparum test positive,TOTAL,0,0,0,0,0,0,0,0,0,0,0,0,0,0,0,0,0,0,0,0,0,0,0,0,0,0,0,0,0,0,0,0,0,0,0,0,0,0,0,0,0,0,0,0,0,0,0,0,0,0,0,0,0,0,0,0,0,0,0,0,0,0,0,0,0
Yanam,'11.1.2.a',RDT conducted for Malaria,TOTAL,0,0,0,0,0,0,0,0,0,0,8,0,8,8,0,14,0,14,14,0,0,0,0,0,0,80,0,80,80,0,60,0,60,60,0,0,0,0,0,0,0,0,0,0,0,0,0,0,0,0,0,0,0,0,0,0,0,0,0,0,162,0,162,162,0
Yanam,'11.1.2.b',Malaria (RDT) - Plasmodium Vivax test positive,TOTAL,0,0,0,0,0,0,0,0,0,0,0,0,0,0,0,0,0,0,0,0,0,0,0,0,0,0,0,0,0,0,0,0,0,0,0,0,0,0,0,0,0,0,0,0,0,0,0,0,0,0,0,0,0,0,0,0,0,0,0,0,0,0,0,0,0
Yanam,'11.1.2.c',Malaria (RDT) - Plamodium Falciparum test positive,TOTAL,0,0,0,0,0,0,0,0,0,0,0,0,0,0,0,0,0,0,0,0,0,0,0,0,0,0,0,0,0,0,0,0,0,0,0,0,0,0,0,0,0,0,0,0,0,0,0,0,0,0,0,0,0,0,0,0,0,0,0,0,0,0,0,0,0
Yanam,'11.2.1',Kala Azar (RDT) - Tests Conducted,TOTAL,0,0,0,0,0,0,0,0,0,0,0,0,0,0,0,0,0,0,0,0,0,0,0,0,0,0,0,0,0,0,0,0,0,0,0,0,0,0,0,0,0,0,0,0,0,0,0,0,0,0,0,0,0,0,0,0,0,0,0,0,0,0,0,0,0
Yanam,'11.2.2',Kala Azar Positive Cases,TOTAL,0,0,0,0,0,0,0,0,0,0,0,0,0,0,0,0,0,0,0,0,0,0,0,0,0,0,0,0,0,0,0,0,0,0,0,0,0,0,0,0,0,0,0,0,0,0,0,0,0,0,0,0,0,0,0,0,0,0,0,0,0,0,0,0,0
Yanam,'11.2.3',Post-kala-azar dermal leishmaniasis (PKDL) cases,TOTAL,0,0,0,0,0,0,0,0,0,0,0,0,0,0,0,0,0,0,0,0,0,0,0,0,0,0,0,0,0,0,0,0,0,0,0,0,0,0,0,0,0,0,0,0,0,0,0,0,0,0,0,0,0,0,0,0,0,0,0,0,0,0,0,0,0
Yanam,'11.3.1',Dengue - RDT Test Positive,TOTAL,0,0,0,0,0,0,0,0,0,0,0,0,0,0,0,0,0,0,0,0,0,0,0,0,0,4,0,4,4,0,0,0,0,0,0,0,0,0,0,0,0,0,0,0,0,0,0,0,0,0,0,0,0,0,0,0,0,0,0,0,4,0,4,4,0
Yanam,'11.3.2',Dengue - Enzyme- Linked Immuno Sorbent Assay (ELISA) Test Positive,TOTAL,0,0,0,0,0,0,0,0,0,0,0,0,0,0,0,0,0,0,0,0,0,0,0,0,0,0,0,0,0,0,0,0,0,0,0,0,0,0,0,0,0,0,0,0,0,0,0,0,0,0,0,0,0,0,0,0,0,0,0,0,0,0,0,0,0
Yanam,'11.4.1',Tests Conducted for JE,TOTAL,0,0,0,0,0,0,0,0,0,0,0,0,0,0,0,0,0,0,0,0,0,0,0,0,0,0,0,0,0,0,0,0,0,0,0,0,0,0,0,0,0,0,0,0,0,0,0,0,0,0,0,0,0,0,0,0,0,0,0,0,0,0,0,0,0
Yanam,'11.4.2',Tests Positive for JE,TOTAL,0,0,0,0,0,0,0,0,0,0,0,0,0,0,0,0,0,0,0,0,0,0,0,0,0,0,0,0,0,0,0,0,0,0,0,0,0,0,0,0,0,0,0,0,0,0,0,0,0,0,0,0,0,0,0,0,0,0,0,0,0,0,0,0,0
Yanam,'12.1.1.a',Girls registered in AFHC,TOTAL,0,0,0,0,0,0,0,0,0,0,0,0,0,0,0,203,203,0,0,203,199,199,0,0,199,0,0,0,0,0,0,0,0,0,0,113,113,0,0,113,129,129,0,0,129,240,240,0,0,240,240,240,0,0,240,0,0,0,0,0,1124,1124,0,0,1124
Yanam,'12.1.1.b',Boys registered in AFHC,TOTAL,0,0,0,0,0,0,0,0,0,0,0,0,0,0,0,0,0,0,0,0,86,86,0,0,86,0,0,0,0,0,0,0,0,0,0,99,99,0,0,99,0,0,0,0,0,0,0,0,0,0,90,90,0,0,90,0,0,0,0,0,275,275,0,0,275
Yanam,'12.1.2.a',"Out of registered, Girls received clinical services",TOTAL,0,0,0,0,0,0,0,0,0,0,0,0,0,0,0,19,19,0,0,19,118,118,0,0,118,0,0,0,0,0,0,0,0,0,0,113,113,0,0,113,88,88,0,0,88,0,0,0,0,0,188,188,0,0,188,97,97,0,0,97,623,623,0,0,623
Yanam,'12.1.2.b',"Out of registered, Boys received clinical services",TOTAL,0,0,0,0,0,0,0,0,0,0,0,0,0,0,0,0,0,0,0,0,47,47,0,0,47,0,0,0,0,0,0,0,0,0,0,99,99,0,0,99,0,0,0,0,0,0,0,0,0,0,90,90,0,0,90,52,52,0,0,52,288,288,0,0,288
Yanam,'12.1.3.a',"Out of registered, Girls received counselling",TOTAL,0,0,0,0,0,0,0,0,0,0,0,0,0,0,0,203,203,0,0,203,160,160,0,0,160,0,0,0,0,0,0,0,0,0,0,0,0,0,0,0,0,0,0,0,0,0,0,0,0,0,179,179,0,0,179,116,116,0,0,116,658,658,0,0,658
Yanam,'12.1.3.b',"Out of registered, Boys received counselling",TOTAL,0,0,0,0,0,0,0,0,0,0,0,0,0,0,0,0,0,0,0,0,86,86,0,0,86,0,0,0,0,0,0,0,0,0,0,0,0,0,0,0,0,0,0,0,0,0,0,0,0,0,82,82,0,0,82,87,87,0,0,87,255,255,0,0,255
Yanam,'13.1',Number of on-going DOTS patients registered,TOTAL,5,5,0,0,5,5,5,0,0,5,2,2,0,0,2,4,4,0,0,4,3,3,0,0,3,2,2,0,0,2,2,2,0,0,2,2,2,0,0,2,2,2,0,0,2,7,7,0,0,7,3,3,0,0,3,2,2,0,0,2,39,39,0,0,39
Yanam,'13.2',Number of DOTS cases completed successfully,TOTAL,2,2,0,0,2,0,0,0,0,0,3,3,0,0,3,2,2,0,0,2,2,2,0,0,2,3,3,0,0,3,2,2,0,0,2,0,0,0,0,0,0,0,0,0,0,3,3,0,0,3,1,1,0,0,1,1,1,0,0,1,19,19,0,0,19
Yanam,'14.1.1',Outpatient - Diabetes,TOTAL,819,766,53,324,495,861,836,25,391,470,777,731,46,343,434,1260,1146,114,470,790,1005,924,81,391,614,919,837,82,399,520,1075,974,101,519,556,1036,955,81,450,586,694,633,61,375,319,888,832,56,449,439,1096,1002,94,459,637,938,884,54,413,525,11368,10520,848,4983,6385
Yanam,'14.1.2',Outpatient - Hypertension,TOTAL,1757,1684,73,826,931,2188,2132,56,964,1224,1914,1849,65,815,1099,2340,2158,182,1110,1230,1757,1630,127,941,816,2204,2014,190,1002,1202,2453,2301,152,1185,1268,2191,2076,115,974,1217,2116,2043,73,895,1221,2637,2521,116,1102,1535,2158,2022,136,946,1212,1829,1767,62,804,1025,25544,24197,1347,11564,13980
Yanam,'14.1.3',Outpatient - Stroke (Paralysis),TOTAL,0,0,0,0,0,0,0,0,0,0,5,0,5,5,0,0,0,0,0,0,8,0,8,8,0,12,0,12,12,0,0,0,0,0,0,0,0,0,0,0,10,0,10,10,0,0,0,0,0,0,0,0,0,0,0,0,0,0,0,0,35,0,35,35,0
Yanam,'14.1.4',Outpatient - Acute Heart Diseases,TOTAL,0,0,0,0,0,0,0,0,0,0,12,0,12,12,0,28,0,28,28,0,0,0,0,0,0,0,0,0,0,0,0,0,0,0,0,0,0,0,0,0,0,0,0,0,0,0,0,0,0,0,0,0,0,0,0,0,0,0,0,0,40,0,40,40,0
Yanam,'14.1.5',Outpatient - Mental illness,TOTAL,0,0,0,0,0,0,0,0,0,0,0,0,0,0,0,0,0,0,0,0,0,0,0,0,0,0,0,0,0,0,0,0,0,0,0,0,0,0,0,0,0,0,0,0,0,0,0,0,0,0,0,0,0,0,0,0,0,0,0,0,0,0,0,0,0
Yanam,'14.1.6',Outpatient - Epilepsy,TOTAL,0,0,0,0,0,0,0,0,0,0,0,0,0,0,0,0,0,0,0,0,0,0,0,0,0,0,0,0,0,0,0,0,0,0,0,0,0,0,0,0,0,0,0,0,0,0,0,0,0,0,0,0,0,0,0,0,0,0,0,0,0,0,0,0,0
Yanam,'14.1.7',Outpatient - Ophthalmic Related,TOTAL,726,715,11,11,715,520,519,1,1,519,706,687,19,19,687,849,830,19,19,830,680,680,0,0,680,671,656,15,15,656,638,628,10,10,628,658,658,0,0,658,707,707,0,0,707,685,676,9,9,676,977,976,1,1,976,871,871,0,0,871,8688,8603,85,85,8603
Yanam,'14.1.8',Outpatient - Dental,TOTAL,519,518,1,1,518,564,564,0,0,564,738,738,0,0,738,690,690,0,0,690,924,924,0,0,924,724,723,1,1,723,738,738,0,0,738,488,488,0,0,488,625,625,0,0,625,698,696,2,2,696,759,759,0,0,759,554,554,0,0,554,8021,8017,4,4,8017
Yanam,'14.1.9',Outpatient - Oncology,TOTAL,0,0,0,0,0,0,0,0,0,0,0,0,0,0,0,0,0,0,0,0,0,0,0,0,0,0,0,0,0,0,0,0,0,0,0,0,0,0,0,0,0,0,0,0,0,0,0,0,0,0,0,0,0,0,0,0,0,0,0,0,0,0,0,0,0
Yanam,'14.2.1',Allopathic- Outpatient attendance,TOTAL,20781,20495,286,2687,18094,22391,22058,333,2948,19443,21548,21162,386,2877,18671,25544,24817,727,3517,22027,23685,22967,718,3342,20343,23875,23290,585,3328,20547,24110,23570,540,3822,20288,23915,23433,482,3695,20220,21687,21276,411,3176,18511,23731,23278,453,3336,20395,24066,23595,471,3543,20523,20027,19823,204,3293,16734,275360,269764,5596,39564,235796
Yanam,'14.2.2',Ayush - Outpatient attendance,TOTAL,3774,3774,0,0,3774,2652,2652,0,0,2652,2367,2367,0,43,2324,3029,3029,0,50,2979,2668,2668,0,39,2629,3061,3061,0,43,3018,2902,2902,0,43,2859,3416,3416,0,42,3374,4094,4094,0,43,4051,3046,3046,0,43,3003,2858,2858,0,38,2820,2647,2647,0,31,2616,36514,36514,0,415,36099
Yanam,'14.3.1.a',Inpatient (Male)- Children<18yrs,TOTAL,4,4,0,0,4,10,10,0,0,10,10,10,0,0,10,39,39,0,0,39,14,14,0,0,14,148,144,4,4,144,20,4,16,16,4,51,44,7,7,44,14,14,0,0,14,5,5,0,0,5,31,31,0,0,31,28,28,0,0,28,374,347,27,27,347
Yanam,'14.3.1.b',Inpatient (Male)- Adults,TOTAL,147,141,6,6,141,148,138,10,10,138,148,144,4,4,144,190,184,6,6,184,190,186,4,4,186,72,57,15,15,57,170,170,0,0,170,197,197,0,0,197,153,153,0,0,153,177,177,0,0,177,136,136,0,0,136,152,152,0,0,152,1880,1835,45,45,1835
Yanam,'14.3.2.a',Inpatient (Female)- Children<18yrs,TOTAL,1,1,0,0,1,14,14,0,0,14,12,12,0,0,12,31,31,0,0,31,21,15,6,6,15,140,119,21,21,119,5,5,0,0,5,41,35,6,6,35,6,6,0,0,6,4,4,0,0,4,18,18,0,0,18,22,22,0,0,22,315,282,33,33,282
Yanam,'14.3.2.b',Inpatient (Female)- Adults,TOTAL,162,157,5,5,157,180,177,3,3,177,155,148,7,7,148,177,171,6,6,171,189,189,0,0,189,89,89,0,0,89,204,185,19,19,185,173,173,0,0,173,163,163,0,0,163,168,168,0,0,168,148,148,0,0,148,133,133,0,0,133,1941,1901,40,40,1901
Yanam,'14.3.3',Number of Left Against Medical Advice (LAMA) cases,TOTAL,5,5,0,0,5,2,2,0,0,2,1,1,0,0,1,9,9,0,0,9,8,8,0,0,8,6,6,0,0,6,3,3,0,0,3,10,10,0,0,10,3,3,0,0,3,4,4,0,0,4,0,0,0,0,0,4,4,0,0,4,55,55,0,0,55
Yanam,'14.4.1',Inpatient - Malaria,TOTAL,1,1,0,0,1,0,0,0,0,0,0,0,0,0,0,0,0,0,0,0,4,4,0,0,4,0,0,0,0,0,0,0,0,0,0,0,0,0,0,0,0,0,0,0,0,0,0,0,0,0,0,0,0,0,0,0,0,0,0,0,5,5,0,0,5
Yanam,'14.4.2',Inpatient - Dengue,TOTAL,0,0,0,0,0,0,0,0,0,0,1,1,0,0,1,0,0,0,0,0,7,6,1,1,6,26,25,1,1,25,16,16,0,0,16,1,1,0,0,1,4,4,0,0,4,3,3,0,0,3,0,0,0,0,0,0,0,0,0,0,58,56,2,2,56
Yanam,'14.4.3',Inpatient - Typhoid,TOTAL,2,0,2,2,0,6,2,4,4,2,0,0,0,0,0,1,0,1,1,0,8,4,4,4,4,22,5,17,17,5,31,10,21,21,10,9,0,9,9,0,0,0,0,0,0,0,0,0,0,0,0,0,0,0,0,0,0,0,0,0,79,21,58,58,21
Yanam,'14.4.4',"Inpatient - Asthma, Chronic Obstructive Pulmonary Disease (COPD), Respiratory infections",TOTAL,23,23,0,0,23,32,26,6,6,26,20,20,0,0,20,29,27,2,2,27,35,35,0,0,35,24,23,1,1,23,25,25,0,0,25,13,12,1,1,12,0,0,0,0,0,33,33,0,0,33,0,0,0,0,0,13,13,0,0,13,247,237,10,10,237
Yanam,'14.4.5',Inpatient - Tuberculosis,TOTAL,1,1,0,0,1,2,2,0,0,2,0,0,0,0,0,0,0,0,0,0,1,1,0,0,1,3,3,0,0,3,4,4,0,0,4,0,0,0,0,0,0,0,0,0,0,4,4,0,0,4,0,0,0,0,0,4,4,0,0,4,19,19,0,0,19
Yanam,'14.4.6',Inpatient - Pyrexia of unknown origin (PUO),TOTAL,11,11,0,0,11,26,26,0,0,26,18,18,0,0,18,15,13,2,2,13,29,29,0,0,29,54,48,6,6,48,40,40,0,0,40,9,9,0,0,9,0,0,0,0,0,20,20,0,0,20,4,4,0,0,4,17,17,0,0,17,243,235,8,8,235
Yanam,'14.4.7',Inpatient - Diarrhea with dehydration,TOTAL,24,24,0,0,24,16,15,1,1,15,9,3,6,6,3,24,20,4,4,20,26,22,4,4,22,26,15,11,11,15,28,20,8,8,20,3,3,0,0,3,2,2,0,0,2,13,13,0,0,13,2,2,0,0,2,14,14,0,0,14,187,153,34,34,153
Yanam,'14.4.8',Inpatient - Hepatitis,TOTAL,0,0,0,0,0,0,0,0,0,0,1,0,1,1,0,0,0,0,0,0,1,1,0,0,1,0,0,0,0,0,3,3,0,0,3,0,0,0,0,0,0,0,0,0,0,0,0,0,0,0,0,0,0,0,0,0,0,0,0,0,5,4,1,1,4
Yanam,'14.5',Patients registered at Emergency Department,TOTAL,5095,5095,0,0,5095,5132,5132,0,0,5132,5371,5371,0,0,5371,5278,5278,0,0,5278,6142,6142,0,0,6142,6318,6318,0,0,6318,6585,6585,0,0,6585,5990,5990,0,0,5990,5681,5681,0,0,5681,6881,6881,0,0,6881,5641,5641,0,0,5641,4623,4623,0,0,4623,68737,68737,0,0,68737
Yanam,'14.6.1',"Emergency - Trauma ( accident, injury, poisoning etc)",TOTAL,0,0,0,0,0,44,44,0,0,44,18,18,0,0,18,10,10,0,0,10,0,0,0,0,0,0,0,0,0,0,0,0,0,0,0,0,0,0,0,0,0,0,0,0,0,47,47,0,0,47,0,0,0,0,0,15,15,0,0,15,134,134,0,0,134
Yanam,'14.6.2',Emergency - Burn,TOTAL,0,0,0,0,0,0,0,0,0,0,1,1,0,0,1,2,2,0,0,2,0,0,0,0,0,0,0,0,0,0,0,0,0,0,0,0,0,0,0,0,0,0,0,0,0,3,3,0,0,3,0,0,0,0,0,2,2,0,0,2,8,8,0,0,8
Yanam,'14.6.3',Emergency - Obstetrics complications,TOTAL,0,0,0,0,0,0,0,0,0,0,0,0,0,0,0,0,0,0,0,0,0,0,0,0,0,0,0,0,0,0,0,0,0,0,0,0,0,0,0,0,0,0,0,0,0,0,0,0,0,0,0,0,0,0,0,3,3,0,0,3,3,3,0,0,3
Yanam,'14.6.4',Emergency - Snake Bite,TOTAL,0,0,0,0,0,5,5,0,0,5,4,4,0,0,4,18,18,0,0,18,0,0,0,0,0,0,0,0,0,0,0,0,0,0,0,0,0,0,0,0,0,0,0,0,0,9,9,0,0,9,0,0,0,0,0,11,11,0,0,11,47,47,0,0,47
Yanam,'14.6.5',Emergency - Acute Caridiac Emergencies,TOTAL,0,0,0,0,0,0,0,0,0,0,6,6,0,0,6,0,0,0,0,0,0,0,0,0,0,0,0,0,0,0,0,0,0,0,0,0,0,0,0,0,0,0,0,0,0,2,2,0,0,2,0,0,0,0,0,2,2,0,0,2,10,10,0,0,10
Yanam,'14.6.7',Emergency - CVA ( Cerebovascular Disease),TOTAL,0,0,0,0,0,0,0,0,0,0,11,11,0,0,11,4,4,0,0,4,0,0,0,0,0,2,2,0,0,2,0,0,0,0,0,0,0,0,0,0,0,0,0,0,0,8,8,0,0,8,0,0,0,0,0,6,6,0,0,6,31,31,0,0,31
Yanam,'14.7',Number of deaths occurring at Emergency Department,TOTAL,0,0,0,0,0,6,6,0,0,6,2,2,0,0,2,1,1,0,0,1,0,0,0,0,0,0,0,0,0,0,0,0,0,0,0,0,0,0,0,0,0,0,0,0,0,2,2,0,0,2,2,2,0,0,2,3,3,0,0,3,16,16,0,0,16
Yanam,'14.8.1',Operation major (General and spinal anaesthesia),TOTAL,25,25,0,0,25,20,20,0,0,20,12,12,0,0,12,26,26,0,0,26,33,33,0,0,33,27,27,0,0,27,13,13,0,0,13,16,16,0,0,16,12,12,0,0,12,23,23,0,0,23,28,28,0,0,28,15,15,0,0,15,250,250,0,0,250
Yanam,'14.8.2',"Out of Operation major, Gynecology- Hysterectomy surgeries",TOTAL,4,4,0,0,4,9,9,0,0,9,7,7,0,0,7,8,8,0,0,8,8,8,0,0,8,12,12,0,0,12,5,5,0,0,5,11,11,0,0,11,2,2,0,0,2,10,10,0,0,10,9,9,0,0,9,3,3,0,0,3,88,88,0,0,88
Yanam,'14.8.3',"Major Surgeries excluding Obstetrics, Gynaecology and Opthalmology etc.",TOTAL,21,21,NA,NA,21,11,11,NA,NA,11,5,5,NA,NA,5,18,18,NA,NA,18,25,25,NA,NA,25,15,15,NA,NA,15,8,8,NA,NA,8,5,5,NA,NA,5,10,10,NA,NA,10,13,13,NA,NA,13,19,19,NA,NA,19,12,12,NA,NA,12,162,162,NA,NA,162
Yanam,'14.8.4',Operation minor (No or local anaesthesia),TOTAL,69,69,0,0,69,62,62,0,0,62,37,37,0,0,37,78,78,0,0,78,60,60,0,0,60,67,67,0,0,67,46,46,0,0,46,53,53,0,0,53,49,49,0,0,49,101,101,0,0,101,178,178,0,0,178,127,127,0,0,127,927,927,0,0,927
Yanam,'14.8.5',Number of post operative Surgical Site infection,TOTAL,0,0,NA,NA,0,0,0,NA,NA,0,0,0,NA,NA,0,0,0,NA,NA,0,0,0,NA,NA,0,0,0,NA,NA,0,0,0,NA,NA,0,0,0,NA,NA,0,0,0,NA,NA,0,0,0,NA,NA,0,0,0,NA,NA,0,0,0,NA,NA,0,0,0,NA,NA,0
Yanam,'14.8.6',Number of blood units issued,TOTAL,0,0,0,0,0,0,0,0,0,0,0,0,0,0,0,0,0,0,0,0,0,0,0,0,0,0,0,0,0,0,2,0,2,2,0,0,0,0,0,0,0,0,0,0,0,0,0,0,0,0,0,0,0,0,0,0,0,0,0,0,2,0,2,2,0
Yanam,'14.8.7',Number of blood transfusions done,TOTAL,0,0,0,0,0,0,0,0,0,0,0,0,0,0,0,0,0,0,0,0,0,0,0,0,0,0,0,0,0,0,0,0,0,0,0,0,0,0,0,0,0,0,0,0,0,2,2,0,0,2,2,2,0,0,2,0,0,0,0,0,4,4,0,0,4
Yanam,'14.9.1',Inpatient Deaths - Male,TOTAL,2,2,0,0,2,5,5,0,0,5,3,3,0,0,3,5,5,0,0,5,6,6,0,0,6,5,5,0,0,5,3,3,0,0,3,6,6,0,0,6,2,2,0,0,2,7,7,0,0,7,2,2,0,0,2,2,2,0,0,2,48,48,0,0,48
Yanam,'14.9.2',Inpatient Deaths - Female,TOTAL,0,0,0,0,0,1,1,0,0,1,2,2,0,0,2,1,1,0,0,1,4,4,0,0,4,1,1,0,0,1,2,2,0,0,2,4,4,0,0,4,3,3,0,0,3,3,3,0,0,3,2,2,0,0,2,3,3,0,0,3,26,26,0,0,26
Yanam,'14.10',In-Patient Head Count at midnight,TOTAL,2326,2326,0,0,2326,2102,2102,0,0,2102,1377,1377,0,0,1377,1798,1798,0,0,1798,1792,1792,0,0,1792,1798,1798,0,0,1798,3236,3236,0,0,3236,2671,2671,0,0,2671,2505,2505,0,0,2505,1639,1639,0,0,1639,1783,1783,0,0,1783,1186,1186,0,0,1186,24213,24213,0,0,24213
Yanam,'14.11',Number of Admission in NBSU ( New Born Stabilisation Unit),TOTAL,0,0,0,0,0,0,0,0,0,0,0,0,0,0,0,0,0,0,0,0,0,0,0,0,0,0,0,0,0,0,0,0,0,0,0,0,0,0,0,0,0,0,0,0,0,0,0,0,0,0,0,0,0,0,0,0,0,0,0,0,0,0,0,0,0
Yanam,'14.12.1',Special Newborn Care Unit (SNCU Admissions) - Inborn Male,TOTAL,0,0,0,0,0,0,0,0,0,0,21,21,0,0,21,0,0,0,0,0,0,0,0,0,0,0,0,0,0,0,2,2,0,0,2,0,0,0,0,0,8,8,0,0,8,0,0,0,0,0,18,18,0,0,18,0,0,0,0,0,49,49,0,0,49
Yanam,'14.12.2',Special Newborn Care Unit (SNCU Admissions) - Inborn Female,TOTAL,0,0,0,0,0,0,0,0,0,0,17,17,0,0,17,0,0,0,0,0,0,0,0,0,0,0,0,0,0,0,2,2,0,0,2,0,0,0,0,0,10,10,0,0,10,0,0,0,0,0,12,12,0,0,12,0,0,0,0,0,41,41,0,0,41
Yanam,'14.12.3',Outborn – Male,TOTAL,0,0,0,0,0,0,0,0,0,0,0,0,0,0,0,0,0,0,0,0,0,0,0,0,0,0,0,0,0,0,0,0,0,0,0,0,0,0,0,0,0,0,0,0,0,0,0,0,0,0,0,0,0,0,0,0,0,0,0,0,0,0,0,0,0
Yanam,'14.12.4',Outborn - Female,TOTAL,0,0,0,0,0,0,0,0,0,0,0,0,0,0,0,0,0,0,0,0,0,0,0,0,0,0,0,0,0,0,0,0,0,0,0,0,0,0,0,0,0,0,0,0,0,0,0,0,0,0,0,0,0,0,0,0,0,0,0,0,0,0,0,0,0
Yanam,'14.12.5',Number of newborns admitted in SNCU - referred by ASHA,TOTAL,0,0,0,0,0,0,0,0,0,0,0,0,0,0,0,0,0,0,0,0,0,0,0,0,0,0,0,0,0,0,0,0,0,0,0,0,0,0,0,0,0,0,0,0,0,0,0,0,0,0,0,0,0,0,0,0,0,0,0,0,0,0,0,0,0
Yanam,'14.13',Number of deaths occurring at SNCU,TOTAL,0,0,0,0,0,0,0,0,0,0,0,0,0,0,0,0,0,0,0,0,0,0,0,0,0,0,0,0,0,0,0,0,0,0,0,0,0,0,0,0,0,0,0,0,0,0,0,0,0,0,0,0,0,0,0,0,0,0,0,0,0,0,0,0,0
Yanam,'14.14.1',Number of children admitted in NRC,TOTAL,0,0,0,0,0,0,0,0,0,0,0,0,0,0,0,0,0,0,0,0,0,0,0,0,0,0,0,0,0,0,0,0,0,0,0,0,0,0,0,0,0,0,0,0,0,0,0,0,0,0,0,0,0,0,0,0,0,0,0,0,0,0,0,0,0
Yanam,'14.14.2',Number of children discharged with target weight gain from the NRCs,TOTAL,0,0,0,0,0,0,0,0,0,0,0,0,0,0,0,0,0,0,0,0,0,0,0,0,0,0,0,0,0,0,0,0,0,0,0,0,0,0,0,0,0,0,0,0,0,0,0,0,0,0,0,0,0,0,0,0,0,0,0,0,0,0,0,0,0
Yanam,'14.15',Number of Rogi Kalyan Samiti (RKS) meetings held,TOTAL,0,0,0,0,0,0,0,0,0,0,0,0,0,0,0,0,0,0,0,0,0,0,0,0,0,0,0,0,0,0,0,0,0,0,0,0,0,0,0,0,0,0,0,0,0,0,0,0,0,0,0,0,0,0,0,0,0,0,0,0,0,0,0,0,0
Yanam,'14.16',Number of Anganwadi centres/ UPHCs reported to have conducted Village Health & Nutrition Day (VHNDs)/ Urban Health & Nutrition Day (UHNDs)/ Outreach / Special Outreach,TOTAL,0,0,NA,0,NA,0,0,NA,0,NA,0,0,NA,0,NA,0,0,NA,0,NA,0,0,NA,0,NA,0,0,NA,0,NA,0,0,NA,0,NA,0,0,NA,0,NA,0,0,NA,0,NA,0,0,NA,0,NA,0,0,NA,0,NA,0,0,NA,0,NA,0,0,NA,0,NA
Yanam,'14.17',Stock out rate of essential Drugs,TOTAL,0,0,NA,NA,0,0,0,NA,NA,0,0,0,NA,NA,0,0,0,NA,NA,0,0,0,NA,NA,0,0,0,NA,NA,0,0,0,NA,NA,0,0,0,NA,NA,0,0,0,NA,NA,0,0,0,NA,NA,0,0,0,NA,NA,0,0,0,NA,NA,0,0,0,NA,NA,0
Yanam,'14.18',Blood Units Issued on replacement (Family Donors to be considered as replacement donations),TOTAL,0,0,NA,NA,0,0,0,NA,NA,0,0,0,NA,NA,0,0,0,NA,NA,0,0,0,NA,NA,0,0,0,NA,NA,0,0,0,NA,NA,0,0,0,NA,NA,0,0,0,NA,NA,0,0,0,NA,NA,0,0,0,NA,NA,0,0,0,NA,NA,0,0,0,NA,NA,0
Yanam,'14.19',Total number of blood units issued in year,TOTAL,0,0,NA,NA,0,0,0,NA,NA,0,0,0,NA,NA,0,0,0,NA,NA,0,0,0,NA,NA,0,0,0,NA,NA,0,0,0,NA,NA,0,0,0,NA,NA,0,0,0,NA,NA,0,0,0,NA,NA,0,0,0,NA,NA,0,0,0,NA,NA,0,0,0,NA,NA,0
Yanam,'14.20',Patient Satisfaction Score of the facility in percentage (from Mera Aspatal),TOTAL,0,0,NA,NA,0,0,0,NA,NA,0,0,0,NA,NA,0,0,0,NA,NA,0,0,0,NA,NA,0,0,0,NA,NA,0,0,0,NA,NA,0,0,0,NA,NA,0,0,0,NA,NA,0,0,0,NA,NA,0,0,0,NA,NA,0,0,0,NA,NA,0,0,0,NA,NA,0
Yanam,'15.1',Number of Lab Tests done,TOTAL,7289,7219,70,70,7219,7479,7421,58,58,7421,7646,7498,148,148,7498,11275,10974,301,301,10974,9807,9639,168,168,9639,11386,11151,235,235,11151,9468,9322,146,146,9322,10533,10423,110,110,10423,10529,10499,30,30,10499,10371,10343,28,28,10343,9008,8988,20,20,8988,7679,7664,15,15,7664,112470,111141,1329,1329,111141
Yanam,'15.2.1',Number of Hb tests conducted,TOTAL,987,945,42,248,739,963,935,28,182,781,1136,1103,33,249,887,1269,1209,60,224,1045,994,930,64,224,770,1437,1387,50,180,1257,1096,1064,32,215,881,1203,1147,56,169,1034,998,968,30,159,839,1058,1038,20,267,791,961,943,18,280,681,751,741,10,180,571,12853,12410,443,2577,10276
Yanam,'15.2.2',"Out of the total number of Hb tests done, Number having Hb < 7 mg",TOTAL,41,34,7,8,33,43,38,5,6,37,65,58,7,7,58,63,58,5,5,58,67,60,7,7,60,78,66,12,16,62,50,44,6,6,44,47,40,7,7,40,48,46,2,3,45,40,35,5,5,35,36,34,2,2,34,29,24,5,5,24,607,537,70,77,530
Yanam,'15.3.1.a',Male HIV - Number Tested,TOTAL,169,159,10,10,159,93,93,0,0,93,119,116,3,3,116,174,174,0,0,174,114,114,0,0,114,156,156,0,0,156,114,114,0,0,114,141,141,0,0,141,121,121,0,0,121,151,151,0,0,151,92,92,0,0,92,0,0,0,0,0,1444,1431,13,13,1431
Yanam,'15.3.1.b',Male HIV - Number Positive,TOTAL,1,1,0,0,1,1,1,0,0,1,1,1,0,0,1,0,0,0,0,0,1,1,0,0,1,2,2,0,0,2,1,1,0,0,1,1,1,0,0,1,0,0,0,0,0,0,0,0,0,0,1,1,0,0,1,0,0,0,0,0,9,9,0,0,9
Yanam,'15.3.2.a',Female Non ANC HIV - Number Tested,TOTAL,115,115,0,0,115,92,84,8,8,84,101,79,22,22,79,133,133,0,0,133,81,81,0,0,81,117,108,9,9,108,78,78,0,0,78,103,103,0,0,103,107,107,0,0,107,132,132,0,0,132,103,83,20,20,83,0,0,0,0,0,1162,1103,59,59,1103
Yanam,'15.3.2.b',Female Non ANC HIV - Number Positive,TOTAL,0,0,0,0,0,1,1,0,0,1,0,0,0,0,0,0,0,0,0,0,1,1,0,0,1,0,0,0,0,0,0,0,0,0,0,1,1,0,0,1,0,0,0,0,0,1,1,0,0,1,0,0,0,0,0,0,0,0,0,0,4,4,0,0,4
Yanam,'15.3.3.a',Number of pregnant women screened for HIV,TOTAL,87,87,0,0,87,68,68,0,0,68,47,47,0,0,47,127,115,12,12,115,84,84,0,0,84,98,98,0,0,98,111,89,22,22,89,131,103,28,28,103,137,107,30,30,107,131,106,25,25,106,66,66,0,0,66,10,0,10,10,0,1097,970,127,127,970
Yanam,'15.3.3.b',"Out of the above, number screened positive",TOTAL,0,0,0,0,0,0,0,0,0,0,0,0,0,0,0,0,0,0,0,0,0,0,0,0,0,0,0,0,0,0,0,0,0,0,0,0,0,0,0,0,0,0,0,0,0,0,0,0,0,0,0,0,0,0,0,0,0,0,0,0,0,0,0,0,0
Yanam,'15.3.3.c',"Out of the above number screened positive, number confirmed with HIV infection at Integrated Counselling and Testing Centre (ICTC)",TOTAL,0,0,0,0,0,0,0,0,0,0,0,0,0,0,0,0,0,0,0,0,0,0,0,0,0,0,0,0,0,0,0,0,0,0,0,0,0,0,0,0,0,0,0,0,0,0,0,0,0,0,0,0,0,0,0,0,0,0,0,0,0,0,0,0,0
Yanam,'15.3.4.a',Number of Male STI/RTI attendees tested for syphilis,TOTAL,0,0,0,0,0,0,0,0,0,0,0,0,0,0,0,10,10,0,0,10,23,23,0,0,23,2,2,0,0,2,4,4,0,0,4,2,2,0,0,2,4,4,0,0,4,7,7,0,0,7,5,5,0,0,5,0,0,0,0,0,57,57,0,0,57
Yanam,'15.3.4.b',Number of Male STI/RTI attendees found sero Positive for syphilis,TOTAL,0,0,0,0,0,0,0,0,0,0,0,0,0,0,0,0,0,0,0,0,0,0,0,0,0,0,0,0,0,0,0,0,0,0,0,0,0,0,0,0,0,0,0,0,0,0,0,0,0,0,0,0,0,0,0,0,0,0,0,0,0,0,0,0,0
Yanam,'15.3.4.c',Number of Female (Non ANC)STI/RTI attendees tested for syphilis,TOTAL,20,20,0,0,20,35,35,0,0,35,25,25,0,0,25,37,37,0,0,37,57,57,0,0,57,56,56,0,0,56,56,56,0,0,56,104,104,0,0,104,139,139,0,0,139,152,127,25,25,127,36,36,0,0,36,82,82,0,0,82,799,774,25,25,774
Yanam,'15.3.4.d',Number of Female (Non ANC) STI/RTI attendees found sero Positive for syphilis,TOTAL,0,0,0,0,0,0,0,0,0,0,0,0,0,0,0,0,0,0,0,0,0,0,0,0,0,0,0,0,0,0,0,0,0,0,0,0,0,0,0,0,0,0,0,0,0,0,0,0,0,0,0,0,0,0,0,0,0,0,0,0,0,0,0,0,0
Yanam,'15.4.1',Widal tests - Number Tested,TOTAL,127,105,22,22,105,124,112,12,12,112,145,127,18,18,127,211,115,96,96,115,231,171,60,60,171,465,335,130,130,335,421,358,63,63,358,397,335,62,62,335,163,161,2,2,161,101,98,3,3,98,103,103,0,0,103,80,70,10,10,70,2568,2090,478,478,2090
Yanam,'15.4.2',Widal tests - Number Positive,TOTAL,14,9,5,5,9,8,5,3,3,5,21,13,8,8,13,45,7,38,38,7,52,24,28,28,24,88,68,20,20,68,122,102,20,20,102,65,45,20,20,45,24,24,0,0,24,22,22,0,0,22,24,24,0,0,24,6,6,0,0,6,491,349,142,142,349
Yanam,'16.1',Infant deaths within 24 hrs(1 to 23 Hrs) of birth,TOTAL,0,0,0,0,0,0,0,0,0,0,0,0,0,0,0,0,0,0,0,0,0,0,0,0,0,0,0,0,0,0,0,0,0,0,0,0,0,0,0,0,0,0,0,0,0,0,0,0,0,0,0,0,0,0,0,0,0,0,0,0,0,0,0,0,0
Yanam,'16.2.1',Infant Deaths up to 4 weeks due to Sepsis,TOTAL,0,0,0,0,0,0,0,0,0,0,0,0,0,0,0,0,0,0,0,0,0,0,0,0,0,0,0,0,0,0,0,0,0,0,0,0,0,0,0,0,0,0,0,0,0,0,0,0,0,0,0,0,0,0,0,0,0,0,0,0,0,0,0,0,0
Yanam,'16.2.2',Infant Deaths up to 4 weeks due to Asphyxia,TOTAL,0,0,0,0,0,0,0,0,0,0,0,0,0,0,0,0,0,0,0,0,0,0,0,0,0,0,0,0,0,0,0,0,0,0,0,0,0,0,0,0,0,0,0,0,0,0,0,0,0,0,0,0,0,0,0,0,0,0,0,0,0,0,0,0,0
Yanam,'16.2.3',Infant Deaths up to 4 weeks due to Other causes,TOTAL,1,1,0,1,0,1,1,0,1,0,0,0,0,0,0,0,0,0,0,0,2,2,0,2,0,0,0,0,0,0,0,0,0,0,0,0,0,0,0,0,0,0,0,0,0,0,0,0,0,0,0,0,0,0,0,0,0,0,0,0,4,4,0,4,0
Yanam,'16.3.1',Number of Infant Deaths (1 -12 months) due to Pneumonia,TOTAL,0,0,0,0,0,0,0,0,0,0,0,0,0,0,0,0,0,0,0,0,0,0,0,0,0,0,0,0,0,0,0,0,0,0,0,0,0,0,0,0,0,0,0,0,0,0,0,0,0,0,0,0,0,0,0,0,0,0,0,0,0,0,0,0,0
Yanam,'16.3.2',Number of Infant Deaths (1 -12 months) due to Diarrhoea,TOTAL,0,0,0,0,0,0,0,0,0,0,0,0,0,0,0,0,0,0,0,0,0,0,0,0,0,0,0,0,0,0,0,0,0,0,0,0,0,0,0,0,0,0,0,0,0,0,0,0,0,0,0,0,0,0,0,0,0,0,0,0,0,0,0,0,0
Yanam,'16.3.3',Number of Infant Deaths (1 -12 months) due to Fever related,TOTAL,0,0,0,0,0,0,0,0,0,0,0,0,0,0,0,0,0,0,0,0,0,0,0,0,0,0,0,0,0,0,0,0,0,0,0,0,0,0,0,0,0,0,0,0,0,0,0,0,0,0,0,0,0,0,0,0,0,0,0,0,0,0,0,0,0
Yanam,'16.3.4',Number of Infant Deaths (1 -12 months) due to Measles,TOTAL,0,0,0,0,0,0,0,0,0,0,0,0,0,0,0,0,0,0,0,0,0,0,0,0,0,0,0,0,0,0,0,0,0,0,0,0,0,0,0,0,0,0,0,0,0,0,0,0,0,0,0,0,0,0,0,0,0,0,0,0,0,0,0,0,0
Yanam,'16.3.5',Number of Infant Deaths (1 -12 months) due to Others,TOTAL,0,0,0,0,0,0,0,0,0,0,0,0,0,0,0,1,1,0,1,0,0,0,0,0,0,0,0,0,0,0,0,0,0,0,0,0,0,0,0,0,0,0,0,0,0,1,1,0,1,0,0,0,0,0,0,0,0,0,0,0,2,2,0,2,0
Yanam,'16.4.1',Number of Child Deaths (1 -5 years) due to Pneumonia,TOTAL,0,0,0,0,0,0,0,0,0,0,0,0,0,0,0,0,0,0,0,0,0,0,0,0,0,0,0,0,0,0,0,0,0,0,0,0,0,0,0,0,0,0,0,0,0,0,0,0,0,0,0,0,0,0,0,0,0,0,0,0,0,0,0,0,0
Yanam,'16.4.2',Number of Child Deaths (1 -5 years) due to Diarrhoea,TOTAL,0,0,0,0,0,0,0,0,0,0,0,0,0,0,0,0,0,0,0,0,0,0,0,0,0,0,0,0,0,0,0,0,0,0,0,0,0,0,0,0,0,0,0,0,0,0,0,0,0,0,0,0,0,0,0,0,0,0,0,0,0,0,0,0,0
Yanam,'16.4.3',Number of Child Deaths (1 -5 years) due to Fever related,TOTAL,0,0,0,0,0,0,0,0,0,0,0,0,0,0,0,0,0,0,0,0,0,0,0,0,0,0,0,0,0,0,0,0,0,0,0,0,0,0,0,0,0,0,0,0,0,0,0,0,0,0,0,0,0,0,0,0,0,0,0,0,0,0,0,0,0
Yanam,'16.4.4',Number of Child Deaths (1 -5 years) due to Measles,TOTAL,0,0,0,0,0,0,0,0,0,0,0,0,0,0,0,0,0,0,0,0,0,0,0,0,0,0,0,0,0,0,0,0,0,0,0,0,0,0,0,0,0,0,0,0,0,0,0,0,0,0,0,0,0,0,0,0,0,0,0,0,0,0,0,0,0
Yanam,'16.4.5',Number of Child Deaths (1 -5 years) due to Others,TOTAL,0,0,0,0,0,0,0,0,0,0,1,1,0,1,0,0,0,0,0,0,0,0,0,0,0,0,0,0,0,0,0,0,0,0,0,0,0,0,0,0,0,0,0,0,0,0,0,0,0,0,0,0,0,0,0,0,0,0,0,0,1,1,0,1,0
Yanam,'16.5.1',Number of Maternal Deaths due to Bleeding,TOTAL,0,0,0,0,0,0,0,0,0,0,0,0,0,0,0,0,0,0,0,0,0,0,0,0,0,0,0,0,0,0,0,0,0,0,0,0,0,0,0,0,0,0,0,0,0,0,0,0,0,0,0,0,0,0,0,0,0,0,0,0,0,0,0,0,0
Yanam,'16.5.2',Number of Maternal Deaths due to High fever,TOTAL,0,0,0,0,0,0,0,0,0,0,0,0,0,0,0,0,0,0,0,0,0,0,0,0,0,0,0,0,0,0,0,0,0,0,0,0,0,0,0,0,0,0,0,0,0,0,0,0,0,0,0,0,0,0,0,0,0,0,0,0,0,0,0,0,0
Yanam,'16.5.3',Number of Maternal Deaths due to Abortion,TOTAL,0,0,0,0,0,0,0,0,0,0,0,0,0,0,0,0,0,0,0,0,0,0,0,0,0,0,0,0,0,0,0,0,0,0,0,0,0,0,0,0,0,0,0,0,0,0,0,0,0,0,0,0,0,0,0,0,0,0,0,0,0,0,0,0,0
Yanam,'16.5.4',Number of Maternal Deaths due to Obstructed/prolonged labour,TOTAL,0,0,0,0,0,0,0,0,0,0,0,0,0,0,0,0,0,0,0,0,0,0,0,0,0,0,0,0,0,0,0,0,0,0,0,0,0,0,0,0,0,0,0,0,0,0,0,0,0,0,0,0,0,0,0,0,0,0,0,0,0,0,0,0,0
Yanam,'16.5.5',Number of Maternal Deaths due to Severe hypertesnion/fits,TOTAL,0,0,0,0,0,0,0,0,0,0,0,0,0,0,0,0,0,0,0,0,0,0,0,0,0,0,0,0,0,0,0,0,0,0,0,0,0,0,0,0,0,0,0,0,0,0,0,0,0,0,0,0,0,0,0,0,0,0,0,0,0,0,0,0,0
Yanam,'16.5.6',Number of Maternal Deaths due to Other Causes (including causes not known),TOTAL,0,0,0,0,0,0,0,0,0,0,0,0,0,0,0,0,0,0,0,0,0,0,0,0,0,0,0,0,0,0,0,0,0,0,0,0,0,0,0,0,0,0,0,0,0,0,0,0,0,0,0,0,0,0,0,0,0,0,0,0,0,0,0,0,0
Yanam,'16.6',Total Facility Based Maternal Death Reviews (FBMDR) done,TOTAL,0,0,0,0,0,0,0,0,0,0,0,0,0,0,0,0,0,0,0,0,0,0,0,0,0,0,0,0,0,0,0,0,0,0,0,0,0,0,0,0,0,0,0,0,0,0,0,0,0,0,0,0,0,0,0,0,0,0,0,0,0,0,0,0,0
Yanam,'16.7.1',Number of Adolscent / Adult deaths due to Diarrhoeal diseases,TOTAL,0,0,0,0,0,0,0,0,0,0,0,0,0,0,0,0,0,0,0,0,0,0,0,0,0,0,0,0,0,0,0,0,0,0,0,0,0,0,0,0,0,0,0,0,0,0,0,0,0,0,0,0,0,0,0,0,0,0,0,0,0,0,0,0,0
Yanam,'16.7.2',Number of Adolscent / Adult deaths due to Tuberculosis,TOTAL,0,0,0,0,0,0,0,0,0,0,0,0,0,0,0,0,0,0,0,0,0,0,0,0,0,0,0,0,0,0,0,0,0,0,0,0,0,0,0,0,0,0,0,0,0,0,0,0,0,0,0,0,0,0,0,0,0,0,0,0,0,0,0,0,0
Yanam,'16.7.3',Number of Adolscent / Adult deaths due to Respiratory diseases including infections (other than TB),TOTAL,1,1,0,0,1,0,0,0,0,0,1,1,0,1,0,0,0,0,0,0,1,1,0,0,1,1,1,0,0,1,1,1,0,0,1,0,0,0,0,0,2,2,0,1,1,1,1,0,0,1,0,0,0,0,0,0,0,0,0,0,8,8,0,2,6
Yanam,'16.7.4',Number of Adolscent / Adult deaths due to Other Fever Related,TOTAL,0,0,0,0,0,0,0,0,0,0,0,0,0,0,0,0,0,0,0,0,0,0,0,0,0,0,0,0,0,0,0,0,0,0,0,0,0,0,0,0,0,0,0,0,0,0,0,0,0,0,0,0,0,0,0,0,0,0,0,0,0,0,0,0,0
Yanam,'16.7.5',Number of Adolscent / Adult deaths due to HIV/AIDS,TOTAL,0,0,0,0,0,0,0,0,0,0,0,0,0,0,0,0,0,0,0,0,0,0,0,0,0,0,0,0,0,0,0,0,0,0,0,0,0,0,0,0,1,1,0,1,0,0,0,0,0,0,0,0,0,0,0,0,0,0,0,0,1,1,0,1,0
Yanam,'16.7.6',Number of Adolscent / Adult deaths due to Heart disease/Hypertension related,TOTAL,7,7,0,1,6,5,5,0,0,5,6,6,0,1,5,9,9,0,4,5,10,10,0,2,8,5,5,0,1,4,6,6,0,1,5,6,6,0,1,5,4,4,0,2,2,7,7,0,2,5,4,4,0,0,4,4,4,0,0,4,73,73,0,15,58
Yanam,'16.7.7',Number of Adolscent / Adult deaths due to Cancer,TOTAL,0,0,0,0,0,0,0,0,0,0,0,0,0,0,0,0,0,0,0,0,0,0,0,0,0,1,1,0,1,0,0,0,0,0,0,1,1,0,0,1,1,1,0,1,0,0,0,0,0,0,1,1,0,1,0,1,1,0,1,0,5,5,0,4,1
Yanam,'16.7.8',Number of Adolscent / Adult deaths due to Neurological disease including strokes,TOTAL,4,4,0,1,3,1,1,0,1,0,0,0,0,0,0,1,1,0,0,1,0,0,0,0,0,0,0,0,0,0,0,0,0,0,0,0,0,0,0,0,3,3,0,1,2,1,1,0,0,1,0,0,0,0,0,0,0,0,0,0,10,10,0,3,7
Yanam,'16.7.9',Number of Adolscent / Adult deaths due to Accidents/Burn cases,TOTAL,0,0,0,0,0,1,1,0,0,1,1,1,0,1,0,0,0,0,0,0,0,0,0,0,0,1,1,0,1,0,1,1,0,1,0,0,0,0,0,0,0,0,0,0,0,0,0,0,0,0,0,0,0,0,0,1,1,0,1,0,5,5,0,4,1
Yanam,'16.7.10',Number of Adolscent / Adult deaths due to Suicide,TOTAL,0,0,0,0,0,1,1,0,1,0,0,0,0,0,0,0,0,0,0,0,2,2,0,2,0,1,1,0,1,0,1,1,0,0,1,2,2,0,2,0,1,1,0,1,0,0,0,0,0,0,0,0,0,0,0,0,0,0,0,0,8,8,0,7,1
Yanam,'16.7.11',Number of Adolscent / Adult deaths due to Animal bites and stings,TOTAL,0,0,0,0,0,0,0,0,0,0,0,0,0,0,0,0,0,0,0,0,0,0,0,0,0,0,0,0,0,0,0,0,0,0,0,0,0,0,0,0,0,0,0,0,0,0,0,0,0,0,0,0,0,0,0,0,0,0,0,0,0,0,0,0,0
Yanam,'16.7.12',Number of Adolscent / Adult deaths due to Known Acute Disease,TOTAL,0,0,0,0,0,0,0,0,0,0,0,0,0,0,0,0,0,0,0,0,0,0,0,0,0,0,0,0,0,0,0,0,0,0,0,1,1,0,0,1,0,0,0,0,0,0,0,0,0,0,0,0,0,0,0,0,0,0,0,0,1,1,0,0,1
Yanam,'16.7.13',Number of Adolscent / Adult deaths due to Known Chronic Disease,TOTAL,1,1,0,0,1,0,0,0,0,0,0,0,0,0,0,0,0,0,0,0,1,1,0,0,1,2,2,0,1,1,1,1,0,1,0,4,4,0,1,3,0,0,0,0,0,4,4,0,1,3,0,0,0,0,0,1,1,0,0,1,14,14,0,4,10
Yanam,'16.7.14',Number of Adolscent / Adult deaths due to Causes not known,TOTAL,2,2,0,2,0,2,2,0,2,0,6,6,0,6,0,3,3,0,3,0,6,6,0,6,0,0,0,0,0,0,6,6,0,6,0,4,4,0,4,0,1,1,0,1,0,11,11,0,11,0,5,5,0,5,0,6,6,0,6,0,52,52,0,52,0
Yanam,'16.8.1',Number of Deaths due to Malaria- Plasmodium Vivax,TOTAL,0,0,0,0,0,0,0,0,0,0,0,0,0,0,0,0,0,0,0,0,0,0,0,0,0,0,0,0,0,0,0,0,0,0,0,0,0,0,0,0,0,0,0,0,0,0,0,0,0,0,0,0,0,0,0,0,0,0,0,0,0,0,0,0,0
Yanam,'16.8.2',Number of Deaths due to Malaria- Plasmodium Falciparum,TOTAL,0,0,0,0,0,0,0,0,0,0,0,0,0,0,0,0,0,0,0,0,0,0,0,0,0,0,0,0,0,0,0,0,0,0,0,0,0,0,0,0,0,0,0,0,0,0,0,0,0,0,0,0,0,0,0,0,0,0,0,0,0,0,0,0,0
Yanam,'16.8.3',Number of Deaths due to Kala Azar,TOTAL,0,0,0,0,0,0,0,0,0,0,0,0,0,0,0,0,0,0,0,0,0,0,0,0,0,0,0,0,0,0,0,0,0,0,0,0,0,0,0,0,0,0,0,0,0,0,0,0,0,0,0,0,0,0,0,0,0,0,0,0,0,0,0,0,0
Yanam,'16.8.4',Number of Deaths due to Dengue,TOTAL,0,0,0,0,0,0,0,0,0,0,0,0,0,0,0,0,0,0,0,0,0,0,0,0,0,0,0,0,0,0,0,0,0,0,0,0,0,0,0,0,0,0,0,0,0,0,0,0,0,0,0,0,0,0,0,0,0,0,0,0,0,0,0,0,0
Yanam,'16.8.5',Number of Deaths due to Acute Encephelitis Syndrome (AES),TOTAL,0,0,0,0,0,0,0,0,0,0,0,0,0,0,0,0,0,0,0,0,0,0,0,0,0,0,0,0,0,0,0,0,0,0,0,0,0,0,0,0,0,0,0,0,0,0,0,0,0,0,0,0,0,0,0,0,0,0,0,0,0,0,0,0,0
Yanam,'16.8.6',Number of Deaths due to Japanese Encephalitis (JE),TOTAL,0,0,0,0,0,0,0,0,0,0,0,0,0,0,0,0,0,0,0,0,0,0,0,0,0,0,0,0,0,0,0,0,0,0,0,0,0,0,0,0,0,0,0,0,0,0,0,0,0,0,0,0,0,0,0,0,0,0,0,0,0,0,0,0,0
Yanam,'15.5.1',Radiology - X-ray,TOTAL,688,688,0,0,688,712,712,0,0,712,720,720,0,0,720,786,786,0,0,786,659,659,0,0,659,597,597,0,0,597,597,597,0,0,597,606,606,0,0,606,688,688,0,0,688,673,673,0,0,673,813,813,0,0,813,490,490,0,0,490,8029,8029,0,0,8029
Yanam,'15.5.2',Radiology - Ultrasonography (USG),TOTAL,101,101,0,0,101,73,73,0,0,73,67,67,0,0,67,79,79,0,0,79,74,74,0,0,74,74,74,0,0,74,152,140,12,12,140,87,87,0,0,87,102,102,0,0,102,56,56,0,0,56,173,173,0,0,173,92,92,0,0,92,1130,1118,12,12,1118
Yanam,'17.1',Vaccine - DPT,1. Balance From Previous Month,300,NA,NA,NA,NA,210,NA,NA,NA,NA,130,NA,NA,NA,NA,150,NA,NA,NA,NA,360,NA,NA,NA,NA,400,NA,NA,NA,NA,880,NA,NA,NA,NA,990,NA,NA,NA,NA,460,NA,NA,NA,NA,270,NA,NA,NA,NA,200,NA,NA,NA,NA,110,NA,NA,NA,NA,4460,NA,NA,NA,NA
Yanam,17.1',Vaccine - DPT,2. Stocks Received,NA,NA,NA,NA,NA,NA,NA,NA,NA,NA,110,NA,NA,NA,NA,290,NA,NA,NA,NA,90,NA,NA,NA,NA,600,NA,NA,NA,NA,240,NA,NA,NA,NA,NA,NA,NA,NA,NA,NA,NA,NA,NA,NA,NA,NA,NA,NA,NA,NA,NA,NA,NA,NA,100,NA,NA,NA,NA,1430,NA,NA,NA,NA
Yanam,17.1',Vaccine - DPT,3. Unusable Stock,NA,NA,NA,NA,NA,NA,NA,NA,NA,NA,NA,NA,NA,NA,NA,NA,NA,NA,NA,NA,NA,NA,NA,NA,NA,NA,NA,NA,NA,NA,NA,NA,NA,NA,NA,NA,NA,NA,NA,NA,NA,NA,NA,NA,NA,NA,NA,NA,NA,NA,NA,NA,NA,NA,NA,NA,NA,NA,NA,NA,NA,NA,NA,NA,NA
Yanam,17.1',Vaccine - DPT,4. Stock Distributed,90,NA,NA,NA,NA,80,NA,NA,NA,NA,90,NA,NA,NA,NA,80,NA,NA,NA,NA,50,NA,NA,NA,NA,120,NA,NA,NA,NA,130,NA,NA,NA,NA,530,NA,NA,NA,NA,190,NA,NA,NA,NA,70,NA,NA,NA,NA,90,NA,NA,NA,NA,40,NA,NA,NA,NA,1560,NA,NA,NA,NA
Yanam,17.1',Vaccine - DPT,5. Total Stock,210,NA,NA,NA,NA,130,NA,NA,NA,NA,150,NA,NA,NA,NA,360,NA,NA,NA,NA,400,NA,NA,NA,NA,880,NA,NA,NA,NA,990,NA,NA,NA,NA,460,NA,NA,NA,NA,270,NA,NA,NA,NA,200,NA,NA,NA,NA,110,NA,NA,NA,NA,170,NA,NA,NA,NA,4330,NA,NA,NA,NA
Yanam,'17.2',Vaccine - Pentavalent,1. Balance From Previous Month,370,NA,NA,NA,NA,220,NA,NA,NA,NA,80,NA,NA,NA,NA,90,NA,NA,NA,NA,70,NA,NA,NA,NA,240,NA,NA,NA,NA,270,NA,NA,NA,NA,420,NA,NA,NA,NA,360,NA,NA,NA,NA,330,NA,NA,NA,NA,450,NA,NA,NA,NA,220,NA,NA,NA,NA,3120,NA,NA,NA,NA
Yanam,17.2',Vaccine - Pentavalent,2. Stocks Received,NA,NA,NA,NA,NA,NA,NA,NA,NA,NA,180,NA,NA,NA,NA,200,NA,NA,NA,NA,400,NA,NA,NA,NA,200,NA,NA,NA,NA,300,NA,NA,NA,NA,100,NA,NA,NA,NA,200,NA,NA,NA,NA,300,NA,NA,NA,NA,150,NA,NA,NA,NA,300,NA,NA,NA,NA,2330,NA,NA,NA,NA
Yanam,17.2',Vaccine - Pentavalent,3. Unusable Stock,NA,NA,NA,NA,NA,NA,NA,NA,NA,NA,NA,NA,NA,NA,NA,NA,NA,NA,NA,NA,NA,NA,NA,NA,NA,NA,NA,NA,NA,NA,NA,NA,NA,NA,NA,NA,NA,NA,NA,NA,NA,NA,NA,NA,NA,NA,NA,NA,NA,NA,NA,NA,NA,NA,NA,NA,NA,NA,NA,NA,NA,NA,NA,NA,NA
Yanam,17.2',Vaccine - Pentavalent,4. Stock Distributed,150,NA,NA,NA,NA,140,NA,NA,NA,NA,170,NA,NA,NA,NA,220,NA,NA,NA,NA,230,NA,NA,NA,NA,170,NA,NA,NA,NA,150,NA,NA,NA,NA,160,NA,NA,NA,NA,230,NA,NA,NA,NA,180,NA,NA,NA,NA,230,NA,NA,NA,NA,150,NA,NA,NA,NA,2180,NA,NA,NA,NA
Yanam,17.2',Vaccine - Pentavalent,5. Total Stock,220,NA,NA,NA,NA,80,NA,NA,NA,NA,90,NA,NA,NA,NA,70,NA,NA,NA,NA,240,NA,NA,NA,NA,270,NA,NA,NA,NA,420,NA,NA,NA,NA,360,NA,NA,NA,NA,330,NA,NA,NA,NA,450,NA,NA,NA,NA,370,NA,NA,NA,NA,370,NA,NA,NA,NA,3270,NA,NA,NA,NA
Yanam,'17.3',Vaccine - OPV,1. Balance From Previous Month,260,NA,NA,NA,NA,260,NA,NA,NA,NA,460,NA,NA,NA,NA,440,NA,NA,NA,NA,380,NA,NA,NA,NA,440,NA,NA,NA,NA,180,NA,NA,NA,NA,260,NA,NA,NA,NA,260,NA,NA,NA,NA,260,NA,NA,NA,NA,360,NA,NA,NA,NA,320,NA,NA,NA,NA,3880,NA,NA,NA,NA
Yanam,17.3',Vaccine - OPV,2. Stocks Received,NA,NA,NA,NA,NA,NA,NA,NA,NA,NA,300,NA,NA,NA,NA,300,NA,NA,NA,NA,500,NA,NA,NA,NA,NA,NA,NA,NA,NA,360,NA,NA,NA,NA,300,NA,NA,NA,NA,300,NA,NA,NA,NA,400,NA,NA,NA,NA,NA,NA,NA,NA,NA,400,NA,NA,NA,NA,2860,NA,NA,NA,NA
Yanam,17.3',Vaccine - OPV,3. Unusable Stock,NA,NA,NA,NA,NA,NA,NA,NA,NA,NA,NA,NA,NA,NA,NA,NA,NA,NA,NA,NA,NA,NA,NA,NA,NA,NA,NA,NA,NA,NA,NA,NA,NA,NA,NA,NA,NA,NA,NA,NA,NA,NA,NA,NA,NA,NA,NA,NA,NA,NA,NA,NA,NA,NA,NA,NA,NA,NA,NA,NA,NA,NA,NA,NA,NA
Yanam,17.3',Vaccine - OPV,4. Stock Distributed,NA,NA,NA,NA,NA,NA,NA,NA,NA,NA,320,NA,NA,NA,NA,360,NA,NA,NA,NA,440,NA,NA,NA,NA,260,NA,NA,NA,NA,280,NA,NA,NA,NA,300,NA,NA,NA,NA,300,NA,NA,NA,NA,300,NA,NA,NA,NA,360,NA,NA,NA,NA,260,NA,NA,NA,NA,3180,NA,NA,NA,NA
Yanam,17.3',Vaccine - OPV,5. Total Stock,260,NA,NA,NA,NA,260,NA,NA,NA,NA,440,NA,NA,NA,NA,380,NA,NA,NA,NA,440,NA,NA,NA,NA,180,NA,NA,NA,NA,260,NA,NA,NA,NA,260,NA,NA,NA,NA,260,NA,NA,NA,NA,360,NA,NA,NA,NA,0,NA,NA,NA,NA,460,NA,NA,NA,NA,3560,NA,NA,NA,NA
Yanam,'17.4',Vaccine - TT,1. Balance From Previous Month,70,NA,NA,NA,NA,240,NA,NA,NA,NA,130,NA,NA,NA,NA,60,NA,NA,NA,NA,30,NA,NA,NA,NA,50,NA,NA,NA,NA,420,NA,NA,NA,NA,730,NA,NA,NA,NA,250,NA,NA,NA,NA,180,NA,NA,NA,NA,240,NA,NA,NA,NA,210,NA,NA,NA,NA,2610,NA,NA,NA,NA
Yanam,17.4',Vaccine - TT,2. Stocks Received,NA,NA,NA,NA,NA,NA,NA,NA,NA,NA,90,NA,NA,NA,NA,80,NA,NA,NA,NA,130,NA,NA,NA,NA,660,NA,NA,NA,NA,500,NA,NA,NA,NA,480,NA,NA,NA,NA,300,NA,NA,NA,NA,200,NA,NA,NA,NA,100,NA,NA,NA,NA,300,NA,NA,NA,NA,2840,NA,NA,NA,NA
Yanam,17.4',Vaccine - TT,3. Unusable Stock,NA,NA,NA,NA,NA,NA,NA,NA,NA,NA,NA,NA,NA,NA,NA,NA,NA,NA,NA,NA,NA,NA,NA,NA,NA,NA,NA,NA,NA,NA,NA,NA,NA,NA,NA,NA,NA,NA,NA,NA,NA,NA,NA,NA,NA,NA,NA,NA,NA,NA,NA,NA,NA,NA,NA,NA,NA,NA,NA,NA,NA,NA,NA,NA,NA
Yanam,17.4',Vaccine - TT,4. Stock Distributed,70,NA,NA,NA,NA,110,NA,NA,NA,NA,160,NA,NA,NA,NA,110,NA,NA,NA,NA,110,NA,NA,NA,NA,290,NA,NA,NA,NA,190,NA,NA,NA,NA,960,NA,NA,NA,NA,370,NA,NA,NA,NA,140,NA,NA,NA,NA,130,NA,NA,NA,NA,40,NA,NA,NA,NA,2680,NA,NA,NA,NA
Yanam,17.4',Vaccine - TT,5. Total Stock,0,NA,NA,NA,NA,130,NA,NA,NA,NA,60,NA,NA,NA,NA,30,NA,NA,NA,NA,50,NA,NA,NA,NA,420,NA,NA,NA,NA,730,NA,NA,NA,NA,250,NA,NA,NA,NA,180,NA,NA,NA,NA,240,NA,NA,NA,NA,210,NA,NA,NA,NA,470,NA,NA,NA,NA,2770,NA,NA,NA,NA
Yanam,'17.5',Vaccine - DT,1. Balance From Previous Month,NA,NA,NA,NA,NA,NA,NA,NA,NA,NA,NA,NA,NA,NA,NA,NA,NA,NA,NA,NA,NA,NA,NA,NA,NA,NA,NA,NA,NA,NA,NA,NA,NA,NA,NA,NA,NA,NA,NA,NA,NA,NA,NA,NA,NA,NA,NA,NA,NA,NA,NA,NA,NA,NA,NA,NA,NA,NA,NA,NA,NA,NA,NA,NA,NA
Yanam,17.5',Vaccine - DT,2. Stocks Received,300,NA,NA,NA,NA,NA,NA,NA,NA,NA,NA,NA,NA,NA,NA,NA,NA,NA,NA,NA,NA,NA,NA,NA,NA,NA,NA,NA,NA,NA,NA,NA,NA,NA,NA,NA,NA,NA,NA,NA,NA,NA,NA,NA,NA,NA,NA,NA,NA,NA,NA,NA,NA,NA,NA,NA,NA,NA,NA,NA,300,NA,NA,NA,NA
Yanam,17.5',Vaccine - DT,3. Unusable Stock,NA,NA,NA,NA,NA,NA,NA,NA,NA,NA,NA,NA,NA,NA,NA,NA,NA,NA,NA,NA,NA,NA,NA,NA,NA,NA,NA,NA,NA,NA,NA,NA,NA,NA,NA,NA,NA,NA,NA,NA,NA,NA,NA,NA,NA,NA,NA,NA,NA,NA,NA,NA,NA,NA,NA,NA,NA,NA,NA,NA,NA,NA,NA,NA,NA
Yanam,17.5',Vaccine - DT,4. Stock Distributed,60,NA,NA,NA,NA,NA,NA,NA,NA,NA,NA,NA,NA,NA,NA,NA,NA,NA,NA,NA,NA,NA,NA,NA,NA,NA,NA,NA,NA,NA,NA,NA,NA,NA,NA,NA,NA,NA,NA,NA,NA,NA,NA,NA,NA,NA,NA,NA,NA,NA,NA,NA,NA,NA,NA,NA,NA,NA,NA,NA,60,NA,NA,NA,NA
Yanam,17.5',Vaccine - DT,5. Total Stock,240,NA,NA,NA,NA,0,NA,NA,NA,NA,0,NA,NA,NA,NA,0,NA,NA,NA,NA,0,NA,NA,NA,NA,0,NA,NA,NA,NA,0,NA,NA,NA,NA,0,NA,NA,NA,NA,0,NA,NA,NA,NA,0,NA,NA,NA,NA,0,NA,NA,NA,NA,0,NA,NA,NA,NA,240,NA,NA,NA,NA
Yanam,'17.6',Vaccine - BCG,1. Balance From Previous Month,260,NA,NA,NA,NA,160,NA,NA,NA,NA,110,NA,NA,NA,NA,180,NA,NA,NA,NA,210,NA,NA,NA,NA,130,NA,NA,NA,NA,260,NA,NA,NA,NA,280,NA,NA,NA,NA,220,NA,NA,NA,NA,250,NA,NA,NA,NA,240,NA,NA,NA,NA,260,NA,NA,NA,NA,2560,NA,NA,NA,NA
Yanam,17.6',Vaccine - BCG,2. Stocks Received,NA,NA,NA,NA,NA,NA,NA,NA,NA,NA,150,NA,NA,NA,NA,100,NA,NA,NA,NA,NA,NA,NA,NA,NA,200,NA,NA,NA,NA,100,NA,NA,NA,NA,NA,NA,NA,NA,NA,100,NA,NA,NA,NA,50,NA,NA,NA,NA,100,NA,NA,NA,NA,100,NA,NA,NA,NA,900,NA,NA,NA,NA
Yanam,17.6',Vaccine - BCG,3. Unusable Stock,NA,NA,NA,NA,NA,NA,NA,NA,NA,NA,NA,NA,NA,NA,NA,NA,NA,NA,NA,NA,NA,NA,NA,NA,NA,NA,NA,NA,NA,NA,NA,NA,NA,NA,NA,NA,NA,NA,NA,NA,NA,NA,NA,NA,NA,NA,NA,NA,NA,NA,NA,NA,NA,NA,NA,NA,NA,NA,NA,NA,NA,NA,NA,NA,NA
Yanam,17.6',Vaccine - BCG,4. Stock Distributed,100,NA,NA,NA,NA,50,NA,NA,NA,NA,80,NA,NA,NA,NA,70,NA,NA,NA,NA,80,NA,NA,NA,NA,70,NA,NA,NA,NA,80,NA,NA,NA,NA,60,NA,NA,NA,NA,70,NA,NA,NA,NA,60,NA,NA,NA,NA,80,NA,NA,NA,NA,60,NA,NA,NA,NA,860,NA,NA,NA,NA
Yanam,17.6',Vaccine - BCG,5. Total Stock,160,NA,NA,NA,NA,110,NA,NA,NA,NA,180,NA,NA,NA,NA,210,NA,NA,NA,NA,130,NA,NA,NA,NA,260,NA,NA,NA,NA,280,NA,NA,NA,NA,220,NA,NA,NA,NA,250,NA,NA,NA,NA,240,NA,NA,NA,NA,260,NA,NA,NA,NA,300,NA,NA,NA,NA,2600,NA,NA,NA,NA
Yanam,'17.7',Vaccine - Measles,1. Balance From Previous Month,NA,NA,NA,NA,NA,NA,NA,NA,NA,NA,NA,NA,NA,NA,NA,NA,NA,NA,NA,NA,NA,NA,NA,NA,NA,NA,NA,NA,NA,NA,NA,NA,NA,NA,NA,NA,NA,NA,NA,NA,NA,NA,NA,NA,NA,NA,NA,NA,NA,NA,NA,NA,NA,NA,NA,NA,NA,NA,NA,NA,NA,NA,NA,NA,NA
Yanam,17.7',Vaccine - Measles,2. Stocks Received,NA,NA,NA,NA,NA,NA,NA,NA,NA,NA,NA,NA,NA,NA,NA,NA,NA,NA,NA,NA,NA,NA,NA,NA,NA,NA,NA,NA,NA,NA,NA,NA,NA,NA,NA,NA,NA,NA,NA,NA,NA,NA,NA,NA,NA,NA,NA,NA,NA,NA,NA,NA,NA,NA,NA,NA,NA,NA,NA,NA,NA,NA,NA,NA,NA
Yanam,17.7',Vaccine - Measles,3. Unusable Stock,NA,NA,NA,NA,NA,NA,NA,NA,NA,NA,NA,NA,NA,NA,NA,NA,NA,NA,NA,NA,NA,NA,NA,NA,NA,NA,NA,NA,NA,NA,NA,NA,NA,NA,NA,NA,NA,NA,NA,NA,NA,NA,NA,NA,NA,NA,NA,NA,NA,NA,NA,NA,NA,NA,NA,NA,NA,NA,NA,NA,NA,NA,NA,NA,NA
Yanam,17.7',Vaccine - Measles,4. Stock Distributed,NA,NA,NA,NA,NA,NA,NA,NA,NA,NA,NA,NA,NA,NA,NA,NA,NA,NA,NA,NA,NA,NA,NA,NA,NA,NA,NA,NA,NA,NA,NA,NA,NA,NA,NA,NA,NA,NA,NA,NA,NA,NA,NA,NA,NA,NA,NA,NA,NA,NA,NA,NA,NA,NA,NA,NA,NA,NA,NA,NA,NA,NA,NA,NA,NA
Yanam,17.7',Vaccine - Measles,5. Total Stock,0,NA,NA,NA,NA,0,NA,NA,NA,NA,0,NA,NA,NA,NA,0,NA,NA,NA,NA,0,NA,NA,NA,NA,0,NA,NA,NA,NA,0,NA,NA,NA,NA,0,NA,NA,NA,NA,0,NA,NA,NA,NA,0,NA,NA,NA,NA,0,NA,NA,NA,NA,0,NA,NA,NA,NA,0,NA,NA,NA,NA
Yanam,'17.8',Vaccine - JE,1. Balance From Previous Month,NA,NA,NA,NA,NA,NA,NA,NA,NA,NA,NA,NA,NA,NA,NA,NA,NA,NA,NA,NA,NA,NA,NA,NA,NA,NA,NA,NA,NA,NA,NA,NA,NA,NA,NA,NA,NA,NA,NA,NA,NA,NA,NA,NA,NA,NA,NA,NA,NA,NA,NA,NA,NA,NA,NA,NA,NA,NA,NA,NA,NA,NA,NA,NA,NA
Yanam,17.8',Vaccine - JE,2. Stocks Received,NA,NA,NA,NA,NA,NA,NA,NA,NA,NA,NA,NA,NA,NA,NA,NA,NA,NA,NA,NA,NA,NA,NA,NA,NA,NA,NA,NA,NA,NA,NA,NA,NA,NA,NA,NA,NA,NA,NA,NA,NA,NA,NA,NA,NA,NA,NA,NA,NA,NA,NA,NA,NA,NA,NA,NA,NA,NA,NA,NA,NA,NA,NA,NA,NA
Yanam,17.8',Vaccine - JE,3. Unusable Stock,NA,NA,NA,NA,NA,NA,NA,NA,NA,NA,NA,NA,NA,NA,NA,NA,NA,NA,NA,NA,NA,NA,NA,NA,NA,NA,NA,NA,NA,NA,NA,NA,NA,NA,NA,NA,NA,NA,NA,NA,NA,NA,NA,NA,NA,NA,NA,NA,NA,NA,NA,NA,NA,NA,NA,NA,NA,NA,NA,NA,NA,NA,NA,NA,NA
Yanam,17.8',Vaccine - JE,4. Stock Distributed,NA,NA,NA,NA,NA,NA,NA,NA,NA,NA,NA,NA,NA,NA,NA,NA,NA,NA,NA,NA,NA,NA,NA,NA,NA,NA,NA,NA,NA,NA,NA,NA,NA,NA,NA,NA,NA,NA,NA,NA,NA,NA,NA,NA,NA,NA,NA,NA,NA,NA,NA,NA,NA,NA,NA,NA,NA,NA,NA,NA,NA,NA,NA,NA,NA
Yanam,17.8',Vaccine - JE,5. Total Stock,0,NA,NA,NA,NA,0,NA,NA,NA,NA,0,NA,NA,NA,NA,0,NA,NA,NA,NA,0,NA,NA,NA,NA,0,NA,NA,NA,NA,0,NA,NA,NA,NA,0,NA,NA,NA,NA,0,NA,NA,NA,NA,0,NA,NA,NA,NA,0,NA,NA,NA,NA,0,NA,NA,NA,NA,0,NA,NA,NA,NA
Yanam,'17.9',Vaccine - Hepatitis B,1. Balance From Previous Month,200,NA,NA,NA,NA,120,NA,NA,NA,NA,80,NA,NA,NA,NA,100,NA,NA,NA,NA,160,NA,NA,NA,NA,200,NA,NA,NA,NA,140,NA,NA,NA,NA,280,NA,NA,NA,NA,210,NA,NA,NA,NA,260,NA,NA,NA,NA,170,NA,NA,NA,NA,180,NA,NA,NA,NA,2100,NA,NA,NA,NA
Yanam,17.9',Vaccine - Hepatitis B,2. Stocks Received,NA,NA,NA,NA,NA,NA,NA,NA,NA,NA,100,NA,NA,NA,NA,120,NA,NA,NA,NA,100,NA,NA,NA,NA,NA,NA,NA,NA,NA,220,NA,NA,NA,NA,NA,NA,NA,NA,NA,100,NA,NA,NA,NA,NA,NA,NA,NA,NA,50,NA,NA,NA,NA,NA,NA,NA,NA,NA,690,NA,NA,NA,NA
Yanam,17.9',Vaccine - Hepatitis B,3. Unusable Stock,NA,NA,NA,NA,NA,NA,NA,NA,NA,NA,NA,NA,NA,NA,NA,NA,NA,NA,NA,NA,NA,NA,NA,NA,NA,NA,NA,NA,NA,NA,NA,NA,NA,NA,NA,NA,NA,NA,NA,NA,NA,NA,NA,NA,NA,NA,NA,NA,NA,NA,NA,NA,NA,NA,NA,NA,NA,NA,NA,NA,NA,NA,NA,NA,NA
Yanam,17.9',Vaccine - Hepatitis B,4. Stock Distributed,80,NA,NA,NA,NA,40,NA,NA,NA,NA,80,NA,NA,NA,NA,60,NA,NA,NA,NA,60,NA,NA,NA,NA,60,NA,NA,NA,NA,80,NA,NA,NA,NA,70,NA,NA,NA,NA,50,NA,NA,NA,NA,90,NA,NA,NA,NA,40,NA,NA,NA,NA,40,NA,NA,NA,NA,750,NA,NA,NA,NA
Yanam,17.9',Vaccine - Hepatitis B,5. Total Stock,120,NA,NA,NA,NA,80,NA,NA,NA,NA,100,NA,NA,NA,NA,160,NA,NA,NA,NA,200,NA,NA,NA,NA,140,NA,NA,NA,NA,280,NA,NA,NA,NA,210,NA,NA,NA,NA,260,NA,NA,NA,NA,170,NA,NA,NA,NA,180,NA,NA,NA,NA,140,NA,NA,NA,NA,2040,NA,NA,NA,NA
Yanam,'17.10',Vaccine - Typhoid,1. Balance From Previous Month,NA,NA,NA,NA,NA,NA,NA,NA,NA,NA,NA,NA,NA,NA,NA,NA,NA,NA,NA,NA,NA,NA,NA,NA,NA,NA,NA,NA,NA,NA,NA,NA,NA,NA,NA,NA,NA,NA,NA,NA,NA,NA,NA,NA,NA,NA,NA,NA,NA,NA,NA,NA,NA,NA,NA,NA,NA,NA,NA,NA,NA,NA,NA,NA,NA
Yanam,17.10',Vaccine - Typhoid,2. Stocks Received,NA,NA,NA,NA,NA,NA,NA,NA,NA,NA,NA,NA,NA,NA,NA,NA,NA,NA,NA,NA,NA,NA,NA,NA,NA,NA,NA,NA,NA,NA,NA,NA,NA,NA,NA,NA,NA,NA,NA,NA,NA,NA,NA,NA,NA,NA,NA,NA,NA,NA,NA,NA,NA,NA,NA,NA,NA,NA,NA,NA,NA,NA,NA,NA,NA
Yanam,17.10',Vaccine - Typhoid,3. Unusable Stock,NA,NA,NA,NA,NA,NA,NA,NA,NA,NA,NA,NA,NA,NA,NA,NA,NA,NA,NA,NA,NA,NA,NA,NA,NA,NA,NA,NA,NA,NA,NA,NA,NA,NA,NA,NA,NA,NA,NA,NA,NA,NA,NA,NA,NA,NA,NA,NA,NA,NA,NA,NA,NA,NA,NA,NA,NA,NA,NA,NA,NA,NA,NA,NA,NA
Yanam,17.10',Vaccine - Typhoid,4. Stock Distributed,NA,NA,NA,NA,NA,NA,NA,NA,NA,NA,NA,NA,NA,NA,NA,NA,NA,NA,NA,NA,NA,NA,NA,NA,NA,NA,NA,NA,NA,NA,NA,NA,NA,NA,NA,NA,NA,NA,NA,NA,NA,NA,NA,NA,NA,NA,NA,NA,NA,NA,NA,NA,NA,NA,NA,NA,NA,NA,NA,NA,NA,NA,NA,NA,NA
Yanam,17.10',Vaccine - Typhoid,5. Total Stock,NA,NA,NA,NA,NA,NA,NA,NA,NA,NA,NA,NA,NA,NA,NA,NA,NA,NA,NA,NA,NA,NA,NA,NA,NA,NA,NA,NA,NA,NA,NA,NA,NA,NA,NA,NA,NA,NA,NA,NA,NA,NA,NA,NA,NA,NA,NA,NA,NA,NA,NA,NA,NA,NA,NA,NA,NA,NA,NA,NA,NA,NA,NA,NA,NA
Yanam,'17.11',Vaccine - Vitamin K,1. Balance From Previous Month,NA,NA,NA,NA,NA,NA,NA,NA,NA,NA,NA,NA,NA,NA,NA,NA,NA,NA,NA,NA,NA,NA,NA,NA,NA,NA,NA,NA,NA,NA,NA,NA,NA,NA,NA,NA,NA,NA,NA,NA,NA,NA,NA,NA,NA,NA,NA,NA,NA,NA,NA,NA,NA,NA,NA,NA,NA,NA,NA,NA,NA,NA,NA,NA,NA
Yanam,17.11',Vaccine - Vitamin K,2. Stocks Received,NA,NA,NA,NA,NA,NA,NA,NA,NA,NA,NA,NA,NA,NA,NA,NA,NA,NA,NA,NA,NA,NA,NA,NA,NA,NA,NA,NA,NA,NA,NA,NA,NA,NA,NA,NA,NA,NA,NA,NA,NA,NA,NA,NA,NA,NA,NA,NA,NA,NA,NA,NA,NA,NA,NA,NA,NA,NA,NA,NA,NA,NA,NA,NA,NA
Yanam,17.11',Vaccine - Vitamin K,3. Unusable Stock,NA,NA,NA,NA,NA,NA,NA,NA,NA,NA,NA,NA,NA,NA,NA,NA,NA,NA,NA,NA,NA,NA,NA,NA,NA,NA,NA,NA,NA,NA,NA,NA,NA,NA,NA,NA,NA,NA,NA,NA,NA,NA,NA,NA,NA,NA,NA,NA,NA,NA,NA,NA,NA,NA,NA,NA,NA,NA,NA,NA,NA,NA,NA,NA,NA
Yanam,17.11',Vaccine - Vitamin K,4. Stock Distributed,NA,NA,NA,NA,NA,NA,NA,NA,NA,NA,NA,NA,NA,NA,NA,NA,NA,NA,NA,NA,NA,NA,NA,NA,NA,NA,NA,NA,NA,NA,NA,NA,NA,NA,NA,NA,NA,NA,NA,NA,NA,NA,NA,NA,NA,NA,NA,NA,NA,NA,NA,NA,NA,NA,NA,NA,NA,NA,NA,NA,NA,NA,NA,NA,NA
Yanam,17.11',Vaccine - Vitamin K,5. Total Stock,NA,NA,NA,NA,NA,NA,NA,NA,NA,NA,NA,NA,NA,NA,NA,NA,NA,NA,NA,NA,NA,NA,NA,NA,NA,NA,NA,NA,NA,NA,NA,NA,NA,NA,NA,NA,NA,NA,NA,NA,NA,NA,NA,NA,NA,NA,NA,NA,NA,NA,NA,NA,NA,NA,NA,NA,NA,NA,NA,NA,NA,NA,NA,NA,NA
Yanam,'17.12',Rotavirus,1. Balance From Previous Month,NA,NA,NA,NA,NA,NA,NA,NA,NA,NA,NA,NA,NA,NA,NA,NA,NA,NA,NA,NA,NA,NA,NA,NA,NA,1982,NA,NA,NA,NA,1920,NA,NA,NA,NA,1814,NA,NA,NA,NA,1664,NA,NA,NA,NA,1460,NA,NA,NA,NA,1286,NA,NA,NA,NA,1080,NA,NA,NA,NA,11206,NA,NA,NA,NA
Yanam,17.12',Rotavirus,2. Stocks Received,NA,NA,NA,NA,NA,NA,NA,NA,NA,NA,NA,NA,NA,NA,NA,NA,NA,NA,NA,NA,2000,NA,NA,NA,NA,NA,NA,NA,NA,NA,NA,NA,NA,NA,NA,NA,NA,NA,NA,NA,NA,NA,NA,NA,NA,NA,NA,NA,NA,NA,NA,NA,NA,NA,NA,NA,NA,NA,NA,NA,2000,NA,NA,NA,NA
Yanam,17.12',Rotavirus,3. Unusable Stock,NA,NA,NA,NA,NA,NA,NA,NA,NA,NA,NA,NA,NA,NA,NA,NA,NA,NA,NA,NA,NA,NA,NA,NA,NA,NA,NA,NA,NA,NA,NA,NA,NA,NA,NA,NA,NA,NA,NA,NA,NA,NA,NA,NA,NA,NA,NA,NA,NA,NA,NA,NA,NA,NA,NA,NA,NA,NA,NA,NA,NA,NA,NA,NA,NA
Yanam,17.12',Rotavirus,4. Stock Distributed,NA,NA,NA,NA,NA,NA,NA,NA,NA,NA,NA,NA,NA,NA,NA,NA,NA,NA,NA,NA,18,NA,NA,NA,NA,62,NA,NA,NA,NA,106,NA,NA,NA,NA,150,NA,NA,NA,NA,204,NA,NA,NA,NA,174,NA,NA,NA,NA,206,NA,NA,NA,NA,144,NA,NA,NA,NA,1064,NA,NA,NA,NA
Yanam,17.12',Rotavirus,5. Total Stock,NA,NA,NA,NA,NA,NA,NA,NA,NA,NA,NA,NA,NA,NA,NA,NA,NA,NA,NA,NA,1982,NA,NA,NA,NA,1920,NA,NA,NA,NA,1814,NA,NA,NA,NA,1664,NA,NA,NA,NA,1460,NA,NA,NA,NA,1286,NA,NA,NA,NA,1080,NA,NA,NA,NA,936,NA,NA,NA,NA,12142,NA,NA,NA,NA
Yanam,'17.13',Inactivated Polio Vaccine,1. Balance From Previous Month,450,NA,NA,NA,NA,350,NA,NA,NA,NA,250,NA,NA,NA,NA,125,NA,NA,NA,NA,150,NA,NA,NA,NA,50,NA,NA,NA,NA,125,NA,NA,NA,NA,225,NA,NA,NA,NA,175,NA,NA,NA,NA,100,NA,NA,NA,NA,200,NA,NA,NA,NA,100,NA,NA,NA,NA,2300,NA,NA,NA,NA
Yanam,17.13',Inactivated Polio Vaccine,2. Stocks Received,NA,NA,NA,NA,NA,NA,NA,NA,NA,NA,NA,NA,NA,NA,NA,150,NA,NA,NA,NA,50,NA,NA,NA,NA,200,NA,NA,NA,NA,200,NA,NA,NA,NA,100,NA,NA,NA,NA,100,NA,NA,NA,NA,200,NA,NA,NA,NA,150,NA,NA,NA,NA,NA,NA,NA,NA,NA,1150,NA,NA,NA,NA
Yanam,17.13',Inactivated Polio Vaccine,3. Unusable Stock,NA,NA,NA,NA,NA,NA,NA,NA,NA,NA,NA,NA,NA,NA,NA,NA,NA,NA,NA,NA,NA,NA,NA,NA,NA,NA,NA,NA,NA,NA,NA,NA,NA,NA,NA,NA,NA,NA,NA,NA,NA,NA,NA,NA,NA,NA,NA,NA,NA,NA,NA,NA,NA,NA,NA,NA,NA,NA,NA,NA,NA,NA,NA,NA,NA
Yanam,17.13',Inactivated Polio Vaccine,4. Stock Distributed,100,NA,NA,NA,NA,100,NA,NA,NA,NA,125,NA,NA,NA,NA,125,NA,NA,NA,NA,150,NA,NA,NA,NA,125,NA,NA,NA,NA,325,NA,NA,NA,NA,150,NA,NA,NA,NA,175,NA,NA,NA,NA,100,NA,NA,NA,NA,250,NA,NA,NA,NA,100,NA,NA,NA,NA,1825,NA,NA,NA,NA
Yanam,17.13',Inactivated Polio Vaccine,5. Total Stock,350,NA,NA,NA,NA,250,NA,NA,NA,NA,125,NA,NA,NA,NA,150,NA,NA,NA,NA,50,NA,NA,NA,NA,125,NA,NA,NA,NA,225,NA,NA,NA,NA,175,NA,NA,NA,NA,100,NA,NA,NA,NA,200,NA,NA,NA,NA,100,NA,NA,NA,NA,NA,NA,NA,NA,NA,1850,NA,NA,NA,NA
Yanam,'17.14',Measles Rubella (MR),1. Balance From Previous Month,400,NA,NA,NA,NA,270,NA,NA,NA,NA,120,NA,NA,NA,NA,70,NA,NA,NA,NA,30,NA,NA,NA,NA,210,NA,NA,NA,NA,270,NA,NA,NA,NA,410,NA,NA,NA,NA,430,NA,NA,NA,NA,310,NA,NA,NA,NA,240,NA,NA,NA,NA,280,NA,NA,NA,NA,3040,NA,NA,NA,NA
Yanam,17.14',Measles Rubella (MR),2. Stocks Received,NA,NA,NA,NA,NA,NA,NA,NA,NA,NA,110,NA,NA,NA,NA,130,NA,NA,NA,NA,290,NA,NA,NA,NA,200,NA,NA,NA,NA,260,NA,NA,NA,NA,150,NA,NA,NA,NA,NA,NA,NA,NA,NA,50,NA,NA,NA,NA,NA,NA,NA,NA,NA,NA,NA,NA,NA,NA,1190,NA,NA,NA,NA
Yanam,17.14',Measles Rubella (MR),3. Unusable Stock,NA,NA,NA,NA,NA,NA,NA,NA,NA,NA,NA,NA,NA,NA,NA,NA,NA,NA,NA,NA,NA,NA,NA,NA,NA,NA,NA,NA,NA,NA,NA,NA,NA,NA,NA,NA,NA,NA,NA,NA,NA,NA,NA,NA,NA,NA,NA,NA,NA,NA,NA,NA,NA,NA,NA,NA,NA,NA,NA,NA,NA,NA,NA,NA,NA
Yanam,17.14',Measles Rubella (MR),4. Stock Distributed,130,NA,NA,NA,NA,150,NA,NA,NA,NA,160,NA,NA,NA,NA,170,NA,NA,NA,NA,110,NA,NA,NA,NA,140,NA,NA,NA,NA,120,NA,NA,NA,NA,130,NA,NA,NA,NA,120,NA,NA,NA,NA,120,NA,NA,NA,NA,160,NA,NA,NA,NA,110,NA,NA,NA,NA,1620,NA,NA,NA,NA
Yanam,17.14',Measles Rubella (MR),5. Total Stock,270,NA,NA,NA,NA,120,NA,NA,NA,NA,70,NA,NA,NA,NA,30,NA,NA,NA,NA,210,NA,NA,NA,NA,270,NA,NA,NA,NA,410,NA,NA,NA,NA,430,NA,NA,NA,NA,310,NA,NA,NA,NA,240,NA,NA,NA,NA,280,NA,NA,NA,NA,170,NA,NA,NA,NA,2810,NA,NA,NA,NA
Yanam,'18.1',IUD 380 A,1. Balance From Previous Month,NA,NA,NA,NA,NA,NA,NA,NA,NA,NA,NA,NA,NA,NA,NA,NA,NA,NA,NA,NA,NA,NA,NA,NA,NA,NA,NA,NA,NA,NA,NA,NA,NA,NA,NA,NA,NA,NA,NA,NA,NA,NA,NA,NA,NA,NA,NA,NA,NA,NA,NA,NA,NA,NA,NA,NA,NA,NA,NA,NA,NA,NA,NA,NA,NA
Yanam,18.1',IUD 380 A,2. Stocks Received,NA,NA,NA,NA,NA,NA,NA,NA,NA,NA,NA,NA,NA,NA,NA,NA,NA,NA,NA,NA,NA,NA,NA,NA,NA,NA,NA,NA,NA,NA,NA,NA,NA,NA,NA,NA,NA,NA,NA,NA,NA,NA,NA,NA,NA,NA,NA,NA,NA,NA,NA,NA,NA,NA,NA,NA,NA,NA,NA,NA,NA,NA,NA,NA,NA
Yanam,18.1',IUD 380 A,3. Unusable Stock,NA,NA,NA,NA,NA,NA,NA,NA,NA,NA,NA,NA,NA,NA,NA,NA,NA,NA,NA,NA,NA,NA,NA,NA,NA,NA,NA,NA,NA,NA,NA,NA,NA,NA,NA,NA,NA,NA,NA,NA,NA,NA,NA,NA,NA,NA,NA,NA,NA,NA,NA,NA,NA,NA,NA,NA,NA,NA,NA,NA,NA,NA,NA,NA,NA
Yanam,18.1',IUD 380 A,4. Stock Distributed,NA,NA,NA,NA,NA,NA,NA,NA,NA,NA,NA,NA,NA,NA,NA,NA,NA,NA,NA,NA,NA,NA,NA,NA,NA,NA,NA,NA,NA,NA,NA,NA,NA,NA,NA,NA,NA,NA,NA,NA,NA,NA,NA,NA,NA,NA,NA,NA,NA,NA,NA,NA,NA,NA,NA,NA,NA,NA,NA,NA,NA,NA,NA,NA,NA
Yanam,18.1',IUD 380 A,5. Total Stock,0,NA,NA,NA,NA,0,NA,NA,NA,NA,0,NA,NA,NA,NA,0,NA,NA,NA,NA,0,NA,NA,NA,NA,0,NA,NA,NA,NA,0,NA,NA,NA,NA,0,NA,NA,NA,NA,0,NA,NA,NA,NA,0,NA,NA,NA,NA,0,NA,NA,NA,NA,0,NA,NA,NA,NA,0,NA,NA,NA,NA
Yanam,'18.2',IUD 375 A,1. Balance From Previous Month,454,NA,NA,NA,NA,447,NA,NA,NA,NA,428,NA,NA,NA,NA,417,NA,NA,NA,NA,408,NA,NA,NA,NA,401,NA,NA,NA,NA,391,NA,NA,NA,NA,377,NA,NA,NA,NA,363,NA,NA,NA,NA,339,NA,NA,NA,NA,308,NA,NA,NA,NA,297,NA,NA,NA,NA,4630,NA,NA,NA,NA
Yanam,18.2',IUD 375 A,2. Stocks Received,NA,NA,NA,NA,NA,NA,NA,NA,NA,NA,NA,NA,NA,NA,NA,NA,NA,NA,NA,NA,NA,NA,NA,NA,NA,NA,NA,NA,NA,NA,NA,NA,NA,NA,NA,NA,NA,NA,NA,NA,NA,NA,NA,NA,NA,NA,NA,NA,NA,NA,NA,NA,NA,NA,NA,NA,NA,NA,NA,NA,NA,NA,NA,NA,NA
Yanam,18.2',IUD 375 A,3. Unusable Stock,NA,NA,NA,NA,NA,NA,NA,NA,NA,NA,NA,NA,NA,NA,NA,NA,NA,NA,NA,NA,NA,NA,NA,NA,NA,NA,NA,NA,NA,NA,NA,NA,NA,NA,NA,NA,NA,NA,NA,NA,NA,NA,NA,NA,NA,NA,NA,NA,NA,NA,NA,NA,NA,NA,NA,NA,NA,NA,NA,NA,NA,NA,NA,NA,NA
Yanam,18.2',IUD 375 A,4. Stock Distributed,7,NA,NA,NA,NA,19,NA,NA,NA,NA,11,NA,NA,NA,NA,9,NA,NA,NA,NA,7,NA,NA,NA,NA,10,NA,NA,NA,NA,14,NA,NA,NA,NA,14,NA,NA,NA,NA,24,NA,NA,NA,NA,31,NA,NA,NA,NA,11,NA,NA,NA,NA,17,NA,NA,NA,NA,174,NA,NA,NA,NA
Yanam,18.2',IUD 375 A,5. Total Stock,447,NA,NA,NA,NA,428,NA,NA,NA,NA,417,NA,NA,NA,NA,408,NA,NA,NA,NA,401,NA,NA,NA,NA,391,NA,NA,NA,NA,377,NA,NA,NA,NA,363,NA,NA,NA,NA,339,NA,NA,NA,NA,308,NA,NA,NA,NA,297,NA,NA,NA,NA,280,NA,NA,NA,NA,4456,NA,NA,NA,NA
Yanam,'18.3',Condoms,1. Balance From Previous Month,60930,NA,NA,NA,NA,57670,NA,NA,NA,NA,53110,NA,NA,NA,NA,48420,NA,NA,NA,NA,43340,NA,NA,NA,NA,38200,NA,NA,NA,NA,43470,NA,NA,NA,NA,38880,NA,NA,NA,NA,34130,NA,NA,NA,NA,29242,NA,NA,NA,NA,24632,NA,NA,NA,NA,20052,NA,NA,NA,NA,492076,NA,NA,NA,NA
Yanam,18.3',Condoms,2. Stocks Received,NA,NA,NA,NA,NA,NA,NA,NA,NA,NA,NA,NA,NA,NA,NA,NA,NA,NA,NA,NA,NA,NA,NA,NA,NA,10800,NA,NA,NA,NA,NA,NA,NA,NA,NA,NA,NA,NA,NA,NA,NA,NA,NA,NA,NA,NA,NA,NA,NA,NA,NA,NA,NA,NA,NA,NA,NA,NA,NA,NA,10800,NA,NA,NA,NA
Yanam,18.3',Condoms,3. Unusable Stock,NA,NA,NA,NA,NA,NA,NA,NA,NA,NA,NA,NA,NA,NA,NA,NA,NA,NA,NA,NA,NA,NA,NA,NA,NA,NA,NA,NA,NA,NA,NA,NA,NA,NA,NA,NA,NA,NA,NA,NA,NA,NA,NA,NA,NA,NA,NA,NA,NA,NA,NA,NA,NA,NA,NA,NA,NA,NA,NA,NA,NA,NA,NA,NA,NA
Yanam,18.3',Condoms,4. Stock Distributed,3260,NA,NA,NA,NA,4560,NA,NA,NA,NA,4690,NA,NA,NA,NA,5080,NA,NA,NA,NA,5140,NA,NA,NA,NA,5530,NA,NA,NA,NA,4590,NA,NA,NA,NA,4750,NA,NA,NA,NA,4888,NA,NA,NA,NA,4610,NA,NA,NA,NA,4580,NA,NA,NA,NA,4596,NA,NA,NA,NA,56274,NA,NA,NA,NA
Yanam,18.3',Condoms,5. Total Stock,57670,NA,NA,NA,NA,53110,NA,NA,NA,NA,48420,NA,NA,NA,NA,43340,NA,NA,NA,NA,38200,NA,NA,NA,NA,43470,NA,NA,NA,NA,38880,NA,NA,NA,NA,34130,NA,NA,NA,NA,29242,NA,NA,NA,NA,24632,NA,NA,NA,NA,20052,NA,NA,NA,NA,15456,NA,NA,NA,NA,446602,NA,NA,NA,NA
Yanam,'18.4',Oral Contraceptive,1. Balance From Previous Month,7163,NA,NA,NA,NA,6883,NA,NA,NA,NA,NA,NA,NA,NA,NA,NA,NA,NA,NA,NA,NA,NA,NA,NA,NA,NA,NA,NA,NA,NA,1772,NA,NA,NA,NA,1590,NA,NA,NA,NA,1446,NA,NA,NA,NA,1282,NA,NA,NA,NA,1152,NA,NA,NA,NA,1008,NA,NA,NA,NA,22296,NA,NA,NA,NA
Yanam,18.4',Oral Contraceptive,2. Stocks Received,NA,NA,NA,NA,NA,NA,NA,NA,NA,NA,NA,NA,NA,NA,NA,NA,NA,NA,NA,NA,NA,NA,NA,NA,NA,2000,NA,NA,NA,NA,NA,NA,NA,NA,NA,NA,NA,NA,NA,NA,NA,NA,NA,NA,NA,NA,NA,NA,NA,NA,NA,NA,NA,NA,NA,NA,NA,NA,NA,NA,2000,NA,NA,NA,NA
Yanam,18.4',Oral Contraceptive,3. Unusable Stock,NA,NA,NA,NA,NA,NA,NA,NA,NA,NA,NA,NA,NA,NA,NA,NA,NA,NA,NA,NA,NA,NA,NA,NA,NA,NA,NA,NA,NA,NA,NA,NA,NA,NA,NA,NA,NA,NA,NA,NA,NA,NA,NA,NA,NA,NA,NA,NA,NA,NA,NA,NA,NA,NA,NA,NA,NA,NA,NA,NA,NA,NA,NA,NA,NA
Yanam,18.4',Oral Contraceptive,4. Stock Distributed,280,NA,NA,NA,NA,6883,NA,NA,NA,NA,NA,NA,NA,NA,NA,NA,NA,NA,NA,NA,NA,NA,NA,NA,NA,228,NA,NA,NA,NA,182,NA,NA,NA,NA,144,NA,NA,NA,NA,164,NA,NA,NA,NA,130,NA,NA,NA,NA,144,NA,NA,NA,NA,123,NA,NA,NA,NA,8278,NA,NA,NA,NA
Yanam,18.4',Oral Contraceptive,5. Total Stock,6883,NA,NA,NA,NA,0,NA,NA,NA,NA,0,NA,NA,NA,NA,0,NA,NA,NA,NA,0,NA,NA,NA,NA,1772,NA,NA,NA,NA,1590,NA,NA,NA,NA,1446,NA,NA,NA,NA,1282,NA,NA,NA,NA,1152,NA,NA,NA,NA,1008,NA,NA,NA,NA,885,NA,NA,NA,NA,16018,NA,NA,NA,NA
Yanam,'18.5',Emergency Contraceptive Pills,1. Balance From Previous Month,NA,NA,NA,NA,NA,NA,NA,NA,NA,NA,NA,NA,NA,NA,NA,NA,NA,NA,NA,NA,NA,NA,NA,NA,NA,NA,NA,NA,NA,NA,500,NA,NA,NA,NA,467,NA,NA,NA,NA,438,NA,NA,NA,NA,420,NA,NA,NA,NA,399,NA,NA,NA,NA,377,NA,NA,NA,NA,2601,NA,NA,NA,NA
Yanam,18.5',Emergency Contraceptive Pills,2. Stocks Received,NA,NA,NA,NA,NA,NA,NA,NA,NA,NA,NA,NA,NA,NA,NA,NA,NA,NA,NA,NA,NA,NA,NA,NA,NA,500,NA,NA,NA,NA,NA,NA,NA,NA,NA,NA,NA,NA,NA,NA,NA,NA,NA,NA,NA,NA,NA,NA,NA,NA,NA,NA,NA,NA,NA,NA,NA,NA,NA,NA,500,NA,NA,NA,NA
Yanam,18.5',Emergency Contraceptive Pills,3. Unusable Stock,NA,NA,NA,NA,NA,NA,NA,NA,NA,NA,NA,NA,NA,NA,NA,NA,NA,NA,NA,NA,NA,NA,NA,NA,NA,NA,NA,NA,NA,NA,NA,NA,NA,NA,NA,NA,NA,NA,NA,NA,NA,NA,NA,NA,NA,NA,NA,NA,NA,NA,NA,NA,NA,NA,NA,NA,NA,NA,NA,NA,NA,NA,NA,NA,NA
Yanam,18.5',Emergency Contraceptive Pills,4. Stock Distributed,NA,NA,NA,NA,NA,NA,NA,NA,NA,NA,NA,NA,NA,NA,NA,NA,NA,NA,NA,NA,NA,NA,NA,NA,NA,NA,NA,NA,NA,NA,33,NA,NA,NA,NA,29,NA,NA,NA,NA,18,NA,NA,NA,NA,21,NA,NA,NA,NA,22,NA,NA,NA,NA,22,NA,NA,NA,NA,145,NA,NA,NA,NA
Yanam,18.5',Emergency Contraceptive Pills,5. Total Stock,0,NA,NA,NA,NA,0,NA,NA,NA,NA,0,NA,NA,NA,NA,0,NA,NA,NA,NA,0,NA,NA,NA,NA,500,NA,NA,NA,NA,467,NA,NA,NA,NA,438,NA,NA,NA,NA,420,NA,NA,NA,NA,399,NA,NA,NA,NA,377,NA,NA,NA,NA,355,NA,NA,NA,NA,2956,NA,NA,NA,NA
Yanam,'18.6',Centchroman weekly pills,1. Balance From Previous Month,NA,NA,NA,NA,NA,NA,NA,NA,NA,NA,NA,NA,NA,NA,NA,NA,NA,NA,NA,NA,NA,NA,NA,NA,NA,NA,NA,NA,NA,NA,NA,NA,NA,NA,NA,NA,NA,NA,NA,NA,NA,NA,NA,NA,NA,NA,NA,NA,NA,NA,NA,NA,NA,NA,NA,NA,NA,NA,NA,NA,NA,NA,NA,NA,NA
Yanam,18.6',Centchroman weekly pills,2. Stocks Received,NA,NA,NA,NA,NA,NA,NA,NA,NA,NA,NA,NA,NA,NA,NA,NA,NA,NA,NA,NA,NA,NA,NA,NA,NA,NA,NA,NA,NA,NA,NA,NA,NA,NA,NA,NA,NA,NA,NA,NA,NA,NA,NA,NA,NA,NA,NA,NA,NA,NA,NA,NA,NA,NA,NA,NA,NA,NA,NA,NA,NA,NA,NA,NA,NA
Yanam,18.6',Centchroman weekly pills,3. Unusable Stock,NA,NA,NA,NA,NA,NA,NA,NA,NA,NA,NA,NA,NA,NA,NA,NA,NA,NA,NA,NA,NA,NA,NA,NA,NA,NA,NA,NA,NA,NA,NA,NA,NA,NA,NA,NA,NA,NA,NA,NA,NA,NA,NA,NA,NA,NA,NA,NA,NA,NA,NA,NA,NA,NA,NA,NA,NA,NA,NA,NA,NA,NA,NA,NA,NA
Yanam,18.6',Centchroman weekly pills,4. Stock Distributed,NA,NA,NA,NA,NA,NA,NA,NA,NA,NA,NA,NA,NA,NA,NA,NA,NA,NA,NA,NA,NA,NA,NA,NA,NA,NA,NA,NA,NA,NA,NA,NA,NA,NA,NA,NA,NA,NA,NA,NA,NA,NA,NA,NA,NA,NA,NA,NA,NA,NA,NA,NA,NA,NA,NA,NA,NA,NA,NA,NA,NA,NA,NA,NA,NA
Yanam,18.6',Centchroman weekly pills,5. Total Stock,NA,NA,NA,NA,NA,NA,NA,NA,NA,NA,NA,NA,NA,NA,NA,NA,NA,NA,NA,NA,NA,NA,NA,NA,NA,NA,NA,NA,NA,NA,NA,NA,NA,NA,NA,NA,NA,NA,NA,NA,NA,NA,NA,NA,NA,NA,NA,NA,NA,NA,NA,NA,NA,NA,NA,NA,NA,NA,NA,NA,NA,NA,NA,NA,NA
Yanam,'18.7',Injectable Contraceptive MPA (Vials),1. Balance From Previous Month,NA,NA,NA,NA,NA,NA,NA,NA,NA,NA,NA,NA,NA,NA,NA,NA,NA,NA,NA,NA,248,NA,NA,NA,NA,237,NA,NA,NA,NA,234,NA,NA,NA,NA,229,NA,NA,NA,NA,227,NA,NA,NA,NA,223,NA,NA,NA,NA,219,NA,NA,NA,NA,211,NA,NA,NA,NA,1828,NA,NA,NA,NA
Yanam,18.7',Injectable Contraceptive MPA (Vials),2. Stocks Received,NA,NA,NA,NA,NA,NA,NA,NA,NA,NA,NA,NA,NA,NA,NA,NA,NA,NA,NA,NA,NA,NA,NA,NA,NA,NA,NA,NA,NA,NA,NA,NA,NA,NA,NA,NA,NA,NA,NA,NA,NA,NA,NA,NA,NA,NA,NA,NA,NA,NA,NA,NA,NA,NA,NA,NA,NA,NA,NA,NA,NA,NA,NA,NA,NA
Yanam,18.7',Injectable Contraceptive MPA (Vials),3. Unusable Stock,NA,NA,NA,NA,NA,NA,NA,NA,NA,NA,NA,NA,NA,NA,NA,NA,NA,NA,NA,NA,NA,NA,NA,NA,NA,NA,NA,NA,NA,NA,NA,NA,NA,NA,NA,NA,NA,NA,NA,NA,NA,NA,NA,NA,NA,NA,NA,NA,NA,NA,NA,NA,NA,NA,NA,NA,NA,NA,NA,NA,NA,NA,NA,NA,NA
Yanam,18.7',Injectable Contraceptive MPA (Vials),4. Stock Distributed,NA,NA,NA,NA,NA,NA,NA,NA,NA,NA,NA,NA,NA,NA,NA,NA,NA,NA,NA,NA,11,NA,NA,NA,NA,3,NA,NA,NA,NA,5,NA,NA,NA,NA,2,NA,NA,NA,NA,4,NA,NA,NA,NA,4,NA,NA,NA,NA,8,NA,NA,NA,NA,9,NA,NA,NA,NA,46,NA,NA,NA,NA
Yanam,18.7',Injectable Contraceptive MPA (Vials),5. Total Stock,NA,NA,NA,NA,NA,NA,NA,NA,NA,NA,NA,NA,NA,NA,NA,NA,NA,NA,NA,NA,237,NA,NA,NA,NA,234,NA,NA,NA,NA,229,NA,NA,NA,NA,227,NA,NA,NA,NA,223,NA,NA,NA,NA,219,NA,NA,NA,NA,211,NA,NA,NA,NA,202,NA,NA,NA,NA,1782,NA,NA,NA,NA
Yanam,'18.8',Tubal rings,1. Balance From Previous Month,NA,NA,NA,NA,NA,NA,NA,NA,NA,NA,NA,NA,NA,NA,NA,NA,NA,NA,NA,NA,NA,NA,NA,NA,NA,NA,NA,NA,NA,NA,NA,NA,NA,NA,NA,NA,NA,NA,NA,NA,NA,NA,NA,NA,NA,NA,NA,NA,NA,NA,NA,NA,NA,NA,NA,NA,NA,NA,NA,NA,NA,NA,NA,NA,NA
Yanam,18.8',Tubal rings,2. Stocks Received,NA,NA,NA,NA,NA,NA,NA,NA,NA,NA,NA,NA,NA,NA,NA,NA,NA,NA,NA,NA,NA,NA,NA,NA,NA,NA,NA,NA,NA,NA,NA,NA,NA,NA,NA,NA,NA,NA,NA,NA,NA,NA,NA,NA,NA,NA,NA,NA,NA,NA,NA,NA,NA,NA,NA,NA,NA,NA,NA,NA,NA,NA,NA,NA,NA
Yanam,18.8',Tubal rings,3. Unusable Stock,NA,NA,NA,NA,NA,NA,NA,NA,NA,NA,NA,NA,NA,NA,NA,NA,NA,NA,NA,NA,NA,NA,NA,NA,NA,NA,NA,NA,NA,NA,NA,NA,NA,NA,NA,NA,NA,NA,NA,NA,NA,NA,NA,NA,NA,NA,NA,NA,NA,NA,NA,NA,NA,NA,NA,NA,NA,NA,NA,NA,NA,NA,NA,NA,NA
Yanam,18.8',Tubal rings,4. Stock Distributed,NA,NA,NA,NA,NA,NA,NA,NA,NA,NA,NA,NA,NA,NA,NA,NA,NA,NA,NA,NA,NA,NA,NA,NA,NA,NA,NA,NA,NA,NA,NA,NA,NA,NA,NA,NA,NA,NA,NA,NA,NA,NA,NA,NA,NA,NA,NA,NA,NA,NA,NA,NA,NA,NA,NA,NA,NA,NA,NA,NA,NA,NA,NA,NA,NA
Yanam,18.8',Tubal rings,5. Total Stock,NA,NA,NA,NA,NA,NA,NA,NA,NA,NA,NA,NA,NA,NA,NA,NA,NA,NA,NA,NA,NA,NA,NA,NA,NA,NA,NA,NA,NA,NA,NA,NA,NA,NA,NA,NA,NA,NA,NA,NA,NA,NA,NA,NA,NA,NA,NA,NA,NA,NA,NA,NA,NA,NA,NA,NA,NA,NA,NA,NA,NA,NA,NA,NA,NA
Yanam,'18.9',Pregnancy testing Kits (Nischay Kits),1. Balance From Previous Month,NA,NA,NA,NA,NA,NA,NA,NA,NA,NA,NA,NA,NA,NA,NA,NA,NA,NA,NA,NA,NA,NA,NA,NA,NA,NA,NA,NA,NA,NA,NA,NA,NA,NA,NA,NA,NA,NA,NA,NA,NA,NA,NA,NA,NA,NA,NA,NA,NA,NA,NA,NA,NA,NA,NA,NA,NA,NA,NA,NA,NA,NA,NA,NA,NA
Yanam,18.9',Pregnancy testing Kits (Nischay Kits),2. Stocks Received,NA,NA,NA,NA,NA,NA,NA,NA,NA,NA,NA,NA,NA,NA,NA,NA,NA,NA,NA,NA,NA,NA,NA,NA,NA,NA,NA,NA,NA,NA,NA,NA,NA,NA,NA,NA,NA,NA,NA,NA,NA,NA,NA,NA,NA,NA,NA,NA,NA,NA,NA,NA,NA,NA,NA,NA,NA,NA,NA,NA,NA,NA,NA,NA,NA
Yanam,18.9',Pregnancy testing Kits (Nischay Kits),3. Unusable Stock,NA,NA,NA,NA,NA,NA,NA,NA,NA,NA,NA,NA,NA,NA,NA,NA,NA,NA,NA,NA,NA,NA,NA,NA,NA,NA,NA,NA,NA,NA,NA,NA,NA,NA,NA,NA,NA,NA,NA,NA,NA,NA,NA,NA,NA,NA,NA,NA,NA,NA,NA,NA,NA,NA,NA,NA,NA,NA,NA,NA,NA,NA,NA,NA,NA
Yanam,18.9',Pregnancy testing Kits (Nischay Kits),4. Stock Distributed,NA,NA,NA,NA,NA,NA,NA,NA,NA,NA,NA,NA,NA,NA,NA,NA,NA,NA,NA,NA,NA,NA,NA,NA,NA,NA,NA,NA,NA,NA,NA,NA,NA,NA,NA,NA,NA,NA,NA,NA,NA,NA,NA,NA,NA,NA,NA,NA,NA,NA,NA,NA,NA,NA,NA,NA,NA,NA,NA,NA,NA,NA,NA,NA,NA
Yanam,18.9',Pregnancy testing Kits (Nischay Kits),5. Total Stock,NA,NA,NA,NA,NA,NA,NA,NA,NA,NA,NA,NA,NA,NA,NA,NA,NA,NA,NA,NA,NA,NA,NA,NA,NA,NA,NA,NA,NA,NA,NA,NA,NA,NA,NA,NA,NA,NA,NA,NA,NA,NA,NA,NA,NA,NA,NA,NA,NA,NA,NA,NA,NA,NA,NA,NA,NA,NA,NA,NA,NA,NA,NA,NA,NA
Yanam,'19.1',Gloves,1. Balance From Previous Month,NA,NA,NA,NA,NA,NA,NA,NA,NA,NA,NA,NA,NA,NA,NA,NA,NA,NA,NA,NA,NA,NA,NA,NA,NA,NA,NA,NA,NA,NA,NA,NA,NA,NA,NA,NA,NA,NA,NA,NA,NA,NA,NA,NA,NA,NA,NA,NA,NA,NA,NA,NA,NA,NA,NA,NA,NA,NA,NA,NA,NA,NA,NA,NA,NA
Yanam,19.1',Gloves,2. Stocks Received,NA,NA,NA,NA,NA,NA,NA,NA,NA,NA,NA,NA,NA,NA,NA,NA,NA,NA,NA,NA,NA,NA,NA,NA,NA,NA,NA,NA,NA,NA,NA,NA,NA,NA,NA,NA,NA,NA,NA,NA,NA,NA,NA,NA,NA,NA,NA,NA,NA,NA,NA,NA,NA,NA,NA,NA,NA,NA,NA,NA,NA,NA,NA,NA,NA
Yanam,19.1',Gloves,3. Unusable Stock,NA,NA,NA,NA,NA,NA,NA,NA,NA,NA,NA,NA,NA,NA,NA,NA,NA,NA,NA,NA,NA,NA,NA,NA,NA,NA,NA,NA,NA,NA,NA,NA,NA,NA,NA,NA,NA,NA,NA,NA,NA,NA,NA,NA,NA,NA,NA,NA,NA,NA,NA,NA,NA,NA,NA,NA,NA,NA,NA,NA,NA,NA,NA,NA,NA
Yanam,19.1',Gloves,4. Stock Distributed,NA,NA,NA,NA,NA,NA,NA,NA,NA,NA,NA,NA,NA,NA,NA,NA,NA,NA,NA,NA,NA,NA,NA,NA,NA,NA,NA,NA,NA,NA,NA,NA,NA,NA,NA,NA,NA,NA,NA,NA,NA,NA,NA,NA,NA,NA,NA,NA,NA,NA,NA,NA,NA,NA,NA,NA,NA,NA,NA,NA,NA,NA,NA,NA,NA
Yanam,19.1',Gloves,5. Total Stock,0,NA,NA,NA,NA,0,NA,NA,NA,NA,0,NA,NA,NA,NA,0,NA,NA,NA,NA,0,NA,NA,NA,NA,0,NA,NA,NA,NA,0,NA,NA,NA,NA,0,NA,NA,NA,NA,0,NA,NA,NA,NA,0,NA,NA,NA,NA,0,NA,NA,NA,NA,0,NA,NA,NA,NA,0,NA,NA,NA,NA
Yanam,'19.2',MVA Syringes,1. Balance From Previous Month,NA,NA,NA,NA,NA,NA,NA,NA,NA,NA,NA,NA,NA,NA,NA,NA,NA,NA,NA,NA,NA,NA,NA,NA,NA,NA,NA,NA,NA,NA,NA,NA,NA,NA,NA,NA,NA,NA,NA,NA,NA,NA,NA,NA,NA,NA,NA,NA,NA,NA,NA,NA,NA,NA,NA,NA,NA,NA,NA,NA,NA,NA,NA,NA,NA
Yanam,19.2',MVA Syringes,2. Stocks Received,NA,NA,NA,NA,NA,NA,NA,NA,NA,NA,NA,NA,NA,NA,NA,NA,NA,NA,NA,NA,NA,NA,NA,NA,NA,NA,NA,NA,NA,NA,NA,NA,NA,NA,NA,NA,NA,NA,NA,NA,NA,NA,NA,NA,NA,NA,NA,NA,NA,NA,NA,NA,NA,NA,NA,NA,NA,NA,NA,NA,NA,NA,NA,NA,NA
Yanam,19.2',MVA Syringes,3. Unusable Stock,NA,NA,NA,NA,NA,NA,NA,NA,NA,NA,NA,NA,NA,NA,NA,NA,NA,NA,NA,NA,NA,NA,NA,NA,NA,NA,NA,NA,NA,NA,NA,NA,NA,NA,NA,NA,NA,NA,NA,NA,NA,NA,NA,NA,NA,NA,NA,NA,NA,NA,NA,NA,NA,NA,NA,NA,NA,NA,NA,NA,NA,NA,NA,NA,NA
Yanam,19.2',MVA Syringes,4. Stock Distributed,NA,NA,NA,NA,NA,NA,NA,NA,NA,NA,NA,NA,NA,NA,NA,NA,NA,NA,NA,NA,NA,NA,NA,NA,NA,NA,NA,NA,NA,NA,NA,NA,NA,NA,NA,NA,NA,NA,NA,NA,NA,NA,NA,NA,NA,NA,NA,NA,NA,NA,NA,NA,NA,NA,NA,NA,NA,NA,NA,NA,NA,NA,NA,NA,NA
Yanam,19.2',MVA Syringes,5. Total Stock,0,NA,NA,NA,NA,0,NA,NA,NA,NA,0,NA,NA,NA,NA,0,NA,NA,NA,NA,0,NA,NA,NA,NA,0,NA,NA,NA,NA,0,NA,NA,NA,NA,0,NA,NA,NA,NA,0,NA,NA,NA,NA,0,NA,NA,NA,NA,0,NA,NA,NA,NA,0,NA,NA,NA,NA,0,NA,NA,NA,NA
Yanam,'19.3',Tab. Fluconazole,1. Balance From Previous Month,NA,NA,NA,NA,NA,NA,NA,NA,NA,NA,NA,NA,NA,NA,NA,NA,NA,NA,NA,NA,NA,NA,NA,NA,NA,NA,NA,NA,NA,NA,NA,NA,NA,NA,NA,NA,NA,NA,NA,NA,NA,NA,NA,NA,NA,NA,NA,NA,NA,NA,NA,NA,NA,NA,NA,NA,NA,NA,NA,NA,NA,NA,NA,NA,NA
Yanam,19.3',Tab. Fluconazole,2. Stocks Received,NA,NA,NA,NA,NA,NA,NA,NA,NA,NA,NA,NA,NA,NA,NA,NA,NA,NA,NA,NA,NA,NA,NA,NA,NA,NA,NA,NA,NA,NA,NA,NA,NA,NA,NA,NA,NA,NA,NA,NA,NA,NA,NA,NA,NA,NA,NA,NA,NA,NA,NA,NA,NA,NA,NA,NA,NA,NA,NA,NA,NA,NA,NA,NA,NA
Yanam,19.3',Tab. Fluconazole,3. Unusable Stock,NA,NA,NA,NA,NA,NA,NA,NA,NA,NA,NA,NA,NA,NA,NA,NA,NA,NA,NA,NA,NA,NA,NA,NA,NA,NA,NA,NA,NA,NA,NA,NA,NA,NA,NA,NA,NA,NA,NA,NA,NA,NA,NA,NA,NA,NA,NA,NA,NA,NA,NA,NA,NA,NA,NA,NA,NA,NA,NA,NA,NA,NA,NA,NA,NA
Yanam,19.3',Tab. Fluconazole,4. Stock Distributed,NA,NA,NA,NA,NA,NA,NA,NA,NA,NA,NA,NA,NA,NA,NA,NA,NA,NA,NA,NA,NA,NA,NA,NA,NA,NA,NA,NA,NA,NA,NA,NA,NA,NA,NA,NA,NA,NA,NA,NA,NA,NA,NA,NA,NA,NA,NA,NA,NA,NA,NA,NA,NA,NA,NA,NA,NA,NA,NA,NA,NA,NA,NA,NA,NA
Yanam,19.3',Tab. Fluconazole,5. Total Stock,0,NA,NA,NA,NA,0,NA,NA,NA,NA,0,NA,NA,NA,NA,0,NA,NA,NA,NA,0,NA,NA,NA,NA,0,NA,NA,NA,NA,0,NA,NA,NA,NA,0,NA,NA,NA,NA,0,NA,NA,NA,NA,0,NA,NA,NA,NA,0,NA,NA,NA,NA,0,NA,NA,NA,NA,0,NA,NA,NA,NA
Yanam,'19.4',Blood Transfusion sets,1. Balance From Previous Month,NA,NA,NA,NA,NA,NA,NA,NA,NA,NA,NA,NA,NA,NA,NA,NA,NA,NA,NA,NA,NA,NA,NA,NA,NA,NA,NA,NA,NA,NA,NA,NA,NA,NA,NA,NA,NA,NA,NA,NA,NA,NA,NA,NA,NA,NA,NA,NA,NA,NA,NA,NA,NA,NA,NA,NA,NA,NA,NA,NA,NA,NA,NA,NA,NA
Yanam,19.4',Blood Transfusion sets,2. Stocks Received,NA,NA,NA,NA,NA,NA,NA,NA,NA,NA,NA,NA,NA,NA,NA,NA,NA,NA,NA,NA,NA,NA,NA,NA,NA,NA,NA,NA,NA,NA,NA,NA,NA,NA,NA,NA,NA,NA,NA,NA,NA,NA,NA,NA,NA,NA,NA,NA,NA,NA,NA,NA,NA,NA,NA,NA,NA,NA,NA,NA,NA,NA,NA,NA,NA
Yanam,19.4',Blood Transfusion sets,3. Unusable Stock,NA,NA,NA,NA,NA,NA,NA,NA,NA,NA,NA,NA,NA,NA,NA,NA,NA,NA,NA,NA,NA,NA,NA,NA,NA,NA,NA,NA,NA,NA,NA,NA,NA,NA,NA,NA,NA,NA,NA,NA,NA,NA,NA,NA,NA,NA,NA,NA,NA,NA,NA,NA,NA,NA,NA,NA,NA,NA,NA,NA,NA,NA,NA,NA,NA
Yanam,19.4',Blood Transfusion sets,4. Stock Distributed,NA,NA,NA,NA,NA,NA,NA,NA,NA,NA,NA,NA,NA,NA,NA,NA,NA,NA,NA,NA,NA,NA,NA,NA,NA,NA,NA,NA,NA,NA,NA,NA,NA,NA,NA,NA,NA,NA,NA,NA,NA,NA,NA,NA,NA,NA,NA,NA,NA,NA,NA,NA,NA,NA,NA,NA,NA,NA,NA,NA,NA,NA,NA,NA,NA
Yanam,19.4',Blood Transfusion sets,5. Total Stock,0,NA,NA,NA,NA,0,NA,NA,NA,NA,0,NA,NA,NA,NA,0,NA,NA,NA,NA,0,NA,NA,NA,NA,0,NA,NA,NA,NA,0,NA,NA,NA,NA,0,NA,NA,NA,NA,0,NA,NA,NA,NA,0,NA,NA,NA,NA,0,NA,NA,NA,NA,0,NA,NA,NA,NA,0,NA,NA,NA,NA
Yanam,'19.5',Gluteraldehyde 2%,1. Balance From Previous Month,NA,NA,NA,NA,NA,NA,NA,NA,NA,NA,NA,NA,NA,NA,NA,NA,NA,NA,NA,NA,NA,NA,NA,NA,NA,NA,NA,NA,NA,NA,NA,NA,NA,NA,NA,NA,NA,NA,NA,NA,NA,NA,NA,NA,NA,NA,NA,NA,NA,NA,NA,NA,NA,NA,NA,NA,NA,NA,NA,NA,NA,NA,NA,NA,NA
Yanam,19.5',Gluteraldehyde 2%,2. Stocks Received,NA,NA,NA,NA,NA,NA,NA,NA,NA,NA,NA,NA,NA,NA,NA,NA,NA,NA,NA,NA,NA,NA,NA,NA,NA,NA,NA,NA,NA,NA,NA,NA,NA,NA,NA,NA,NA,NA,NA,NA,NA,NA,NA,NA,NA,NA,NA,NA,NA,NA,NA,NA,NA,NA,NA,NA,NA,NA,NA,NA,NA,NA,NA,NA,NA
Yanam,19.5',Gluteraldehyde 2%,3. Unusable Stock,NA,NA,NA,NA,NA,NA,NA,NA,NA,NA,NA,NA,NA,NA,NA,NA,NA,NA,NA,NA,NA,NA,NA,NA,NA,NA,NA,NA,NA,NA,NA,NA,NA,NA,NA,NA,NA,NA,NA,NA,NA,NA,NA,NA,NA,NA,NA,NA,NA,NA,NA,NA,NA,NA,NA,NA,NA,NA,NA,NA,NA,NA,NA,NA,NA
Yanam,19.5',Gluteraldehyde 2%,4. Stock Distributed,NA,NA,NA,NA,NA,NA,NA,NA,NA,NA,NA,NA,NA,NA,NA,NA,NA,NA,NA,NA,NA,NA,NA,NA,NA,NA,NA,NA,NA,NA,NA,NA,NA,NA,NA,NA,NA,NA,NA,NA,NA,NA,NA,NA,NA,NA,NA,NA,NA,NA,NA,NA,NA,NA,NA,NA,NA,NA,NA,NA,NA,NA,NA,NA,NA
Yanam,19.5',Gluteraldehyde 2%,5. Total Stock,0,NA,NA,NA,NA,0,NA,NA,NA,NA,0,NA,NA,NA,NA,0,NA,NA,NA,NA,0,NA,NA,NA,NA,0,NA,NA,NA,NA,0,NA,NA,NA,NA,0,NA,NA,NA,NA,0,NA,NA,NA,NA,0,NA,NA,NA,NA,0,NA,NA,NA,NA,0,NA,NA,NA,NA,0,NA,NA,NA,NA
Yanam,'19.6',IFA tablets ( Adult),1. Balance From Previous Month,123108,NA,NA,NA,NA,97819,NA,NA,NA,NA,52837,NA,NA,NA,NA,35880,NA,NA,NA,NA,NA,NA,NA,NA,NA,NA,NA,NA,NA,NA,221258,NA,NA,NA,NA,192394,NA,NA,NA,NA,162518,NA,NA,NA,NA,126612,NA,NA,NA,NA,99118,NA,NA,NA,NA,185111,NA,NA,NA,NA,1296655,NA,NA,NA,NA
Yanam,19.6',IFA tablets ( Adult),2. Stocks Received,NA,NA,NA,NA,NA,NA,NA,NA,NA,NA,NA,NA,NA,NA,NA,NA,NA,NA,NA,NA,NA,NA,NA,NA,NA,250000,NA,NA,NA,NA,NA,NA,NA,NA,NA,NA,NA,NA,NA,NA,NA,NA,NA,NA,NA,NA,NA,NA,NA,NA,120000,NA,NA,NA,NA,NA,NA,NA,NA,NA,370000,NA,NA,NA,NA
Yanam,19.6',IFA tablets ( Adult),3. Unusable Stock,NA,NA,NA,NA,NA,NA,NA,NA,NA,NA,NA,NA,NA,NA,NA,NA,NA,NA,NA,NA,NA,NA,NA,NA,NA,NA,NA,NA,NA,NA,NA,NA,NA,NA,NA,NA,NA,NA,NA,NA,NA,NA,NA,NA,NA,NA,NA,NA,NA,NA,NA,NA,NA,NA,NA,NA,NA,NA,NA,NA,NA,NA,NA,NA,NA
Yanam,19.6',IFA tablets ( Adult),4. Stock Distributed,25289,NA,NA,NA,NA,21091,NA,NA,NA,NA,16957,NA,NA,NA,NA,35880,NA,NA,NA,NA,NA,NA,NA,NA,NA,28742,NA,NA,NA,NA,28864,NA,NA,NA,NA,29876,NA,NA,NA,NA,35906,NA,NA,NA,NA,27494,NA,NA,NA,NA,34007,NA,NA,NA,NA,31466,NA,NA,NA,NA,315572,NA,NA,NA,NA
Yanam,19.6',IFA tablets ( Adult),5. Total Stock,97819,NA,NA,NA,NA,76728,NA,NA,NA,NA,35880,NA,NA,NA,NA,0,NA,NA,NA,NA,0,NA,NA,NA,NA,221258,NA,NA,NA,NA,192394,NA,NA,NA,NA,162518,NA,NA,NA,NA,126612,NA,NA,NA,NA,99118,NA,NA,NA,NA,185111,NA,NA,NA,NA,153645,NA,NA,NA,NA,1351083,NA,NA,NA,NA
Yanam,'19.7',IFA - Blue ( Adolescent 10-19 yrs),1. Balance From Previous Month,85514,NA,NA,NA,NA,70294,NA,NA,NA,NA,58118,NA,NA,NA,NA,156000,NA,NA,NA,NA,140355,NA,NA,NA,NA,127839,NA,NA,NA,NA,112194,NA,NA,NA,NA,99678,NA,NA,NA,NA,87162,NA,NA,NA,NA,71517,NA,NA,NA,NA,59001,NA,NA,NA,NA,46485,NA,NA,NA,NA,1114157,NA,NA,NA,NA
Yanam,19.7',IFA - Blue ( Adolescent 10-19 yrs),2. Stocks Received,NA,NA,NA,NA,NA,NA,NA,NA,NA,NA,117000,NA,NA,NA,NA,NA,NA,NA,NA,NA,NA,NA,NA,NA,NA,NA,NA,NA,NA,NA,NA,NA,NA,NA,NA,NA,NA,NA,NA,NA,NA,NA,NA,NA,NA,NA,NA,NA,NA,NA,NA,NA,NA,NA,NA,100000,NA,NA,NA,NA,217000,NA,NA,NA,NA
Yanam,19.7',IFA - Blue ( Adolescent 10-19 yrs),3. Unusable Stock,NA,NA,NA,NA,NA,NA,NA,NA,NA,NA,6942,NA,NA,NA,NA,NA,NA,NA,NA,NA,NA,NA,NA,NA,NA,NA,NA,NA,NA,NA,NA,NA,NA,NA,NA,NA,NA,NA,NA,NA,NA,NA,NA,NA,NA,NA,NA,NA,NA,NA,NA,NA,NA,NA,NA,NA,NA,NA,NA,NA,6942,NA,NA,NA,NA
Yanam,19.7',IFA - Blue ( Adolescent 10-19 yrs),4. Stock Distributed,15220,NA,NA,NA,NA,12176,NA,NA,NA,NA,12176,NA,NA,NA,NA,15645,NA,NA,NA,NA,12516,NA,NA,NA,NA,15645,NA,NA,NA,NA,12516,NA,NA,NA,NA,12516,NA,NA,NA,NA,15645,NA,NA,NA,NA,12516,NA,NA,NA,NA,12516,NA,NA,NA,NA,15645,NA,NA,NA,NA,164732,NA,NA,NA,NA
Yanam,19.7',IFA - Blue ( Adolescent 10-19 yrs),5. Total Stock,70294,NA,NA,NA,NA,58118,NA,NA,NA,NA,156000,NA,NA,NA,NA,140355,NA,NA,NA,NA,127839,NA,NA,NA,NA,112194,NA,NA,NA,NA,99678,NA,NA,NA,NA,87162,NA,NA,NA,NA,71517,NA,NA,NA,NA,59001,NA,NA,NA,NA,46485,NA,NA,NA,NA,130840,NA,NA,NA,NA,1159483,NA,NA,NA,NA
Yanam,'19.8',IFA- Pink ( Junior 6-10 yrs),1. Balance From Previous Month,48110,NA,NA,NA,NA,NA,NA,NA,NA,NA,NA,NA,NA,NA,NA,NA,NA,NA,NA,NA,NA,NA,NA,NA,NA,75320,NA,NA,NA,NA,56930,NA,NA,NA,NA,42134,NA,NA,NA,NA,27342,NA,NA,NA,NA,8852,NA,NA,NA,NA,NA,NA,NA,NA,NA,NA,NA,NA,NA,NA,258688,NA,NA,NA,NA
Yanam,19.8',IFA- Pink ( Junior 6-10 yrs),2. Stocks Received,NA,NA,NA,NA,NA,NA,NA,NA,NA,NA,NA,NA,NA,NA,NA,NA,NA,NA,NA,NA,90000,NA,NA,NA,NA,NA,NA,NA,NA,NA,NA,NA,NA,NA,NA,NA,NA,NA,NA,NA,NA,NA,NA,NA,NA,NA,NA,NA,NA,NA,NA,NA,NA,NA,NA,NA,NA,NA,NA,NA,90000,NA,NA,NA,NA
Yanam,19.8',IFA- Pink ( Junior 6-10 yrs),3. Unusable Stock,NA,NA,NA,NA,NA,NA,NA,NA,NA,NA,NA,NA,NA,NA,NA,NA,NA,NA,NA,NA,NA,NA,NA,NA,NA,NA,NA,NA,NA,NA,NA,NA,NA,NA,NA,NA,NA,NA,NA,NA,NA,NA,NA,NA,NA,NA,NA,NA,NA,NA,NA,NA,NA,NA,NA,NA,NA,NA,NA,NA,NA,NA,NA,NA,NA
Yanam,19.8',IFA- Pink ( Junior 6-10 yrs),4. Stock Distributed,48110,NA,NA,NA,NA,NA,NA,NA,NA,NA,NA,NA,NA,NA,NA,NA,NA,NA,NA,NA,14680,NA,NA,NA,NA,18390,NA,NA,NA,NA,14796,NA,NA,NA,NA,14792,NA,NA,NA,NA,18490,NA,NA,NA,NA,8852,NA,NA,NA,NA,NA,NA,NA,NA,NA,NA,NA,NA,NA,NA,138110,NA,NA,NA,NA
Yanam,19.8',IFA- Pink ( Junior 6-10 yrs),5. Total Stock,0,NA,NA,NA,NA,0,NA,NA,NA,NA,0,NA,NA,NA,NA,0,NA,NA,NA,NA,75320,NA,NA,NA,NA,56930,NA,NA,NA,NA,42134,NA,NA,NA,NA,27342,NA,NA,NA,NA,8852,NA,NA,NA,NA,0,NA,NA,NA,NA,0,NA,NA,NA,NA,0,NA,NA,NA,NA,210578,NA,NA,NA,NA
Yanam,'19.9',IFA Syrup (Paediatric),1. Balance From Previous Month,12750,NA,NA,NA,NA,11150,NA,NA,NA,NA,9537,NA,NA,NA,NA,7653,NA,NA,NA,NA,5851,NA,NA,NA,NA,3985,NA,NA,NA,NA,2356,NA,NA,NA,NA,775,NA,NA,NA,NA,9440,NA,NA,NA,NA,8415,NA,NA,NA,NA,7513,NA,NA,NA,NA,15680,NA,NA,NA,NA,95105,NA,NA,NA,NA
Yanam,19.9',IFA Syrup (Paediatric),2. Stocks Received,NA,NA,NA,NA,NA,NA,NA,NA,NA,NA,NA,NA,NA,NA,NA,NA,NA,NA,NA,NA,NA,NA,NA,NA,NA,NA,NA,NA,NA,NA,NA,NA,NA,NA,NA,10000,NA,NA,NA,NA,NA,NA,NA,NA,NA,NA,NA,NA,NA,NA,10080,NA,NA,NA,NA,NA,NA,NA,NA,NA,20080,NA,NA,NA,NA
Yanam,19.9',IFA Syrup (Paediatric),3. Unusable Stock,NA,NA,NA,NA,NA,NA,NA,NA,NA,NA,NA,NA,NA,NA,NA,NA,NA,NA,NA,NA,NA,NA,NA,NA,NA,NA,NA,NA,NA,NA,NA,NA,NA,NA,NA,NA,NA,NA,NA,NA,NA,NA,NA,NA,NA,NA,NA,NA,NA,NA,NA,NA,NA,NA,NA,NA,NA,NA,NA,NA,NA,NA,NA,NA,NA
Yanam,19.9',IFA Syrup (Paediatric),4. Stock Distributed,1600,NA,NA,NA,NA,1613,NA,NA,NA,NA,1884,NA,NA,NA,NA,1802,NA,NA,NA,NA,1866,NA,NA,NA,NA,1629,NA,NA,NA,NA,1581,NA,NA,NA,NA,1335,NA,NA,NA,NA,1025,NA,NA,NA,NA,902,NA,NA,NA,NA,1913,NA,NA,NA,NA,1316,NA,NA,NA,NA,18466,NA,NA,NA,NA
Yanam,19.9',IFA Syrup (Paediatric),5. Total Stock,11150,NA,NA,NA,NA,9537,NA,NA,NA,NA,7653,NA,NA,NA,NA,5851,NA,NA,NA,NA,3985,NA,NA,NA,NA,2356,NA,NA,NA,NA,775,NA,NA,NA,NA,9440,NA,NA,NA,NA,8415,NA,NA,NA,NA,7513,NA,NA,NA,NA,15680,NA,NA,NA,NA,14364,NA,NA,NA,NA,96719,NA,NA,NA,NA
Yanam,'19.10',Paediatrics Antibiotics ( Amoxycillin and Injectable Gentamicin),1. Balance From Previous Month,7526,NA,NA,NA,NA,6999,NA,NA,NA,NA,6212,NA,NA,NA,NA,4743,NA,NA,NA,NA,3333,NA,NA,NA,NA,2191,NA,NA,NA,NA,1161,NA,NA,NA,NA,124,NA,NA,NA,NA,NA,NA,NA,NA,NA,NA,NA,NA,NA,NA,NA,NA,NA,NA,NA,NA,NA,NA,NA,NA,32289,NA,NA,NA,NA
Yanam,19.10',Paediatrics Antibiotics ( Amoxycillin and Injectable Gentamicin),2. Stocks Received,NA,NA,NA,NA,NA,NA,NA,NA,NA,NA,NA,NA,NA,NA,NA,NA,NA,NA,NA,NA,NA,NA,NA,NA,NA,NA,NA,NA,NA,NA,NA,NA,NA,NA,NA,NA,NA,NA,NA,NA,NA,NA,NA,NA,NA,NA,NA,NA,NA,NA,NA,NA,NA,NA,NA,NA,NA,NA,NA,NA,NA,NA,NA,NA,NA
Yanam,19.10',Paediatrics Antibiotics ( Amoxycillin and Injectable Gentamicin),3. Unusable Stock,NA,NA,NA,NA,NA,NA,NA,NA,NA,NA,NA,NA,NA,NA,NA,NA,NA,NA,NA,NA,NA,NA,NA,NA,NA,NA,NA,NA,NA,NA,NA,NA,NA,NA,NA,NA,NA,NA,NA,NA,NA,NA,NA,NA,NA,NA,NA,NA,NA,NA,NA,NA,NA,NA,NA,NA,NA,NA,NA,NA,NA,NA,NA,NA,NA
Yanam,19.10',Paediatrics Antibiotics ( Amoxycillin and Injectable Gentamicin),4. Stock Distributed,527,NA,NA,NA,NA,787,NA,NA,NA,NA,1469,NA,NA,NA,NA,1410,NA,NA,NA,NA,1142,NA,NA,NA,NA,1030,NA,NA,NA,NA,1037,NA,NA,NA,NA,124,NA,NA,NA,NA,NA,NA,NA,NA,NA,NA,NA,NA,NA,NA,NA,NA,NA,NA,NA,NA,NA,NA,NA,NA,7526,NA,NA,NA,NA
Yanam,19.10',Paediatrics Antibiotics ( Amoxycillin and Injectable Gentamicin),5. Total Stock,6999,NA,NA,NA,NA,6212,NA,NA,NA,NA,4743,NA,NA,NA,NA,3333,NA,NA,NA,NA,2191,NA,NA,NA,NA,1161,NA,NA,NA,NA,124,NA,NA,NA,NA,0,NA,NA,NA,NA,0,NA,NA,NA,NA,0,NA,NA,NA,NA,0,NA,NA,NA,NA,0,NA,NA,NA,NA,24763,NA,NA,NA,NA
Yanam,'19.11',Vit A syrup,1. Balance From Previous Month,61280,NA,NA,NA,NA,59161,NA,NA,NA,NA,57232,NA,NA,NA,NA,55267,NA,NA,NA,NA,52862,NA,NA,NA,NA,47084,NA,NA,NA,NA,38758,NA,NA,NA,NA,29145,NA,NA,NA,NA,21422,NA,NA,NA,NA,16236,NA,NA,NA,NA,9778,NA,NA,NA,NA,2564,NA,NA,NA,NA,450789,NA,NA,NA,NA
Yanam,19.11',Vit A syrup,2. Stocks Received,NA,NA,NA,NA,NA,NA,NA,NA,NA,NA,NA,NA,NA,NA,NA,NA,NA,NA,NA,NA,NA,NA,NA,NA,NA,NA,NA,NA,NA,NA,NA,NA,NA,NA,NA,NA,NA,NA,NA,NA,NA,NA,NA,NA,NA,NA,NA,NA,NA,NA,NA,NA,NA,NA,NA,NA,NA,NA,NA,NA,NA,NA,NA,NA,NA
Yanam,19.11',Vit A syrup,3. Unusable Stock,NA,NA,NA,NA,NA,NA,NA,NA,NA,NA,NA,NA,NA,NA,NA,NA,NA,NA,NA,NA,NA,NA,NA,NA,NA,NA,NA,NA,NA,NA,NA,NA,NA,NA,NA,NA,NA,NA,NA,NA,NA,NA,NA,NA,NA,NA,NA,NA,NA,NA,NA,NA,NA,NA,NA,NA,NA,NA,NA,NA,NA,NA,NA,NA,NA
Yanam,19.11',Vit A syrup,4. Stock Distributed,2119,NA,NA,NA,NA,1929,NA,NA,NA,NA,1965,NA,NA,NA,NA,2405,NA,NA,NA,NA,5778,NA,NA,NA,NA,8326,NA,NA,NA,NA,9613,NA,NA,NA,NA,7723,NA,NA,NA,NA,5186,NA,NA,NA,NA,6458,NA,NA,NA,NA,7214,NA,NA,NA,NA,2564,NA,NA,NA,NA,61280,NA,NA,NA,NA
Yanam,19.11',Vit A syrup,5. Total Stock,59161,NA,NA,NA,NA,57232,NA,NA,NA,NA,55267,NA,NA,NA,NA,52862,NA,NA,NA,NA,47084,NA,NA,NA,NA,38758,NA,NA,NA,NA,29145,NA,NA,NA,NA,21422,NA,NA,NA,NA,16236,NA,NA,NA,NA,9778,NA,NA,NA,NA,2564,NA,NA,NA,NA,0,NA,NA,NA,NA,389509,NA,NA,NA,NA
Yanam,'19.12',ORS (New WHO),1. Balance From Previous Month,428,NA,NA,NA,NA,148,NA,NA,NA,NA,5000,NA,NA,NA,NA,457,NA,NA,NA,NA,158,NA,NA,NA,NA,NA,NA,NA,NA,NA,NA,NA,NA,NA,NA,NA,NA,NA,NA,NA,NA,NA,NA,NA,NA,NA,NA,NA,NA,NA,NA,NA,NA,NA,NA,NA,NA,NA,NA,NA,6191,NA,NA,NA,NA
Yanam,19.12',ORS (New WHO),2. Stocks Received,NA,NA,NA,NA,NA,5000,NA,NA,NA,NA,NA,NA,NA,NA,NA,NA,NA,NA,NA,NA,NA,NA,NA,NA,NA,NA,NA,NA,NA,NA,NA,NA,NA,NA,NA,NA,NA,NA,NA,NA,NA,NA,NA,NA,NA,NA,NA,NA,NA,NA,NA,NA,NA,NA,NA,NA,NA,NA,NA,NA,5000,NA,NA,NA,NA
Yanam,19.12',ORS (New WHO),3. Unusable Stock,NA,NA,NA,NA,NA,NA,NA,NA,NA,NA,NA,NA,NA,NA,NA,NA,NA,NA,NA,NA,NA,NA,NA,NA,NA,NA,NA,NA,NA,NA,NA,NA,NA,NA,NA,NA,NA,NA,NA,NA,NA,NA,NA,NA,NA,NA,NA,NA,NA,NA,NA,NA,NA,NA,NA,NA,NA,NA,NA,NA,NA,NA,NA,NA,NA
Yanam,19.12',ORS (New WHO),4. Stock Distributed,280,NA,NA,NA,NA,148,NA,NA,NA,NA,4543,NA,NA,NA,NA,299,NA,NA,NA,NA,158,NA,NA,NA,NA,NA,NA,NA,NA,NA,NA,NA,NA,NA,NA,NA,NA,NA,NA,NA,NA,NA,NA,NA,NA,NA,NA,NA,NA,NA,NA,NA,NA,NA,NA,NA,NA,NA,NA,NA,5428,NA,NA,NA,NA
Yanam,19.12',ORS (New WHO),5. Total Stock,148,NA,NA,NA,NA,5000,NA,NA,NA,NA,457,NA,NA,NA,NA,158,NA,NA,NA,NA,NA,NA,NA,NA,NA,NA,NA,NA,NA,NA,NA,NA,NA,NA,NA,NA,NA,NA,NA,NA,NA,NA,NA,NA,NA,NA,NA,NA,NA,NA,NA,NA,NA,NA,NA,NA,NA,NA,NA,NA,5763,NA,NA,NA,NA
Yanam,'19.13',RTI /STI colour coded syndromic kits ( I to VII),1. Balance From Previous Month,NA,NA,NA,NA,NA,NA,NA,NA,NA,NA,NA,NA,NA,NA,NA,NA,NA,NA,NA,NA,NA,NA,NA,NA,NA,NA,NA,NA,NA,NA,NA,NA,NA,NA,NA,NA,NA,NA,NA,NA,NA,NA,NA,NA,NA,NA,NA,NA,NA,NA,NA,NA,NA,NA,NA,NA,NA,NA,NA,NA,NA,NA,NA,NA,NA
Yanam,19.13',RTI /STI colour coded syndromic kits ( I to VII),2. Stocks Received,NA,NA,NA,NA,NA,NA,NA,NA,NA,NA,NA,NA,NA,NA,NA,NA,NA,NA,NA,NA,NA,NA,NA,NA,NA,NA,NA,NA,NA,NA,NA,NA,NA,NA,NA,NA,NA,NA,NA,NA,NA,NA,NA,NA,NA,NA,NA,NA,NA,NA,NA,NA,NA,NA,NA,NA,NA,NA,NA,NA,NA,NA,NA,NA,NA
Yanam,19.13',RTI /STI colour coded syndromic kits ( I to VII),3. Unusable Stock,NA,NA,NA,NA,NA,NA,NA,NA,NA,NA,NA,NA,NA,NA,NA,NA,NA,NA,NA,NA,NA,NA,NA,NA,NA,NA,NA,NA,NA,NA,NA,NA,NA,NA,NA,NA,NA,NA,NA,NA,NA,NA,NA,NA,NA,NA,NA,NA,NA,NA,NA,NA,NA,NA,NA,NA,NA,NA,NA,NA,NA,NA,NA,NA,NA
Yanam,19.13',RTI /STI colour coded syndromic kits ( I to VII),4. Stock Distributed,NA,NA,NA,NA,NA,NA,NA,NA,NA,NA,NA,NA,NA,NA,NA,NA,NA,NA,NA,NA,NA,NA,NA,NA,NA,NA,NA,NA,NA,NA,NA,NA,NA,NA,NA,NA,NA,NA,NA,NA,NA,NA,NA,NA,NA,NA,NA,NA,NA,NA,NA,NA,NA,NA,NA,NA,NA,NA,NA,NA,NA,NA,NA,NA,NA
Yanam,19.13',RTI /STI colour coded syndromic kits ( I to VII),5. Total Stock,NA,NA,NA,NA,NA,NA,NA,NA,NA,NA,NA,NA,NA,NA,NA,NA,NA,NA,NA,NA,NA,NA,NA,NA,NA,NA,NA,NA,NA,NA,NA,NA,NA,NA,NA,NA,NA,NA,NA,NA,NA,NA,NA,NA,NA,NA,NA,NA,NA,NA,NA,NA,NA,NA,NA,NA,NA,NA,NA,NA,NA,NA,NA,NA,NA
Yanam,'19.14',Zinc 20 mg tablet,1. Balance From Previous Month,6289,NA,NA,NA,NA,NA,NA,NA,NA,NA,20000,NA,NA,NA,NA,18579,NA,NA,NA,NA,16951,NA,NA,NA,NA,14869,NA,NA,NA,NA,13065,NA,NA,NA,NA,11003,NA,NA,NA,NA,8687,NA,NA,NA,NA,6993,NA,NA,NA,NA,5143,NA,NA,NA,NA,2657,NA,NA,NA,NA,124236,NA,NA,NA,NA
Yanam,19.14',Zinc 20 mg tablet,2. Stocks Received,NA,NA,NA,NA,NA,20000,NA,NA,NA,NA,NA,NA,NA,NA,NA,NA,NA,NA,NA,NA,NA,NA,NA,NA,NA,NA,NA,NA,NA,NA,NA,NA,NA,NA,NA,NA,NA,NA,NA,NA,NA,NA,NA,NA,NA,NA,NA,NA,NA,NA,NA,NA,NA,NA,NA,NA,NA,NA,NA,NA,20000,NA,NA,NA,NA
Yanam,19.14',Zinc 20 mg tablet,3. Unusable Stock,NA,NA,NA,NA,NA,NA,NA,NA,NA,NA,NA,NA,NA,NA,NA,NA,NA,NA,NA,NA,NA,NA,NA,NA,NA,NA,NA,NA,NA,NA,NA,NA,NA,NA,NA,NA,NA,NA,NA,NA,NA,NA,NA,NA,NA,NA,NA,NA,NA,NA,NA,NA,NA,NA,NA,NA,NA,NA,NA,NA,NA,NA,NA,NA,NA
Yanam,19.14',Zinc 20 mg tablet,4. Stock Distributed,6289,NA,NA,NA,NA,NA,NA,NA,NA,NA,1421,NA,NA,NA,NA,1628,NA,NA,NA,NA,2082,NA,NA,NA,NA,1804,NA,NA,NA,NA,2062,NA,NA,NA,NA,2316,NA,NA,NA,NA,1694,NA,NA,NA,NA,1850,NA,NA,NA,NA,2486,NA,NA,NA,NA,2362,NA,NA,NA,NA,25994,NA,NA,NA,NA
Yanam,19.14',Zinc 20 mg tablet,5. Total Stock,NA,NA,NA,NA,NA,20000,NA,NA,NA,NA,18579,NA,NA,NA,NA,16951,NA,NA,NA,NA,14869,NA,NA,NA,NA,13065,NA,NA,NA,NA,11003,NA,NA,NA,NA,8687,NA,NA,NA,NA,6993,NA,NA,NA,NA,5143,NA,NA,NA,NA,2657,NA,NA,NA,NA,295,NA,NA,NA,NA,118242,NA,NA,NA,NA
Yanam,'19.15',Albendazole 400 mg tablet,1. Balance From Previous Month,5945,NA,NA,NA,NA,5444,NA,NA,NA,NA,4888,NA,NA,NA,NA,4334,NA,NA,NA,NA,3836,NA,NA,NA,NA,4886,NA,NA,NA,NA,4021,NA,NA,NA,NA,3416,NA,NA,NA,NA,3008,NA,NA,NA,NA,2713,NA,NA,NA,NA,2215,NA,NA,NA,NA,7154,NA,NA,NA,NA,51860,NA,NA,NA,NA
Yanam,19.15',Albendazole 400 mg tablet,2. Stocks Received,NA,NA,NA,NA,NA,NA,NA,NA,NA,NA,NA,NA,NA,NA,NA,NA,NA,NA,NA,NA,14000,NA,NA,NA,NA,NA,NA,NA,NA,NA,NA,NA,NA,NA,NA,NA,NA,NA,NA,NA,NA,NA,NA,NA,NA,NA,NA,NA,NA,NA,20600,NA,NA,NA,NA,NA,NA,NA,NA,NA,34600,NA,NA,NA,NA
Yanam,19.15',Albendazole 400 mg tablet,3. Unusable Stock,NA,NA,NA,NA,NA,NA,NA,NA,NA,NA,NA,NA,NA,NA,NA,NA,NA,NA,NA,NA,NA,NA,NA,NA,NA,NA,NA,NA,NA,NA,NA,NA,NA,NA,NA,NA,NA,NA,NA,NA,NA,NA,NA,NA,NA,NA,NA,NA,NA,NA,NA,NA,NA,NA,NA,NA,NA,NA,NA,NA,NA,NA,NA,NA,NA
Yanam,19.15',Albendazole 400 mg tablet,4. Stock Distributed,501,NA,NA,NA,NA,556,NA,NA,NA,NA,554,NA,NA,NA,NA,498,NA,NA,NA,NA,12950,NA,NA,NA,NA,865,NA,NA,NA,NA,605,NA,NA,NA,NA,408,NA,NA,NA,NA,295,NA,NA,NA,NA,498,NA,NA,NA,NA,15661,NA,NA,NA,NA,622,NA,NA,NA,NA,34013,NA,NA,NA,NA
Yanam,19.15',Albendazole 400 mg tablet,5. Total Stock,5444,NA,NA,NA,NA,4888,NA,NA,NA,NA,4334,NA,NA,NA,NA,3836,NA,NA,NA,NA,4886,NA,NA,NA,NA,4021,NA,NA,NA,NA,3416,NA,NA,NA,NA,3008,NA,NA,NA,NA,2713,NA,NA,NA,NA,2215,NA,NA,NA,NA,7154,NA,NA,NA,NA,6532,NA,NA,NA,NA,52447,NA,NA,NA,NA
Yanam,'19.16',Calcium Tablets,1. Balance From Previous Month,67544,NA,NA,NA,NA,46771,NA,NA,NA,NA,32526,NA,NA,NA,NA,17718,NA,NA,NA,NA,4978,NA,NA,NA,NA,760,NA,NA,NA,NA,83350,NA,NA,NA,NA,64048,NA,NA,NA,NA,47484,NA,NA,NA,NA,32769,NA,NA,NA,NA,19055,NA,NA,NA,NA,217747,NA,NA,NA,NA,634750,NA,NA,NA,NA
Yanam,19.16',Calcium Tablets,2. Stocks Received,NA,NA,NA,NA,NA,NA,NA,NA,NA,NA,NA,NA,NA,NA,NA,NA,NA,NA,NA,NA,NA,NA,NA,NA,NA,100000,NA,NA,NA,NA,NA,NA,NA,NA,NA,NA,NA,NA,NA,NA,NA,NA,NA,NA,NA,NA,NA,NA,NA,NA,201600,NA,NA,NA,NA,NA,NA,NA,NA,NA,301600,NA,NA,NA,NA
Yanam,19.16',Calcium Tablets,3. Unusable Stock,NA,NA,NA,NA,NA,NA,NA,NA,NA,NA,NA,NA,NA,NA,NA,NA,NA,NA,NA,NA,NA,NA,NA,NA,NA,NA,NA,NA,NA,NA,NA,NA,NA,NA,NA,NA,NA,NA,NA,NA,NA,NA,NA,NA,NA,NA,NA,NA,NA,NA,NA,NA,NA,NA,NA,NA,NA,NA,NA,NA,NA,NA,NA,NA,NA
Yanam,19.16',Calcium Tablets,4. Stock Distributed,20773,NA,NA,NA,NA,14245,NA,NA,NA,NA,14808,NA,NA,NA,NA,12740,NA,NA,NA,NA,4218,NA,NA,NA,NA,17410,NA,NA,NA,NA,19302,NA,NA,NA,NA,16564,NA,NA,NA,NA,14715,NA,NA,NA,NA,13714,NA,NA,NA,NA,2908,NA,NA,NA,NA,17981,NA,NA,NA,NA,169378,NA,NA,NA,NA
Yanam,19.16',Calcium Tablets,5. Total Stock,46771,NA,NA,NA,NA,32526,NA,NA,NA,NA,17718,NA,NA,NA,NA,4978,NA,NA,NA,NA,760,NA,NA,NA,NA,83350,NA,NA,NA,NA,64048,NA,NA,NA,NA,47484,NA,NA,NA,NA,32769,NA,NA,NA,NA,19055,NA,NA,NA,NA,217747,NA,NA,NA,NA,199766,NA,NA,NA,NA,766972,NA,NA,NA,NA
Yanam,'20.1',Syringes - 0.1 ml (AD),1. Balance From Previous Month,NA,NA,NA,NA,NA,NA,NA,NA,NA,NA,NA,NA,NA,NA,NA,NA,NA,NA,NA,NA,NA,NA,NA,NA,NA,NA,NA,NA,NA,NA,NA,NA,NA,NA,NA,NA,NA,NA,NA,NA,NA,NA,NA,NA,NA,NA,NA,NA,NA,NA,NA,NA,NA,NA,NA,NA,NA,NA,NA,NA,NA,NA,NA,NA,NA
Yanam,20.1',Syringes - 0.1 ml (AD),2. Stocks Received,NA,NA,NA,NA,NA,NA,NA,NA,NA,NA,NA,NA,NA,NA,NA,NA,NA,NA,NA,NA,NA,NA,NA,NA,NA,NA,NA,NA,NA,NA,NA,NA,NA,NA,NA,NA,NA,NA,NA,NA,NA,NA,NA,NA,NA,NA,NA,NA,NA,NA,NA,NA,NA,NA,NA,NA,NA,NA,NA,NA,NA,NA,NA,NA,NA
Yanam,20.1',Syringes - 0.1 ml (AD),3. Unusable Stock,NA,NA,NA,NA,NA,NA,NA,NA,NA,NA,NA,NA,NA,NA,NA,NA,NA,NA,NA,NA,NA,NA,NA,NA,NA,NA,NA,NA,NA,NA,NA,NA,NA,NA,NA,NA,NA,NA,NA,NA,NA,NA,NA,NA,NA,NA,NA,NA,NA,NA,NA,NA,NA,NA,NA,NA,NA,NA,NA,NA,NA,NA,NA,NA,NA
Yanam,20.1',Syringes - 0.1 ml (AD),4. Stock Distributed,NA,NA,NA,NA,NA,NA,NA,NA,NA,NA,NA,NA,NA,NA,NA,NA,NA,NA,NA,NA,NA,NA,NA,NA,NA,NA,NA,NA,NA,NA,NA,NA,NA,NA,NA,NA,NA,NA,NA,NA,NA,NA,NA,NA,NA,NA,NA,NA,NA,NA,NA,NA,NA,NA,NA,NA,NA,NA,NA,NA,NA,NA,NA,NA,NA
Yanam,20.1',Syringes - 0.1 ml (AD),5. Total Stock,0,NA,NA,NA,NA,0,NA,NA,NA,NA,0,NA,NA,NA,NA,0,NA,NA,NA,NA,0,NA,NA,NA,NA,0,NA,NA,NA,NA,0,NA,NA,NA,NA,0,NA,NA,NA,NA,0,NA,NA,NA,NA,0,NA,NA,NA,NA,0,NA,NA,NA,NA,0,NA,NA,NA,NA,0,NA,NA,NA,NA
Yanam,'20.2',Syringes - 0.5 ml (AD),1. Balance From Previous Month,NA,NA,NA,NA,NA,NA,NA,NA,NA,NA,NA,NA,NA,NA,NA,NA,NA,NA,NA,NA,NA,NA,NA,NA,NA,NA,NA,NA,NA,NA,NA,NA,NA,NA,NA,NA,NA,NA,NA,NA,NA,NA,NA,NA,NA,NA,NA,NA,NA,NA,NA,NA,NA,NA,NA,NA,NA,NA,NA,NA,NA,NA,NA,NA,NA
Yanam,20.2',Syringes - 0.5 ml (AD),2. Stocks Received,NA,NA,NA,NA,NA,NA,NA,NA,NA,NA,NA,NA,NA,NA,NA,NA,NA,NA,NA,NA,NA,NA,NA,NA,NA,NA,NA,NA,NA,NA,NA,NA,NA,NA,NA,NA,NA,NA,NA,NA,NA,NA,NA,NA,NA,NA,NA,NA,NA,NA,NA,NA,NA,NA,NA,NA,NA,NA,NA,NA,NA,NA,NA,NA,NA
Yanam,20.2',Syringes - 0.5 ml (AD),3. Unusable Stock,NA,NA,NA,NA,NA,NA,NA,NA,NA,NA,NA,NA,NA,NA,NA,NA,NA,NA,NA,NA,NA,NA,NA,NA,NA,NA,NA,NA,NA,NA,NA,NA,NA,NA,NA,NA,NA,NA,NA,NA,NA,NA,NA,NA,NA,NA,NA,NA,NA,NA,NA,NA,NA,NA,NA,NA,NA,NA,NA,NA,NA,NA,NA,NA,NA
Yanam,20.2',Syringes - 0.5 ml (AD),4. Stock Distributed,NA,NA,NA,NA,NA,NA,NA,NA,NA,NA,NA,NA,NA,NA,NA,NA,NA,NA,NA,NA,NA,NA,NA,NA,NA,NA,NA,NA,NA,NA,NA,NA,NA,NA,NA,NA,NA,NA,NA,NA,NA,NA,NA,NA,NA,NA,NA,NA,NA,NA,NA,NA,NA,NA,NA,NA,NA,NA,NA,NA,NA,NA,NA,NA,NA
Yanam,20.2',Syringes - 0.5 ml (AD),5. Total Stock,0,NA,NA,NA,NA,0,NA,NA,NA,NA,0,NA,NA,NA,NA,0,NA,NA,NA,NA,0,NA,NA,NA,NA,0,NA,NA,NA,NA,0,NA,NA,NA,NA,0,NA,NA,NA,NA,0,NA,NA,NA,NA,0,NA,NA,NA,NA,0,NA,NA,NA,NA,0,NA,NA,NA,NA,0,NA,NA,NA,NA
Yanam,'20.3',Syringes - 5.0 ml (Disposable),1. Balance From Previous Month,NA,NA,NA,NA,NA,NA,NA,NA,NA,NA,NA,NA,NA,NA,NA,NA,NA,NA,NA,NA,NA,NA,NA,NA,NA,NA,NA,NA,NA,NA,NA,NA,NA,NA,NA,NA,NA,NA,NA,NA,NA,NA,NA,NA,NA,NA,NA,NA,NA,NA,NA,NA,NA,NA,NA,NA,NA,NA,NA,NA,NA,NA,NA,NA,NA
Yanam,20.3',Syringes - 5.0 ml (Disposable),2. Stocks Received,NA,NA,NA,NA,NA,NA,NA,NA,NA,NA,NA,NA,NA,NA,NA,NA,NA,NA,NA,NA,NA,NA,NA,NA,NA,NA,NA,NA,NA,NA,NA,NA,NA,NA,NA,NA,NA,NA,NA,NA,NA,NA,NA,NA,NA,NA,NA,NA,NA,NA,NA,NA,NA,NA,NA,NA,NA,NA,NA,NA,NA,NA,NA,NA,NA
Yanam,20.3',Syringes - 5.0 ml (Disposable),3. Unusable Stock,NA,NA,NA,NA,NA,NA,NA,NA,NA,NA,NA,NA,NA,NA,NA,NA,NA,NA,NA,NA,NA,NA,NA,NA,NA,NA,NA,NA,NA,NA,NA,NA,NA,NA,NA,NA,NA,NA,NA,NA,NA,NA,NA,NA,NA,NA,NA,NA,NA,NA,NA,NA,NA,NA,NA,NA,NA,NA,NA,NA,NA,NA,NA,NA,NA
Yanam,20.3',Syringes - 5.0 ml (Disposable),4. Stock Distributed,NA,NA,NA,NA,NA,NA,NA,NA,NA,NA,NA,NA,NA,NA,NA,NA,NA,NA,NA,NA,NA,NA,NA,NA,NA,NA,NA,NA,NA,NA,NA,NA,NA,NA,NA,NA,NA,NA,NA,NA,NA,NA,NA,NA,NA,NA,NA,NA,NA,NA,NA,NA,NA,NA,NA,NA,NA,NA,NA,NA,NA,NA,NA,NA,NA
Yanam,20.3',Syringes - 5.0 ml (Disposable),5. Total Stock,0,NA,NA,NA,NA,0,NA,NA,NA,NA,0,NA,NA,NA,NA,0,NA,NA,NA,NA,0,NA,NA,NA,NA,0,NA,NA,NA,NA,0,NA,NA,NA,NA,0,NA,NA,NA,NA,0,NA,NA,NA,NA,0,NA,NA,NA,NA,0,NA,NA,NA,NA,0,NA,NA,NA,NA,0,NA,NA,NA,NA
Yanam,'21.1',Number of newborn screened for defects at birth (as per RBSK),TOTAL,46,NA,NA,NA,NA,32,NA,NA,NA,NA,38,NA,NA,NA,NA,46,NA,NA,NA,NA,45,NA,NA,NA,NA,42,NA,NA,NA,NA,55,NA,NA,NA,NA,34,NA,NA,NA,NA,35,NA,NA,NA,NA,33,NA,NA,NA,NA,21,NA,NA,NA,NA,0,NA,NA,NA,NA,427,NA,NA,NA,NA
Yanam,'21.2',Number of children (6 month to 6 years) screened by RBSK mobile health teams at Anganwadi center,TOTAL,197,NA,NA,NA,NA,193,NA,NA,NA,NA,304,NA,NA,NA,NA,103,NA,NA,NA,NA,82,NA,NA,NA,NA,59,NA,NA,NA,NA,0,NA,NA,NA,NA,54,NA,NA,NA,NA,0,NA,NA,NA,NA,151,NA,NA,NA,NA,114,NA,NA,NA,NA,0,NA,NA,NA,NA,1257,NA,NA,NA,NA
Yanam,'21.3',Number of children (6 years to 18 years) screened by RBSK mobile health teams at Govt and Govt aided schools,TOTAL,0,NA,NA,NA,NA,0,NA,NA,NA,NA,0,NA,NA,NA,NA,321,NA,NA,NA,NA,233,NA,NA,NA,NA,235,NA,NA,NA,NA,306,NA,NA,NA,NA,229,NA,NA,NA,NA,320,NA,NA,NA,NA,1009,NA,NA,NA,NA,553,NA,NA,NA,NA,0,NA,NA,NA,NA,3206,NA,NA,NA,NA
Yanam,'21.4.1.a',Number of Male children identified with Disease,TOTAL,0,NA,NA,NA,NA,0,NA,NA,NA,NA,0,NA,NA,NA,NA,2,NA,NA,NA,NA,2,NA,NA,NA,NA,1,NA,NA,NA,NA,1,NA,NA,NA,NA,3,NA,NA,NA,NA,8,NA,NA,NA,NA,9,NA,NA,NA,NA,5,NA,NA,NA,NA,0,NA,NA,NA,NA,31,NA,NA,NA,NA
Yanam,'21.4.1.b',Number of Female children identified with Disease,TOTAL,0,NA,NA,NA,NA,0,NA,NA,NA,NA,0,NA,NA,NA,NA,4,NA,NA,NA,NA,1,NA,NA,NA,NA,0,NA,NA,NA,NA,5,NA,NA,NA,NA,2,NA,NA,NA,NA,4,NA,NA,NA,NA,16,NA,NA,NA,NA,2,NA,NA,NA,NA,0,NA,NA,NA,NA,34,NA,NA,NA,NA
Yanam,'21.4.2.a',Number of Male children identified with Deficiency,TOTAL,0,NA,NA,NA,NA,0,NA,NA,NA,NA,0,NA,NA,NA,NA,2,NA,NA,NA,NA,0,NA,NA,NA,NA,0,NA,NA,NA,NA,0,NA,NA,NA,NA,1,NA,NA,NA,NA,0,NA,NA,NA,NA,2,NA,NA,NA,NA,0,NA,NA,NA,NA,0,NA,NA,NA,NA,5,NA,NA,NA,NA
Yanam,'21.4.2.b',Number of Female children identified with Deficiency,TOTAL,0,NA,NA,NA,NA,0,NA,NA,NA,NA,0,NA,NA,NA,NA,1,NA,NA,NA,NA,1,NA,NA,NA,NA,1,NA,NA,NA,NA,0,NA,NA,NA,NA,1,NA,NA,NA,NA,0,NA,NA,NA,NA,3,NA,NA,NA,NA,0,NA,NA,NA,NA,0,NA,NA,NA,NA,7,NA,NA,NA,NA
Yanam,'21.4.3.a',Number of Male children identified with Developmental delay,TOTAL,0,NA,NA,NA,NA,0,NA,NA,NA,NA,0,NA,NA,NA,NA,2,NA,NA,NA,NA,10,NA,NA,NA,NA,5,NA,NA,NA,NA,4,NA,NA,NA,NA,6,NA,NA,NA,NA,7,NA,NA,NA,NA,22,NA,NA,NA,NA,5,NA,NA,NA,NA,0,NA,NA,NA,NA,61,NA,NA,NA,NA
Yanam,'21.4.3.b',Number of Female children identified with Developmental delay,TOTAL,0,NA,NA,NA,NA,0,NA,NA,NA,NA,0,NA,NA,NA,NA,3,NA,NA,NA,NA,0,NA,NA,NA,NA,7,NA,NA,NA,NA,1,NA,NA,NA,NA,9,NA,NA,NA,NA,4,NA,NA,NA,NA,24,NA,NA,NA,NA,14,NA,NA,NA,NA,0,NA,NA,NA,NA,62,NA,NA,NA,NA
Yanam,'21.5.1',Number of Children Managed by Intervention - Medical,TOTAL,0,NA,NA,NA,NA,0,NA,NA,NA,NA,0,NA,NA,NA,NA,0,NA,NA,NA,NA,0,NA,NA,NA,NA,0,NA,NA,NA,NA,0,NA,NA,NA,NA,0,NA,NA,NA,NA,0,NA,NA,NA,NA,0,NA,NA,NA,NA,0,NA,NA,NA,NA,0,NA,NA,NA,NA,0,NA,NA,NA,NA
Yanam,'21.5.2',Number of Children Managed by Intervention - Surgical,TOTAL,0,NA,NA,NA,NA,0,NA,NA,NA,NA,0,NA,NA,NA,NA,0,NA,NA,NA,NA,0,NA,NA,NA,NA,0,NA,NA,NA,NA,0,NA,NA,NA,NA,0,NA,NA,NA,NA,0,NA,NA,NA,NA,0,NA,NA,NA,NA,0,NA,NA,NA,NA,0,NA,NA,NA,NA,0,NA,NA,NA,NA
Yanam,'21.5.3',Early intervention at DEIC ( District Early Intervention Centre),TOTAL,0,NA,NA,NA,NA,0,NA,NA,NA,NA,0,NA,NA,NA,NA,4,NA,NA,NA,NA,14,NA,NA,NA,NA,14,NA,NA,NA,NA,11,NA,NA,NA,NA,22,NA,NA,NA,NA,23,NA,NA,NA,NA,76,NA,NA,NA,NA,26,NA,NA,NA,NA,0,NA,NA,NA,NA,190,NA,NA,NA,NA
Yanam,'22.1.1.a',Girls (6th -12th class) provided 4 IFA tablets in schools,TOTAL,1676,NA,NA,NA,NA,1509,NA,NA,NA,NA,1509,NA,NA,NA,NA,1423,NA,NA,NA,NA,1423,NA,NA,NA,NA,1423,NA,NA,NA,NA,1423,NA,NA,NA,NA,1423,NA,NA,NA,NA,1423,NA,NA,NA,NA,1423,NA,NA,NA,NA,1423,NA,NA,NA,NA,1423,NA,NA,NA,NA,17501,NA,NA,NA,NA
Yanam,'22.1.1.b',Boys (6th -12th class) provided 4 IFA tablets in schools,TOTAL,1602,NA,NA,NA,NA,1421,NA,NA,NA,NA,1421,NA,NA,NA,NA,1527,NA,NA,NA,NA,1527,NA,NA,NA,NA,1527,NA,NA,NA,NA,1527,NA,NA,NA,NA,1527,NA,NA,NA,NA,1527,NA,NA,NA,NA,1527,NA,NA,NA,NA,1527,NA,NA,NA,NA,1527,NA,NA,NA,NA,18187,NA,NA,NA,NA
Yanam,'22.1.2.a',Girls (6th -12th class) provided albendazole in schools,TOTAL,0,NA,NA,NA,NA,0,NA,NA,NA,NA,0,NA,NA,NA,NA,0,NA,NA,NA,NA,1423,NA,NA,NA,NA,0,NA,NA,NA,NA,0,NA,NA,NA,NA,0,NA,NA,NA,NA,0,NA,NA,NA,NA,0,NA,NA,NA,NA,4465,NA,NA,NA,NA,0,NA,NA,NA,NA,5888,NA,NA,NA,NA
Yanam,'22.1.2.b',Boys (6th -12th class) provided albendazole in schools,TOTAL,0,NA,NA,NA,NA,0,NA,NA,NA,NA,0,NA,NA,NA,NA,0,NA,NA,NA,NA,1527,NA,NA,NA,NA,0,NA,NA,NA,NA,0,NA,NA,NA,NA,0,NA,NA,NA,NA,0,NA,NA,NA,NA,0,NA,NA,NA,NA,5521,NA,NA,NA,NA,0,NA,NA,NA,NA,7048,NA,NA,NA,NA
Yanam,'22.1.3',Number of out of school adolscent girls (10-19 years) provided 4 IFA tablets at Anganwadi Centres,TOTAL,114,NA,NA,NA,NA,114,NA,NA,NA,NA,114,NA,NA,NA,NA,179,NA,NA,NA,NA,179,NA,NA,NA,NA,179,NA,NA,NA,NA,179,NA,NA,NA,NA,179,NA,NA,NA,NA,179,NA,NA,NA,NA,179,NA,NA,NA,NA,1497,NA,NA,NA,NA,283,NA,NA,NA,NA,3375,NA,NA,NA,NA
Yanam,'22.1.4',Number of out of school adolscent girls (10-19 years) provided albendazole at Anganwadi Centres,TOTAL,0,NA,NA,NA,NA,0,NA,NA,NA,NA,0,NA,NA,NA,NA,0,NA,NA,NA,NA,179,NA,NA,NA,NA,0,NA,NA,NA,NA,0,NA,NA,NA,NA,0,NA,NA,NA,NA,0,NA,NA,NA,NA,0,NA,NA,NA,NA,1318,NA,NA,NA,NA,0,NA,NA,NA,NA,1497,NA,NA,NA,NA
Yanam,'22.2.1',Number of adolescent girls provided sanitary napkin packs,TOTAL,0,NA,NA,NA,NA,0,NA,NA,NA,NA,0,NA,NA,NA,NA,0,NA,NA,NA,NA,0,NA,NA,NA,NA,0,NA,NA,NA,NA,0,NA,NA,NA,NA,0,NA,NA,NA,NA,0,NA,NA,NA,NA,0,NA,NA,NA,NA,0,NA,NA,NA,NA,0,NA,NA,NA,NA,0,NA,NA,NA,NA
Yanam,'22.2.2',Number of sanitary napkin packs sold to adolescent girls,TOTAL,0,NA,NA,NA,NA,0,NA,NA,NA,NA,0,NA,NA,NA,NA,0,NA,NA,NA,NA,0,NA,NA,NA,NA,0,NA,NA,NA,NA,0,NA,NA,NA,NA,0,NA,NA,NA,NA,0,NA,NA,NA,NA,0,NA,NA,NA,NA,0,NA,NA,NA,NA,0,NA,NA,NA,NA,0,NA,NA,NA,NA
Yanam,'22.2.3',Number of sanitary napkin packs distributed free to ASHA,TOTAL,0,NA,NA,NA,NA,0,NA,NA,NA,NA,0,NA,NA,NA,NA,0,NA,NA,NA,NA,0,NA,NA,NA,NA,0,NA,NA,NA,NA,0,NA,NA,NA,NA,0,NA,NA,NA,NA,0,NA,NA,NA,NA,0,NA,NA,NA,NA,0,NA,NA,NA,NA,0,NA,NA,NA,NA,0,NA,NA,NA,NA
Yanam,'22.2.4',Number of adolescent girls attended monthly meeting,TOTAL,0,NA,NA,NA,NA,0,NA,NA,NA,NA,0,NA,NA,NA,NA,0,NA,NA,NA,NA,0,NA,NA,NA,NA,0,NA,NA,NA,NA,0,NA,NA,NA,NA,0,NA,NA,NA,NA,0,NA,NA,NA,NA,0,NA,NA,NA,NA,0,NA,NA,NA,NA,155,NA,NA,NA,NA,155,NA,NA,NA,NA
Yanam,'23.1',Number of children covered under WIFS JUNIOR (6 - 10 years ) provided 4-5 IFA tablets in schools,TOTAL,0,NA,NA,NA,NA,0,NA,NA,NA,NA,0,NA,NA,NA,NA,0,NA,NA,NA,NA,3670,NA,NA,NA,NA,3678,NA,NA,NA,NA,3699,NA,NA,NA,NA,3698,NA,NA,NA,NA,3698,NA,NA,NA,NA,3698,NA,NA,NA,NA,0,NA,NA,NA,NA,0,NA,NA,NA,NA,22141,NA,NA,NA,NA
Yanam,'23.2',Number of children (6 - 10 years) provided albendazole in schools,TOTAL,0,NA,NA,NA,NA,0,NA,NA,NA,NA,0,NA,NA,NA,NA,0,NA,NA,NA,NA,3670,NA,NA,NA,NA,0,NA,NA,NA,NA,0,NA,NA,NA,NA,0,NA,NA,NA,NA,0,NA,NA,NA,NA,0,NA,NA,NA,NA,3698,NA,NA,NA,NA,0,NA,NA,NA,NA,7368,NA,NA,NA,NA
Yanam,'23.3',Number of out of school children (6-10 years) given 4-5 IFA tablets at Anganwadi Centres,TOTAL,NA,NA,NA,NA,NA,0,NA,NA,NA,NA,NA,NA,NA,NA,NA,0,NA,NA,NA,NA,NA,NA,NA,NA,NA,0,NA,NA,NA,NA,0,NA,NA,NA,NA,0,NA,NA,NA,NA,0,NA,NA,NA,NA,0,NA,NA,NA,NA,0,NA,NA,NA,NA,0,NA,NA,NA,NA,0,NA,NA,NA,NA
Yanam,'23.4',Number of out of school children (6-10 years) provided albendazole at Anganwadi Centres,TOTAL,0,NA,NA,NA,NA,0,NA,NA,NA,NA,0,NA,NA,NA,NA,0,NA,NA,NA,NA,0,NA,NA,NA,NA,0,NA,NA,NA,NA,0,NA,NA,NA,NA,0,NA,NA,NA,NA,0,NA,NA,NA,NA,0,NA,NA,NA,NA,0,NA,NA,NA,NA,0,NA,NA,NA,NA,0,NA,NA,NA,NA
Yanam,'24.1',Total Maternal Deaths Reviewed (MDR) by CMO,TOTAL,0,NA,NA,NA,NA,0,NA,NA,NA,NA,0,NA,NA,NA,NA,0,NA,NA,NA,NA,0,NA,NA,NA,NA,0,NA,NA,NA,NA,0,NA,NA,NA,NA,0,NA,NA,NA,NA,0,NA,NA,NA,NA,0,NA,NA,NA,NA,0,NA,NA,NA,NA,0,NA,NA,NA,NA,0,NA,NA,NA,NA
Yanam,'24.2',Total Maternal Deaths Reviewed (MDR) by DM,TOTAL,0,NA,NA,NA,NA,0,NA,NA,NA,NA,0,NA,NA,NA,NA,0,NA,NA,NA,NA,0,NA,NA,NA,NA,0,NA,NA,NA,NA,0,NA,NA,NA,NA,0,NA,NA,NA,NA,0,NA,NA,NA,NA,0,NA,NA,NA,NA,0,NA,NA,NA,NA,0,NA,NA,NA,NA,0,NA,NA,NA,NA
Yanam,'24.3',Number of maternal deaths reported through Community based Maternal Death Review (CBMDR),TOTAL,0,NA,NA,NA,NA,0,NA,NA,NA,NA,0,NA,NA,NA,NA,0,NA,NA,NA,NA,0,NA,NA,NA,NA,0,NA,NA,NA,NA,0,NA,NA,NA,NA,0,NA,NA,NA,NA,0,NA,NA,NA,NA,0,NA,NA,NA,NA,0,NA,NA,NA,NA,0,NA,NA,NA,NA,0,NA,NA,NA,NA
Yanam,'25.1.1',Number of Pregnant Women provided - Free Medicines under JSSK,TOTAL,0,NA,NA,NA,NA,0,NA,NA,NA,NA,0,NA,NA,NA,NA,0,NA,NA,NA,NA,0,NA,NA,NA,NA,0,NA,NA,NA,NA,0,NA,NA,NA,NA,0,NA,NA,NA,NA,0,NA,NA,NA,NA,0,NA,NA,NA,NA,0,NA,NA,NA,NA,0,NA,NA,NA,NA,0,NA,NA,NA,NA
Yanam,'25.1.2',Number of Pregnant Women provided - Free Diet under JSSK,TOTAL,0,NA,NA,NA,NA,0,NA,NA,NA,NA,0,NA,NA,NA,NA,0,NA,NA,NA,NA,0,NA,NA,NA,NA,0,NA,NA,NA,NA,0,NA,NA,NA,NA,0,NA,NA,NA,NA,0,NA,NA,NA,NA,0,NA,NA,NA,NA,0,NA,NA,NA,NA,0,NA,NA,NA,NA,0,NA,NA,NA,NA
Yanam,'25.1.3',Number of Pregnant Women provided - Free Diagnostics under JSSK,TOTAL,0,NA,NA,NA,NA,0,NA,NA,NA,NA,0,NA,NA,NA,NA,0,NA,NA,NA,NA,0,NA,NA,NA,NA,0,NA,NA,NA,NA,0,NA,NA,NA,NA,0,NA,NA,NA,NA,0,NA,NA,NA,NA,0,NA,NA,NA,NA,0,NA,NA,NA,NA,0,NA,NA,NA,NA,0,NA,NA,NA,NA
Yanam,'25.1.4',Number of Pregnant Women provided - Free Home to facility transport under JSSK,TOTAL,0,NA,NA,NA,NA,0,NA,NA,NA,NA,0,NA,NA,NA,NA,0,NA,NA,NA,NA,0,NA,NA,NA,NA,0,NA,NA,NA,NA,0,NA,NA,NA,NA,0,NA,NA,NA,NA,0,NA,NA,NA,NA,0,NA,NA,NA,NA,0,NA,NA,NA,NA,0,NA,NA,NA,NA,0,NA,NA,NA,NA
Yanam,'25.1.5',Number of Pregnant Women provided - Interfacility transfers when needed under JSSK,TOTAL,0,NA,NA,NA,NA,0,NA,NA,NA,NA,0,NA,NA,NA,NA,0,NA,NA,NA,NA,0,NA,NA,NA,NA,0,NA,NA,NA,NA,0,NA,NA,NA,NA,0,NA,NA,NA,NA,0,NA,NA,NA,NA,0,NA,NA,NA,NA,0,NA,NA,NA,NA,0,NA,NA,NA,NA,0,NA,NA,NA,NA
Yanam,'25.1.6',Number of Pregnant Women provided - Free Drop Back home under JSSK,TOTAL,0,NA,NA,NA,NA,0,NA,NA,NA,NA,0,NA,NA,NA,NA,0,NA,NA,NA,NA,0,NA,NA,NA,NA,0,NA,NA,NA,NA,0,NA,NA,NA,NA,0,NA,NA,NA,NA,0,NA,NA,NA,NA,0,NA,NA,NA,NA,0,NA,NA,NA,NA,0,NA,NA,NA,NA,0,NA,NA,NA,NA
Yanam,'25.2.1',Number of sick infants provided - Free Medicines under JSSK,TOTAL,0,NA,NA,NA,NA,0,NA,NA,NA,NA,0,NA,NA,NA,NA,0,NA,NA,NA,NA,0,NA,NA,NA,NA,0,NA,NA,NA,NA,0,NA,NA,NA,NA,0,NA,NA,NA,NA,0,NA,NA,NA,NA,0,NA,NA,NA,NA,0,NA,NA,NA,NA,0,NA,NA,NA,NA,0,NA,NA,NA,NA
Yanam,'25.2.2',Number of sick infants provided - Free Diagnostics under JSSK,TOTAL,0,NA,NA,NA,NA,0,NA,NA,NA,NA,0,NA,NA,NA,NA,0,NA,NA,NA,NA,0,NA,NA,NA,NA,0,NA,NA,NA,NA,0,NA,NA,NA,NA,0,NA,NA,NA,NA,0,NA,NA,NA,NA,0,NA,NA,NA,NA,0,NA,NA,NA,NA,0,NA,NA,NA,NA,0,NA,NA,NA,NA
Yanam,'25.2.3',Number of sick infants provided - Free Home to facility transport under JSSK,TOTAL,0,NA,NA,NA,NA,0,NA,NA,NA,NA,0,NA,NA,NA,NA,0,NA,NA,NA,NA,0,NA,NA,NA,NA,0,NA,NA,NA,NA,0,NA,NA,NA,NA,0,NA,NA,NA,NA,0,NA,NA,NA,NA,0,NA,NA,NA,NA,0,NA,NA,NA,NA,0,NA,NA,NA,NA,0,NA,NA,NA,NA
Yanam,'25.2.4',Number of sick infants provided - Interfacility transfers when needed under JSSK,TOTAL,0,NA,NA,NA,NA,0,NA,NA,NA,NA,0,NA,NA,NA,NA,0,NA,NA,NA,NA,0,NA,NA,NA,NA,0,NA,NA,NA,NA,0,NA,NA,NA,NA,0,NA,NA,NA,NA,0,NA,NA,NA,NA,0,NA,NA,NA,NA,0,NA,NA,NA,NA,0,NA,NA,NA,NA,0,NA,NA,NA,NA
Yanam,'25.2.5',Number of sick infants provided - Free Drop Back home under JSSK,TOTAL,0,NA,NA,NA,NA,0,NA,NA,NA,NA,0,NA,NA,NA,NA,0,NA,NA,NA,NA,0,NA,NA,NA,NA,0,NA,NA,NA,NA,0,NA,NA,NA,NA,0,NA,NA,NA,NA,0,NA,NA,NA,NA,0,NA,NA,NA,NA,0,NA,NA,NA,NA,0,NA,NA,NA,NA,0,NA,NA,NA,NA
