District,S.No.,Parameters,Type,April - Total [(A+B) or (C+D)],April - Public [A],April - Private [B],April - Urban [C],April - Rural [D],May - Total [(A+B) or (C+D)],May - Public [A],May - Private [B],May - Urban [C],May - Rural [D],June - Total [(A+B) or (C+D)],June - Public [A],June - Private [B],June - Urban [C],June - Rural [D],July - Total [(A+B) or (C+D)],July - Public [A],July - Private [B],July - Urban [C],July - Rural [D],August - Total [(A+B) or (C+D)],August - Public [A],August - Private [B],August - Urban [C],August - Rural [D],September - Total [(A+B) or (C+D)],September - Public [A],September - Private [B],September - Urban [C],September - Rural [D],October - Total [(A+B) or (C+D)],October - Public [A],October - Private [B],October - Urban [C],October - Rural [D],November - Total [(A+B) or (C+D)],November - Public [A],November - Private [B],November - Urban [C],November - Rural [D],December - Total [(A+B) or (C+D)],December - Public [A],December - Private [B],December - Urban [C],December - Rural [D],January - Total [(A+B) or (C+D)],January - Public [A],January - Private [B],January - Urban [C],January - Rural [D],February - Total [(A+B) or (C+D)],February - Public [A],February - Private [B],February - Urban [C],February - Rural [D],March - Total [(A+B) or (C+D)],March - Public [A],March - Private [B],March - Urban [C],March - Rural [D],Total - Total [(A+B) or (C+D)],Total - Public [A],Total - Private [B],Total - Urban [C],Total - Rural [D]
Lakshadweep,'1.1',Total number of pregnant women registered for ANC,TOTAL,126,126,NA,NA,126,102,102,NA,NA,102,96,96,NA,NA,96,101,101,NA,NA,101,107,107,NA,NA,107,101,101,NA,NA,101,92,92,NA,NA,92,110,110,NA,NA,110,106,106,NA,NA,106,137,137,NA,NA,137,92,92,NA,NA,92,104,104,NA,NA,104,1274,1274,NA,NA,1274
Lakshadweep,'1.1.1',"Out of the total ANC registered, number registered within 1st trimester (within 12 weeks)",TOTAL,119,119,NA,NA,119,86,86,NA,NA,86,65,65,NA,NA,65,76,76,NA,NA,76,77,77,NA,NA,77,90,90,NA,NA,90,83,83,NA,NA,83,100,100,NA,NA,100,96,96,NA,NA,96,119,119,NA,NA,119,80,80,NA,NA,80,77,77,NA,NA,77,1068,1068,NA,NA,1068
Lakshadweep,'1.2.1',Number of PW given TT1,TOTAL,102,102,NA,NA,102,94,94,NA,NA,94,79,79,NA,NA,79,63,63,NA,NA,63,77,77,NA,NA,77,88,88,NA,NA,88,78,78,NA,NA,78,78,78,NA,NA,78,94,94,NA,NA,94,105,105,NA,NA,105,68,68,NA,NA,68,64,64,NA,NA,64,990,990,NA,NA,990
Lakshadweep,'1.2.2',Number of PW given TT2,TOTAL,55,55,NA,NA,55,75,75,NA,NA,75,100,100,NA,NA,100,67,67,NA,NA,67,63,63,NA,NA,63,64,64,NA,NA,64,90,90,NA,NA,90,57,57,NA,NA,57,72,72,NA,NA,72,82,82,NA,NA,82,84,84,NA,NA,84,59,59,NA,NA,59,868,868,NA,NA,868
Lakshadweep,'1.2.3',Number of PW given TT Booster,TOTAL,17,17,NA,NA,17,9,9,NA,NA,9,10,10,NA,NA,10,13,13,NA,NA,13,11,11,NA,NA,11,13,13,NA,NA,13,14,14,NA,NA,14,7,7,NA,NA,7,21,21,NA,NA,21,8,8,NA,NA,8,15,15,NA,NA,15,12,12,NA,NA,12,150,150,NA,NA,150
Lakshadweep,'1.2.4',Number of PW given 180 Iron Folic Acid (IFA) tablets,TOTAL,117,117,NA,NA,117,92,92,NA,NA,92,78,78,NA,NA,78,103,103,NA,NA,103,96,96,NA,NA,96,93,93,NA,NA,93,115,115,NA,NA,115,123,123,NA,NA,123,119,119,NA,NA,119,121,121,NA,NA,121,103,103,NA,NA,103,96,96,NA,NA,96,1256,1256,NA,NA,1256
Lakshadweep,'1.2.5',Number of PW given 360 Calcium tablets,TOTAL,117,117,NA,NA,117,96,96,NA,NA,96,78,78,NA,NA,78,101,101,NA,NA,101,88,88,NA,NA,88,90,90,NA,NA,90,104,104,NA,NA,104,123,123,NA,NA,123,123,123,NA,NA,123,100,100,NA,NA,100,103,103,NA,NA,103,93,93,NA,NA,93,1216,1216,NA,NA,1216
Lakshadweep,'1.2.6',Number of PW given one Albendazole tablet after 1st trimester,TOTAL,17,17,NA,NA,17,20,20,NA,NA,20,15,15,NA,NA,15,30,30,NA,NA,30,35,35,NA,NA,35,30,30,NA,NA,30,25,25,NA,NA,25,20,20,NA,NA,20,40,40,NA,NA,40,28,28,NA,NA,28,15,15,NA,NA,15,27,27,NA,NA,27,302,302,NA,NA,302
Lakshadweep,'1.2.7',Number of PW received 4 or more ANC check ups,TOTAL,102,102,NA,NA,102,87,87,NA,NA,87,71,71,NA,NA,71,112,112,NA,NA,112,105,105,NA,NA,105,92,92,NA,NA,92,104,104,NA,NA,104,95,95,NA,NA,95,97,97,NA,NA,97,92,92,NA,NA,92,95,95,NA,NA,95,94,94,NA,NA,94,1146,1146,NA,NA,1146
Lakshadweep,'1.2.8',Number of PW given ANC Corticosteroids in Pre Term Labour,TOTAL,1,1,NA,NA,1,3,3,NA,NA,3,2,2,NA,NA,2,2,2,NA,NA,2,4,4,NA,NA,4,2,2,NA,NA,2,2,2,NA,NA,2,2,2,NA,NA,2,1,1,NA,NA,1,2,2,NA,NA,2,3,3,NA,NA,3,1,1,NA,NA,1,25,25,NA,NA,25
Lakshadweep,'1.3.1',New cases of PW with hypertension detected,TOTAL,4,4,NA,NA,4,7,7,NA,NA,7,4,4,NA,NA,4,4,4,NA,NA,4,7,7,NA,NA,7,7,7,NA,NA,7,4,4,NA,NA,4,3,3,NA,NA,3,3,3,NA,NA,3,6,6,NA,NA,6,4,4,NA,NA,4,4,4,NA,NA,4,57,57,NA,NA,57
Lakshadweep,'1.3.1.a',"Out of the new cases of PW with hypertension detected, cases managed at institution",TOTAL,3,3,NA,NA,3,9,9,NA,NA,9,4,4,NA,NA,4,4,4,NA,NA,4,5,5,NA,NA,5,4,4,NA,NA,4,4,4,NA,NA,4,3,3,NA,NA,3,3,3,NA,NA,3,5,5,NA,NA,5,4,4,NA,NA,4,4,4,NA,NA,4,52,52,NA,NA,52
Lakshadweep,'1.3.2',Number of Eclampsia cases managed during delivery,TOTAL,0,0,NA,NA,0,0,0,NA,NA,0,0,0,NA,NA,0,0,0,NA,NA,0,0,0,NA,NA,0,0,0,NA,NA,0,0,0,NA,NA,0,0,0,NA,NA,0,0,0,NA,NA,0,0,0,NA,NA,0,0,0,NA,NA,0,0,0,NA,NA,0,0,0,NA,NA,0
Lakshadweep,'1.4.1',Number of PW tested for Haemoglobin (Hb ) 4 or more than 4 times for respective ANCs,TOTAL,141,141,NA,NA,141,159,159,NA,NA,159,161,161,NA,NA,161,118,118,NA,NA,118,157,157,NA,NA,157,144,144,NA,NA,144,238,238,NA,NA,238,132,132,NA,NA,132,133,133,NA,NA,133,143,143,NA,NA,143,110,110,NA,NA,110,130,130,NA,NA,130,1766,1766,NA,NA,1766
Lakshadweep,'1.4.2',Number of PW having Hb level<11 (tested cases)(7.1 to 10.9),TOTAL,96,96,NA,NA,96,58,58,NA,NA,58,42,42,NA,NA,42,57,57,NA,NA,57,96,96,NA,NA,96,85,85,NA,NA,85,63,63,NA,NA,63,65,65,NA,NA,65,75,75,NA,NA,75,86,86,NA,NA,86,66,66,NA,NA,66,74,74,NA,NA,74,863,863,NA,NA,863
Lakshadweep,'1.4.3',Number of PW having Hb level<7 (tested cases),TOTAL,3,3,NA,NA,3,0,0,NA,NA,0,0,0,NA,NA,0,0,0,NA,NA,0,2,2,NA,NA,2,4,4,NA,NA,4,6,6,NA,NA,6,3,3,NA,NA,3,7,7,NA,NA,7,0,0,NA,NA,0,0,0,NA,NA,0,3,3,NA,NA,3,28,28,NA,NA,28
Lakshadweep,'1.4.4',Number of PW having severe anaemia (Hb<7) treated,TOTAL,2,2,NA,NA,2,0,0,NA,NA,0,0,0,NA,NA,0,0,0,NA,NA,0,2,2,NA,NA,2,3,3,NA,NA,3,8,8,NA,NA,8,21,21,NA,NA,21,22,22,NA,NA,22,0,0,NA,NA,0,0,0,NA,NA,0,2,2,NA,NA,2,60,60,NA,NA,60
Lakshadweep,'1.5.1',Number of PW tested for blood sugar using OGTT (Oral Glucose Tolerance Test),TOTAL,108,108,NA,NA,108,87,87,NA,NA,87,86,86,NA,NA,86,97,97,NA,NA,97,101,101,NA,NA,101,41,41,NA,NA,41,34,34,NA,NA,34,43,43,NA,NA,43,22,22,NA,NA,22,23,23,NA,NA,23,87,87,NA,NA,87,64,64,NA,NA,64,793,793,NA,NA,793
Lakshadweep,'1.5.2',Number of PW tested positive for GDM,TOTAL,7,7,NA,NA,7,11,11,NA,NA,11,10,10,NA,NA,10,5,5,NA,NA,5,5,5,NA,NA,5,5,5,NA,NA,5,7,7,NA,NA,7,10,10,NA,NA,10,8,8,NA,NA,8,9,9,NA,NA,9,10,10,NA,NA,10,8,8,NA,NA,8,95,95,NA,NA,95
Lakshadweep,'1.5.3',Number of PW given insulin out of total tested positive for GDM,TOTAL,2,2,NA,NA,2,4,4,NA,NA,4,6,6,NA,NA,6,5,5,NA,NA,5,4,4,NA,NA,4,3,3,NA,NA,3,7,7,NA,NA,7,8,8,NA,NA,8,6,6,NA,NA,6,3,3,NA,NA,3,6,6,NA,NA,6,4,4,NA,NA,4,58,58,NA,NA,58
Lakshadweep,'1.6.1.a',Number of PW tested using POC test for Syphilis,TOTAL,0,0,NA,NA,0,0,0,NA,NA,0,0,0,NA,NA,0,0,0,NA,NA,0,0,0,NA,NA,0,0,0,NA,NA,0,0,0,NA,NA,0,0,0,NA,NA,0,0,0,NA,NA,0,0,0,NA,NA,0,0,0,NA,NA,0,0,0,NA,NA,0,0,0,NA,NA,0
Lakshadweep,'1.6.1.b',"Out of above, number of PW found sero positive for syphilis",TOTAL,0,0,NA,NA,0,0,0,NA,NA,0,0,0,NA,NA,0,0,0,NA,NA,0,0,0,NA,NA,0,0,0,NA,NA,0,0,0,NA,NA,0,0,0,NA,NA,0,0,0,NA,NA,0,0,0,NA,NA,0,0,0,NA,NA,0,0,0,NA,NA,0,0,0,NA,NA,0
Lakshadweep,'1.6.2.a',Number of pregnant women tested for Syphilis,TOTAL,125,125,NA,NA,125,136,136,NA,NA,136,121,121,NA,NA,121,150,150,NA,NA,150,128,128,NA,NA,128,134,134,NA,NA,134,133,133,NA,NA,133,91,91,NA,NA,91,102,102,NA,NA,102,106,106,NA,NA,106,122,122,NA,NA,122,104,104,NA,NA,104,1452,1452,NA,NA,1452
Lakshadweep,'1.6.2.b',Number of pregnant women tested found sero positive for Syphilis,TOTAL,1,1,NA,NA,1,0,0,NA,NA,0,0,0,NA,NA,0,0,0,NA,NA,0,6,6,NA,NA,6,1,1,NA,NA,1,0,0,NA,NA,0,0,0,NA,NA,0,1,1,NA,NA,1,0,0,NA,NA,0,0,0,NA,NA,0,1,1,NA,NA,1,10,10,NA,NA,10
Lakshadweep,'1.6.2.c',Number of syphilis positive pregnant women treated for Syphilis,TOTAL,0,0,NA,NA,0,0,0,NA,NA,0,0,0,NA,NA,0,0,0,NA,NA,0,0,0,NA,NA,0,0,0,NA,NA,0,0,0,NA,NA,0,0,0,NA,NA,0,0,0,NA,NA,0,0,0,NA,NA,0,0,0,NA,NA,0,0,0,NA,NA,0,0,0,NA,NA,0
Lakshadweep,'1.6.2.d',Number of babies diagnosed with Congenital Syphilis,TOTAL,0,0,NA,NA,0,0,0,NA,NA,0,0,0,NA,NA,0,0,0,NA,NA,0,0,0,NA,NA,0,0,0,NA,NA,0,0,0,NA,NA,0,0,0,NA,NA,0,0,0,NA,NA,0,0,0,NA,NA,0,0,0,NA,NA,0,0,0,NA,NA,0,0,0,NA,NA,0
Lakshadweep,'1.6.2.e',Number of babies treated for congenital Syphilis,TOTAL,0,0,NA,NA,0,0,0,NA,NA,0,0,0,NA,NA,0,0,0,NA,NA,0,0,0,NA,NA,0,0,0,NA,NA,0,0,0,NA,NA,0,0,0,NA,NA,0,0,0,NA,NA,0,0,0,NA,NA,0,0,0,NA,NA,0,0,0,NA,NA,0,0,0,NA,NA,0
Lakshadweep,'2.1.1.a',Number of Home Deliveries attended by Skill Birth Attendant(SBA) (Doctor/Nurse/ANM),TOTAL,0,0,NA,NA,0,0,0,NA,NA,0,1,1,NA,NA,1,0,0,NA,NA,0,0,0,NA,NA,0,0,0,NA,NA,0,0,0,NA,NA,0,0,0,NA,NA,0,0,0,NA,NA,0,0,0,NA,NA,0,0,0,NA,NA,0,0,0,NA,NA,0,1,1,NA,NA,1
Lakshadweep,'2.1.1.b',Number of Home Deliveries attended by Non SBA (Trained Birth Attendant(TBA) /Relatives/etc.),TOTAL,0,0,NA,NA,0,0,0,NA,NA,0,0,0,NA,NA,0,0,0,NA,NA,0,0,0,NA,NA,0,0,0,NA,NA,0,0,0,NA,NA,0,0,0,NA,NA,0,0,0,NA,NA,0,0,0,NA,NA,0,0,0,NA,NA,0,0,0,NA,NA,0,0,0,NA,NA,0
Lakshadweep,'2.1.2',Number of PW given Tablet Misoprostol during home delivery,TOTAL,0,0,NA,NA,0,0,0,NA,NA,0,0,0,NA,NA,0,0,0,NA,NA,0,0,0,NA,NA,0,0,0,NA,NA,0,0,0,NA,NA,0,0,0,NA,NA,0,0,0,NA,NA,0,0,0,NA,NA,0,0,0,NA,NA,0,0,0,NA,NA,0,0,0,NA,NA,0
Lakshadweep,'2.1.3',Number of newborns received 7 Home Based Newborn Care (HBNC) visits in case of Home delivery,TOTAL,0,0,NA,NA,0,0,0,NA,NA,0,0,0,NA,NA,0,0,0,NA,NA,0,0,0,NA,NA,0,0,0,NA,NA,0,0,0,NA,NA,0,0,0,NA,NA,0,0,0,NA,NA,0,0,0,NA,NA,0,0,0,NA,NA,0,0,0,NA,NA,0,0,0,NA,NA,0
Lakshadweep,'2.2',Number of Institutional Deliveries conducted (Including C-Sections),TOTAL,72,72,NA,NA,72,74,74,NA,NA,74,68,68,NA,NA,68,70,70,NA,NA,70,62,62,NA,NA,62,76,76,NA,NA,76,89,89,NA,NA,89,75,75,NA,NA,75,77,77,NA,NA,77,76,76,NA,NA,76,56,56,NA,NA,56,74,74,NA,NA,74,869,869,NA,NA,869
Lakshadweep,'2.2.1',Out of total institutional deliveries number of women discharged within 48 hours of delivery,TOTAL,38,38,NA,NA,38,41,41,NA,NA,41,29,29,NA,NA,29,32,32,NA,NA,32,33,33,NA,NA,33,36,36,NA,NA,36,40,40,NA,NA,40,29,29,NA,NA,29,37,37,NA,NA,37,32,32,NA,NA,32,29,29,NA,NA,29,20,20,NA,NA,20,396,396,NA,NA,396
Lakshadweep,'2.2.2',Number of newborns received 6 HBNC  visits after Institutional Delivery,TOTAL,59,59,NA,NA,59,38,38,NA,NA,38,36,36,NA,NA,36,46,46,NA,NA,46,46,46,NA,NA,46,40,40,NA,NA,40,52,52,NA,NA,52,44,44,NA,NA,44,45,45,NA,NA,45,44,44,NA,NA,44,31,31,NA,NA,31,43,43,NA,NA,43,524,524,NA,NA,524
Lakshadweep,'3.1',Total C -Section deliveries performed,TOTAL,24,24,NA,NA,24,34,34,NA,NA,34,28,28,NA,NA,28,32,32,NA,NA,32,25,25,NA,NA,25,26,26,NA,NA,26,39,39,NA,NA,39,31,31,NA,NA,31,30,30,NA,NA,30,26,26,NA,NA,26,22,22,NA,NA,22,25,25,NA,NA,25,342,342,NA,NA,342
Lakshadweep,'3.1.1',"C-sections, performed at night (8 PM- 8 AM)",TOTAL,2,2,NA,NA,2,8,8,NA,NA,8,1,1,NA,NA,1,2,2,NA,NA,2,4,4,NA,NA,4,6,6,NA,NA,6,3,3,NA,NA,3,7,7,NA,NA,7,5,5,NA,NA,5,7,7,NA,NA,7,6,6,NA,NA,6,4,4,NA,NA,4,55,55,NA,NA,55
Lakshadweep,'4.1.1.a',Live Birth - Male,TOTAL,35,35,NA,NA,35,24,24,NA,NA,24,41,41,NA,NA,41,31,31,NA,NA,31,35,35,NA,NA,35,42,42,NA,NA,42,40,40,NA,NA,40,40,40,NA,NA,40,41,41,NA,NA,41,42,42,NA,NA,42,26,26,NA,NA,26,37,37,NA,NA,37,434,434,NA,NA,434
Lakshadweep,'4.1.1.b',Live Birth - Female,TOTAL,36,36,NA,NA,36,22,22,NA,NA,22,30,30,NA,NA,30,41,41,NA,NA,41,27,27,NA,NA,27,36,36,NA,NA,36,50,50,NA,NA,50,39,39,NA,NA,39,36,36,NA,NA,36,34,34,NA,NA,34,29,29,NA,NA,29,37,37,NA,NA,37,417,417,NA,NA,417
Lakshadweep,'4.1.2',Number of Pre term newborns ( < 37 weeks of pregnancy),TOTAL,1,1,NA,NA,1,4,4,NA,NA,4,4,4,NA,NA,4,7,7,NA,NA,7,5,5,NA,NA,5,4,4,NA,NA,4,4,4,NA,NA,4,2,2,NA,NA,2,2,2,NA,NA,2,7,7,NA,NA,7,4,4,NA,NA,4,6,6,NA,NA,6,50,50,NA,NA,50
Lakshadweep,'4.1.3',Still Birth,TOTAL,0,0,NA,NA,0,1,1,NA,NA,1,0,0,NA,NA,0,1,1,NA,NA,1,1,1,NA,NA,1,0,0,NA,NA,0,0,0,NA,NA,0,0,0,NA,NA,0,0,0,NA,NA,0,1,1,NA,NA,1,1,1,NA,NA,1,0,0,NA,NA,0,5,5,NA,NA,5
Lakshadweep,'4.2',Abortion (spontaneous),TOTAL,6,6,NA,NA,6,10,10,NA,NA,10,4,4,NA,NA,4,3,3,NA,NA,3,4,4,NA,NA,4,4,4,NA,NA,4,2,2,NA,NA,2,0,0,NA,NA,0,5,5,NA,NA,5,5,5,NA,NA,5,11,11,NA,NA,11,6,6,NA,NA,6,60,60,NA,NA,60
Lakshadweep,'4.3.1.a',MTP up to 12 weeks of pregnancy,TOTAL,0,0,NA,NA,0,0,0,NA,NA,0,1,1,NA,NA,1,1,1,NA,NA,1,1,1,NA,NA,1,0,0,NA,NA,0,3,3,NA,NA,3,2,2,NA,NA,2,0,0,NA,NA,0,0,0,NA,NA,0,0,0,NA,NA,0,2,2,NA,NA,2,10,10,NA,NA,10
Lakshadweep,'4.3.1.b',MTP more than 12 weeks of pregnancy,TOTAL,0,0,NA,NA,0,0,0,NA,NA,0,0,0,NA,NA,0,0,0,NA,NA,0,0,0,NA,NA,0,0,0,NA,NA,0,0,0,NA,NA,0,0,0,NA,NA,0,0,0,NA,NA,0,0,0,NA,NA,0,0,0,NA,NA,0,0,0,NA,NA,0,0,0,NA,NA,0
Lakshadweep,'4.3.2.a',Post Abortion/ MTP Complications Identified,TOTAL,0,0,NA,NA,0,0,0,NA,NA,0,0,0,NA,NA,0,0,0,NA,NA,0,0,0,NA,NA,0,0,0,NA,NA,0,0,0,NA,NA,0,0,0,NA,NA,0,0,0,NA,NA,0,0,0,NA,NA,0,0,0,NA,NA,0,0,0,NA,NA,0,0,0,NA,NA,0
Lakshadweep,'4.3.2.b',Post Abortion/ MTP Complications Treated,TOTAL,0,0,NA,NA,0,0,0,NA,NA,0,0,0,NA,NA,0,0,0,NA,NA,0,0,0,NA,NA,0,0,0,NA,NA,0,0,0,NA,NA,0,0,0,NA,NA,0,0,0,NA,NA,0,0,0,NA,NA,0,0,0,NA,NA,0,0,0,NA,NA,0,0,0,NA,NA,0
Lakshadweep,'4.3.3',Number of women provided with post abortion/ MTP contraception,TOTAL,0,0,NA,NA,0,0,0,NA,NA,0,0,0,NA,NA,0,0,0,NA,NA,0,0,0,NA,NA,0,0,0,NA,NA,0,0,0,NA,NA,0,0,0,NA,NA,0,0,0,NA,NA,0,0,0,NA,NA,0,0,0,NA,NA,0,1,1,NA,NA,1,1,1,NA,NA,1
Lakshadweep,'4.4.1',Number of newborns weighed at birth,TOTAL,71,71,NA,NA,71,75,75,NA,NA,75,71,71,NA,NA,71,72,72,NA,NA,72,61,61,NA,NA,61,76,76,NA,NA,76,89,89,NA,NA,89,75,75,NA,NA,75,77,77,NA,NA,77,76,76,NA,NA,76,55,55,NA,NA,55,74,74,NA,NA,74,872,872,NA,NA,872
Lakshadweep,'4.4.2',Number of newborns having weight less than 2.5 kg,TOTAL,4,4,NA,NA,4,5,5,NA,NA,5,12,12,NA,NA,12,12,12,NA,NA,12,8,8,NA,NA,8,7,7,NA,NA,7,9,9,NA,NA,9,9,9,NA,NA,9,7,7,NA,NA,7,4,4,NA,NA,4,2,2,NA,NA,2,5,5,NA,NA,5,84,84,NA,NA,84
Lakshadweep,'4.4.3',Number of Newborns breast fed within 1 hour of birth ,TOTAL,70,70,NA,NA,70,75,75,NA,NA,75,71,71,NA,NA,71,71,71,NA,NA,71,61,61,NA,NA,61,76,76,NA,NA,76,90,90,NA,NA,90,79,79,NA,NA,79,77,77,NA,NA,77,76,76,NA,NA,76,54,54,NA,NA,54,74,74,NA,NA,74,874,874,NA,NA,874
Lakshadweep,'5.1',"Number of cases of pregnant women with Obstetric Complications attended (Antepartum haemorrhage (APH), Post-Partum Hemorrhage (PPH), Sepsis, Eclampsia and others)",TOTAL,3,3,NA,NA,3,23,23,NA,NA,23,6,6,NA,NA,6,1,1,NA,NA,1,11,11,NA,NA,11,10,10,NA,NA,10,9,9,NA,NA,9,8,8,NA,NA,8,9,9,NA,NA,9,10,10,NA,NA,10,6,6,NA,NA,6,9,9,NA,NA,9,105,105,NA,NA,105
Lakshadweep,'5.2',Number of Complicated pregnancies treated with Blood Transfusion,TOTAL,0,0,NA,NA,0,0,0,NA,NA,0,0,0,NA,NA,0,0,0,NA,NA,0,1,1,NA,NA,1,1,1,NA,NA,1,0,0,NA,NA,0,3,3,NA,NA,3,0,0,NA,NA,0,3,3,NA,NA,3,2,2,NA,NA,2,3,3,NA,NA,3,13,13,NA,NA,13
Lakshadweep,'6.1',Women receiving 1st post partum checkup within 48 hours of home delivery,TOTAL,21,21,NA,NA,21,5,5,NA,NA,5,10,10,NA,NA,10,8,8,NA,NA,8,18,18,NA,NA,18,7,7,NA,NA,7,15,15,NA,NA,15,6,6,NA,NA,6,9,9,NA,NA,9,4,4,NA,NA,4,4,4,NA,NA,4,5,5,NA,NA,5,112,112,NA,NA,112
Lakshadweep,'6.2',Women receiving 1st post partum checkup between 48 hours and 14 days,TOTAL,69,69,NA,NA,69,46,46,NA,NA,46,49,49,NA,NA,49,57,57,NA,NA,57,60,60,NA,NA,60,43,43,NA,NA,43,64,64,NA,NA,64,54,54,NA,NA,54,49,49,NA,NA,49,50,50,NA,NA,50,40,40,NA,NA,40,46,46,NA,NA,46,627,627,NA,NA,627
Lakshadweep,'6.3',Number of mothers provided full course of 180 IFA tablets after delivery,TOTAL,46,46,NA,NA,46,45,45,NA,NA,45,52,52,NA,NA,52,42,42,NA,NA,42,55,55,NA,NA,55,41,41,NA,NA,41,84,84,NA,NA,84,52,52,NA,NA,52,58,58,NA,NA,58,31,31,NA,NA,31,63,63,NA,NA,63,54,54,NA,NA,54,623,623,NA,NA,623
Lakshadweep,'6.4',Number of mothers provided 360 Calcium tablets after delivery,TOTAL,55,55,NA,NA,55,48,48,NA,NA,48,52,52,NA,NA,52,40,40,NA,NA,40,49,49,NA,NA,49,41,41,NA,NA,41,76,76,NA,NA,76,44,44,NA,NA,44,58,58,NA,NA,58,25,25,NA,NA,25,55,55,NA,NA,55,48,48,NA,NA,48,591,591,NA,NA,591
Lakshadweep,'7.1.1',New RTI/STI cases identified - Male,TOTAL,0,0,NA,NA,0,0,0,NA,NA,0,1,1,NA,NA,1,3,3,NA,NA,3,1,1,NA,NA,1,3,3,NA,NA,3,5,5,NA,NA,5,2,2,NA,NA,2,1,1,NA,NA,1,1,1,NA,NA,1,1,1,NA,NA,1,0,0,NA,NA,0,18,18,NA,NA,18
Lakshadweep,'7.1.2',New RTI/STI cases identified - Female,TOTAL,0,0,NA,NA,0,4,4,NA,NA,4,7,7,NA,NA,7,9,9,NA,NA,9,6,6,NA,NA,6,10,10,NA,NA,10,5,5,NA,NA,5,4,4,NA,NA,4,4,4,NA,NA,4,10,10,NA,NA,10,10,10,NA,NA,10,8,8,NA,NA,8,77,77,NA,NA,77
Lakshadweep,'7.2.1',RTI/STI for which treatment initiated - Male,TOTAL,0,0,NA,NA,0,0,0,NA,NA,0,1,1,NA,NA,1,3,3,NA,NA,3,1,1,NA,NA,1,2,2,NA,NA,2,5,5,NA,NA,5,1,1,NA,NA,1,1,1,NA,NA,1,1,1,NA,NA,1,1,1,NA,NA,1,0,0,NA,NA,0,16,16,NA,NA,16
Lakshadweep,'7.2.2',RTI/STI for which treatment initiated -Female,TOTAL,0,0,NA,NA,0,4,4,NA,NA,4,7,7,NA,NA,7,9,9,NA,NA,9,6,6,NA,NA,6,11,11,NA,NA,11,5,5,NA,NA,5,4,4,NA,NA,4,4,4,NA,NA,4,10,10,NA,NA,10,10,10,NA,NA,10,8,8,NA,NA,8,78,78,NA,NA,78
Lakshadweep,'8.1.1',Number of Non Scalpel Vasectomy (NSV) / Conventional Vasectomy conducted,TOTAL,0,0,NA,NA,0,0,0,NA,NA,0,0,0,NA,NA,0,0,0,NA,NA,0,0,0,NA,NA,0,0,0,NA,NA,0,0,0,NA,NA,0,0,0,NA,NA,0,0,0,NA,NA,0,0,0,NA,NA,0,0,0,NA,NA,0,0,0,NA,NA,0,0,0,NA,NA,0
Lakshadweep,'8.2.1',Number of Laparoscopic sterilizations (excluding post abortion) conducted,TOTAL,0,0,NA,NA,0,0,0,NA,NA,0,0,0,NA,NA,0,0,0,NA,NA,0,0,0,NA,NA,0,0,0,NA,NA,0,0,0,NA,NA,0,0,0,NA,NA,0,0,0,NA,NA,0,0,0,NA,NA,0,0,0,NA,NA,0,0,0,NA,NA,0,0,0,NA,NA,0
Lakshadweep,'8.2.2',Number of Interval Mini-lap (other than post-partum and post abortion) sterilizations conducted,TOTAL,0,0,NA,NA,0,0,0,NA,NA,0,0,0,NA,NA,0,0,0,NA,NA,0,0,0,NA,NA,0,0,0,NA,NA,0,0,0,NA,NA,0,0,0,NA,NA,0,0,0,NA,NA,0,0,0,NA,NA,0,0,0,NA,NA,0,0,0,NA,NA,0,0,0,NA,NA,0
Lakshadweep,'8.2.3',Number of Postpartum sterilizations (within 7 days of delivery by minilap or concurrent with caesarean section) conducted,TOTAL,10,10,NA,NA,10,7,7,NA,NA,7,9,9,NA,NA,9,7,7,NA,NA,7,4,4,NA,NA,4,5,5,NA,NA,5,6,6,NA,NA,6,11,11,NA,NA,11,5,5,NA,NA,5,6,6,NA,NA,6,2,2,NA,NA,2,3,3,NA,NA,3,75,75,NA,NA,75
Lakshadweep,'8.2.4',Number of Post Abortion sterilizations (within 7 days of spontaneous or surgical abortion) conducted,TOTAL,0,0,NA,NA,0,0,0,NA,NA,0,0,0,NA,NA,0,0,0,NA,NA,0,1,1,NA,NA,1,0,0,NA,NA,0,1,1,NA,NA,1,0,0,NA,NA,0,0,0,NA,NA,0,0,0,NA,NA,0,0,0,NA,NA,0,0,0,NA,NA,0,2,2,NA,NA,2
Lakshadweep,'8.3',Number of Interval IUCD Insertions (excluding PPIUCD and PAIUCD),TOTAL,0,0,NA,NA,0,0,0,NA,NA,0,1,1,NA,NA,1,2,2,NA,NA,2,0,0,NA,NA,0,1,1,NA,NA,1,2,2,NA,NA,2,1,1,NA,NA,1,0,0,NA,NA,0,0,0,NA,NA,0,0,0,NA,NA,0,0,0,NA,NA,0,7,7,NA,NA,7
Lakshadweep,'8.4',Number of Postpartum (within 48 hours of delivery) IUCD insertions,TOTAL,0,0,NA,NA,0,0,0,NA,NA,0,0,0,NA,NA,0,0,0,NA,NA,0,0,0,NA,NA,0,0,0,NA,NA,0,0,0,NA,NA,0,0,0,NA,NA,0,0,0,NA,NA,0,0,0,NA,NA,0,0,0,NA,NA,0,0,0,NA,NA,0,0,0,NA,NA,0
Lakshadweep,'8.5',Number of Post Abortion (within 12 days of spontaneous or surgical abortion) IUCD insertions,TOTAL,0,0,NA,NA,0,0,0,NA,NA,0,0,0,NA,NA,0,0,0,NA,NA,0,0,0,NA,NA,0,0,0,NA,NA,0,0,0,NA,NA,0,0,0,NA,NA,0,0,0,NA,NA,0,0,0,NA,NA,0,0,0,NA,NA,0,0,0,NA,NA,0,0,0,NA,NA,0
Lakshadweep,'8.6',Number of IUCD Removals,TOTAL,1,1,NA,NA,1,3,3,NA,NA,3,0,0,NA,NA,0,0,0,NA,NA,0,0,0,NA,NA,0,0,0,NA,NA,0,1,1,NA,NA,1,0,0,NA,NA,0,1,1,NA,NA,1,0,0,NA,NA,0,2,2,NA,NA,2,0,0,NA,NA,0,8,8,NA,NA,8
Lakshadweep,'8.7',Number of complications following IUCD Insertion,TOTAL,0,0,NA,NA,0,0,0,NA,NA,0,0,0,NA,NA,0,0,0,NA,NA,0,0,0,NA,NA,0,0,0,NA,NA,0,0,0,NA,NA,0,0,0,NA,NA,0,0,0,NA,NA,0,0,0,NA,NA,0,0,0,NA,NA,0,0,0,NA,NA,0,0,0,NA,NA,0
Lakshadweep,'8.8',Injectable Contraceptive-Antara Program- First Dose,TOTAL,0,0,NA,NA,0,0,0,NA,NA,0,0,0,NA,NA,0,0,0,NA,NA,0,0,0,NA,NA,0,0,0,NA,NA,0,0,0,NA,NA,0,1,1,NA,NA,1,0,0,NA,NA,0,0,0,NA,NA,0,0,0,NA,NA,0,0,0,NA,NA,0,1,1,NA,NA,1
Lakshadweep,'8.9',Injectable Contraceptive-Antara Program- Second Dose,TOTAL,0,0,NA,NA,0,0,0,NA,NA,0,0,0,NA,NA,0,0,0,NA,NA,0,0,0,NA,NA,0,1,1,NA,NA,1,0,0,NA,NA,0,0,0,NA,NA,0,1,1,NA,NA,1,0,0,NA,NA,0,0,0,NA,NA,0,0,0,NA,NA,0,2,2,NA,NA,2
Lakshadweep,'8.10',Injectable Contraceptive-Antara Program- Third Dose,TOTAL,0,0,NA,NA,0,0,0,NA,NA,0,0,0,NA,NA,0,0,0,NA,NA,0,0,0,NA,NA,0,0,0,NA,NA,0,0,0,NA,NA,0,0,0,NA,NA,0,0,0,NA,NA,0,0,0,NA,NA,0,0,0,NA,NA,0,0,0,NA,NA,0,0,0,NA,NA,0
Lakshadweep,'8.11',Injectable Contraceptive-Antara Program- Fourth or more than fourth,TOTAL,0,0,NA,NA,0,0,0,NA,NA,0,0,0,NA,NA,0,0,0,NA,NA,0,0,0,NA,NA,0,0,0,NA,NA,0,0,0,NA,NA,0,0,0,NA,NA,0,3,3,NA,NA,3,0,0,NA,NA,0,0,0,NA,NA,0,0,0,NA,NA,0,3,3,NA,NA,3
Lakshadweep,'8.12',Number of Combined Oral Pill cycles distributed,TOTAL,145,145,NA,NA,145,127,127,NA,NA,127,112,112,NA,NA,112,151,151,NA,NA,151,89,89,NA,NA,89,96,96,NA,NA,96,154,154,NA,NA,154,163,163,NA,NA,163,144,144,NA,NA,144,138,138,NA,NA,138,119,119,NA,NA,119,151,151,NA,NA,151,1589,1589,NA,NA,1589
Lakshadweep,'8.13',Number of Condom pieces distributed,TOTAL,2757,2757,NA,NA,2757,2400,2400,NA,NA,2400,2925,2925,NA,NA,2925,2636,2636,NA,NA,2636,2205,2205,NA,NA,2205,2661,2661,NA,NA,2661,2601,2601,NA,NA,2601,2638,2638,NA,NA,2638,2605,2605,NA,NA,2605,1481,1481,NA,NA,1481,2831,2831,NA,NA,2831,1891,1891,NA,NA,1891,29631,29631,NA,NA,29631
Lakshadweep,'8.14',Number of Centchroman (weekly) pill strips distributed,TOTAL,2,2,NA,NA,2,2,2,NA,NA,2,5,5,NA,NA,5,6,6,NA,NA,6,204,204,NA,NA,204,6,6,NA,NA,6,7,7,NA,NA,7,0,0,NA,NA,0,2,2,NA,NA,2,1,1,NA,NA,1,0,0,NA,NA,0,4,4,NA,NA,4,239,239,NA,NA,239
Lakshadweep,'8.15',Number of Emergency Contraceptive Pills (ECP) given,TOTAL,37,37,NA,NA,37,27,27,NA,NA,27,35,35,NA,NA,35,24,24,NA,NA,24,25,25,NA,NA,25,2,2,NA,NA,2,16,16,NA,NA,16,17,17,NA,NA,17,10,10,NA,NA,10,11,11,NA,NA,11,11,11,NA,NA,11,14,14,NA,NA,14,229,229,NA,NA,229
Lakshadweep,'8.16',Number of Pregnancy Test Kits (PTK) used,TOTAL,144,144,NA,NA,144,138,138,NA,NA,138,148,148,NA,NA,148,104,104,NA,NA,104,94,94,NA,NA,94,125,125,NA,NA,125,145,145,NA,NA,145,142,142,NA,NA,142,131,131,NA,NA,131,150,150,NA,NA,150,125,125,NA,NA,125,222,222,NA,NA,222,1668,1668,NA,NA,1668
Lakshadweep,'8.17.1',Complications following male sterilization,TOTAL,0,0,NA,NA,0,0,0,NA,NA,0,0,0,NA,NA,0,0,0,NA,NA,0,0,0,NA,NA,0,5,5,NA,NA,5,0,0,NA,NA,0,0,0,NA,NA,0,0,0,NA,NA,0,0,0,NA,NA,0,0,0,NA,NA,0,0,0,NA,NA,0,5,5,NA,NA,5
Lakshadweep,'8.17.2',Complications following female sterilization,TOTAL,0,0,NA,NA,0,0,0,NA,NA,0,0,0,NA,NA,0,0,0,NA,NA,0,0,0,NA,NA,0,0,0,NA,NA,0,0,0,NA,NA,0,0,0,NA,NA,0,0,0,NA,NA,0,0,0,NA,NA,0,0,0,NA,NA,0,0,0,NA,NA,0,0,0,NA,NA,0
Lakshadweep,'8.17.3',Failures following male sterilization,TOTAL,0,0,NA,NA,0,0,0,NA,NA,0,0,0,NA,NA,0,0,0,NA,NA,0,0,0,NA,NA,0,0,0,NA,NA,0,0,0,NA,NA,0,0,0,NA,NA,0,0,0,NA,NA,0,0,0,NA,NA,0,0,0,NA,NA,0,0,0,NA,NA,0,0,0,NA,NA,0
Lakshadweep,'8.17.4',Failures following female sterilization,TOTAL,0,0,NA,NA,0,0,0,NA,NA,0,0,0,NA,NA,0,0,0,NA,NA,0,0,0,NA,NA,0,0,0,NA,NA,0,0,0,NA,NA,0,0,0,NA,NA,0,0,0,NA,NA,0,0,0,NA,NA,0,0,0,NA,NA,0,0,0,NA,NA,0,0,0,NA,NA,0
Lakshadweep,'8.17.5',Deaths following male sterilization,TOTAL,0,0,NA,NA,0,0,0,NA,NA,0,0,0,NA,NA,0,0,0,NA,NA,0,0,0,NA,NA,0,0,0,NA,NA,0,0,0,NA,NA,0,0,0,NA,NA,0,0,0,NA,NA,0,0,0,NA,NA,0,0,0,NA,NA,0,0,0,NA,NA,0,0,0,NA,NA,0
Lakshadweep,'8.17.6',Deaths following female sterilization,TOTAL,0,0,NA,NA,0,0,0,NA,NA,0,0,0,NA,NA,0,0,0,NA,NA,0,0,0,NA,NA,0,0,0,NA,NA,0,0,0,NA,NA,0,0,0,NA,NA,0,0,0,NA,NA,0,0,0,NA,NA,0,0,0,NA,NA,0,0,0,NA,NA,0,0,0,NA,NA,0
Lakshadweep,'9.1.1',Child immunisation - Vitamin K1 (Birth Dose),TOTAL,67,67,NA,NA,67,74,74,NA,NA,74,70,70,NA,NA,70,71,71,NA,NA,71,59,59,NA,NA,59,67,67,NA,NA,67,87,87,NA,NA,87,77,77,NA,NA,77,74,74,NA,NA,74,82,82,NA,NA,82,54,54,NA,NA,54,74,74,NA,NA,74,856,856,NA,NA,856
Lakshadweep,'9.1.2',Child immunisation - BCG,TOTAL,59,59,NA,NA,59,86,86,NA,NA,86,70,70,NA,NA,70,75,75,NA,NA,75,63,63,NA,NA,63,70,70,NA,NA,70,75,75,NA,NA,75,92,92,NA,NA,92,65,65,NA,NA,65,89,89,NA,NA,89,53,53,NA,NA,53,59,59,NA,NA,59,856,856,NA,NA,856
Lakshadweep,'9.1.3',Child immunisation - DPT1,TOTAL,1,1,NA,NA,1,0,0,NA,NA,0,0,0,NA,NA,0,0,0,NA,NA,0,0,0,NA,NA,0,0,0,NA,NA,0,0,0,NA,NA,0,0,0,NA,NA,0,0,0,NA,NA,0,0,0,NA,NA,0,0,0,NA,NA,0,6,6,NA,NA,6,7,7,NA,NA,7
Lakshadweep,'9.1.4',Child immunisation - DPT2,TOTAL,0,0,NA,NA,0,0,0,NA,NA,0,0,0,NA,NA,0,0,0,NA,NA,0,0,0,NA,NA,0,0,0,NA,NA,0,0,0,NA,NA,0,0,0,NA,NA,0,0,0,NA,NA,0,0,0,NA,NA,0,0,0,NA,NA,0,0,0,NA,NA,0,0,0,NA,NA,0
Lakshadweep,'9.1.5',Child immunisation - DPT3,TOTAL,0,0,NA,NA,0,0,0,NA,NA,0,0,0,NA,NA,0,0,0,NA,NA,0,0,0,NA,NA,0,0,0,NA,NA,0,0,0,NA,NA,0,0,0,NA,NA,0,0,0,NA,NA,0,0,0,NA,NA,0,0,0,NA,NA,0,0,0,NA,NA,0,0,0,NA,NA,0
Lakshadweep,'9.1.6',Child immunisation - Pentavalent 1,TOTAL,62,62,NA,NA,62,96,96,NA,NA,96,90,90,NA,NA,90,113,113,NA,NA,113,84,84,NA,NA,84,82,82,NA,NA,82,88,88,NA,NA,88,84,84,NA,NA,84,90,90,NA,NA,90,126,126,NA,NA,126,97,97,NA,NA,97,63,63,NA,NA,63,1075,1075,NA,NA,1075
Lakshadweep,'9.1.7',Child immunisation - Pentavalent 2,TOTAL,68,68,NA,NA,68,91,91,NA,NA,91,97,97,NA,NA,97,108,108,NA,NA,108,90,90,NA,NA,90,74,74,NA,NA,74,104,104,NA,NA,104,79,79,NA,NA,79,53,53,NA,NA,53,116,116,NA,NA,116,101,101,NA,NA,101,74,74,NA,NA,74,1055,1055,NA,NA,1055
Lakshadweep,'9.1.8',Child immunisation - Pentavalent 3,TOTAL,71,71,NA,NA,71,83,83,NA,NA,83,79,79,NA,NA,79,113,113,NA,NA,113,77,77,NA,NA,77,82,82,NA,NA,82,95,95,NA,NA,95,91,91,NA,NA,91,67,67,NA,NA,67,94,94,NA,NA,94,98,98,NA,NA,98,67,67,NA,NA,67,1017,1017,NA,NA,1017
Lakshadweep,'9.1.9',Child immunisation - OPV 0 (Birth Dose),TOTAL,69,69,NA,NA,69,77,77,NA,NA,77,71,71,NA,NA,71,83,83,NA,NA,83,61,61,NA,NA,61,71,71,NA,NA,71,87,87,NA,NA,87,82,82,NA,NA,82,78,78,NA,NA,78,80,80,NA,NA,80,58,58,NA,NA,58,70,70,NA,NA,70,887,887,NA,NA,887
Lakshadweep,'9.1.10',Child immunisation - OPV1,TOTAL,62,62,NA,NA,62,96,96,NA,NA,96,90,90,NA,NA,90,117,117,NA,NA,117,84,84,NA,NA,84,82,82,NA,NA,82,88,88,NA,NA,88,84,84,NA,NA,84,90,90,NA,NA,90,126,126,NA,NA,126,98,98,NA,NA,98,60,60,NA,NA,60,1077,1077,NA,NA,1077
Lakshadweep,'9.1.11',Child immunisation - OPV2,TOTAL,68,68,NA,NA,68,91,91,NA,NA,91,98,98,NA,NA,98,107,107,NA,NA,107,90,90,NA,NA,90,74,74,NA,NA,74,104,104,NA,NA,104,79,79,NA,NA,79,53,53,NA,NA,53,116,116,NA,NA,116,101,101,NA,NA,101,74,74,NA,NA,74,1055,1055,NA,NA,1055
Lakshadweep,'9.1.12',Child immunisation - OPV3,TOTAL,72,72,NA,NA,72,83,83,NA,NA,83,79,79,NA,NA,79,103,103,NA,NA,103,77,77,NA,NA,77,82,82,NA,NA,82,95,95,NA,NA,95,91,91,NA,NA,91,69,69,NA,NA,69,104,104,NA,NA,104,98,98,NA,NA,98,67,67,NA,NA,67,1020,1020,NA,NA,1020
Lakshadweep,'9.1.13',Child immunisation - Hepatitis-B0 (Birth Dose),TOTAL,69,69,NA,NA,69,77,77,NA,NA,77,71,71,NA,NA,71,73,73,NA,NA,73,61,61,NA,NA,61,71,71,NA,NA,71,87,87,NA,NA,87,82,82,NA,NA,82,78,78,NA,NA,78,79,79,NA,NA,79,58,58,NA,NA,58,67,67,NA,NA,67,873,873,NA,NA,873
Lakshadweep,'9.1.14',Child immunisation - Hepatitis-B1,TOTAL,6,6,NA,NA,6,0,0,NA,NA,0,0,0,NA,NA,0,0,0,NA,NA,0,0,0,NA,NA,0,0,0,NA,NA,0,0,0,NA,NA,0,0,0,NA,NA,0,0,0,NA,NA,0,0,0,NA,NA,0,0,0,NA,NA,0,0,0,NA,NA,0,6,6,NA,NA,6
Lakshadweep,'9.1.15',Child immunisation - Hepatitis-B2,TOTAL,3,3,NA,NA,3,0,0,NA,NA,0,0,0,NA,NA,0,0,0,NA,NA,0,0,0,NA,NA,0,0,0,NA,NA,0,0,0,NA,NA,0,0,0,NA,NA,0,0,0,NA,NA,0,0,0,NA,NA,0,0,0,NA,NA,0,0,0,NA,NA,0,3,3,NA,NA,3
Lakshadweep,'9.1.16',Child immunisation - Hepatitis-B3,TOTAL,0,0,NA,NA,0,0,0,NA,NA,0,0,0,NA,NA,0,0,0,NA,NA,0,0,0,NA,NA,0,0,0,NA,NA,0,0,0,NA,NA,0,0,0,NA,NA,0,0,0,NA,NA,0,0,0,NA,NA,0,0,0,NA,NA,0,0,0,NA,NA,0,0,0,NA,NA,0
Lakshadweep,'9.1.17',Child immunisation - Inactivated Polio Vaccine 1 (IPV 1),TOTAL,64,64,NA,NA,64,96,96,NA,NA,96,89,89,NA,NA,89,113,113,NA,NA,113,84,84,NA,NA,84,82,82,NA,NA,82,88,88,NA,NA,88,84,84,NA,NA,84,90,90,NA,NA,90,126,126,NA,NA,126,98,98,NA,NA,98,63,63,NA,NA,63,1077,1077,NA,NA,1077
Lakshadweep,'9.1.18',Child immunisation - Inactivated Polio Vaccine 2 (IPV 2),TOTAL,74,74,NA,NA,74,81,81,NA,NA,81,78,78,NA,NA,78,114,114,NA,NA,114,74,74,NA,NA,74,82,82,NA,NA,82,95,95,NA,NA,95,91,91,NA,NA,91,67,67,NA,NA,67,103,103,NA,NA,103,98,98,NA,NA,98,67,67,NA,NA,67,1024,1024,NA,NA,1024
Lakshadweep,'9.1.19',Child immunisation - Rotavirus 1,TOTAL,0,0,NA,NA,0,0,0,NA,NA,0,0,0,NA,NA,0,0,0,NA,NA,0,0,0,NA,NA,0,0,0,NA,NA,0,0,0,NA,NA,0,8,8,NA,NA,8,52,52,NA,NA,52,122,122,NA,NA,122,99,99,NA,NA,99,60,60,NA,NA,60,341,341,NA,NA,341
Lakshadweep,'9.1.20',Child immunisation - Rotavirus 2,TOTAL,0,0,NA,NA,0,0,0,NA,NA,0,0,0,NA,NA,0,0,0,NA,NA,0,0,0,NA,NA,0,0,0,NA,NA,0,0,0,NA,NA,0,13,13,NA,NA,13,6,6,NA,NA,6,65,65,NA,NA,65,94,94,NA,NA,94,74,74,NA,NA,74,252,252,NA,NA,252
Lakshadweep,'9.1.21',Child immunisation - Rotavirus 3,TOTAL,0,0,NA,NA,0,0,0,NA,NA,0,0,0,NA,NA,0,0,0,NA,NA,0,0,0,NA,NA,0,0,0,NA,NA,0,0,0,NA,NA,0,1,1,NA,NA,1,8,8,NA,NA,8,30,30,NA,NA,30,80,80,NA,NA,80,67,67,NA,NA,67,186,186,NA,NA,186
Lakshadweep,'9.2.1',Child immunisation (9-11months) - Measles & Rubella (MR)- 1st Dose,TOTAL,62,62,NA,NA,62,93,93,NA,NA,93,60,60,NA,NA,60,119,119,NA,NA,119,81,81,NA,NA,81,75,75,NA,NA,75,97,97,NA,NA,97,86,86,NA,NA,86,64,64,NA,NA,64,109,109,NA,NA,109,82,82,NA,NA,82,67,67,NA,NA,67,995,995,NA,NA,995
Lakshadweep,'9.2.2',Child immunisation (9-11months) - Measles 1st dose,TOTAL,0,0,NA,NA,0,0,0,NA,NA,0,0,0,NA,NA,0,0,0,NA,NA,0,10,10,NA,NA,10,0,0,NA,NA,0,0,0,NA,NA,0,0,0,NA,NA,0,0,0,NA,NA,0,0,0,NA,NA,0,0,0,NA,NA,0,0,0,NA,NA,0,10,10,NA,NA,10
Lakshadweep,'9.2.3',Child immunisation (9-11months) - JE 1st dose,TOTAL,0,0,NA,NA,0,0,0,NA,NA,0,0,0,NA,NA,0,0,0,NA,NA,0,0,0,NA,NA,0,0,0,NA,NA,0,0,0,NA,NA,0,0,0,NA,NA,0,0,0,NA,NA,0,0,0,NA,NA,0,0,0,NA,NA,0,0,0,NA,NA,0,0,0,NA,NA,0
Lakshadweep,'9.2.4.a',Children aged between 9 and 11 months fully immunized- Male,TOTAL,38,38,NA,NA,38,49,49,NA,NA,49,26,26,NA,NA,26,61,61,NA,NA,61,36,36,NA,NA,36,47,47,NA,NA,47,57,57,NA,NA,57,42,42,NA,NA,42,23,23,NA,NA,23,52,52,NA,NA,52,47,47,NA,NA,47,36,36,NA,NA,36,514,514,NA,NA,514
Lakshadweep,'9.2.4.b',Children aged between 9 and 11 months fully immunized - Female,TOTAL,24,24,NA,NA,24,44,44,NA,NA,44,28,28,NA,NA,28,58,58,NA,NA,58,45,45,NA,NA,45,28,28,NA,NA,28,40,40,NA,NA,40,42,42,NA,NA,42,41,41,NA,NA,41,57,57,NA,NA,57,37,37,NA,NA,37,31,31,NA,NA,31,475,475,NA,NA,475
Lakshadweep,'9.3.1',Child immunisation - Measles & Rubella (MR)- 1st Dose,TOTAL,16,16,NA,NA,16,28,28,NA,NA,28,6,6,NA,NA,6,43,43,NA,NA,43,55,55,NA,NA,55,31,31,NA,NA,31,53,53,NA,NA,53,7,7,NA,NA,7,18,18,NA,NA,18,18,18,NA,NA,18,6,6,NA,NA,6,18,18,NA,NA,18,299,299,NA,NA,299
Lakshadweep,'9.3.2',Child immunisation - Measles-1st dose,TOTAL,18,18,NA,NA,18,21,21,NA,NA,21,26,26,NA,NA,26,23,23,NA,NA,23,1,1,NA,NA,1,0,0,NA,NA,0,0,0,NA,NA,0,0,0,NA,NA,0,0,0,NA,NA,0,0,0,NA,NA,0,0,0,NA,NA,0,14,14,NA,NA,14,103,103,NA,NA,103
Lakshadweep,'9.3.3',Child immunisation - JE 1st dose,TOTAL,0,0,NA,NA,0,0,0,NA,NA,0,0,0,NA,NA,0,0,0,NA,NA,0,0,0,NA,NA,0,0,0,NA,NA,0,6,6,NA,NA,6,0,0,NA,NA,0,0,0,NA,NA,0,0,0,NA,NA,0,0,0,NA,NA,0,0,0,NA,NA,0,6,6,NA,NA,6
Lakshadweep,'9.4.1',Child immunisation - Measles & Rubella (MR)- 2nd Dose (16-24 months),TOTAL,61,61,NA,NA,61,53,53,NA,NA,53,64,64,NA,NA,64,99,99,NA,NA,99,72,72,NA,NA,72,65,65,NA,NA,65,88,88,NA,NA,88,85,85,NA,NA,85,58,58,NA,NA,58,96,96,NA,NA,96,85,85,NA,NA,85,53,53,NA,NA,53,879,879,NA,NA,879
Lakshadweep,'9.4.2',Child immunisation - Measles 2nd dose (More than 16 months),TOTAL,0,0,NA,NA,0,0,0,NA,NA,0,0,0,NA,NA,0,0,0,NA,NA,0,4,4,NA,NA,4,0,0,NA,NA,0,9,9,NA,NA,9,0,0,NA,NA,0,0,0,NA,NA,0,0,0,NA,NA,0,0,0,NA,NA,0,0,0,NA,NA,0,13,13,NA,NA,13
Lakshadweep,'9.4.3',Child immunisation - DPT 1st Booster,TOTAL,58,58,NA,NA,58,44,44,NA,NA,44,61,61,NA,NA,61,96,96,NA,NA,96,66,66,NA,NA,66,65,65,NA,NA,65,91,91,NA,NA,91,85,85,NA,NA,85,58,58,NA,NA,58,96,96,NA,NA,96,83,83,NA,NA,83,51,51,NA,NA,51,854,854,NA,NA,854
Lakshadweep,'9.4.4',Child immunisation - OPV Booster,TOTAL,67,67,NA,NA,67,53,53,NA,NA,53,64,64,NA,NA,64,97,97,NA,NA,97,61,61,NA,NA,61,63,63,NA,NA,63,91,91,NA,NA,91,75,75,NA,NA,75,58,58,NA,NA,58,96,96,NA,NA,96,81,81,NA,NA,81,47,47,NA,NA,47,853,853,NA,NA,853
Lakshadweep,'9.4.5',"Child immunisation - Measles, Mumps, Rubella (MMR) Vaccine",TOTAL,0,0,NA,NA,0,5,5,NA,NA,5,0,0,NA,NA,0,0,0,NA,NA,0,6,6,NA,NA,6,0,0,NA,NA,0,0,0,NA,NA,0,0,0,NA,NA,0,0,0,NA,NA,0,0,0,NA,NA,0,0,0,NA,NA,0,0,0,NA,NA,0,11,11,NA,NA,11
Lakshadweep,'9.4.6',Number of children more than 16 months of age who received Japanese Encephalitis (JE) vaccine,TOTAL,0,0,NA,NA,0,0,0,NA,NA,0,0,0,NA,NA,0,0,0,NA,NA,0,0,0,NA,NA,0,0,0,NA,NA,0,0,0,NA,NA,0,0,0,NA,NA,0,0,0,NA,NA,0,0,0,NA,NA,0,0,0,NA,NA,0,0,0,NA,NA,0,0,0,NA,NA,0
Lakshadweep,'9.5.1',Child immunisation - Typhoid,TOTAL,0,0,NA,NA,0,0,0,NA,NA,0,0,0,NA,NA,0,4,4,NA,NA,4,0,0,NA,NA,0,0,0,NA,NA,0,0,0,NA,NA,0,0,0,NA,NA,0,0,0,NA,NA,0,0,0,NA,NA,0,0,0,NA,NA,0,0,0,NA,NA,0,4,4,NA,NA,4
Lakshadweep,'9.5.2',Children more than 5 years received DPT5 (2nd Booster),TOTAL,59,59,NA,NA,59,45,45,NA,NA,45,54,54,NA,NA,54,58,58,NA,NA,58,50,50,NA,NA,50,33,33,NA,NA,33,50,50,NA,NA,50,29,29,NA,NA,29,49,49,NA,NA,49,102,102,NA,NA,102,46,46,NA,NA,46,38,38,NA,NA,38,613,613,NA,NA,613
Lakshadweep,'9.5.3',Children more than 10 years received TT10,TOTAL,7,7,NA,NA,7,25,25,NA,NA,25,12,12,NA,NA,12,33,33,NA,NA,33,26,26,NA,NA,26,28,28,NA,NA,28,43,43,NA,NA,43,31,31,NA,NA,31,40,40,NA,NA,40,24,24,NA,NA,24,45,45,NA,NA,45,31,31,NA,NA,31,345,345,NA,NA,345
Lakshadweep,'9.5.4',Children more than 16 years received TT16,TOTAL,8,8,NA,NA,8,11,11,NA,NA,11,16,16,NA,NA,16,30,30,NA,NA,30,19,19,NA,NA,19,19,19,NA,NA,19,26,26,NA,NA,26,40,40,NA,NA,40,34,34,NA,NA,34,27,27,NA,NA,27,31,31,NA,NA,31,34,34,NA,NA,34,295,295,NA,NA,295
Lakshadweep,'9.6.1',Number of cases of AEFI - Abscess,TOTAL,0,0,NA,NA,0,0,0,NA,NA,0,0,0,NA,NA,0,0,0,NA,NA,0,0,0,NA,NA,0,0,0,NA,NA,0,0,0,NA,NA,0,0,0,NA,NA,0,0,0,NA,NA,0,0,0,NA,NA,0,0,0,NA,NA,0,0,0,NA,NA,0,0,0,NA,NA,0
Lakshadweep,'9.6.2',Number of cases of AEFI - Death,TOTAL,0,0,NA,NA,0,0,0,NA,NA,0,0,0,NA,NA,0,0,0,NA,NA,0,0,0,NA,NA,0,0,0,NA,NA,0,0,0,NA,NA,0,0,0,NA,NA,0,0,0,NA,NA,0,0,0,NA,NA,0,0,0,NA,NA,0,0,0,NA,NA,0,0,0,NA,NA,0
Lakshadweep,'9.6.3',Number of cases of AEFI - Others,TOTAL,1,1,NA,NA,1,1,1,NA,NA,1,0,0,NA,NA,0,0,0,NA,NA,0,2,2,NA,NA,2,0,0,NA,NA,0,1,1,NA,NA,1,6,6,NA,NA,6,9,9,NA,NA,9,7,7,NA,NA,7,12,12,NA,NA,12,10,10,NA,NA,10,49,49,NA,NA,49
Lakshadweep,'9.7.1',Immunisation sessions planned,TOTAL,33,33,NA,NA,33,45,45,NA,NA,45,35,35,NA,NA,35,44,44,NA,NA,44,37,37,NA,NA,37,33,33,NA,NA,33,43,43,NA,NA,43,37,37,NA,NA,37,36,36,NA,NA,36,40,40,NA,NA,40,37,37,NA,NA,37,30,30,NA,NA,30,450,450,NA,NA,450
Lakshadweep,'9.7.2',Immunisation sessions held,TOTAL,33,33,NA,NA,33,42,42,NA,NA,42,33,33,NA,NA,33,44,44,NA,NA,44,36,36,NA,NA,36,27,27,NA,NA,27,36,36,NA,NA,36,35,35,NA,NA,35,28,28,NA,NA,28,39,39,NA,NA,39,36,36,NA,NA,36,22,22,NA,NA,22,411,411,NA,NA,411
Lakshadweep,'9.7.3',Number of Immunisation sessions where ASHAs were present,TOTAL,32,32,NA,NA,32,42,42,NA,NA,42,33,33,NA,NA,33,44,44,NA,NA,44,36,36,NA,NA,36,27,27,NA,NA,27,36,36,NA,NA,36,35,35,NA,NA,35,35,35,NA,NA,35,35,35,NA,NA,35,35,35,NA,NA,35,21,21,NA,NA,21,411,411,NA,NA,411
Lakshadweep,'9.8.1',Child immunisation - Vitamin A Dose - 1,TOTAL,45,45,NA,NA,45,89,89,NA,NA,89,45,45,NA,NA,45,113,113,NA,NA,113,78,78,NA,NA,78,50,50,NA,NA,50,50,50,NA,NA,50,30,30,NA,NA,30,25,25,NA,NA,25,34,34,NA,NA,34,37,37,NA,NA,37,22,22,NA,NA,22,618,618,NA,NA,618
Lakshadweep,'9.8.2',Child immunisation - Vitamin A Dose - 5,TOTAL,0,0,NA,NA,0,2,2,NA,NA,2,14,14,NA,NA,14,5,5,NA,NA,5,9,9,NA,NA,9,0,0,NA,NA,0,0,0,NA,NA,0,0,0,NA,NA,0,0,0,NA,NA,0,0,0,NA,NA,0,0,0,NA,NA,0,0,0,NA,NA,0,30,30,NA,NA,30
Lakshadweep,'9.8.3',Child immunisation - Vitamin A Dose - 9,TOTAL,0,0,NA,NA,0,5,5,NA,NA,5,8,8,NA,NA,8,12,12,NA,NA,12,8,8,NA,NA,8,0,0,NA,NA,0,0,0,NA,NA,0,0,0,NA,NA,0,0,0,NA,NA,0,0,0,NA,NA,0,0,0,NA,NA,0,0,0,NA,NA,0,33,33,NA,NA,33
Lakshadweep,'9.9',Number of children (6-59 months) provided 8-10 doses (1ml) of IFA syrup (Bi weekly),TOTAL,0,0,NA,NA,0,0,0,NA,NA,0,0,0,NA,NA,0,0,0,NA,NA,0,0,0,NA,NA,0,0,0,NA,NA,0,0,0,NA,NA,0,0,0,NA,NA,0,0,0,NA,NA,0,0,0,NA,NA,0,0,0,NA,NA,0,0,0,NA,NA,0,0,0,NA,NA,0
Lakshadweep,'9.10',Number of children (12-59 months) provided Albendazole,TOTAL,20,20,NA,NA,20,10,10,NA,NA,10,10,10,NA,NA,10,15,15,NA,NA,15,437,437,NA,NA,437,15,15,NA,NA,15,10,10,NA,NA,10,11,11,NA,NA,11,3,3,NA,NA,3,0,0,NA,NA,0,334,334,NA,NA,334,336,336,NA,NA,336,1201,1201,NA,NA,1201
Lakshadweep,'9.11',Number of severely underweight children provided Health Checkup (0-5 yrs),TOTAL,0,0,NA,NA,0,1,1,NA,NA,1,1,1,NA,NA,1,1,1,NA,NA,1,0,0,NA,NA,0,0,0,NA,NA,0,1,1,NA,NA,1,2,2,NA,NA,2,1,1,NA,NA,1,0,0,NA,NA,0,1,1,NA,NA,1,2,2,NA,NA,2,10,10,NA,NA,10
Lakshadweep,'10.1',Childhood Diseases - Pneumonia,TOTAL,0,0,NA,NA,0,1,1,NA,NA,1,1,1,NA,NA,1,4,4,NA,NA,4,6,6,NA,NA,6,3,3,NA,NA,3,6,6,NA,NA,6,8,8,NA,NA,8,5,5,NA,NA,5,4,4,NA,NA,4,5,5,NA,NA,5,3,3,NA,NA,3,46,46,NA,NA,46
Lakshadweep,'10.2',Childhood Diseases - Asthma,TOTAL,11,11,NA,NA,11,6,6,NA,NA,6,3,3,NA,NA,3,4,4,NA,NA,4,8,8,NA,NA,8,13,13,NA,NA,13,8,8,NA,NA,8,6,6,NA,NA,6,12,12,NA,NA,12,2,2,NA,NA,2,0,0,NA,NA,0,0,0,NA,NA,0,73,73,NA,NA,73
Lakshadweep,'10.3',Childhood Diseases - Sepsis,TOTAL,0,0,NA,NA,0,0,0,NA,NA,0,0,0,NA,NA,0,0,0,NA,NA,0,0,0,NA,NA,0,0,0,NA,NA,0,0,0,NA,NA,0,2,2,NA,NA,2,0,0,NA,NA,0,0,0,NA,NA,0,0,0,NA,NA,0,0,0,NA,NA,0,2,2,NA,NA,2
Lakshadweep,'10.4',Childhood Diseases - Diphtheria,TOTAL,0,0,NA,NA,0,0,0,NA,NA,0,0,0,NA,NA,0,0,0,NA,NA,0,0,0,NA,NA,0,0,0,NA,NA,0,0,0,NA,NA,0,0,0,NA,NA,0,0,0,NA,NA,0,0,0,NA,NA,0,0,0,NA,NA,0,0,0,NA,NA,0,0,0,NA,NA,0
Lakshadweep,'10.5',Childhood Diseases - Pertussis,TOTAL,0,0,NA,NA,0,0,0,NA,NA,0,0,0,NA,NA,0,0,0,NA,NA,0,0,0,NA,NA,0,0,0,NA,NA,0,0,0,NA,NA,0,0,0,NA,NA,0,0,0,NA,NA,0,0,0,NA,NA,0,0,0,NA,NA,0,0,0,NA,NA,0,0,0,NA,NA,0
Lakshadweep,'10.6',Childhood Diseases - Tetanus Neonatorum,TOTAL,0,0,NA,NA,0,0,0,NA,NA,0,0,0,NA,NA,0,0,0,NA,NA,0,0,0,NA,NA,0,0,0,NA,NA,0,0,0,NA,NA,0,0,0,NA,NA,0,0,0,NA,NA,0,0,0,NA,NA,0,0,0,NA,NA,0,0,0,NA,NA,0,0,0,NA,NA,0
Lakshadweep,'10.7',Childhood Diseases - Tuberculosis (TB),TOTAL,0,0,NA,NA,0,0,0,NA,NA,0,0,0,NA,NA,0,0,0,NA,NA,0,0,0,NA,NA,0,0,0,NA,NA,0,0,0,NA,NA,0,0,0,NA,NA,0,1,1,NA,NA,1,0,0,NA,NA,0,0,0,NA,NA,0,0,0,NA,NA,0,1,1,NA,NA,1
Lakshadweep,'10.8',Childhood Diseases - Acute Flaccid Paralysis(AFP),TOTAL,0,0,NA,NA,0,0,0,NA,NA,0,0,0,NA,NA,0,0,0,NA,NA,0,0,0,NA,NA,0,0,0,NA,NA,0,0,0,NA,NA,0,0,0,NA,NA,0,0,0,NA,NA,0,0,0,NA,NA,0,0,0,NA,NA,0,0,0,NA,NA,0,0,0,NA,NA,0
Lakshadweep,'10.9',Childhood Diseases - Measles,TOTAL,0,0,NA,NA,0,0,0,NA,NA,0,0,0,NA,NA,0,0,0,NA,NA,0,0,0,NA,NA,0,0,0,NA,NA,0,0,0,NA,NA,0,0,0,NA,NA,0,0,0,NA,NA,0,0,0,NA,NA,0,0,0,NA,NA,0,0,0,NA,NA,0,0,0,NA,NA,0
Lakshadweep,'10.10',Childhood Diseases - Malaria,TOTAL,0,0,NA,NA,0,0,0,NA,NA,0,0,0,NA,NA,0,0,0,NA,NA,0,0,0,NA,NA,0,0,0,NA,NA,0,0,0,NA,NA,0,0,0,NA,NA,0,0,0,NA,NA,0,0,0,NA,NA,0,1,1,NA,NA,1,0,0,NA,NA,0,1,1,NA,NA,1
Lakshadweep,'10.11',Childhood Diseases - Diarrhoea,TOTAL,99,99,NA,NA,99,69,69,NA,NA,69,47,47,NA,NA,47,149,149,NA,NA,149,184,184,NA,NA,184,153,153,NA,NA,153,116,116,NA,NA,116,148,148,NA,NA,148,213,213,NA,NA,213,208,208,NA,NA,208,117,117,NA,NA,117,81,81,NA,NA,81,1584,1584,NA,NA,1584
Lakshadweep,'10.12',Childhood Diseases - Diarrhoea treated in Inpatients,TOTAL,4,4,NA,NA,4,4,4,NA,NA,4,4,4,NA,NA,4,12,12,NA,NA,12,8,8,NA,NA,8,2,2,NA,NA,2,9,9,NA,NA,9,6,6,NA,NA,6,5,5,NA,NA,5,11,11,NA,NA,11,6,6,NA,NA,6,6,6,NA,NA,6,77,77,NA,NA,77
Lakshadweep,'10.13',Children admitted with upper respiratory infections,TOTAL,6,6,NA,NA,6,284,284,NA,NA,284,2,2,NA,NA,2,480,480,NA,NA,480,7,7,NA,NA,7,16,16,NA,NA,16,16,16,NA,NA,16,9,9,NA,NA,9,15,15,NA,NA,15,3,3,NA,NA,3,27,27,NA,NA,27,103,103,NA,NA,103,968,968,NA,NA,968
Lakshadweep,'10.14',Childhood Diseases - Severe Acute Malnutrition (SAM),TOTAL,0,0,NA,NA,0,0,0,NA,NA,0,0,0,NA,NA,0,0,0,NA,NA,0,0,0,NA,NA,0,0,0,NA,NA,0,0,0,NA,NA,0,0,0,NA,NA,0,0,0,NA,NA,0,0,0,NA,NA,0,0,0,NA,NA,0,0,0,NA,NA,0,0,0,NA,NA,0
Lakshadweep,'11.1.1.a',Total Blood Smears Examined for Malaria,TOTAL,20,20,NA,NA,20,23,23,NA,NA,23,17,17,NA,NA,17,31,31,NA,NA,31,10,10,NA,NA,10,4,4,NA,NA,4,47,47,NA,NA,47,54,54,NA,NA,54,89,89,NA,NA,89,2,2,NA,NA,2,0,0,NA,NA,0,1,1,NA,NA,1,298,298,NA,NA,298
Lakshadweep,'11.1.1.b',Malaria (Microscopy Tests ) - Plasmodium Vivax test positive,TOTAL,0,0,NA,NA,0,0,0,NA,NA,0,0,0,NA,NA,0,0,0,NA,NA,0,0,0,NA,NA,0,0,0,NA,NA,0,0,0,NA,NA,0,1,1,NA,NA,1,0,0,NA,NA,0,2,2,NA,NA,2,0,0,NA,NA,0,0,0,NA,NA,0,3,3,NA,NA,3
Lakshadweep,'11.1.1.c',Malaria (Microscopy Tests ) - Plasmodium Falciparum test positive,TOTAL,0,0,NA,NA,0,0,0,NA,NA,0,0,0,NA,NA,0,0,0,NA,NA,0,0,0,NA,NA,0,0,0,NA,NA,0,0,0,NA,NA,0,1,1,NA,NA,1,1,1,NA,NA,1,0,0,NA,NA,0,0,0,NA,NA,0,1,1,NA,NA,1,3,3,NA,NA,3
Lakshadweep,'11.1.2.a',RDT conducted for Malaria,TOTAL,28,28,NA,NA,28,40,40,NA,NA,40,39,39,NA,NA,39,43,43,NA,NA,43,20,20,NA,NA,20,69,69,NA,NA,69,66,66,NA,NA,66,71,71,NA,NA,71,79,79,NA,NA,79,69,69,NA,NA,69,190,190,NA,NA,190,72,72,NA,NA,72,786,786,NA,NA,786
Lakshadweep,'11.1.2.b',Malaria (RDT) - Plasmodium Vivax test positive,TOTAL,0,0,NA,NA,0,0,0,NA,NA,0,0,0,NA,NA,0,0,0,NA,NA,0,0,0,NA,NA,0,0,0,NA,NA,0,0,0,NA,NA,0,1,1,NA,NA,1,0,0,NA,NA,0,0,0,NA,NA,0,0,0,NA,NA,0,0,0,NA,NA,0,1,1,NA,NA,1
Lakshadweep,'11.1.2.c',Malaria (RDT) - Plamodium Falciparum test positive,TOTAL,0,0,NA,NA,0,0,0,NA,NA,0,0,0,NA,NA,0,0,0,NA,NA,0,0,0,NA,NA,0,0,0,NA,NA,0,0,0,NA,NA,0,1,1,NA,NA,1,1,1,NA,NA,1,0,0,NA,NA,0,1,1,NA,NA,1,0,0,NA,NA,0,3,3,NA,NA,3
Lakshadweep,'11.2.1',Kala Azar (RDT) - Tests Conducted,TOTAL,0,0,NA,NA,0,0,0,NA,NA,0,0,0,NA,NA,0,0,0,NA,NA,0,0,0,NA,NA,0,0,0,NA,NA,0,0,0,NA,NA,0,0,0,NA,NA,0,0,0,NA,NA,0,0,0,NA,NA,0,0,0,NA,NA,0,0,0,NA,NA,0,0,0,NA,NA,0
Lakshadweep,'11.2.2',Kala Azar Positive Cases,TOTAL,0,0,NA,NA,0,0,0,NA,NA,0,0,0,NA,NA,0,0,0,NA,NA,0,0,0,NA,NA,0,0,0,NA,NA,0,0,0,NA,NA,0,0,0,NA,NA,0,0,0,NA,NA,0,0,0,NA,NA,0,0,0,NA,NA,0,0,0,NA,NA,0,0,0,NA,NA,0
Lakshadweep,'11.2.3',Post-kala-azar dermal leishmaniasis (PKDL) cases,TOTAL,0,0,NA,NA,0,0,0,NA,NA,0,0,0,NA,NA,0,0,0,NA,NA,0,0,0,NA,NA,0,0,0,NA,NA,0,0,0,NA,NA,0,0,0,NA,NA,0,0,0,NA,NA,0,0,0,NA,NA,0,0,0,NA,NA,0,0,0,NA,NA,0,0,0,NA,NA,0
Lakshadweep,'11.3.1',Dengue - RDT Test Positive,TOTAL,9,9,NA,NA,9,12,12,NA,NA,12,0,0,NA,NA,0,9,9,NA,NA,9,3,3,NA,NA,3,6,6,NA,NA,6,0,0,NA,NA,0,13,13,NA,NA,13,9,9,NA,NA,9,12,12,NA,NA,12,8,8,NA,NA,8,6,6,NA,NA,6,87,87,NA,NA,87
Lakshadweep,'11.3.2',Dengue - Enzyme- Linked Immuno Sorbent Assay (ELISA) Test Positive,TOTAL,0,0,NA,NA,0,0,0,NA,NA,0,0,0,NA,NA,0,0,0,NA,NA,0,0,0,NA,NA,0,0,0,NA,NA,0,0,0,NA,NA,0,0,0,NA,NA,0,0,0,NA,NA,0,0,0,NA,NA,0,0,0,NA,NA,0,0,0,NA,NA,0,0,0,NA,NA,0
Lakshadweep,'11.4.1',Tests Conducted for JE,TOTAL,0,0,NA,NA,0,0,0,NA,NA,0,0,0,NA,NA,0,0,0,NA,NA,0,0,0,NA,NA,0,0,0,NA,NA,0,0,0,NA,NA,0,0,0,NA,NA,0,0,0,NA,NA,0,0,0,NA,NA,0,0,0,NA,NA,0,0,0,NA,NA,0,0,0,NA,NA,0
Lakshadweep,'11.4.2',Tests Positive for JE,TOTAL,0,0,NA,NA,0,0,0,NA,NA,0,0,0,NA,NA,0,0,0,NA,NA,0,0,0,NA,NA,0,0,0,NA,NA,0,0,0,NA,NA,0,0,0,NA,NA,0,0,0,NA,NA,0,0,0,NA,NA,0,0,0,NA,NA,0,0,0,NA,NA,0,0,0,NA,NA,0
Lakshadweep,'12.1.1.a',Girls registered in AFHC,TOTAL,0,0,NA,NA,0,0,0,NA,NA,0,0,0,NA,NA,0,0,0,NA,NA,0,0,0,NA,NA,0,0,0,NA,NA,0,0,0,NA,NA,0,0,0,NA,NA,0,0,0,NA,NA,0,0,0,NA,NA,0,0,0,NA,NA,0,0,0,NA,NA,0,0,0,NA,NA,0
Lakshadweep,'12.1.1.b',Boys registered in AFHC,TOTAL,0,0,NA,NA,0,0,0,NA,NA,0,0,0,NA,NA,0,0,0,NA,NA,0,0,0,NA,NA,0,0,0,NA,NA,0,0,0,NA,NA,0,0,0,NA,NA,0,0,0,NA,NA,0,0,0,NA,NA,0,0,0,NA,NA,0,0,0,NA,NA,0,0,0,NA,NA,0
Lakshadweep,'12.1.2.a',"Out of registered, Girls received clinical services",TOTAL,0,0,NA,NA,0,0,0,NA,NA,0,0,0,NA,NA,0,0,0,NA,NA,0,0,0,NA,NA,0,0,0,NA,NA,0,0,0,NA,NA,0,0,0,NA,NA,0,0,0,NA,NA,0,0,0,NA,NA,0,0,0,NA,NA,0,0,0,NA,NA,0,0,0,NA,NA,0
Lakshadweep,'12.1.2.b',"Out of registered, Boys received clinical services",TOTAL,0,0,NA,NA,0,0,0,NA,NA,0,0,0,NA,NA,0,0,0,NA,NA,0,0,0,NA,NA,0,0,0,NA,NA,0,0,0,NA,NA,0,0,0,NA,NA,0,0,0,NA,NA,0,0,0,NA,NA,0,0,0,NA,NA,0,0,0,NA,NA,0,0,0,NA,NA,0
Lakshadweep,'12.1.3.a',"Out of registered, Girls received counselling",TOTAL,0,0,NA,NA,0,0,0,NA,NA,0,0,0,NA,NA,0,0,0,NA,NA,0,0,0,NA,NA,0,0,0,NA,NA,0,25,25,NA,NA,25,20,20,NA,NA,20,20,20,NA,NA,20,45,45,NA,NA,45,5,5,NA,NA,5,25,25,NA,NA,25,140,140,NA,NA,140
Lakshadweep,'12.1.3.b',"Out of registered, Boys received counselling",TOTAL,0,0,NA,NA,0,0,0,NA,NA,0,0,0,NA,NA,0,0,0,NA,NA,0,0,0,NA,NA,0,0,0,NA,NA,0,37,37,NA,NA,37,55,55,NA,NA,55,30,30,NA,NA,30,55,55,NA,NA,55,15,15,NA,NA,15,20,20,NA,NA,20,212,212,NA,NA,212
Lakshadweep,'13.1',Number of on-going DOTS patients registered,TOTAL,8,8,NA,NA,8,5,5,NA,NA,5,5,5,NA,NA,5,4,4,NA,NA,4,3,3,NA,NA,3,7,7,NA,NA,7,8,8,NA,NA,8,6,6,NA,NA,6,7,7,NA,NA,7,8,8,NA,NA,8,7,7,NA,NA,7,7,7,NA,NA,7,75,75,NA,NA,75
Lakshadweep,'13.2',Number of DOTS cases completed successfully,TOTAL,1,1,NA,NA,1,3,3,NA,NA,3,0,0,NA,NA,0,0,0,NA,NA,0,2,2,NA,NA,2,0,0,NA,NA,0,0,0,NA,NA,0,1,1,NA,NA,1,0,0,NA,NA,0,1,1,NA,NA,1,0,0,NA,NA,0,0,0,NA,NA,0,8,8,NA,NA,8
Lakshadweep,'14.1.1',Outpatient - Diabetes,TOTAL,202,202,NA,NA,202,198,198,NA,NA,198,135,135,NA,NA,135,136,136,NA,NA,136,158,158,NA,NA,158,136,136,NA,NA,136,178,178,NA,NA,178,130,130,NA,NA,130,148,148,NA,NA,148,184,184,NA,NA,184,74,74,NA,NA,74,55,55,NA,NA,55,1734,1734,NA,NA,1734
Lakshadweep,'14.1.2',Outpatient - Hypertension,TOTAL,388,388,NA,NA,388,332,332,NA,NA,332,180,180,NA,NA,180,208,208,NA,NA,208,266,266,NA,NA,266,265,265,NA,NA,265,342,342,NA,NA,342,197,197,NA,NA,197,206,206,NA,NA,206,289,289,NA,NA,289,149,149,NA,NA,149,91,91,NA,NA,91,2913,2913,NA,NA,2913
Lakshadweep,'14.1.3',Outpatient - Stroke (Paralysis),TOTAL,7,7,NA,NA,7,14,14,NA,NA,14,6,6,NA,NA,6,4,4,NA,NA,4,7,7,NA,NA,7,6,6,NA,NA,6,9,9,NA,NA,9,11,11,NA,NA,11,3,3,NA,NA,3,3,3,NA,NA,3,4,4,NA,NA,4,6,6,NA,NA,6,80,80,NA,NA,80
Lakshadweep,'14.1.4',Outpatient - Acute Heart Diseases,TOTAL,30,30,NA,NA,30,4,4,NA,NA,4,2,2,NA,NA,2,15,15,NA,NA,15,5,5,NA,NA,5,4,4,NA,NA,4,14,14,NA,NA,14,15,15,NA,NA,15,9,9,NA,NA,9,15,15,NA,NA,15,9,9,NA,NA,9,5,5,NA,NA,5,127,127,NA,NA,127
Lakshadweep,'14.1.5',Outpatient - Mental illness,TOTAL,5,5,NA,NA,5,10,10,NA,NA,10,3,3,NA,NA,3,7,7,NA,NA,7,5,5,NA,NA,5,5,5,NA,NA,5,7,7,NA,NA,7,5,5,NA,NA,5,4,4,NA,NA,4,4,4,NA,NA,4,7,7,NA,NA,7,3,3,NA,NA,3,65,65,NA,NA,65
Lakshadweep,'14.1.6',Outpatient - Epilepsy,TOTAL,7,7,NA,NA,7,6,6,NA,NA,6,3,3,NA,NA,3,3,3,NA,NA,3,1,1,NA,NA,1,0,0,NA,NA,0,1,1,NA,NA,1,4,4,NA,NA,4,2,2,NA,NA,2,1,1,NA,NA,1,4,4,NA,NA,4,1,1,NA,NA,1,33,33,NA,NA,33
Lakshadweep,'14.1.7',Outpatient - Ophthalmic Related,TOTAL,1313,1313,NA,NA,1313,732,732,NA,NA,732,1047,1047,NA,NA,1047,1273,1273,NA,NA,1273,1243,1243,NA,NA,1243,1193,1193,NA,NA,1193,1257,1257,NA,NA,1257,1921,1921,NA,NA,1921,1183,1183,NA,NA,1183,1172,1172,NA,NA,1172,1259,1259,NA,NA,1259,996,996,NA,NA,996,14589,14589,NA,NA,14589
Lakshadweep,'14.1.8',Outpatient - Dental,TOTAL,2360,2360,NA,NA,2360,1689,1689,NA,NA,1689,2530,2530,NA,NA,2530,2834,2834,NA,NA,2834,2667,2667,NA,NA,2667,2689,2689,NA,NA,2689,2974,2974,NA,NA,2974,2802,2802,NA,NA,2802,2933,2933,NA,NA,2933,2801,2801,NA,NA,2801,2730,2730,NA,NA,2730,1485,1485,NA,NA,1485,30494,30494,NA,NA,30494
Lakshadweep,'14.1.9',Outpatient - Oncology,TOTAL,1,1,NA,NA,1,0,0,NA,NA,0,0,0,NA,NA,0,2,2,NA,NA,2,2,2,NA,NA,2,2,2,NA,NA,2,1,1,NA,NA,1,2,2,NA,NA,2,0,0,NA,NA,0,0,0,NA,NA,0,0,0,NA,NA,0,0,0,NA,NA,0,10,10,NA,NA,10
Lakshadweep,'14.2.1',Allopathic- Outpatient attendance,TOTAL,28527,28527,NA,NA,28527,26847,26847,NA,NA,26847,30784,30784,NA,NA,30784,42044,42044,NA,NA,42044,41029,41029,NA,NA,41029,38243,38243,NA,NA,38243,41495,41495,NA,NA,41495,42411,42411,NA,NA,42411,39879,39879,NA,NA,39879,39418,39418,NA,NA,39418,37262,37262,NA,NA,37262,42349,42349,NA,NA,42349,450288,450288,NA,NA,450288
Lakshadweep,'14.2.2',Ayush - Outpatient attendance,TOTAL,7102,7102,NA,NA,7102,6028,6028,NA,NA,6028,6052,6052,NA,NA,6052,9459,9459,NA,NA,9459,7829,7829,NA,NA,7829,6290,6290,NA,NA,6290,10032,10032,NA,NA,10032,8189,8189,NA,NA,8189,8378,8378,NA,NA,8378,8880,8880,NA,NA,8880,7347,7347,NA,NA,7347,7201,7201,NA,NA,7201,92787,92787,NA,NA,92787
Lakshadweep,'14.3.1.a',Inpatient (Male)- Children<18yrs,TOTAL,88,88,NA,NA,88,128,128,NA,NA,128,86,86,NA,NA,86,106,106,NA,NA,106,93,93,NA,NA,93,114,114,NA,NA,114,130,130,NA,NA,130,128,128,NA,NA,128,129,129,NA,NA,129,82,82,NA,NA,82,91,91,NA,NA,91,73,73,NA,NA,73,1248,1248,NA,NA,1248
Lakshadweep,'14.3.1.b',Inpatient (Male)- Adults,TOTAL,152,152,NA,NA,152,192,192,NA,NA,192,185,185,NA,NA,185,223,223,NA,NA,223,184,184,NA,NA,184,189,189,NA,NA,189,166,166,NA,NA,166,173,173,NA,NA,173,149,149,NA,NA,149,192,192,NA,NA,192,143,143,NA,NA,143,117,117,NA,NA,117,2065,2065,NA,NA,2065
Lakshadweep,'14.3.2.a',Inpatient (Female)- Children<18yrs,TOTAL,77,77,NA,NA,77,74,74,NA,NA,74,49,49,NA,NA,49,93,93,NA,NA,93,65,65,NA,NA,65,112,112,NA,NA,112,116,116,NA,NA,116,118,118,NA,NA,118,117,117,NA,NA,117,66,66,NA,NA,66,65,65,NA,NA,65,58,58,NA,NA,58,1010,1010,NA,NA,1010
Lakshadweep,'14.3.2.b',Inpatient (Female)- Adults,TOTAL,265,265,NA,NA,265,261,261,NA,NA,261,289,289,NA,NA,289,314,314,NA,NA,314,284,284,NA,NA,284,339,339,NA,NA,339,292,292,NA,NA,292,308,308,NA,NA,308,254,254,NA,NA,254,264,264,NA,NA,264,230,230,NA,NA,230,230,230,NA,NA,230,3330,3330,NA,NA,3330
Lakshadweep,'14.3.3',Number of Left Against Medical Advice (LAMA) cases,TOTAL,3,3,NA,NA,3,1,1,NA,NA,1,3,3,NA,NA,3,1,1,NA,NA,1,8,8,NA,NA,8,0,0,NA,NA,0,2,2,NA,NA,2,3,3,NA,NA,3,5,5,NA,NA,5,0,0,NA,NA,0,0,0,NA,NA,0,4,4,NA,NA,4,30,30,NA,NA,30
Lakshadweep,'14.4.1',Inpatient - Malaria,TOTAL,0,0,NA,NA,0,0,0,NA,NA,0,0,0,NA,NA,0,0,0,NA,NA,0,0,0,NA,NA,0,0,0,NA,NA,0,1,1,NA,NA,1,2,2,NA,NA,2,1,1,NA,NA,1,3,3,NA,NA,3,1,1,NA,NA,1,1,1,NA,NA,1,9,9,NA,NA,9
Lakshadweep,'14.4.2',Inpatient - Dengue,TOTAL,8,8,NA,NA,8,6,6,NA,NA,6,5,5,NA,NA,5,6,6,NA,NA,6,6,6,NA,NA,6,14,14,NA,NA,14,7,7,NA,NA,7,13,13,NA,NA,13,8,8,NA,NA,8,18,18,NA,NA,18,8,8,NA,NA,8,6,6,NA,NA,6,105,105,NA,NA,105
Lakshadweep,'14.4.3',Inpatient - Typhoid,TOTAL,13,13,NA,NA,13,5,5,NA,NA,5,5,5,NA,NA,5,6,6,NA,NA,6,0,0,NA,NA,0,3,3,NA,NA,3,4,4,NA,NA,4,4,4,NA,NA,4,0,0,NA,NA,0,2,2,NA,NA,2,1,1,NA,NA,1,1,1,NA,NA,1,44,44,NA,NA,44
Lakshadweep,'14.4.4',"Inpatient - Asthma, Chronic Obstructive Pulmonary Disease (COPD), Respiratory infections",TOTAL,28,28,NA,NA,28,16,16,NA,NA,16,24,24,NA,NA,24,23,23,NA,NA,23,25,25,NA,NA,25,19,19,NA,NA,19,46,46,NA,NA,46,49,49,NA,NA,49,51,51,NA,NA,51,26,26,NA,NA,26,46,46,NA,NA,46,31,31,NA,NA,31,384,384,NA,NA,384
Lakshadweep,'14.4.5',Inpatient - Tuberculosis,TOTAL,0,0,NA,NA,0,0,0,NA,NA,0,0,0,NA,NA,0,1,1,NA,NA,1,0,0,NA,NA,0,1,1,NA,NA,1,0,0,NA,NA,0,0,0,NA,NA,0,1,1,NA,NA,1,0,0,NA,NA,0,0,0,NA,NA,0,0,0,NA,NA,0,3,3,NA,NA,3
Lakshadweep,'14.4.6',Inpatient - Pyrexia of unknown origin (PUO),TOTAL,3,3,NA,NA,3,2,2,NA,NA,2,1,1,NA,NA,1,3,3,NA,NA,3,2,2,NA,NA,2,0,0,NA,NA,0,4,4,NA,NA,4,4,4,NA,NA,4,0,0,NA,NA,0,2,2,NA,NA,2,4,4,NA,NA,4,2,2,NA,NA,2,27,27,NA,NA,27
Lakshadweep,'14.4.7',Inpatient - Diarrhea with dehydration,TOTAL,15,15,NA,NA,15,2,2,NA,NA,2,10,10,NA,NA,10,10,10,NA,NA,10,4,4,NA,NA,4,3,3,NA,NA,3,4,4,NA,NA,4,4,4,NA,NA,4,1,1,NA,NA,1,2,2,NA,NA,2,1,1,NA,NA,1,11,11,NA,NA,11,67,67,NA,NA,67
Lakshadweep,'14.4.8',Inpatient - Hepatitis,TOTAL,1,1,NA,NA,1,3,3,NA,NA,3,0,0,NA,NA,0,2,2,NA,NA,2,0,0,NA,NA,0,0,0,NA,NA,0,1,1,NA,NA,1,3,3,NA,NA,3,0,0,NA,NA,0,3,3,NA,NA,3,0,0,NA,NA,0,1,1,NA,NA,1,14,14,NA,NA,14
Lakshadweep,'14.5',Patients registered at Emergency Department,TOTAL,7768,7768,NA,NA,7768,6964,6964,NA,NA,6964,6666,6666,NA,NA,6666,8386,8386,NA,NA,8386,10514,10514,NA,NA,10514,9543,9543,NA,NA,9543,9246,9246,NA,NA,9246,9545,9545,NA,NA,9545,7911,7911,NA,NA,7911,8106,8106,NA,NA,8106,7060,7060,NA,NA,7060,6841,6841,NA,NA,6841,98550,98550,NA,NA,98550
Lakshadweep,'14.6.1',"Emergency - Trauma ( accident, injury, poisoning etc)",TOTAL,5,5,NA,NA,5,5,5,NA,NA,5,6,6,NA,NA,6,3,3,NA,NA,3,2,2,NA,NA,2,3,3,NA,NA,3,3,3,NA,NA,3,7,7,NA,NA,7,7,7,NA,NA,7,5,5,NA,NA,5,1,1,NA,NA,1,4,4,NA,NA,4,51,51,NA,NA,51
Lakshadweep,'14.6.2',Emergency - Burn,TOTAL,0,0,NA,NA,0,1,1,NA,NA,1,0,0,NA,NA,0,0,0,NA,NA,0,0,0,NA,NA,0,0,0,NA,NA,0,0,0,NA,NA,0,0,0,NA,NA,0,3,3,NA,NA,3,0,0,NA,NA,0,0,0,NA,NA,0,0,0,NA,NA,0,4,4,NA,NA,4
Lakshadweep,'14.6.3',Emergency - Obstetrics complications,TOTAL,11,11,NA,NA,11,31,31,NA,NA,31,16,16,NA,NA,16,16,16,NA,NA,16,23,23,NA,NA,23,16,16,NA,NA,16,12,12,NA,NA,12,18,18,NA,NA,18,15,15,NA,NA,15,10,10,NA,NA,10,10,10,NA,NA,10,20,20,NA,NA,20,198,198,NA,NA,198
Lakshadweep,'14.6.4',Emergency - Snake Bite,TOTAL,0,0,NA,NA,0,0,0,NA,NA,0,0,0,NA,NA,0,0,0,NA,NA,0,0,0,NA,NA,0,0,0,NA,NA,0,0,0,NA,NA,0,0,0,NA,NA,0,0,0,NA,NA,0,0,0,NA,NA,0,0,0,NA,NA,0,0,0,NA,NA,0,0,0,NA,NA,0
Lakshadweep,'14.6.5',Emergency - Acute Caridiac Emergencies,TOTAL,9,9,NA,NA,9,2,2,NA,NA,2,8,8,NA,NA,8,5,5,NA,NA,5,11,11,NA,NA,11,2,2,NA,NA,2,6,6,NA,NA,6,11,11,NA,NA,11,7,7,NA,NA,7,8,8,NA,NA,8,9,9,NA,NA,9,2,2,NA,NA,2,80,80,NA,NA,80
Lakshadweep,'14.6.7',Emergency - CVA ( Cerebovascular Disease),TOTAL,6,6,NA,NA,6,11,11,NA,NA,11,6,6,NA,NA,6,5,5,NA,NA,5,15,15,NA,NA,15,7,7,NA,NA,7,11,11,NA,NA,11,15,15,NA,NA,15,8,8,NA,NA,8,7,7,NA,NA,7,4,4,NA,NA,4,4,4,NA,NA,4,99,99,NA,NA,99
Lakshadweep,'14.7',Number of deaths occurring at Emergency Department,TOTAL,2,2,NA,NA,2,0,0,NA,NA,0,1,1,NA,NA,1,0,0,NA,NA,0,3,3,NA,NA,3,2,2,NA,NA,2,1,1,NA,NA,1,3,3,NA,NA,3,0,0,NA,NA,0,2,2,NA,NA,2,2,2,NA,NA,2,0,0,NA,NA,0,16,16,NA,NA,16
Lakshadweep,'14.8.1',Operation major (General and spinal anaesthesia),TOTAL,38,38,NA,NA,38,52,52,NA,NA,52,33,33,NA,NA,33,52,52,NA,NA,52,39,39,NA,NA,39,35,35,NA,NA,35,71,71,NA,NA,71,62,62,NA,NA,62,50,50,NA,NA,50,61,61,NA,NA,61,55,55,NA,NA,55,39,39,NA,NA,39,587,587,NA,NA,587
Lakshadweep,'14.8.2',"Out of Operation major, Gynecology- Hysterectomy surgeries",TOTAL,4,4,NA,NA,4,6,6,NA,NA,6,2,2,NA,NA,2,2,2,NA,NA,2,12,12,NA,NA,12,13,13,NA,NA,13,13,13,NA,NA,13,11,11,NA,NA,11,15,15,NA,NA,15,14,14,NA,NA,14,21,21,NA,NA,21,12,12,NA,NA,12,125,125,NA,NA,125
Lakshadweep,'14.8.3',"Major Surgeries excluding Obstetrics, Gynaecology and Opthalmology etc.",TOTAL,14,14,NA,NA,14,21,21,NA,NA,21,10,10,NA,NA,10,5,5,NA,NA,5,14,14,NA,NA,14,12,12,NA,NA,12,23,23,NA,NA,23,11,11,NA,NA,11,15,15,NA,NA,15,8,8,NA,NA,8,30,30,NA,NA,30,2,2,NA,NA,2,165,165,NA,NA,165
Lakshadweep,'14.8.4',Operation minor (No or local anaesthesia),TOTAL,652,652,NA,NA,652,694,694,NA,NA,694,529,529,NA,NA,529,509,509,NA,NA,509,731,731,NA,NA,731,798,798,NA,NA,798,970,970,NA,NA,970,1023,1023,NA,NA,1023,654,654,NA,NA,654,991,991,NA,NA,991,1048,1048,NA,NA,1048,728,728,NA,NA,728,9327,9327,NA,NA,9327
Lakshadweep,'14.8.5',Number of post operative Surgical Site infection,TOTAL,0,0,NA,NA,0,0,0,NA,NA,0,0,0,NA,NA,0,0,0,NA,NA,0,0,0,NA,NA,0,0,0,NA,NA,0,0,0,NA,NA,0,0,0,NA,NA,0,0,0,NA,NA,0,0,0,NA,NA,0,0,0,NA,NA,0,0,0,NA,NA,0,0,0,NA,NA,0
Lakshadweep,'14.8.6',Number of blood units issued,TOTAL,12,12,NA,NA,12,14,14,NA,NA,14,10,10,NA,NA,10,5,5,NA,NA,5,9,9,NA,NA,9,12,12,NA,NA,12,33,33,NA,NA,33,5,5,NA,NA,5,11,11,NA,NA,11,42,42,NA,NA,42,14,14,NA,NA,14,13,13,NA,NA,13,180,180,NA,NA,180
Lakshadweep,'14.8.7',Number of blood transfusions done,TOTAL,12,12,NA,NA,12,14,14,NA,NA,14,10,10,NA,NA,10,5,5,NA,NA,5,14,14,NA,NA,14,17,17,NA,NA,17,12,12,NA,NA,12,7,7,NA,NA,7,14,14,NA,NA,14,25,25,NA,NA,25,20,20,NA,NA,20,13,13,NA,NA,13,163,163,NA,NA,163
Lakshadweep,'14.9.1',Inpatient Deaths - Male,TOTAL,9,9,NA,NA,9,3,3,NA,NA,3,5,5,NA,NA,5,9,9,NA,NA,9,4,4,NA,NA,4,4,4,NA,NA,4,2,2,NA,NA,2,3,3,NA,NA,3,6,6,NA,NA,6,5,5,NA,NA,5,4,4,NA,NA,4,4,4,NA,NA,4,58,58,NA,NA,58
Lakshadweep,'14.9.2',Inpatient Deaths - Female,TOTAL,12,12,NA,NA,12,7,7,NA,NA,7,2,2,NA,NA,2,8,8,NA,NA,8,4,4,NA,NA,4,3,3,NA,NA,3,2,2,NA,NA,2,3,3,NA,NA,3,3,3,NA,NA,3,5,5,NA,NA,5,3,3,NA,NA,3,6,6,NA,NA,6,58,58,NA,NA,58
Lakshadweep,'14.10',In-Patient Head Count at midnight,TOTAL,1040,1040,NA,NA,1040,1148,1148,NA,NA,1148,985,985,NA,NA,985,1476,1476,NA,NA,1476,1616,1616,NA,NA,1616,1548,1548,NA,NA,1548,1246,1246,NA,NA,1246,1327,1327,NA,NA,1327,1242,1242,NA,NA,1242,1127,1127,NA,NA,1127,1121,1121,NA,NA,1121,990,990,NA,NA,990,14866,14866,NA,NA,14866
Lakshadweep,'14.11',Number of Admission in NBSU ( New Born Stabilisation Unit),TOTAL,6,6,NA,NA,6,6,6,NA,NA,6,3,3,NA,NA,3,8,8,NA,NA,8,5,5,NA,NA,5,2,2,NA,NA,2,7,7,NA,NA,7,1,1,NA,NA,1,0,0,NA,NA,0,3,3,NA,NA,3,0,0,NA,NA,0,1,1,NA,NA,1,42,42,NA,NA,42
Lakshadweep,'14.12.1',Special Newborn Care Unit (SNCU Admissions) - Inborn Male,TOTAL,3,3,NA,NA,3,2,2,NA,NA,2,3,3,NA,NA,3,2,2,NA,NA,2,4,4,NA,NA,4,1,1,NA,NA,1,3,3,NA,NA,3,0,0,NA,NA,0,0,0,NA,NA,0,2,2,NA,NA,2,0,0,NA,NA,0,0,0,NA,NA,0,20,20,NA,NA,20
Lakshadweep,'14.12.2',Special Newborn Care Unit (SNCU Admissions) - Inborn Female,TOTAL,3,3,NA,NA,3,4,4,NA,NA,4,0,0,NA,NA,0,5,5,NA,NA,5,1,1,NA,NA,1,1,1,NA,NA,1,3,3,NA,NA,3,1,1,NA,NA,1,0,0,NA,NA,0,0,0,NA,NA,0,0,0,NA,NA,0,0,0,NA,NA,0,18,18,NA,NA,18
Lakshadweep,'14.12.3',Outborn – Male,TOTAL,0,0,NA,NA,0,0,0,NA,NA,0,0,0,NA,NA,0,0,0,NA,NA,0,0,0,NA,NA,0,1,1,NA,NA,1,0,0,NA,NA,0,0,0,NA,NA,0,0,0,NA,NA,0,1,1,NA,NA,1,0,0,NA,NA,0,3,3,NA,NA,3,5,5,NA,NA,5
Lakshadweep,'14.12.4',Outborn - Female,TOTAL,0,0,NA,NA,0,0,0,NA,NA,0,0,0,NA,NA,0,1,1,NA,NA,1,0,0,NA,NA,0,0,0,NA,NA,0,1,1,NA,NA,1,0,0,NA,NA,0,0,0,NA,NA,0,0,0,NA,NA,0,0,0,NA,NA,0,7,7,NA,NA,7,9,9,NA,NA,9
Lakshadweep,'14.12.5',Number of newborns admitted in SNCU - referred by ASHA,TOTAL,0,0,NA,NA,0,0,0,NA,NA,0,0,0,NA,NA,0,0,0,NA,NA,0,0,0,NA,NA,0,0,0,NA,NA,0,0,0,NA,NA,0,0,0,NA,NA,0,0,0,NA,NA,0,0,0,NA,NA,0,0,0,NA,NA,0,0,0,NA,NA,0,0,0,NA,NA,0
Lakshadweep,'14.13',Number of deaths occurring at SNCU,TOTAL,0,0,NA,NA,0,0,0,NA,NA,0,0,0,NA,NA,0,0,0,NA,NA,0,0,0,NA,NA,0,0,0,NA,NA,0,0,0,NA,NA,0,0,0,NA,NA,0,0,0,NA,NA,0,1,1,NA,NA,1,0,0,NA,NA,0,0,0,NA,NA,0,1,1,NA,NA,1
Lakshadweep,'14.14.1',Number of children admitted in NRC,TOTAL,0,0,NA,NA,0,0,0,NA,NA,0,0,0,NA,NA,0,0,0,NA,NA,0,0,0,NA,NA,0,0,0,NA,NA,0,0,0,NA,NA,0,0,0,NA,NA,0,0,0,NA,NA,0,0,0,NA,NA,0,0,0,NA,NA,0,0,0,NA,NA,0,0,0,NA,NA,0
Lakshadweep,'14.14.2',Number of children discharged with target weight gain from the NRCs,TOTAL,0,0,NA,NA,0,0,0,NA,NA,0,0,0,NA,NA,0,0,0,NA,NA,0,0,0,NA,NA,0,0,0,NA,NA,0,0,0,NA,NA,0,0,0,NA,NA,0,0,0,NA,NA,0,0,0,NA,NA,0,0,0,NA,NA,0,0,0,NA,NA,0,0,0,NA,NA,0
Lakshadweep,'14.15',Number of Rogi Kalyan Samiti (RKS) meetings held,TOTAL,4,4,NA,NA,4,1,1,NA,NA,1,3,3,NA,NA,3,1,1,NA,NA,1,2,2,NA,NA,2,2,2,NA,NA,2,2,2,NA,NA,2,1,1,NA,NA,1,0,0,NA,NA,0,4,4,NA,NA,4,1,1,NA,NA,1,4,4,NA,NA,4,25,25,NA,NA,25
Lakshadweep,'14.16',Number of Anganwadi centres/ UPHCs reported to have conducted Village Health & Nutrition Day (VHNDs)/ Urban Health & Nutrition Day (UHNDs)/ Outreach / Special Outreach,TOTAL,5,5,NA,NA,5,1,1,NA,NA,1,0,0,NA,NA,0,0,0,NA,NA,0,0,0,NA,NA,0,0,0,NA,NA,0,0,0,NA,NA,0,0,0,NA,NA,0,0,0,NA,NA,0,0,0,NA,NA,0,0,0,NA,NA,0,0,0,NA,NA,0,6,6,NA,NA,6
Lakshadweep,'14.17',Stock out rate of essential Drugs,TOTAL,0,0,NA,NA,0,0,0,NA,NA,0,0,0,NA,NA,0,0,0,NA,NA,0,0,0,NA,NA,0,0,0,NA,NA,0,0,0,NA,NA,0,0,0,NA,NA,0,0,0,NA,NA,0,0,0,NA,NA,0,0,0,NA,NA,0,0,0,NA,NA,0,0,0,NA,NA,0
Lakshadweep,'14.18',Blood Units Issued on replacement (Family Donors to be considered as replacement donations),TOTAL,0,0,NA,NA,0,0,0,NA,NA,0,0,0,NA,NA,0,0,0,NA,NA,0,0,0,NA,NA,0,0,0,NA,NA,0,0,0,NA,NA,0,0,0,NA,NA,0,0,0,NA,NA,0,0,0,NA,NA,0,0,0,NA,NA,0,0,0,NA,NA,0,0,0,NA,NA,0
Lakshadweep,'14.19',Total number of blood units issued in year,TOTAL,0,0,NA,NA,0,0,0,NA,NA,0,0,0,NA,NA,0,0,0,NA,NA,0,0,0,NA,NA,0,0,0,NA,NA,0,0,0,NA,NA,0,0,0,NA,NA,0,0,0,NA,NA,0,0,0,NA,NA,0,0,0,NA,NA,0,0,0,NA,NA,0,0,0,NA,NA,0
Lakshadweep,'14.20',Patient Satisfaction Score of the facility in percentage (from Mera Aspatal),TOTAL,0,0,NA,NA,0,0,0,NA,NA,0,0,0,NA,NA,0,0,0,NA,NA,0,0,0,NA,NA,0,0,0,NA,NA,0,0,0,NA,NA,0,0,0,NA,NA,0,0,0,NA,NA,0,0,0,NA,NA,0,0,0,NA,NA,0,0,0,NA,NA,0,0,0,NA,NA,0
Lakshadweep,'15.1',Number of Lab Tests done,TOTAL,26317,26317,NA,NA,26317,24973,24973,NA,NA,24973,25476,25476,NA,NA,25476,27143,27143,NA,NA,27143,32590,32590,NA,NA,32590,34037,34037,NA,NA,34037,32595,32595,NA,NA,32595,15501,15501,NA,NA,15501,15220,15220,NA,NA,15220,17416,17416,NA,NA,17416,17801,17801,NA,NA,17801,13890,13890,NA,NA,13890,282959,282959,NA,NA,282959
Lakshadweep,'15.2.1',Number of Hb tests conducted,TOTAL,2157,2157,NA,NA,2157,2130,2130,NA,NA,2130,2013,2013,NA,NA,2013,2758,2758,NA,NA,2758,2849,2849,NA,NA,2849,2784,2784,NA,NA,2784,2867,2867,NA,NA,2867,2820,2820,NA,NA,2820,2519,2519,NA,NA,2519,2788,2788,NA,NA,2788,5188,5188,NA,NA,5188,3000,3000,NA,NA,3000,33873,33873,NA,NA,33873
Lakshadweep,'15.2.2',"Out of the total number of Hb tests done, Number having Hb < 7 mg",TOTAL,7,7,NA,NA,7,8,8,NA,NA,8,12,12,NA,NA,12,9,9,NA,NA,9,12,12,NA,NA,12,16,16,NA,NA,16,14,14,NA,NA,14,15,15,NA,NA,15,11,11,NA,NA,11,15,15,NA,NA,15,10,10,NA,NA,10,18,18,NA,NA,18,147,147,NA,NA,147
Lakshadweep,'15.3.1.a',Male HIV - Number Tested,TOTAL,142,142,NA,NA,142,119,119,NA,NA,119,159,159,NA,NA,159,167,167,NA,NA,167,155,155,NA,NA,155,170,170,NA,NA,170,85,85,NA,NA,85,163,163,NA,NA,163,188,188,NA,NA,188,194,194,NA,NA,194,151,151,NA,NA,151,128,128,NA,NA,128,1821,1821,NA,NA,1821
Lakshadweep,'15.3.1.b',Male HIV - Number Positive,TOTAL,0,0,NA,NA,0,0,0,NA,NA,0,0,0,NA,NA,0,0,0,NA,NA,0,0,0,NA,NA,0,0,0,NA,NA,0,0,0,NA,NA,0,0,0,NA,NA,0,0,0,NA,NA,0,0,0,NA,NA,0,0,0,NA,NA,0,0,0,NA,NA,0,0,0,NA,NA,0
Lakshadweep,'15.3.2.a',Female Non ANC HIV - Number Tested,TOTAL,96,96,NA,NA,96,31,31,NA,NA,31,54,54,NA,NA,54,111,111,NA,NA,111,94,94,NA,NA,94,101,101,NA,NA,101,132,132,NA,NA,132,163,163,NA,NA,163,134,134,NA,NA,134,198,198,NA,NA,198,153,153,NA,NA,153,157,157,NA,NA,157,1424,1424,NA,NA,1424
Lakshadweep,'15.3.2.b',Female Non ANC HIV - Number Positive,TOTAL,0,0,NA,NA,0,0,0,NA,NA,0,0,0,NA,NA,0,0,0,NA,NA,0,0,0,NA,NA,0,0,0,NA,NA,0,0,0,NA,NA,0,0,0,NA,NA,0,0,0,NA,NA,0,0,0,NA,NA,0,0,0,NA,NA,0,0,0,NA,NA,0,0,0,NA,NA,0
Lakshadweep,'15.3.3.a',Number of pregnant women screened for HIV,TOTAL,88,88,NA,NA,88,127,127,NA,NA,127,148,148,NA,NA,148,133,133,NA,NA,133,144,144,NA,NA,144,105,105,NA,NA,105,131,131,NA,NA,131,125,125,NA,NA,125,167,167,NA,NA,167,159,159,NA,NA,159,135,135,NA,NA,135,145,145,NA,NA,145,1607,1607,NA,NA,1607
Lakshadweep,'15.3.3.b',"Out of the above, number screened positive",TOTAL,0,0,NA,NA,0,0,0,NA,NA,0,0,0,NA,NA,0,0,0,NA,NA,0,0,0,NA,NA,0,0,0,NA,NA,0,0,0,NA,NA,0,0,0,NA,NA,0,0,0,NA,NA,0,0,0,NA,NA,0,0,0,NA,NA,0,0,0,NA,NA,0,0,0,NA,NA,0
Lakshadweep,'15.3.3.c',"Out of the above number screened positive, number confirmed with HIV infection at Integrated Counselling and Testing Centre (ICTC)",TOTAL,0,0,NA,NA,0,0,0,NA,NA,0,0,0,NA,NA,0,0,0,NA,NA,0,0,0,NA,NA,0,0,0,NA,NA,0,0,0,NA,NA,0,0,0,NA,NA,0,0,0,NA,NA,0,0,0,NA,NA,0,0,0,NA,NA,0,0,0,NA,NA,0,0,0,NA,NA,0
Lakshadweep,'15.3.4.a',Number of Male STI/RTI attendees tested for syphilis,TOTAL,56,56,NA,NA,56,46,46,NA,NA,46,40,40,NA,NA,40,74,74,NA,NA,74,64,64,NA,NA,64,74,74,NA,NA,74,61,61,NA,NA,61,47,47,NA,NA,47,19,19,NA,NA,19,62,62,NA,NA,62,49,49,NA,NA,49,17,17,NA,NA,17,609,609,NA,NA,609
Lakshadweep,'15.3.4.b',Number of Male STI/RTI attendees found sero Positive for syphilis,TOTAL,1,1,NA,NA,1,1,1,NA,NA,1,0,0,NA,NA,0,0,0,NA,NA,0,1,1,NA,NA,1,0,0,NA,NA,0,0,0,NA,NA,0,0,0,NA,NA,0,0,0,NA,NA,0,0,0,NA,NA,0,0,0,NA,NA,0,0,0,NA,NA,0,3,3,NA,NA,3
Lakshadweep,'15.3.4.c',Number of Female (Non ANC)STI/RTI attendees tested for syphilis,TOTAL,18,18,NA,NA,18,6,6,NA,NA,6,8,8,NA,NA,8,27,27,NA,NA,27,13,13,NA,NA,13,19,19,NA,NA,19,46,46,NA,NA,46,25,25,NA,NA,25,10,10,NA,NA,10,5,5,NA,NA,5,50,50,NA,NA,50,28,28,NA,NA,28,255,255,NA,NA,255
Lakshadweep,'15.3.4.d',Number of Female (Non ANC) STI/RTI attendees found sero Positive for syphilis,TOTAL,0,0,NA,NA,0,0,0,NA,NA,0,0,0,NA,NA,0,0,0,NA,NA,0,0,0,NA,NA,0,0,0,NA,NA,0,0,0,NA,NA,0,0,0,NA,NA,0,0,0,NA,NA,0,0,0,NA,NA,0,0,0,NA,NA,0,0,0,NA,NA,0,0,0,NA,NA,0
Lakshadweep,'15.4.1',Widal tests - Number Tested,TOTAL,147,147,NA,NA,147,131,131,NA,NA,131,136,136,NA,NA,136,148,148,NA,NA,148,141,141,NA,NA,141,131,131,NA,NA,131,271,271,NA,NA,271,169,169,NA,NA,169,141,141,NA,NA,141,206,206,NA,NA,206,128,128,NA,NA,128,102,102,NA,NA,102,1851,1851,NA,NA,1851
Lakshadweep,'15.4.2',Widal tests - Number Positive,TOTAL,50,50,NA,NA,50,15,15,NA,NA,15,9,9,NA,NA,9,24,24,NA,NA,24,13,13,NA,NA,13,12,12,NA,NA,12,17,17,NA,NA,17,26,26,NA,NA,26,20,20,NA,NA,20,39,39,NA,NA,39,5,5,NA,NA,5,11,11,NA,NA,11,241,241,NA,NA,241
Lakshadweep,'16.1',Infant deaths within 24 hrs(1 to 23 Hrs) of birth,TOTAL,1,1,NA,NA,1,0,0,NA,NA,0,0,0,NA,NA,0,1,1,NA,NA,1,0,0,NA,NA,0,0,0,NA,NA,0,0,0,NA,NA,0,0,0,NA,NA,0,0,0,NA,NA,0,0,0,NA,NA,0,0,0,NA,NA,0,0,0,NA,NA,0,2,2,NA,NA,2
Lakshadweep,'16.2.1',Infant Deaths up to 4 weeks due to Sepsis,TOTAL,0,0,NA,NA,0,0,0,NA,NA,0,0,0,NA,NA,0,0,0,NA,NA,0,0,0,NA,NA,0,0,0,NA,NA,0,0,0,NA,NA,0,0,0,NA,NA,0,0,0,NA,NA,0,0,0,NA,NA,0,0,0,NA,NA,0,0,0,NA,NA,0,0,0,NA,NA,0
Lakshadweep,'16.2.2',Infant Deaths up to 4 weeks due to Asphyxia,TOTAL,0,0,NA,NA,0,0,0,NA,NA,0,0,0,NA,NA,0,0,0,NA,NA,0,0,0,NA,NA,0,0,0,NA,NA,0,0,0,NA,NA,0,0,0,NA,NA,0,0,0,NA,NA,0,1,1,NA,NA,1,0,0,NA,NA,0,0,0,NA,NA,0,1,1,NA,NA,1
Lakshadweep,'16.2.3',Infant Deaths up to 4 weeks due to Other causes,TOTAL,0,0,NA,NA,0,0,0,NA,NA,0,0,0,NA,NA,0,1,1,NA,NA,1,0,0,NA,NA,0,0,0,NA,NA,0,0,0,NA,NA,0,0,0,NA,NA,0,0,0,NA,NA,0,0,0,NA,NA,0,0,0,NA,NA,0,0,0,NA,NA,0,1,1,NA,NA,1
Lakshadweep,'16.3.1',Number of Infant Deaths (1 -12 months) due to Pneumonia,TOTAL,0,0,NA,NA,0,0,0,NA,NA,0,0,0,NA,NA,0,0,0,NA,NA,0,0,0,NA,NA,0,0,0,NA,NA,0,0,0,NA,NA,0,0,0,NA,NA,0,0,0,NA,NA,0,0,0,NA,NA,0,0,0,NA,NA,0,0,0,NA,NA,0,0,0,NA,NA,0
Lakshadweep,'16.3.2',Number of Infant Deaths (1 -12 months) due to Diarrhoea,TOTAL,0,0,NA,NA,0,0,0,NA,NA,0,0,0,NA,NA,0,0,0,NA,NA,0,0,0,NA,NA,0,0,0,NA,NA,0,0,0,NA,NA,0,0,0,NA,NA,0,0,0,NA,NA,0,0,0,NA,NA,0,0,0,NA,NA,0,0,0,NA,NA,0,0,0,NA,NA,0
Lakshadweep,'16.3.3',Number of Infant Deaths (1 -12 months) due to Fever related,TOTAL,0,0,NA,NA,0,0,0,NA,NA,0,0,0,NA,NA,0,0,0,NA,NA,0,0,0,NA,NA,0,0,0,NA,NA,0,0,0,NA,NA,0,0,0,NA,NA,0,0,0,NA,NA,0,0,0,NA,NA,0,0,0,NA,NA,0,0,0,NA,NA,0,0,0,NA,NA,0
Lakshadweep,'16.3.4',Number of Infant Deaths (1 -12 months) due to Measles,TOTAL,0,0,NA,NA,0,0,0,NA,NA,0,0,0,NA,NA,0,0,0,NA,NA,0,0,0,NA,NA,0,0,0,NA,NA,0,0,0,NA,NA,0,0,0,NA,NA,0,0,0,NA,NA,0,0,0,NA,NA,0,0,0,NA,NA,0,0,0,NA,NA,0,0,0,NA,NA,0
Lakshadweep,'16.3.5',Number of Infant Deaths (1 -12 months) due to Others,TOTAL,0,0,NA,NA,0,0,0,NA,NA,0,0,0,NA,NA,0,1,1,NA,NA,1,0,0,NA,NA,0,0,0,NA,NA,0,0,0,NA,NA,0,0,0,NA,NA,0,0,0,NA,NA,0,0,0,NA,NA,0,0,0,NA,NA,0,0,0,NA,NA,0,1,1,NA,NA,1
Lakshadweep,'16.4.1',Number of Child Deaths (1 -5 years) due to Pneumonia,TOTAL,0,0,NA,NA,0,0,0,NA,NA,0,0,0,NA,NA,0,0,0,NA,NA,0,0,0,NA,NA,0,0,0,NA,NA,0,0,0,NA,NA,0,0,0,NA,NA,0,0,0,NA,NA,0,0,0,NA,NA,0,0,0,NA,NA,0,0,0,NA,NA,0,0,0,NA,NA,0
Lakshadweep,'16.4.2',Number of Child Deaths (1 -5 years) due to Diarrhoea,TOTAL,0,0,NA,NA,0,0,0,NA,NA,0,0,0,NA,NA,0,0,0,NA,NA,0,0,0,NA,NA,0,0,0,NA,NA,0,0,0,NA,NA,0,0,0,NA,NA,0,0,0,NA,NA,0,0,0,NA,NA,0,0,0,NA,NA,0,0,0,NA,NA,0,0,0,NA,NA,0
Lakshadweep,'16.4.3',Number of Child Deaths (1 -5 years) due to Fever related,TOTAL,0,0,NA,NA,0,0,0,NA,NA,0,0,0,NA,NA,0,0,0,NA,NA,0,0,0,NA,NA,0,0,0,NA,NA,0,0,0,NA,NA,0,0,0,NA,NA,0,0,0,NA,NA,0,0,0,NA,NA,0,0,0,NA,NA,0,0,0,NA,NA,0,0,0,NA,NA,0
Lakshadweep,'16.4.4',Number of Child Deaths (1 -5 years) due to Measles,TOTAL,0,0,NA,NA,0,0,0,NA,NA,0,0,0,NA,NA,0,0,0,NA,NA,0,0,0,NA,NA,0,0,0,NA,NA,0,0,0,NA,NA,0,0,0,NA,NA,0,0,0,NA,NA,0,0,0,NA,NA,0,0,0,NA,NA,0,0,0,NA,NA,0,0,0,NA,NA,0
Lakshadweep,'16.4.5',Number of Child Deaths (1 -5 years) due to Others,TOTAL,0,0,NA,NA,0,0,0,NA,NA,0,0,0,NA,NA,0,0,0,NA,NA,0,0,0,NA,NA,0,0,0,NA,NA,0,0,0,NA,NA,0,0,0,NA,NA,0,0,0,NA,NA,0,0,0,NA,NA,0,0,0,NA,NA,0,0,0,NA,NA,0,0,0,NA,NA,0
Lakshadweep,'16.5.1',Number of Maternal Deaths due to Bleeding,TOTAL,0,0,NA,NA,0,0,0,NA,NA,0,0,0,NA,NA,0,0,0,NA,NA,0,0,0,NA,NA,0,0,0,NA,NA,0,0,0,NA,NA,0,0,0,NA,NA,0,0,0,NA,NA,0,0,0,NA,NA,0,0,0,NA,NA,0,0,0,NA,NA,0,0,0,NA,NA,0
Lakshadweep,'16.5.2',Number of Maternal Deaths due to High fever,TOTAL,0,0,NA,NA,0,0,0,NA,NA,0,0,0,NA,NA,0,0,0,NA,NA,0,0,0,NA,NA,0,0,0,NA,NA,0,0,0,NA,NA,0,0,0,NA,NA,0,0,0,NA,NA,0,0,0,NA,NA,0,0,0,NA,NA,0,0,0,NA,NA,0,0,0,NA,NA,0
Lakshadweep,'16.5.3',Number of Maternal Deaths due to Abortion,TOTAL,0,0,NA,NA,0,0,0,NA,NA,0,0,0,NA,NA,0,0,0,NA,NA,0,0,0,NA,NA,0,0,0,NA,NA,0,0,0,NA,NA,0,0,0,NA,NA,0,0,0,NA,NA,0,0,0,NA,NA,0,0,0,NA,NA,0,0,0,NA,NA,0,0,0,NA,NA,0
Lakshadweep,'16.5.4',Number of Maternal Deaths due to Obstructed/prolonged labour,TOTAL,0,0,NA,NA,0,0,0,NA,NA,0,0,0,NA,NA,0,0,0,NA,NA,0,0,0,NA,NA,0,0,0,NA,NA,0,0,0,NA,NA,0,0,0,NA,NA,0,0,0,NA,NA,0,0,0,NA,NA,0,0,0,NA,NA,0,0,0,NA,NA,0,0,0,NA,NA,0
Lakshadweep,'16.5.5',Number of Maternal Deaths due to Severe hypertesnion/fits,TOTAL,0,0,NA,NA,0,0,0,NA,NA,0,0,0,NA,NA,0,0,0,NA,NA,0,0,0,NA,NA,0,0,0,NA,NA,0,0,0,NA,NA,0,0,0,NA,NA,0,0,0,NA,NA,0,0,0,NA,NA,0,0,0,NA,NA,0,0,0,NA,NA,0,0,0,NA,NA,0
Lakshadweep,'16.5.6',Number of Maternal Deaths due to Other Causes (including causes not known),TOTAL,0,0,NA,NA,0,0,0,NA,NA,0,0,0,NA,NA,0,0,0,NA,NA,0,1,1,NA,NA,1,0,0,NA,NA,0,0,0,NA,NA,0,0,0,NA,NA,0,0,0,NA,NA,0,0,0,NA,NA,0,0,0,NA,NA,0,0,0,NA,NA,0,1,1,NA,NA,1
Lakshadweep,'16.6',Total Facility Based Maternal Death Reviews (FBMDR) done,TOTAL,0,0,NA,NA,0,0,0,NA,NA,0,0,0,NA,NA,0,0,0,NA,NA,0,0,0,NA,NA,0,0,0,NA,NA,0,0,0,NA,NA,0,0,0,NA,NA,0,0,0,NA,NA,0,0,0,NA,NA,0,0,0,NA,NA,0,0,0,NA,NA,0,0,0,NA,NA,0
Lakshadweep,'16.7.1',Number of Adolscent / Adult deaths due to Diarrhoeal diseases,TOTAL,0,0,NA,NA,0,0,0,NA,NA,0,0,0,NA,NA,0,0,0,NA,NA,0,0,0,NA,NA,0,0,0,NA,NA,0,0,0,NA,NA,0,0,0,NA,NA,0,0,0,NA,NA,0,0,0,NA,NA,0,0,0,NA,NA,0,0,0,NA,NA,0,0,0,NA,NA,0
Lakshadweep,'16.7.2',Number of Adolscent / Adult deaths due to Tuberculosis,TOTAL,0,0,NA,NA,0,0,0,NA,NA,0,0,0,NA,NA,0,0,0,NA,NA,0,0,0,NA,NA,0,0,0,NA,NA,0,0,0,NA,NA,0,0,0,NA,NA,0,0,0,NA,NA,0,0,0,NA,NA,0,0,0,NA,NA,0,0,0,NA,NA,0,0,0,NA,NA,0
Lakshadweep,'16.7.3',Number of Adolscent / Adult deaths due to Respiratory diseases including infections (other than TB),TOTAL,1,1,NA,NA,1,1,1,NA,NA,1,1,1,NA,NA,1,1,1,NA,NA,1,1,1,NA,NA,1,0,0,NA,NA,0,1,1,NA,NA,1,1,1,NA,NA,1,1,1,NA,NA,1,3,3,NA,NA,3,1,1,NA,NA,1,1,1,NA,NA,1,13,13,NA,NA,13
Lakshadweep,'16.7.4',Number of Adolscent / Adult deaths due to Other Fever Related,TOTAL,0,0,NA,NA,0,0,0,NA,NA,0,0,0,NA,NA,0,0,0,NA,NA,0,0,0,NA,NA,0,0,0,NA,NA,0,0,0,NA,NA,0,0,0,NA,NA,0,0,0,NA,NA,0,0,0,NA,NA,0,0,0,NA,NA,0,0,0,NA,NA,0,0,0,NA,NA,0
Lakshadweep,'16.7.5',Number of Adolscent / Adult deaths due to HIV/AIDS,TOTAL,0,0,NA,NA,0,0,0,NA,NA,0,0,0,NA,NA,0,0,0,NA,NA,0,0,0,NA,NA,0,0,0,NA,NA,0,0,0,NA,NA,0,0,0,NA,NA,0,0,0,NA,NA,0,0,0,NA,NA,0,0,0,NA,NA,0,0,0,NA,NA,0,0,0,NA,NA,0
Lakshadweep,'16.7.6',Number of Adolscent / Adult deaths due to Heart disease/Hypertension related,TOTAL,10,10,NA,NA,10,4,4,NA,NA,4,6,6,NA,NA,6,8,8,NA,NA,8,7,7,NA,NA,7,7,7,NA,NA,7,9,9,NA,NA,9,10,10,NA,NA,10,13,13,NA,NA,13,10,10,NA,NA,10,4,4,NA,NA,4,5,5,NA,NA,5,93,93,NA,NA,93
Lakshadweep,'16.7.7',Number of Adolscent / Adult deaths due to Cancer,TOTAL,2,2,NA,NA,2,3,3,NA,NA,3,1,1,NA,NA,1,5,5,NA,NA,5,6,6,NA,NA,6,1,1,NA,NA,1,0,0,NA,NA,0,0,0,NA,NA,0,0,0,NA,NA,0,0,0,NA,NA,0,0,0,NA,NA,0,5,5,NA,NA,5,23,23,NA,NA,23
Lakshadweep,'16.7.8',Number of Adolscent / Adult deaths due to Neurological disease including strokes,TOTAL,1,1,NA,NA,1,1,1,NA,NA,1,3,3,NA,NA,3,3,3,NA,NA,3,1,1,NA,NA,1,1,1,NA,NA,1,2,2,NA,NA,2,2,2,NA,NA,2,4,4,NA,NA,4,2,2,NA,NA,2,0,0,NA,NA,0,3,3,NA,NA,3,23,23,NA,NA,23
Lakshadweep,'16.7.9',Number of Adolscent / Adult deaths due to Accidents/Burn cases,TOTAL,0,0,NA,NA,0,0,0,NA,NA,0,0,0,NA,NA,0,1,1,NA,NA,1,0,0,NA,NA,0,0,0,NA,NA,0,0,0,NA,NA,0,0,0,NA,NA,0,3,3,NA,NA,3,0,0,NA,NA,0,0,0,NA,NA,0,0,0,NA,NA,0,4,4,NA,NA,4
Lakshadweep,'16.7.10',Number of Adolscent / Adult deaths due to Suicide,TOTAL,0,0,NA,NA,0,0,0,NA,NA,0,0,0,NA,NA,0,0,0,NA,NA,0,0,0,NA,NA,0,0,0,NA,NA,0,0,0,NA,NA,0,0,0,NA,NA,0,0,0,NA,NA,0,0,0,NA,NA,0,0,0,NA,NA,0,0,0,NA,NA,0,0,0,NA,NA,0
Lakshadweep,'16.7.11',Number of Adolscent / Adult deaths due to Animal bites and stings,TOTAL,0,0,NA,NA,0,0,0,NA,NA,0,0,0,NA,NA,0,0,0,NA,NA,0,0,0,NA,NA,0,0,0,NA,NA,0,0,0,NA,NA,0,0,0,NA,NA,0,0,0,NA,NA,0,0,0,NA,NA,0,0,0,NA,NA,0,0,0,NA,NA,0,0,0,NA,NA,0
Lakshadweep,'16.7.12',Number of Adolscent / Adult deaths due to Known Acute Disease,TOTAL,2,2,NA,NA,2,0,0,NA,NA,0,0,0,NA,NA,0,0,0,NA,NA,0,0,0,NA,NA,0,1,1,NA,NA,1,0,0,NA,NA,0,1,1,NA,NA,1,0,0,NA,NA,0,0,0,NA,NA,0,0,0,NA,NA,0,4,4,NA,NA,4,8,8,NA,NA,8
Lakshadweep,'16.7.13',Number of Adolscent / Adult deaths due to Known Chronic Disease,TOTAL,0,0,NA,NA,0,2,2,NA,NA,2,2,2,NA,NA,2,5,5,NA,NA,5,3,3,NA,NA,3,5,5,NA,NA,5,1,1,NA,NA,1,4,4,NA,NA,4,4,4,NA,NA,4,2,2,NA,NA,2,5,5,NA,NA,5,3,3,NA,NA,3,36,36,NA,NA,36
Lakshadweep,'16.7.14',Number of Adolscent / Adult deaths due to Causes not known,TOTAL,6,6,NA,NA,6,8,8,NA,NA,8,10,10,NA,NA,10,8,8,NA,NA,8,5,5,NA,NA,5,8,8,NA,NA,8,11,11,NA,NA,11,5,5,NA,NA,5,11,11,NA,NA,11,10,10,NA,NA,10,7,7,NA,NA,7,8,8,NA,NA,8,97,97,NA,NA,97
Lakshadweep,'16.8.1',Number of Deaths due to Malaria- Plasmodium Vivax,TOTAL,0,0,NA,NA,0,0,0,NA,NA,0,0,0,NA,NA,0,0,0,NA,NA,0,0,0,NA,NA,0,0,0,NA,NA,0,0,0,NA,NA,0,0,0,NA,NA,0,0,0,NA,NA,0,0,0,NA,NA,0,0,0,NA,NA,0,0,0,NA,NA,0,0,0,NA,NA,0
Lakshadweep,'16.8.2',Number of Deaths due to Malaria- Plasmodium Falciparum,TOTAL,0,0,NA,NA,0,0,0,NA,NA,0,0,0,NA,NA,0,0,0,NA,NA,0,0,0,NA,NA,0,0,0,NA,NA,0,0,0,NA,NA,0,0,0,NA,NA,0,0,0,NA,NA,0,0,0,NA,NA,0,0,0,NA,NA,0,0,0,NA,NA,0,0,0,NA,NA,0
Lakshadweep,'16.8.3',Number of Deaths due to Kala Azar,TOTAL,0,0,NA,NA,0,0,0,NA,NA,0,0,0,NA,NA,0,0,0,NA,NA,0,0,0,NA,NA,0,0,0,NA,NA,0,0,0,NA,NA,0,0,0,NA,NA,0,0,0,NA,NA,0,0,0,NA,NA,0,0,0,NA,NA,0,0,0,NA,NA,0,0,0,NA,NA,0
Lakshadweep,'16.8.4',Number of Deaths due to Dengue,TOTAL,0,0,NA,NA,0,0,0,NA,NA,0,0,0,NA,NA,0,0,0,NA,NA,0,0,0,NA,NA,0,0,0,NA,NA,0,0,0,NA,NA,0,0,0,NA,NA,0,0,0,NA,NA,0,0,0,NA,NA,0,0,0,NA,NA,0,0,0,NA,NA,0,0,0,NA,NA,0
Lakshadweep,'16.8.5',Number of Deaths due to Acute Encephelitis Syndrome (AES),TOTAL,0,0,NA,NA,0,0,0,NA,NA,0,0,0,NA,NA,0,0,0,NA,NA,0,0,0,NA,NA,0,0,0,NA,NA,0,0,0,NA,NA,0,0,0,NA,NA,0,0,0,NA,NA,0,0,0,NA,NA,0,0,0,NA,NA,0,0,0,NA,NA,0,0,0,NA,NA,0
Lakshadweep,'16.8.6',Number of Deaths due to Japanese Encephalitis (JE),TOTAL,0,0,NA,NA,0,0,0,NA,NA,0,0,0,NA,NA,0,0,0,NA,NA,0,0,0,NA,NA,0,0,0,NA,NA,0,0,0,NA,NA,0,0,0,NA,NA,0,0,0,NA,NA,0,0,0,NA,NA,0,0,0,NA,NA,0,0,0,NA,NA,0,0,0,NA,NA,0
Lakshadweep,'15.5.1',Radiology - X-ray,TOTAL,1342,1342,NA,NA,1342,1298,1298,NA,NA,1298,1196,1196,NA,NA,1196,1650,1650,NA,NA,1650,1318,1318,NA,NA,1318,1608,1608,NA,NA,1608,1472,1472,NA,NA,1472,1247,1247,NA,NA,1247,1402,1402,NA,NA,1402,1546,1546,NA,NA,1546,1683,1683,NA,NA,1683,2412,2412,NA,NA,2412,18174,18174,NA,NA,18174
Lakshadweep,'15.5.2',Radiology - Ultrasonography (USG),TOTAL,482,482,NA,NA,482,276,276,NA,NA,276,439,439,NA,NA,439,396,396,NA,NA,396,385,385,NA,NA,385,416,416,NA,NA,416,464,464,NA,NA,464,467,467,NA,NA,467,150,150,NA,NA,150,455,455,NA,NA,455,720,720,NA,NA,720,533,533,NA,NA,533,5183,5183,NA,NA,5183
Lakshadweep,'17.1',Vaccine - DPT,1. Balance From Previous Month,530,NA,NA,NA,NA,430,NA,NA,NA,NA,220,NA,NA,NA,NA,170,NA,NA,NA,NA,560,NA,NA,NA,NA,280,NA,NA,NA,NA,230,NA,NA,NA,NA,510,NA,NA,NA,NA,850,NA,NA,NA,NA,620,NA,NA,NA,NA,390,NA,NA,NA,NA,160,NA,NA,NA,NA,4950,NA,NA,NA,NA
Lakshadweep,17.1',Vaccine - DPT,2. Stocks Received,0,NA,NA,NA,NA,0,NA,NA,NA,NA,0,NA,NA,NA,NA,600,NA,NA,NA,NA,0,NA,NA,NA,NA,0,NA,NA,NA,NA,500,NA,NA,NA,NA,500,NA,NA,NA,NA,0,NA,NA,NA,NA,0,NA,NA,NA,NA,0,NA,NA,NA,NA,1500,NA,NA,NA,NA,3100,NA,NA,NA,NA
Lakshadweep,17.1',Vaccine - DPT,3. Unusable Stock,0,NA,NA,NA,NA,0,NA,NA,NA,NA,0,NA,NA,NA,NA,0,NA,NA,NA,NA,0,NA,NA,NA,NA,0,NA,NA,NA,NA,0,NA,NA,NA,NA,0,NA,NA,NA,NA,0,NA,NA,NA,NA,0,NA,NA,NA,NA,0,NA,NA,NA,NA,0,NA,NA,NA,NA,0,NA,NA,NA,NA
Lakshadweep,17.1',Vaccine - DPT,4. Stock Distributed,100,NA,NA,NA,NA,210,NA,NA,NA,NA,50,NA,NA,NA,NA,270,NA,NA,NA,NA,280,NA,NA,NA,NA,50,NA,NA,NA,NA,220,NA,NA,NA,NA,160,NA,NA,NA,NA,230,NA,NA,NA,NA,230,NA,NA,NA,NA,230,NA,NA,NA,NA,50,NA,NA,NA,NA,2080,NA,NA,NA,NA
Lakshadweep,17.1',Vaccine - DPT,5. Total Stock,430,NA,NA,NA,NA,220,NA,NA,NA,NA,170,NA,NA,NA,NA,500,NA,NA,NA,NA,280,NA,NA,NA,NA,230,NA,NA,NA,NA,510,NA,NA,NA,NA,850,NA,NA,NA,NA,620,NA,NA,NA,NA,390,NA,NA,NA,NA,160,NA,NA,NA,NA,1610,NA,NA,NA,NA,5970,NA,NA,NA,NA
Lakshadweep,'17.2',Vaccine - Pentavalent,1. Balance From Previous Month,1100,NA,NA,NA,NA,670,NA,NA,NA,NA,550,NA,NA,NA,NA,500,NA,NA,NA,NA,440,NA,NA,NA,NA,120,NA,NA,NA,NA,60,NA,NA,NA,NA,1200,NA,NA,NA,NA,1630,NA,NA,NA,NA,1530,NA,NA,NA,NA,1130,NA,NA,NA,NA,830,NA,NA,NA,NA,9760,NA,NA,NA,NA
Lakshadweep,17.2',Vaccine - Pentavalent,2. Stocks Received,0,NA,NA,NA,NA,0,NA,NA,NA,NA,0,NA,NA,NA,NA,500,NA,NA,NA,NA,0,NA,NA,NA,NA,0,NA,NA,NA,NA,2000,NA,NA,NA,NA,590,NA,NA,NA,NA,0,NA,NA,NA,NA,0,NA,NA,NA,NA,0,NA,NA,NA,NA,0,NA,NA,NA,NA,3090,NA,NA,NA,NA
Lakshadweep,17.2',Vaccine - Pentavalent,3. Unusable Stock,0,NA,NA,NA,NA,0,NA,NA,NA,NA,0,NA,NA,NA,NA,0,NA,NA,NA,NA,0,NA,NA,NA,NA,0,NA,NA,NA,NA,0,NA,NA,NA,NA,0,NA,NA,NA,NA,0,NA,NA,NA,NA,0,NA,NA,NA,NA,0,NA,NA,NA,NA,0,NA,NA,NA,NA,0,NA,NA,NA,NA
Lakshadweep,17.2',Vaccine - Pentavalent,4. Stock Distributed,430,NA,NA,NA,NA,120,NA,NA,NA,NA,50,NA,NA,NA,NA,560,NA,NA,NA,NA,320,NA,NA,NA,NA,60,NA,NA,NA,NA,860,NA,NA,NA,NA,160,NA,NA,NA,NA,100,NA,NA,NA,NA,400,NA,NA,NA,NA,300,NA,NA,NA,NA,100,NA,NA,NA,NA,3460,NA,NA,NA,NA
Lakshadweep,17.2',Vaccine - Pentavalent,5. Total Stock,670,NA,NA,NA,NA,550,NA,NA,NA,NA,500,NA,NA,NA,NA,440,NA,NA,NA,NA,120,NA,NA,NA,NA,60,NA,NA,NA,NA,1200,NA,NA,NA,NA,1630,NA,NA,NA,NA,1530,NA,NA,NA,NA,1130,NA,NA,NA,NA,830,NA,NA,NA,NA,730,NA,NA,NA,NA,9390,NA,NA,NA,NA
Lakshadweep,'17.3',Vaccine - OPV,1. Balance From Previous Month,1000,NA,NA,NA,NA,840,NA,NA,NA,NA,600,NA,NA,NA,NA,600,NA,NA,NA,NA,720,NA,NA,NA,NA,80,NA,NA,NA,NA,40,NA,NA,NA,NA,1000,NA,NA,NA,NA,1700,NA,NA,NA,NA,8280,NA,NA,NA,NA,820,NA,NA,NA,NA,820,NA,NA,NA,NA,16500,NA,NA,NA,NA
Lakshadweep,17.3',Vaccine - OPV,2. Stocks Received,0,NA,NA,NA,NA,0,NA,NA,NA,NA,0,NA,NA,NA,NA,1000,NA,NA,NA,NA,0,NA,NA,NA,NA,0,NA,NA,NA,NA,2000,NA,NA,NA,NA,900,NA,NA,NA,NA,7020,NA,NA,NA,NA,0,NA,NA,NA,NA,0,NA,NA,NA,NA,2000,NA,NA,NA,NA,12920,NA,NA,NA,NA
Lakshadweep,17.3',Vaccine - OPV,3. Unusable Stock,0,NA,NA,NA,NA,0,NA,NA,NA,NA,0,NA,NA,NA,NA,0,NA,NA,NA,NA,0,NA,NA,NA,NA,0,NA,NA,NA,NA,0,NA,NA,NA,NA,0,NA,NA,NA,NA,0,NA,NA,NA,NA,0,NA,NA,NA,NA,0,NA,NA,NA,NA,0,NA,NA,NA,NA,0,NA,NA,NA,NA
Lakshadweep,17.3',Vaccine - OPV,4. Stock Distributed,160,NA,NA,NA,NA,240,NA,NA,NA,NA,0,NA,NA,NA,NA,880,NA,NA,NA,NA,640,NA,NA,NA,NA,40,NA,NA,NA,NA,1040,NA,NA,NA,NA,200,NA,NA,NA,NA,400,NA,NA,NA,NA,7460,NA,NA,NA,NA,0,NA,NA,NA,NA,100,NA,NA,NA,NA,11160,NA,NA,NA,NA
Lakshadweep,17.3',Vaccine - OPV,5. Total Stock,840,NA,NA,NA,NA,600,NA,NA,NA,NA,600,NA,NA,NA,NA,720,NA,NA,NA,NA,80,NA,NA,NA,NA,40,NA,NA,NA,NA,1000,NA,NA,NA,NA,1700,NA,NA,NA,NA,8320,NA,NA,NA,NA,820,NA,NA,NA,NA,820,NA,NA,NA,NA,2720,NA,NA,NA,NA,18260,NA,NA,NA,NA
Lakshadweep,'17.4',Vaccine - TT,1. Balance From Previous Month,170,NA,NA,NA,NA,1910,NA,NA,NA,NA,1720,NA,NA,NA,NA,2420,NA,NA,NA,NA,2080,NA,NA,NA,NA,1680,NA,NA,NA,NA,1680,NA,NA,NA,NA,1380,NA,NA,NA,NA,2160,NA,NA,NA,NA,1660,NA,NA,NA,NA,1210,NA,NA,NA,NA,910,NA,NA,NA,NA,18980,NA,NA,NA,NA
Lakshadweep,17.4',Vaccine - TT,2. Stocks Received,2000,NA,NA,NA,NA,0,NA,NA,NA,NA,1000,NA,NA,NA,NA,240,NA,NA,NA,NA,0,NA,NA,NA,NA,0,NA,NA,NA,NA,0,NA,NA,NA,NA,800,NA,NA,NA,NA,0,NA,NA,NA,NA,0,NA,NA,NA,NA,0,NA,NA,NA,NA,0,NA,NA,NA,NA,4040,NA,NA,NA,NA
Lakshadweep,17.4',Vaccine - TT,3. Unusable Stock,0,NA,NA,NA,NA,0,NA,NA,NA,NA,0,NA,NA,NA,NA,0,NA,NA,NA,NA,0,NA,NA,NA,NA,0,NA,NA,NA,NA,0,NA,NA,NA,NA,0,NA,NA,NA,NA,0,NA,NA,NA,NA,0,NA,NA,NA,NA,0,NA,NA,NA,NA,0,NA,NA,NA,NA,0,NA,NA,NA,NA
Lakshadweep,17.4',Vaccine - TT,4. Stock Distributed,260,NA,NA,NA,NA,190,NA,NA,NA,NA,300,NA,NA,NA,NA,580,NA,NA,NA,NA,400,NA,NA,NA,NA,0,NA,NA,NA,NA,300,NA,NA,NA,NA,20,NA,NA,NA,NA,500,NA,NA,NA,NA,450,NA,NA,NA,NA,300,NA,NA,NA,NA,0,NA,NA,NA,NA,3300,NA,NA,NA,NA
Lakshadweep,17.4',Vaccine - TT,5. Total Stock,1910,NA,NA,NA,NA,1720,NA,NA,NA,NA,2420,NA,NA,NA,NA,2080,NA,NA,NA,NA,1680,NA,NA,NA,NA,1680,NA,NA,NA,NA,1380,NA,NA,NA,NA,2160,NA,NA,NA,NA,1660,NA,NA,NA,NA,1210,NA,NA,NA,NA,910,NA,NA,NA,NA,910,NA,NA,NA,NA,19720,NA,NA,NA,NA
Lakshadweep,'17.5',Vaccine - DT,1. Balance From Previous Month,0,NA,NA,NA,NA,0,NA,NA,NA,NA,0,NA,NA,NA,NA,0,NA,NA,NA,NA,0,NA,NA,NA,NA,0,NA,NA,NA,NA,0,NA,NA,NA,NA,0,NA,NA,NA,NA,0,NA,NA,NA,NA,0,NA,NA,NA,NA,0,NA,NA,NA,NA,0,NA,NA,NA,NA,0,NA,NA,NA,NA
Lakshadweep,17.5',Vaccine - DT,2. Stocks Received,0,NA,NA,NA,NA,0,NA,NA,NA,NA,0,NA,NA,NA,NA,0,NA,NA,NA,NA,0,NA,NA,NA,NA,0,NA,NA,NA,NA,0,NA,NA,NA,NA,0,NA,NA,NA,NA,0,NA,NA,NA,NA,0,NA,NA,NA,NA,0,NA,NA,NA,NA,0,NA,NA,NA,NA,0,NA,NA,NA,NA
Lakshadweep,17.5',Vaccine - DT,3. Unusable Stock,0,NA,NA,NA,NA,0,NA,NA,NA,NA,0,NA,NA,NA,NA,0,NA,NA,NA,NA,0,NA,NA,NA,NA,0,NA,NA,NA,NA,0,NA,NA,NA,NA,0,NA,NA,NA,NA,0,NA,NA,NA,NA,0,NA,NA,NA,NA,0,NA,NA,NA,NA,0,NA,NA,NA,NA,0,NA,NA,NA,NA
Lakshadweep,17.5',Vaccine - DT,4. Stock Distributed,0,NA,NA,NA,NA,0,NA,NA,NA,NA,0,NA,NA,NA,NA,0,NA,NA,NA,NA,0,NA,NA,NA,NA,0,NA,NA,NA,NA,0,NA,NA,NA,NA,0,NA,NA,NA,NA,0,NA,NA,NA,NA,0,NA,NA,NA,NA,0,NA,NA,NA,NA,0,NA,NA,NA,NA,0,NA,NA,NA,NA
Lakshadweep,17.5',Vaccine - DT,5. Total Stock,0,NA,NA,NA,NA,0,NA,NA,NA,NA,0,NA,NA,NA,NA,0,NA,NA,NA,NA,0,NA,NA,NA,NA,0,NA,NA,NA,NA,0,NA,NA,NA,NA,0,NA,NA,NA,NA,0,NA,NA,NA,NA,0,NA,NA,NA,NA,0,NA,NA,NA,NA,0,NA,NA,NA,NA,0,NA,NA,NA,NA
Lakshadweep,'17.6',Vaccine - BCG,1. Balance From Previous Month,90,NA,NA,NA,NA,830,NA,NA,NA,NA,630,NA,NA,NA,NA,460,NA,NA,NA,NA,220,NA,NA,NA,NA,0,NA,NA,NA,NA,0,NA,NA,NA,NA,1220,NA,NA,NA,NA,1500,NA,NA,NA,NA,1380,NA,NA,NA,NA,1110,NA,NA,NA,NA,770,NA,NA,NA,NA,8210,NA,NA,NA,NA
Lakshadweep,17.6',Vaccine - BCG,2. Stocks Received,1000,NA,NA,NA,NA,0,NA,NA,NA,NA,0,NA,NA,NA,NA,0,NA,NA,NA,NA,0,NA,NA,NA,NA,0,NA,NA,NA,NA,1500,NA,NA,NA,NA,500,NA,NA,NA,NA,0,NA,NA,NA,NA,0,NA,NA,NA,NA,0,NA,NA,NA,NA,0,NA,NA,NA,NA,3000,NA,NA,NA,NA
Lakshadweep,17.6',Vaccine - BCG,3. Unusable Stock,0,NA,NA,NA,NA,0,NA,NA,NA,NA,0,NA,NA,NA,NA,0,NA,NA,NA,NA,0,NA,NA,NA,NA,0,NA,NA,NA,NA,0,NA,NA,NA,NA,0,NA,NA,NA,NA,0,NA,NA,NA,NA,0,NA,NA,NA,NA,0,NA,NA,NA,NA,0,NA,NA,NA,NA,0,NA,NA,NA,NA
Lakshadweep,17.6',Vaccine - BCG,4. Stock Distributed,260,NA,NA,NA,NA,200,NA,NA,NA,NA,170,NA,NA,NA,NA,240,NA,NA,NA,NA,220,NA,NA,NA,NA,0,NA,NA,NA,NA,280,NA,NA,NA,NA,220,NA,NA,NA,NA,120,NA,NA,NA,NA,270,NA,NA,NA,NA,340,NA,NA,NA,NA,100,NA,NA,NA,NA,2420,NA,NA,NA,NA
Lakshadweep,17.6',Vaccine - BCG,5. Total Stock,830,NA,NA,NA,NA,630,NA,NA,NA,NA,460,NA,NA,NA,NA,220,NA,NA,NA,NA,0,NA,NA,NA,NA,0,NA,NA,NA,NA,1220,NA,NA,NA,NA,1500,NA,NA,NA,NA,1380,NA,NA,NA,NA,1110,NA,NA,NA,NA,770,NA,NA,NA,NA,670,NA,NA,NA,NA,8790,NA,NA,NA,NA
Lakshadweep,'17.7',Vaccine - Measles,1. Balance From Previous Month,0,NA,NA,NA,NA,0,NA,NA,NA,NA,0,NA,NA,NA,NA,0,NA,NA,NA,NA,0,NA,NA,NA,NA,0,NA,NA,NA,NA,0,NA,NA,NA,NA,0,NA,NA,NA,NA,0,NA,NA,NA,NA,0,NA,NA,NA,NA,0,NA,NA,NA,NA,0,NA,NA,NA,NA,0,NA,NA,NA,NA
Lakshadweep,17.7',Vaccine - Measles,2. Stocks Received,0,NA,NA,NA,NA,0,NA,NA,NA,NA,0,NA,NA,NA,NA,0,NA,NA,NA,NA,0,NA,NA,NA,NA,0,NA,NA,NA,NA,0,NA,NA,NA,NA,0,NA,NA,NA,NA,0,NA,NA,NA,NA,0,NA,NA,NA,NA,0,NA,NA,NA,NA,0,NA,NA,NA,NA,0,NA,NA,NA,NA
Lakshadweep,17.7',Vaccine - Measles,3. Unusable Stock,0,NA,NA,NA,NA,0,NA,NA,NA,NA,0,NA,NA,NA,NA,0,NA,NA,NA,NA,0,NA,NA,NA,NA,0,NA,NA,NA,NA,0,NA,NA,NA,NA,0,NA,NA,NA,NA,0,NA,NA,NA,NA,0,NA,NA,NA,NA,0,NA,NA,NA,NA,0,NA,NA,NA,NA,0,NA,NA,NA,NA
Lakshadweep,17.7',Vaccine - Measles,4. Stock Distributed,0,NA,NA,NA,NA,0,NA,NA,NA,NA,0,NA,NA,NA,NA,0,NA,NA,NA,NA,0,NA,NA,NA,NA,0,NA,NA,NA,NA,0,NA,NA,NA,NA,0,NA,NA,NA,NA,0,NA,NA,NA,NA,0,NA,NA,NA,NA,0,NA,NA,NA,NA,0,NA,NA,NA,NA,0,NA,NA,NA,NA
Lakshadweep,17.7',Vaccine - Measles,5. Total Stock,0,NA,NA,NA,NA,0,NA,NA,NA,NA,0,NA,NA,NA,NA,0,NA,NA,NA,NA,0,NA,NA,NA,NA,0,NA,NA,NA,NA,0,NA,NA,NA,NA,0,NA,NA,NA,NA,0,NA,NA,NA,NA,0,NA,NA,NA,NA,0,NA,NA,NA,NA,0,NA,NA,NA,NA,0,NA,NA,NA,NA
Lakshadweep,'17.8',Vaccine - JE,1. Balance From Previous Month,0,NA,NA,NA,NA,0,NA,NA,NA,NA,0,NA,NA,NA,NA,0,NA,NA,NA,NA,0,NA,NA,NA,NA,0,NA,NA,NA,NA,0,NA,NA,NA,NA,0,NA,NA,NA,NA,0,NA,NA,NA,NA,0,NA,NA,NA,NA,0,NA,NA,NA,NA,0,NA,NA,NA,NA,0,NA,NA,NA,NA
Lakshadweep,17.8',Vaccine - JE,2. Stocks Received,0,NA,NA,NA,NA,0,NA,NA,NA,NA,0,NA,NA,NA,NA,0,NA,NA,NA,NA,0,NA,NA,NA,NA,0,NA,NA,NA,NA,0,NA,NA,NA,NA,0,NA,NA,NA,NA,0,NA,NA,NA,NA,0,NA,NA,NA,NA,0,NA,NA,NA,NA,0,NA,NA,NA,NA,0,NA,NA,NA,NA
Lakshadweep,17.8',Vaccine - JE,3. Unusable Stock,0,NA,NA,NA,NA,0,NA,NA,NA,NA,0,NA,NA,NA,NA,0,NA,NA,NA,NA,0,NA,NA,NA,NA,0,NA,NA,NA,NA,0,NA,NA,NA,NA,0,NA,NA,NA,NA,0,NA,NA,NA,NA,0,NA,NA,NA,NA,0,NA,NA,NA,NA,0,NA,NA,NA,NA,0,NA,NA,NA,NA
Lakshadweep,17.8',Vaccine - JE,4. Stock Distributed,0,NA,NA,NA,NA,0,NA,NA,NA,NA,0,NA,NA,NA,NA,0,NA,NA,NA,NA,0,NA,NA,NA,NA,0,NA,NA,NA,NA,0,NA,NA,NA,NA,0,NA,NA,NA,NA,0,NA,NA,NA,NA,0,NA,NA,NA,NA,0,NA,NA,NA,NA,0,NA,NA,NA,NA,0,NA,NA,NA,NA
Lakshadweep,17.8',Vaccine - JE,5. Total Stock,0,NA,NA,NA,NA,0,NA,NA,NA,NA,0,NA,NA,NA,NA,0,NA,NA,NA,NA,0,NA,NA,NA,NA,0,NA,NA,NA,NA,0,NA,NA,NA,NA,0,NA,NA,NA,NA,0,NA,NA,NA,NA,0,NA,NA,NA,NA,0,NA,NA,NA,NA,0,NA,NA,NA,NA,0,NA,NA,NA,NA
Lakshadweep,'17.9',Vaccine - Hepatitis B,1. Balance From Previous Month,820,NA,NA,NA,NA,600,NA,NA,NA,NA,400,NA,NA,NA,NA,310,NA,NA,NA,NA,210,NA,NA,NA,NA,40,NA,NA,NA,NA,20,NA,NA,NA,NA,1410,NA,NA,NA,NA,1590,NA,NA,NA,NA,1590,NA,NA,NA,NA,1460,NA,NA,NA,NA,1180,NA,NA,NA,NA,9630,NA,NA,NA,NA
Lakshadweep,17.9',Vaccine - Hepatitis B,2. Stocks Received,0,NA,NA,NA,NA,0,NA,NA,NA,NA,0,NA,NA,NA,NA,0,NA,NA,NA,NA,0,NA,NA,NA,NA,0,NA,NA,NA,NA,2000,NA,NA,NA,NA,300,NA,NA,NA,NA,0,NA,NA,NA,NA,0,NA,NA,NA,NA,0,NA,NA,NA,NA,0,NA,NA,NA,NA,2300,NA,NA,NA,NA
Lakshadweep,17.9',Vaccine - Hepatitis B,3. Unusable Stock,0,NA,NA,NA,NA,0,NA,NA,NA,NA,0,NA,NA,NA,NA,0,NA,NA,NA,NA,0,NA,NA,NA,NA,0,NA,NA,NA,NA,0,NA,NA,NA,NA,0,NA,NA,NA,NA,0,NA,NA,NA,NA,0,NA,NA,NA,NA,0,NA,NA,NA,NA,0,NA,NA,NA,NA,0,NA,NA,NA,NA
Lakshadweep,17.9',Vaccine - Hepatitis B,4. Stock Distributed,220,NA,NA,NA,NA,200,NA,NA,NA,NA,90,NA,NA,NA,NA,100,NA,NA,NA,NA,170,NA,NA,NA,NA,20,NA,NA,NA,NA,610,NA,NA,NA,NA,120,NA,NA,NA,NA,0,NA,NA,NA,NA,130,NA,NA,NA,NA,280,NA,NA,NA,NA,100,NA,NA,NA,NA,2040,NA,NA,NA,NA
Lakshadweep,17.9',Vaccine - Hepatitis B,5. Total Stock,600,NA,NA,NA,NA,400,NA,NA,NA,NA,310,NA,NA,NA,NA,210,NA,NA,NA,NA,40,NA,NA,NA,NA,20,NA,NA,NA,NA,1410,NA,NA,NA,NA,1590,NA,NA,NA,NA,1590,NA,NA,NA,NA,1460,NA,NA,NA,NA,1180,NA,NA,NA,NA,1080,NA,NA,NA,NA,9890,NA,NA,NA,NA
Lakshadweep,'17.10',Vaccine - Typhoid,1. Balance From Previous Month,0,NA,NA,NA,NA,0,NA,NA,NA,NA,0,NA,NA,NA,NA,0,NA,NA,NA,NA,0,NA,NA,NA,NA,0,NA,NA,NA,NA,0,NA,NA,NA,NA,0,NA,NA,NA,NA,0,NA,NA,NA,NA,0,NA,NA,NA,NA,0,NA,NA,NA,NA,0,NA,NA,NA,NA,0,NA,NA,NA,NA
Lakshadweep,17.10',Vaccine - Typhoid,2. Stocks Received,0,NA,NA,NA,NA,0,NA,NA,NA,NA,0,NA,NA,NA,NA,0,NA,NA,NA,NA,0,NA,NA,NA,NA,0,NA,NA,NA,NA,0,NA,NA,NA,NA,0,NA,NA,NA,NA,0,NA,NA,NA,NA,0,NA,NA,NA,NA,0,NA,NA,NA,NA,0,NA,NA,NA,NA,0,NA,NA,NA,NA
Lakshadweep,17.10',Vaccine - Typhoid,3. Unusable Stock,0,NA,NA,NA,NA,0,NA,NA,NA,NA,0,NA,NA,NA,NA,0,NA,NA,NA,NA,0,NA,NA,NA,NA,0,NA,NA,NA,NA,0,NA,NA,NA,NA,0,NA,NA,NA,NA,0,NA,NA,NA,NA,0,NA,NA,NA,NA,0,NA,NA,NA,NA,0,NA,NA,NA,NA,0,NA,NA,NA,NA
Lakshadweep,17.10',Vaccine - Typhoid,4. Stock Distributed,0,NA,NA,NA,NA,0,NA,NA,NA,NA,0,NA,NA,NA,NA,0,NA,NA,NA,NA,0,NA,NA,NA,NA,0,NA,NA,NA,NA,0,NA,NA,NA,NA,0,NA,NA,NA,NA,0,NA,NA,NA,NA,0,NA,NA,NA,NA,0,NA,NA,NA,NA,0,NA,NA,NA,NA,0,NA,NA,NA,NA
Lakshadweep,17.10',Vaccine - Typhoid,5. Total Stock,0,NA,NA,NA,NA,0,NA,NA,NA,NA,0,NA,NA,NA,NA,0,NA,NA,NA,NA,0,NA,NA,NA,NA,0,NA,NA,NA,NA,0,NA,NA,NA,NA,0,NA,NA,NA,NA,0,NA,NA,NA,NA,0,NA,NA,NA,NA,0,NA,NA,NA,NA,0,NA,NA,NA,NA,0,NA,NA,NA,NA
Lakshadweep,'17.11',Vaccine - Vitamin K,1. Balance From Previous Month,0,NA,NA,NA,NA,0,NA,NA,NA,NA,0,NA,NA,NA,NA,0,NA,NA,NA,NA,0,NA,NA,NA,NA,0,NA,NA,NA,NA,0,NA,NA,NA,NA,0,NA,NA,NA,NA,0,NA,NA,NA,NA,0,NA,NA,NA,NA,0,NA,NA,NA,NA,0,NA,NA,NA,NA,0,NA,NA,NA,NA
Lakshadweep,17.11',Vaccine - Vitamin K,2. Stocks Received,0,NA,NA,NA,NA,0,NA,NA,NA,NA,0,NA,NA,NA,NA,0,NA,NA,NA,NA,0,NA,NA,NA,NA,0,NA,NA,NA,NA,0,NA,NA,NA,NA,0,NA,NA,NA,NA,0,NA,NA,NA,NA,0,NA,NA,NA,NA,0,NA,NA,NA,NA,0,NA,NA,NA,NA,0,NA,NA,NA,NA
Lakshadweep,17.11',Vaccine - Vitamin K,3. Unusable Stock,0,NA,NA,NA,NA,0,NA,NA,NA,NA,0,NA,NA,NA,NA,0,NA,NA,NA,NA,0,NA,NA,NA,NA,0,NA,NA,NA,NA,0,NA,NA,NA,NA,0,NA,NA,NA,NA,0,NA,NA,NA,NA,0,NA,NA,NA,NA,0,NA,NA,NA,NA,0,NA,NA,NA,NA,0,NA,NA,NA,NA
Lakshadweep,17.11',Vaccine - Vitamin K,4. Stock Distributed,0,NA,NA,NA,NA,0,NA,NA,NA,NA,0,NA,NA,NA,NA,0,NA,NA,NA,NA,0,NA,NA,NA,NA,0,NA,NA,NA,NA,0,NA,NA,NA,NA,0,NA,NA,NA,NA,0,NA,NA,NA,NA,0,NA,NA,NA,NA,0,NA,NA,NA,NA,0,NA,NA,NA,NA,0,NA,NA,NA,NA
Lakshadweep,17.11',Vaccine - Vitamin K,5. Total Stock,0,NA,NA,NA,NA,0,NA,NA,NA,NA,0,NA,NA,NA,NA,0,NA,NA,NA,NA,0,NA,NA,NA,NA,0,NA,NA,NA,NA,0,NA,NA,NA,NA,0,NA,NA,NA,NA,0,NA,NA,NA,NA,0,NA,NA,NA,NA,0,NA,NA,NA,NA,0,NA,NA,NA,NA,0,NA,NA,NA,NA
Lakshadweep,'17.12',Rotavirus,1. Balance From Previous Month,0,NA,NA,NA,NA,0,NA,NA,NA,NA,100,NA,NA,NA,NA,1100,NA,NA,NA,NA,1100,NA,NA,NA,NA,1100,NA,NA,NA,NA,1000,NA,NA,NA,NA,975,NA,NA,NA,NA,1475,NA,NA,NA,NA,375,NA,NA,NA,NA,275,NA,NA,NA,NA,75,NA,NA,NA,NA,7575,NA,NA,NA,NA
Lakshadweep,17.12',Rotavirus,2. Stocks Received,0,NA,NA,NA,NA,100,NA,NA,NA,NA,1000,NA,NA,NA,NA,0,NA,NA,NA,NA,0,NA,NA,NA,NA,0,NA,NA,NA,NA,0,NA,NA,NA,NA,500,NA,NA,NA,NA,0,NA,NA,NA,NA,0,NA,NA,NA,NA,0,NA,NA,NA,NA,2000,NA,NA,NA,NA,3600,NA,NA,NA,NA
Lakshadweep,17.12',Rotavirus,3. Unusable Stock,0,NA,NA,NA,NA,0,NA,NA,NA,NA,0,NA,NA,NA,NA,0,NA,NA,NA,NA,0,NA,NA,NA,NA,0,NA,NA,NA,NA,0,NA,NA,NA,NA,0,NA,NA,NA,NA,0,NA,NA,NA,NA,0,NA,NA,NA,NA,0,NA,NA,NA,NA,0,NA,NA,NA,NA,0,NA,NA,NA,NA
Lakshadweep,17.12',Rotavirus,4. Stock Distributed,0,NA,NA,NA,NA,0,NA,NA,NA,NA,0,NA,NA,NA,NA,0,NA,NA,NA,NA,0,NA,NA,NA,NA,100,NA,NA,NA,NA,25,NA,NA,NA,NA,0,NA,NA,NA,NA,1100,NA,NA,NA,NA,100,NA,NA,NA,NA,200,NA,NA,NA,NA,0,NA,NA,NA,NA,1525,NA,NA,NA,NA
Lakshadweep,17.12',Rotavirus,5. Total Stock,0,NA,NA,NA,NA,100,NA,NA,NA,NA,1100,NA,NA,NA,NA,1100,NA,NA,NA,NA,1100,NA,NA,NA,NA,1000,NA,NA,NA,NA,975,NA,NA,NA,NA,1475,NA,NA,NA,NA,375,NA,NA,NA,NA,275,NA,NA,NA,NA,75,NA,NA,NA,NA,2075,NA,NA,NA,NA,9650,NA,NA,NA,NA
Lakshadweep,'17.13',Inactivated Polio Vaccine,1. Balance From Previous Month,50,NA,NA,NA,NA,550,NA,NA,NA,NA,275,NA,NA,NA,NA,175,NA,NA,NA,NA,1775,NA,NA,NA,NA,1300,NA,NA,NA,NA,1300,NA,NA,NA,NA,1100,NA,NA,NA,NA,1250,NA,NA,NA,NA,1100,NA,NA,NA,NA,500,NA,NA,NA,NA,300,NA,NA,NA,NA,9675,NA,NA,NA,NA
Lakshadweep,17.13',Inactivated Polio Vaccine,2. Stocks Received,1000,NA,NA,NA,NA,0,NA,NA,NA,NA,0,NA,NA,NA,NA,2000,NA,NA,NA,NA,0,NA,NA,NA,NA,0,NA,NA,NA,NA,0,NA,NA,NA,NA,400,NA,NA,NA,NA,0,NA,NA,NA,NA,0,NA,NA,NA,NA,0,NA,NA,NA,NA,12500,NA,NA,NA,NA,15900,NA,NA,NA,NA
Lakshadweep,17.13',Inactivated Polio Vaccine,3. Unusable Stock,0,NA,NA,NA,NA,0,NA,NA,NA,NA,0,NA,NA,NA,NA,0,NA,NA,NA,NA,0,NA,NA,NA,NA,0,NA,NA,NA,NA,0,NA,NA,NA,NA,0,NA,NA,NA,NA,0,NA,NA,NA,NA,0,NA,NA,NA,NA,0,NA,NA,NA,NA,0,NA,NA,NA,NA,0,NA,NA,NA,NA
Lakshadweep,17.13',Inactivated Polio Vaccine,4. Stock Distributed,500,NA,NA,NA,NA,275,NA,NA,NA,NA,100,NA,NA,NA,NA,400,NA,NA,NA,NA,475,NA,NA,NA,NA,0,NA,NA,NA,NA,200,NA,NA,NA,NA,250,NA,NA,NA,NA,150,NA,NA,NA,NA,600,NA,NA,NA,NA,200,NA,NA,NA,NA,50,NA,NA,NA,NA,3200,NA,NA,NA,NA
Lakshadweep,17.13',Inactivated Polio Vaccine,5. Total Stock,550,NA,NA,NA,NA,275,NA,NA,NA,NA,175,NA,NA,NA,NA,1775,NA,NA,NA,NA,1300,NA,NA,NA,NA,1300,NA,NA,NA,NA,1100,NA,NA,NA,NA,1250,NA,NA,NA,NA,1100,NA,NA,NA,NA,500,NA,NA,NA,NA,300,NA,NA,NA,NA,12750,NA,NA,NA,NA,22375,NA,NA,NA,NA
Lakshadweep,'17.14',Measles Rubella (MR),1. Balance From Previous Month,840,NA,NA,NA,NA,840,NA,NA,NA,NA,0,NA,NA,NA,NA,1200,NA,NA,NA,NA,860,NA,NA,NA,NA,390,NA,NA,NA,NA,380,NA,NA,NA,NA,70,NA,NA,NA,NA,400,NA,NA,NA,NA,4000,NA,NA,NA,NA,3250,NA,NA,NA,NA,2950,NA,NA,NA,NA,15180,NA,NA,NA,NA
Lakshadweep,17.14',Measles Rubella (MR),2. Stocks Received,0,NA,NA,NA,NA,0,NA,NA,NA,NA,2000,NA,NA,NA,NA,0,NA,NA,NA,NA,0,NA,NA,NA,NA,0,NA,NA,NA,NA,0,NA,NA,NA,NA,500,NA,NA,NA,NA,0,NA,NA,NA,NA,0,NA,NA,NA,NA,0,NA,NA,NA,NA,0,NA,NA,NA,NA,2500,NA,NA,NA,NA
Lakshadweep,17.14',Measles Rubella (MR),3. Unusable Stock,0,NA,NA,NA,NA,700,NA,NA,NA,NA,0,NA,NA,NA,NA,0,NA,NA,NA,NA,0,NA,NA,NA,NA,0,NA,NA,NA,NA,0,NA,NA,NA,NA,0,NA,NA,NA,NA,0,NA,NA,NA,NA,0,NA,NA,NA,NA,0,NA,NA,NA,NA,0,NA,NA,NA,NA,700,NA,NA,NA,NA
Lakshadweep,17.14',Measles Rubella (MR),4. Stock Distributed,0,NA,NA,NA,NA,140,NA,NA,NA,NA,800,NA,NA,NA,NA,340,NA,NA,NA,NA,470,NA,NA,NA,NA,10,NA,NA,NA,NA,310,NA,NA,NA,NA,170,NA,NA,NA,NA,400,NA,NA,NA,NA,750,NA,NA,NA,NA,300,NA,NA,NA,NA,50,NA,NA,NA,NA,3740,NA,NA,NA,NA
Lakshadweep,17.14',Measles Rubella (MR),5. Total Stock,840,NA,NA,NA,NA,700,NA,NA,NA,NA,1200,NA,NA,NA,NA,860,NA,NA,NA,NA,390,NA,NA,NA,NA,380,NA,NA,NA,NA,70,NA,NA,NA,NA,400,NA,NA,NA,NA,0,NA,NA,NA,NA,3250,NA,NA,NA,NA,2950,NA,NA,NA,NA,2900,NA,NA,NA,NA,13940,NA,NA,NA,NA
Lakshadweep,'18.1',IUD 380 A,1. Balance From Previous Month,400,NA,NA,NA,NA,400,NA,NA,NA,NA,NA,NA,NA,NA,NA,NA,NA,NA,NA,NA,NA,NA,NA,NA,NA,NA,NA,NA,NA,NA,400,NA,NA,NA,NA,400,NA,NA,NA,NA,400,NA,NA,NA,NA,400,NA,NA,NA,NA,400,NA,NA,NA,NA,400,NA,NA,NA,NA,3200,NA,NA,NA,NA
Lakshadweep,18.1',IUD 380 A,2. Stocks Received,0,NA,NA,NA,NA,0,NA,NA,NA,NA,NA,NA,NA,NA,NA,NA,NA,NA,NA,NA,NA,NA,NA,NA,NA,NA,NA,NA,NA,NA,0,NA,NA,NA,NA,0,NA,NA,NA,NA,0,NA,NA,NA,NA,0,NA,NA,NA,NA,0,NA,NA,NA,NA,0,NA,NA,NA,NA,0,NA,NA,NA,NA
Lakshadweep,18.1',IUD 380 A,3. Unusable Stock,0,NA,NA,NA,NA,0,NA,NA,NA,NA,NA,NA,NA,NA,NA,NA,NA,NA,NA,NA,NA,NA,NA,NA,NA,NA,NA,NA,NA,NA,0,NA,NA,NA,NA,0,NA,NA,NA,NA,0,NA,NA,NA,NA,0,NA,NA,NA,NA,0,NA,NA,NA,NA,0,NA,NA,NA,NA,0,NA,NA,NA,NA
Lakshadweep,18.1',IUD 380 A,4. Stock Distributed,0,NA,NA,NA,NA,0,NA,NA,NA,NA,NA,NA,NA,NA,NA,NA,NA,NA,NA,NA,NA,NA,NA,NA,NA,NA,NA,NA,NA,NA,0,NA,NA,NA,NA,0,NA,NA,NA,NA,0,NA,NA,NA,NA,0,NA,NA,NA,NA,0,NA,NA,NA,NA,0,NA,NA,NA,NA,0,NA,NA,NA,NA
Lakshadweep,18.1',IUD 380 A,5. Total Stock,400,NA,NA,NA,NA,400,NA,NA,NA,NA,0,NA,NA,NA,NA,0,NA,NA,NA,NA,0,NA,NA,NA,NA,0,NA,NA,NA,NA,400,NA,NA,NA,NA,400,NA,NA,NA,NA,400,NA,NA,NA,NA,400,NA,NA,NA,NA,400,NA,NA,NA,NA,400,NA,NA,NA,NA,3200,NA,NA,NA,NA
Lakshadweep,'18.2',IUD 375 A,1. Balance From Previous Month,450,NA,NA,NA,NA,450,NA,NA,NA,NA,NA,NA,NA,NA,NA,NA,NA,NA,NA,NA,NA,NA,NA,NA,NA,NA,NA,NA,NA,NA,450,NA,NA,NA,NA,450,NA,NA,NA,NA,450,NA,NA,NA,NA,450,NA,NA,NA,NA,450,NA,NA,NA,NA,450,NA,NA,NA,NA,3600,NA,NA,NA,NA
Lakshadweep,18.2',IUD 375 A,2. Stocks Received,0,NA,NA,NA,NA,0,NA,NA,NA,NA,NA,NA,NA,NA,NA,NA,NA,NA,NA,NA,NA,NA,NA,NA,NA,NA,NA,NA,NA,NA,0,NA,NA,NA,NA,0,NA,NA,NA,NA,0,NA,NA,NA,NA,0,NA,NA,NA,NA,0,NA,NA,NA,NA,0,NA,NA,NA,NA,0,NA,NA,NA,NA
Lakshadweep,18.2',IUD 375 A,3. Unusable Stock,0,NA,NA,NA,NA,0,NA,NA,NA,NA,NA,NA,NA,NA,NA,NA,NA,NA,NA,NA,NA,NA,NA,NA,NA,NA,NA,NA,NA,NA,0,NA,NA,NA,NA,0,NA,NA,NA,NA,0,NA,NA,NA,NA,0,NA,NA,NA,NA,0,NA,NA,NA,NA,0,NA,NA,NA,NA,0,NA,NA,NA,NA
Lakshadweep,18.2',IUD 375 A,4. Stock Distributed,0,NA,NA,NA,NA,0,NA,NA,NA,NA,NA,NA,NA,NA,NA,NA,NA,NA,NA,NA,NA,NA,NA,NA,NA,NA,NA,NA,NA,NA,0,NA,NA,NA,NA,0,NA,NA,NA,NA,0,NA,NA,NA,NA,0,NA,NA,NA,NA,0,NA,NA,NA,NA,0,NA,NA,NA,NA,0,NA,NA,NA,NA
Lakshadweep,18.2',IUD 375 A,5. Total Stock,450,NA,NA,NA,NA,450,NA,NA,NA,NA,0,NA,NA,NA,NA,0,NA,NA,NA,NA,0,NA,NA,NA,NA,0,NA,NA,NA,NA,450,NA,NA,NA,NA,450,NA,NA,NA,NA,450,NA,NA,NA,NA,450,NA,NA,NA,NA,450,NA,NA,NA,NA,450,NA,NA,NA,NA,3600,NA,NA,NA,NA
Lakshadweep,'18.3',Condoms,1. Balance From Previous Month,38880,NA,NA,NA,NA,38880,NA,NA,NA,NA,NA,NA,NA,NA,NA,NA,NA,NA,NA,NA,NA,NA,NA,NA,NA,NA,NA,NA,NA,NA,38880,NA,NA,NA,NA,33000,NA,NA,NA,NA,33000,NA,NA,NA,NA,33000,NA,NA,NA,NA,33000,NA,NA,NA,NA,33000,NA,NA,NA,NA,281640,NA,NA,NA,NA
Lakshadweep,18.3',Condoms,2. Stocks Received,0,NA,NA,NA,NA,0,NA,NA,NA,NA,NA,NA,NA,NA,NA,NA,NA,NA,NA,NA,NA,NA,NA,NA,NA,NA,NA,NA,NA,NA,0,NA,NA,NA,NA,0,NA,NA,NA,NA,0,NA,NA,NA,NA,0,NA,NA,NA,NA,0,NA,NA,NA,NA,0,NA,NA,NA,NA,0,NA,NA,NA,NA
Lakshadweep,18.3',Condoms,3. Unusable Stock,0,NA,NA,NA,NA,0,NA,NA,NA,NA,NA,NA,NA,NA,NA,NA,NA,NA,NA,NA,NA,NA,NA,NA,NA,NA,NA,NA,NA,NA,0,NA,NA,NA,NA,0,NA,NA,NA,NA,0,NA,NA,NA,NA,0,NA,NA,NA,NA,0,NA,NA,NA,NA,0,NA,NA,NA,NA,0,NA,NA,NA,NA
Lakshadweep,18.3',Condoms,4. Stock Distributed,0,NA,NA,NA,NA,0,NA,NA,NA,NA,NA,NA,NA,NA,NA,NA,NA,NA,NA,NA,NA,NA,NA,NA,NA,NA,NA,NA,NA,NA,5880,NA,NA,NA,NA,0,NA,NA,NA,NA,0,NA,NA,NA,NA,0,NA,NA,NA,NA,0,NA,NA,NA,NA,7000,NA,NA,NA,NA,12880,NA,NA,NA,NA
Lakshadweep,18.3',Condoms,5. Total Stock,38880,NA,NA,NA,NA,38880,NA,NA,NA,NA,0,NA,NA,NA,NA,0,NA,NA,NA,NA,0,NA,NA,NA,NA,0,NA,NA,NA,NA,33000,NA,NA,NA,NA,33000,NA,NA,NA,NA,33000,NA,NA,NA,NA,33000,NA,NA,NA,NA,33000,NA,NA,NA,NA,26000,NA,NA,NA,NA,268760,NA,NA,NA,NA
Lakshadweep,'18.4',Oral Contraceptive,1. Balance From Previous Month,6000,NA,NA,NA,NA,6000,NA,NA,NA,NA,NA,NA,NA,NA,NA,NA,NA,NA,NA,NA,NA,NA,NA,NA,NA,NA,NA,NA,NA,NA,5000,NA,NA,NA,NA,5000,NA,NA,NA,NA,5000,NA,NA,NA,NA,5000,NA,NA,NA,NA,5000,NA,NA,NA,NA,5000,NA,NA,NA,NA,42000,NA,NA,NA,NA
Lakshadweep,18.4',Oral Contraceptive,2. Stocks Received,0,NA,NA,NA,NA,0,NA,NA,NA,NA,NA,NA,NA,NA,NA,NA,NA,NA,NA,NA,NA,NA,NA,NA,NA,NA,NA,NA,NA,NA,0,NA,NA,NA,NA,0,NA,NA,NA,NA,0,NA,NA,NA,NA,0,NA,NA,NA,NA,0,NA,NA,NA,NA,0,NA,NA,NA,NA,0,NA,NA,NA,NA
Lakshadweep,18.4',Oral Contraceptive,3. Unusable Stock,0,NA,NA,NA,NA,0,NA,NA,NA,NA,NA,NA,NA,NA,NA,NA,NA,NA,NA,NA,NA,NA,NA,NA,NA,NA,NA,NA,NA,NA,0,NA,NA,NA,NA,0,NA,NA,NA,NA,0,NA,NA,NA,NA,0,NA,NA,NA,NA,0,NA,NA,NA,NA,0,NA,NA,NA,NA,0,NA,NA,NA,NA
Lakshadweep,18.4',Oral Contraceptive,4. Stock Distributed,0,NA,NA,NA,NA,0,NA,NA,NA,NA,NA,NA,NA,NA,NA,NA,NA,NA,NA,NA,NA,NA,NA,NA,NA,NA,NA,NA,NA,NA,0,NA,NA,NA,NA,0,NA,NA,NA,NA,0,NA,NA,NA,NA,0,NA,NA,NA,NA,0,NA,NA,NA,NA,0,NA,NA,NA,NA,0,NA,NA,NA,NA
Lakshadweep,18.4',Oral Contraceptive,5. Total Stock,6000,NA,NA,NA,NA,6000,NA,NA,NA,NA,0,NA,NA,NA,NA,0,NA,NA,NA,NA,0,NA,NA,NA,NA,0,NA,NA,NA,NA,5000,NA,NA,NA,NA,5000,NA,NA,NA,NA,5000,NA,NA,NA,NA,5000,NA,NA,NA,NA,5000,NA,NA,NA,NA,5000,NA,NA,NA,NA,42000,NA,NA,NA,NA
Lakshadweep,'18.5',Emergency Contraceptive Pills,1. Balance From Previous Month,2700,NA,NA,NA,NA,2700,NA,NA,NA,NA,NA,NA,NA,NA,NA,NA,NA,NA,NA,NA,NA,NA,NA,NA,NA,NA,NA,NA,NA,NA,2700,NA,NA,NA,NA,2700,NA,NA,NA,NA,2700,NA,NA,NA,NA,2700,NA,NA,NA,NA,2700,NA,NA,NA,NA,2700,NA,NA,NA,NA,21600,NA,NA,NA,NA
Lakshadweep,18.5',Emergency Contraceptive Pills,2. Stocks Received,0,NA,NA,NA,NA,0,NA,NA,NA,NA,NA,NA,NA,NA,NA,NA,NA,NA,NA,NA,NA,NA,NA,NA,NA,NA,NA,NA,NA,NA,0,NA,NA,NA,NA,0,NA,NA,NA,NA,0,NA,NA,NA,NA,0,NA,NA,NA,NA,0,NA,NA,NA,NA,0,NA,NA,NA,NA,0,NA,NA,NA,NA
Lakshadweep,18.5',Emergency Contraceptive Pills,3. Unusable Stock,0,NA,NA,NA,NA,0,NA,NA,NA,NA,NA,NA,NA,NA,NA,NA,NA,NA,NA,NA,NA,NA,NA,NA,NA,NA,NA,NA,NA,NA,0,NA,NA,NA,NA,0,NA,NA,NA,NA,0,NA,NA,NA,NA,0,NA,NA,NA,NA,0,NA,NA,NA,NA,0,NA,NA,NA,NA,0,NA,NA,NA,NA
Lakshadweep,18.5',Emergency Contraceptive Pills,4. Stock Distributed,0,NA,NA,NA,NA,0,NA,NA,NA,NA,NA,NA,NA,NA,NA,NA,NA,NA,NA,NA,NA,NA,NA,NA,NA,NA,NA,NA,NA,NA,0,NA,NA,NA,NA,0,NA,NA,NA,NA,0,NA,NA,NA,NA,0,NA,NA,NA,NA,0,NA,NA,NA,NA,0,NA,NA,NA,NA,0,NA,NA,NA,NA
Lakshadweep,18.5',Emergency Contraceptive Pills,5. Total Stock,2700,NA,NA,NA,NA,2700,NA,NA,NA,NA,0,NA,NA,NA,NA,0,NA,NA,NA,NA,0,NA,NA,NA,NA,0,NA,NA,NA,NA,2700,NA,NA,NA,NA,2700,NA,NA,NA,NA,2700,NA,NA,NA,NA,2700,NA,NA,NA,NA,2700,NA,NA,NA,NA,2700,NA,NA,NA,NA,21600,NA,NA,NA,NA
Lakshadweep,'18.6',Centchroman weekly pills,1. Balance From Previous Month,4000,NA,NA,NA,NA,4000,NA,NA,NA,NA,NA,NA,NA,NA,NA,NA,NA,NA,NA,NA,NA,NA,NA,NA,NA,NA,NA,NA,NA,NA,4000,NA,NA,NA,NA,4000,NA,NA,NA,NA,4000,NA,NA,NA,NA,4000,NA,NA,NA,NA,4000,NA,NA,NA,NA,4000,NA,NA,NA,NA,32000,NA,NA,NA,NA
Lakshadweep,18.6',Centchroman weekly pills,2. Stocks Received,0,NA,NA,NA,NA,0,NA,NA,NA,NA,NA,NA,NA,NA,NA,NA,NA,NA,NA,NA,NA,NA,NA,NA,NA,NA,NA,NA,NA,NA,0,NA,NA,NA,NA,0,NA,NA,NA,NA,0,NA,NA,NA,NA,0,NA,NA,NA,NA,0,NA,NA,NA,NA,0,NA,NA,NA,NA,0,NA,NA,NA,NA
Lakshadweep,18.6',Centchroman weekly pills,3. Unusable Stock,0,NA,NA,NA,NA,0,NA,NA,NA,NA,NA,NA,NA,NA,NA,NA,NA,NA,NA,NA,NA,NA,NA,NA,NA,NA,NA,NA,NA,NA,0,NA,NA,NA,NA,0,NA,NA,NA,NA,0,NA,NA,NA,NA,0,NA,NA,NA,NA,0,NA,NA,NA,NA,0,NA,NA,NA,NA,0,NA,NA,NA,NA
Lakshadweep,18.6',Centchroman weekly pills,4. Stock Distributed,0,NA,NA,NA,NA,0,NA,NA,NA,NA,NA,NA,NA,NA,NA,NA,NA,NA,NA,NA,NA,NA,NA,NA,NA,NA,NA,NA,NA,NA,0,NA,NA,NA,NA,0,NA,NA,NA,NA,0,NA,NA,NA,NA,0,NA,NA,NA,NA,0,NA,NA,NA,NA,0,NA,NA,NA,NA,0,NA,NA,NA,NA
Lakshadweep,18.6',Centchroman weekly pills,5. Total Stock,4000,NA,NA,NA,NA,4000,NA,NA,NA,NA,NA,NA,NA,NA,NA,NA,NA,NA,NA,NA,NA,NA,NA,NA,NA,NA,NA,NA,NA,NA,4000,NA,NA,NA,NA,4000,NA,NA,NA,NA,4000,NA,NA,NA,NA,4000,NA,NA,NA,NA,4000,NA,NA,NA,NA,4000,NA,NA,NA,NA,32000,NA,NA,NA,NA
Lakshadweep,'18.7',Injectable Contraceptive MPA (Vials),1. Balance From Previous Month,128,NA,NA,NA,NA,128,NA,NA,NA,NA,NA,NA,NA,NA,NA,NA,NA,NA,NA,NA,NA,NA,NA,NA,NA,NA,NA,NA,NA,NA,128,NA,NA,NA,NA,0,NA,NA,NA,NA,0,NA,NA,NA,NA,0,NA,NA,NA,NA,0,NA,NA,NA,NA,0,NA,NA,NA,NA,384,NA,NA,NA,NA
Lakshadweep,18.7',Injectable Contraceptive MPA (Vials),2. Stocks Received,0,NA,NA,NA,NA,0,NA,NA,NA,NA,NA,NA,NA,NA,NA,NA,NA,NA,NA,NA,NA,NA,NA,NA,NA,NA,NA,NA,NA,NA,0,NA,NA,NA,NA,0,NA,NA,NA,NA,0,NA,NA,NA,NA,0,NA,NA,NA,NA,0,NA,NA,NA,NA,0,NA,NA,NA,NA,0,NA,NA,NA,NA
Lakshadweep,18.7',Injectable Contraceptive MPA (Vials),3. Unusable Stock,0,NA,NA,NA,NA,0,NA,NA,NA,NA,NA,NA,NA,NA,NA,NA,NA,NA,NA,NA,NA,NA,NA,NA,NA,NA,NA,NA,NA,NA,0,NA,NA,NA,NA,0,NA,NA,NA,NA,0,NA,NA,NA,NA,0,NA,NA,NA,NA,0,NA,NA,NA,NA,0,NA,NA,NA,NA,0,NA,NA,NA,NA
Lakshadweep,18.7',Injectable Contraceptive MPA (Vials),4. Stock Distributed,0,NA,NA,NA,NA,0,NA,NA,NA,NA,NA,NA,NA,NA,NA,NA,NA,NA,NA,NA,NA,NA,NA,NA,NA,NA,NA,NA,NA,NA,128,NA,NA,NA,NA,0,NA,NA,NA,NA,0,NA,NA,NA,NA,0,NA,NA,NA,NA,0,NA,NA,NA,NA,0,NA,NA,NA,NA,128,NA,NA,NA,NA
Lakshadweep,18.7',Injectable Contraceptive MPA (Vials),5. Total Stock,128,NA,NA,NA,NA,128,NA,NA,NA,NA,NA,NA,NA,NA,NA,NA,NA,NA,NA,NA,NA,NA,NA,NA,NA,NA,NA,NA,NA,NA,0,NA,NA,NA,NA,0,NA,NA,NA,NA,0,NA,NA,NA,NA,0,NA,NA,NA,NA,0,NA,NA,NA,NA,0,NA,NA,NA,NA,256,NA,NA,NA,NA
Lakshadweep,'18.8',Tubal rings,1. Balance From Previous Month,0,NA,NA,NA,NA,0,NA,NA,NA,NA,NA,NA,NA,NA,NA,NA,NA,NA,NA,NA,NA,NA,NA,NA,NA,NA,NA,NA,NA,NA,0,NA,NA,NA,NA,0,NA,NA,NA,NA,0,NA,NA,NA,NA,0,NA,NA,NA,NA,0,NA,NA,NA,NA,0,NA,NA,NA,NA,0,NA,NA,NA,NA
Lakshadweep,18.8',Tubal rings,2. Stocks Received,0,NA,NA,NA,NA,0,NA,NA,NA,NA,NA,NA,NA,NA,NA,NA,NA,NA,NA,NA,NA,NA,NA,NA,NA,NA,NA,NA,NA,NA,0,NA,NA,NA,NA,0,NA,NA,NA,NA,0,NA,NA,NA,NA,0,NA,NA,NA,NA,0,NA,NA,NA,NA,0,NA,NA,NA,NA,0,NA,NA,NA,NA
Lakshadweep,18.8',Tubal rings,3. Unusable Stock,0,NA,NA,NA,NA,0,NA,NA,NA,NA,NA,NA,NA,NA,NA,NA,NA,NA,NA,NA,NA,NA,NA,NA,NA,NA,NA,NA,NA,NA,0,NA,NA,NA,NA,0,NA,NA,NA,NA,0,NA,NA,NA,NA,0,NA,NA,NA,NA,0,NA,NA,NA,NA,0,NA,NA,NA,NA,0,NA,NA,NA,NA
Lakshadweep,18.8',Tubal rings,4. Stock Distributed,0,NA,NA,NA,NA,0,NA,NA,NA,NA,NA,NA,NA,NA,NA,NA,NA,NA,NA,NA,NA,NA,NA,NA,NA,NA,NA,NA,NA,NA,0,NA,NA,NA,NA,0,NA,NA,NA,NA,0,NA,NA,NA,NA,0,NA,NA,NA,NA,0,NA,NA,NA,NA,0,NA,NA,NA,NA,0,NA,NA,NA,NA
Lakshadweep,18.8',Tubal rings,5. Total Stock,0,NA,NA,NA,NA,0,NA,NA,NA,NA,NA,NA,NA,NA,NA,NA,NA,NA,NA,NA,NA,NA,NA,NA,NA,NA,NA,NA,NA,NA,0,NA,NA,NA,NA,0,NA,NA,NA,NA,0,NA,NA,NA,NA,0,NA,NA,NA,NA,0,NA,NA,NA,NA,0,NA,NA,NA,NA,0,NA,NA,NA,NA
Lakshadweep,'18.9',Pregnancy testing Kits (Nischay Kits),1. Balance From Previous Month,9200,NA,NA,NA,NA,9200,NA,NA,NA,NA,NA,NA,NA,NA,NA,NA,NA,NA,NA,NA,NA,NA,NA,NA,NA,NA,NA,NA,NA,NA,900,NA,NA,NA,NA,900,NA,NA,NA,NA,800,NA,NA,NA,NA,800,NA,NA,NA,NA,700,NA,NA,NA,NA,700,NA,NA,NA,NA,23200,NA,NA,NA,NA
Lakshadweep,18.9',Pregnancy testing Kits (Nischay Kits),2. Stocks Received,0,NA,NA,NA,NA,0,NA,NA,NA,NA,NA,NA,NA,NA,NA,NA,NA,NA,NA,NA,NA,NA,NA,NA,NA,NA,NA,NA,NA,NA,0,NA,NA,NA,NA,0,NA,NA,NA,NA,0,NA,NA,NA,NA,0,NA,NA,NA,NA,0,NA,NA,NA,NA,0,NA,NA,NA,NA,0,NA,NA,NA,NA
Lakshadweep,18.9',Pregnancy testing Kits (Nischay Kits),3. Unusable Stock,0,NA,NA,NA,NA,0,NA,NA,NA,NA,NA,NA,NA,NA,NA,NA,NA,NA,NA,NA,NA,NA,NA,NA,NA,NA,NA,NA,NA,NA,0,NA,NA,NA,NA,0,NA,NA,NA,NA,0,NA,NA,NA,NA,0,NA,NA,NA,NA,0,NA,NA,NA,NA,0,NA,NA,NA,NA,0,NA,NA,NA,NA
Lakshadweep,18.9',Pregnancy testing Kits (Nischay Kits),4. Stock Distributed,0,NA,NA,NA,NA,0,NA,NA,NA,NA,NA,NA,NA,NA,NA,NA,NA,NA,NA,NA,NA,NA,NA,NA,NA,NA,NA,NA,NA,NA,0,NA,NA,NA,NA,100,NA,NA,NA,NA,0,NA,NA,NA,NA,100,NA,NA,NA,NA,0,NA,NA,NA,NA,0,NA,NA,NA,NA,200,NA,NA,NA,NA
Lakshadweep,18.9',Pregnancy testing Kits (Nischay Kits),5. Total Stock,9200,NA,NA,NA,NA,9200,NA,NA,NA,NA,NA,NA,NA,NA,NA,NA,NA,NA,NA,NA,NA,NA,NA,NA,NA,NA,NA,NA,NA,NA,900,NA,NA,NA,NA,800,NA,NA,NA,NA,800,NA,NA,NA,NA,700,NA,NA,NA,NA,700,NA,NA,NA,NA,700,NA,NA,NA,NA,23000,NA,NA,NA,NA
Lakshadweep,'19.1',Gloves,1. Balance From Previous Month,NA,NA,NA,NA,NA,NA,NA,NA,NA,NA,NA,NA,NA,NA,NA,NA,NA,NA,NA,NA,NA,NA,NA,NA,NA,NA,NA,NA,NA,NA,NA,NA,NA,NA,NA,NA,NA,NA,NA,NA,NA,NA,NA,NA,NA,NA,NA,NA,NA,NA,NA,NA,NA,NA,NA,NA,NA,NA,NA,NA,NA,NA,NA,NA,NA
Lakshadweep,19.1',Gloves,2. Stocks Received,NA,NA,NA,NA,NA,NA,NA,NA,NA,NA,NA,NA,NA,NA,NA,NA,NA,NA,NA,NA,NA,NA,NA,NA,NA,NA,NA,NA,NA,NA,NA,NA,NA,NA,NA,NA,NA,NA,NA,NA,NA,NA,NA,NA,NA,NA,NA,NA,NA,NA,NA,NA,NA,NA,NA,NA,NA,NA,NA,NA,NA,NA,NA,NA,NA
Lakshadweep,19.1',Gloves,3. Unusable Stock,NA,NA,NA,NA,NA,NA,NA,NA,NA,NA,NA,NA,NA,NA,NA,NA,NA,NA,NA,NA,NA,NA,NA,NA,NA,NA,NA,NA,NA,NA,NA,NA,NA,NA,NA,NA,NA,NA,NA,NA,NA,NA,NA,NA,NA,NA,NA,NA,NA,NA,NA,NA,NA,NA,NA,NA,NA,NA,NA,NA,NA,NA,NA,NA,NA
Lakshadweep,19.1',Gloves,4. Stock Distributed,NA,NA,NA,NA,NA,NA,NA,NA,NA,NA,NA,NA,NA,NA,NA,NA,NA,NA,NA,NA,NA,NA,NA,NA,NA,NA,NA,NA,NA,NA,NA,NA,NA,NA,NA,NA,NA,NA,NA,NA,NA,NA,NA,NA,NA,NA,NA,NA,NA,NA,NA,NA,NA,NA,NA,NA,NA,NA,NA,NA,NA,NA,NA,NA,NA
Lakshadweep,19.1',Gloves,5. Total Stock,0,NA,NA,NA,NA,0,NA,NA,NA,NA,0,NA,NA,NA,NA,0,NA,NA,NA,NA,0,NA,NA,NA,NA,0,NA,NA,NA,NA,0,NA,NA,NA,NA,0,NA,NA,NA,NA,0,NA,NA,NA,NA,0,NA,NA,NA,NA,0,NA,NA,NA,NA,0,NA,NA,NA,NA,0,NA,NA,NA,NA
Lakshadweep,'19.2',MVA Syringes,1. Balance From Previous Month,NA,NA,NA,NA,NA,NA,NA,NA,NA,NA,NA,NA,NA,NA,NA,NA,NA,NA,NA,NA,NA,NA,NA,NA,NA,NA,NA,NA,NA,NA,NA,NA,NA,NA,NA,NA,NA,NA,NA,NA,NA,NA,NA,NA,NA,NA,NA,NA,NA,NA,NA,NA,NA,NA,NA,NA,NA,NA,NA,NA,NA,NA,NA,NA,NA
Lakshadweep,19.2',MVA Syringes,2. Stocks Received,NA,NA,NA,NA,NA,NA,NA,NA,NA,NA,NA,NA,NA,NA,NA,NA,NA,NA,NA,NA,NA,NA,NA,NA,NA,NA,NA,NA,NA,NA,NA,NA,NA,NA,NA,NA,NA,NA,NA,NA,NA,NA,NA,NA,NA,NA,NA,NA,NA,NA,NA,NA,NA,NA,NA,NA,NA,NA,NA,NA,NA,NA,NA,NA,NA
Lakshadweep,19.2',MVA Syringes,3. Unusable Stock,NA,NA,NA,NA,NA,NA,NA,NA,NA,NA,NA,NA,NA,NA,NA,NA,NA,NA,NA,NA,NA,NA,NA,NA,NA,NA,NA,NA,NA,NA,NA,NA,NA,NA,NA,NA,NA,NA,NA,NA,NA,NA,NA,NA,NA,NA,NA,NA,NA,NA,NA,NA,NA,NA,NA,NA,NA,NA,NA,NA,NA,NA,NA,NA,NA
Lakshadweep,19.2',MVA Syringes,4. Stock Distributed,NA,NA,NA,NA,NA,NA,NA,NA,NA,NA,NA,NA,NA,NA,NA,NA,NA,NA,NA,NA,NA,NA,NA,NA,NA,NA,NA,NA,NA,NA,NA,NA,NA,NA,NA,NA,NA,NA,NA,NA,NA,NA,NA,NA,NA,NA,NA,NA,NA,NA,NA,NA,NA,NA,NA,NA,NA,NA,NA,NA,NA,NA,NA,NA,NA
Lakshadweep,19.2',MVA Syringes,5. Total Stock,0,NA,NA,NA,NA,0,NA,NA,NA,NA,0,NA,NA,NA,NA,0,NA,NA,NA,NA,0,NA,NA,NA,NA,0,NA,NA,NA,NA,0,NA,NA,NA,NA,0,NA,NA,NA,NA,0,NA,NA,NA,NA,0,NA,NA,NA,NA,0,NA,NA,NA,NA,0,NA,NA,NA,NA,0,NA,NA,NA,NA
Lakshadweep,'19.3',Tab. Fluconazole,1. Balance From Previous Month,NA,NA,NA,NA,NA,NA,NA,NA,NA,NA,NA,NA,NA,NA,NA,NA,NA,NA,NA,NA,NA,NA,NA,NA,NA,NA,NA,NA,NA,NA,NA,NA,NA,NA,NA,NA,NA,NA,NA,NA,NA,NA,NA,NA,NA,NA,NA,NA,NA,NA,NA,NA,NA,NA,NA,NA,NA,NA,NA,NA,NA,NA,NA,NA,NA
Lakshadweep,19.3',Tab. Fluconazole,2. Stocks Received,NA,NA,NA,NA,NA,NA,NA,NA,NA,NA,NA,NA,NA,NA,NA,NA,NA,NA,NA,NA,NA,NA,NA,NA,NA,NA,NA,NA,NA,NA,NA,NA,NA,NA,NA,NA,NA,NA,NA,NA,NA,NA,NA,NA,NA,NA,NA,NA,NA,NA,NA,NA,NA,NA,NA,NA,NA,NA,NA,NA,NA,NA,NA,NA,NA
Lakshadweep,19.3',Tab. Fluconazole,3. Unusable Stock,NA,NA,NA,NA,NA,NA,NA,NA,NA,NA,NA,NA,NA,NA,NA,NA,NA,NA,NA,NA,NA,NA,NA,NA,NA,NA,NA,NA,NA,NA,NA,NA,NA,NA,NA,NA,NA,NA,NA,NA,NA,NA,NA,NA,NA,NA,NA,NA,NA,NA,NA,NA,NA,NA,NA,NA,NA,NA,NA,NA,NA,NA,NA,NA,NA
Lakshadweep,19.3',Tab. Fluconazole,4. Stock Distributed,NA,NA,NA,NA,NA,NA,NA,NA,NA,NA,NA,NA,NA,NA,NA,NA,NA,NA,NA,NA,NA,NA,NA,NA,NA,NA,NA,NA,NA,NA,NA,NA,NA,NA,NA,NA,NA,NA,NA,NA,NA,NA,NA,NA,NA,NA,NA,NA,NA,NA,NA,NA,NA,NA,NA,NA,NA,NA,NA,NA,NA,NA,NA,NA,NA
Lakshadweep,19.3',Tab. Fluconazole,5. Total Stock,0,NA,NA,NA,NA,0,NA,NA,NA,NA,0,NA,NA,NA,NA,0,NA,NA,NA,NA,0,NA,NA,NA,NA,0,NA,NA,NA,NA,0,NA,NA,NA,NA,0,NA,NA,NA,NA,0,NA,NA,NA,NA,0,NA,NA,NA,NA,0,NA,NA,NA,NA,0,NA,NA,NA,NA,0,NA,NA,NA,NA
Lakshadweep,'19.4',Blood Transfusion sets,1. Balance From Previous Month,NA,NA,NA,NA,NA,NA,NA,NA,NA,NA,NA,NA,NA,NA,NA,NA,NA,NA,NA,NA,NA,NA,NA,NA,NA,NA,NA,NA,NA,NA,NA,NA,NA,NA,NA,NA,NA,NA,NA,NA,NA,NA,NA,NA,NA,NA,NA,NA,NA,NA,NA,NA,NA,NA,NA,NA,NA,NA,NA,NA,NA,NA,NA,NA,NA
Lakshadweep,19.4',Blood Transfusion sets,2. Stocks Received,NA,NA,NA,NA,NA,NA,NA,NA,NA,NA,NA,NA,NA,NA,NA,NA,NA,NA,NA,NA,NA,NA,NA,NA,NA,NA,NA,NA,NA,NA,NA,NA,NA,NA,NA,NA,NA,NA,NA,NA,NA,NA,NA,NA,NA,NA,NA,NA,NA,NA,NA,NA,NA,NA,NA,NA,NA,NA,NA,NA,NA,NA,NA,NA,NA
Lakshadweep,19.4',Blood Transfusion sets,3. Unusable Stock,NA,NA,NA,NA,NA,NA,NA,NA,NA,NA,NA,NA,NA,NA,NA,NA,NA,NA,NA,NA,NA,NA,NA,NA,NA,NA,NA,NA,NA,NA,NA,NA,NA,NA,NA,NA,NA,NA,NA,NA,NA,NA,NA,NA,NA,NA,NA,NA,NA,NA,NA,NA,NA,NA,NA,NA,NA,NA,NA,NA,NA,NA,NA,NA,NA
Lakshadweep,19.4',Blood Transfusion sets,4. Stock Distributed,NA,NA,NA,NA,NA,NA,NA,NA,NA,NA,NA,NA,NA,NA,NA,NA,NA,NA,NA,NA,NA,NA,NA,NA,NA,NA,NA,NA,NA,NA,NA,NA,NA,NA,NA,NA,NA,NA,NA,NA,NA,NA,NA,NA,NA,NA,NA,NA,NA,NA,NA,NA,NA,NA,NA,NA,NA,NA,NA,NA,NA,NA,NA,NA,NA
Lakshadweep,19.4',Blood Transfusion sets,5. Total Stock,0,NA,NA,NA,NA,0,NA,NA,NA,NA,0,NA,NA,NA,NA,0,NA,NA,NA,NA,0,NA,NA,NA,NA,0,NA,NA,NA,NA,0,NA,NA,NA,NA,0,NA,NA,NA,NA,0,NA,NA,NA,NA,0,NA,NA,NA,NA,0,NA,NA,NA,NA,0,NA,NA,NA,NA,0,NA,NA,NA,NA
Lakshadweep,'19.5',Gluteraldehyde 2%,1. Balance From Previous Month,NA,NA,NA,NA,NA,NA,NA,NA,NA,NA,NA,NA,NA,NA,NA,NA,NA,NA,NA,NA,NA,NA,NA,NA,NA,NA,NA,NA,NA,NA,NA,NA,NA,NA,NA,NA,NA,NA,NA,NA,NA,NA,NA,NA,NA,NA,NA,NA,NA,NA,NA,NA,NA,NA,NA,NA,NA,NA,NA,NA,NA,NA,NA,NA,NA
Lakshadweep,19.5',Gluteraldehyde 2%,2. Stocks Received,NA,NA,NA,NA,NA,NA,NA,NA,NA,NA,NA,NA,NA,NA,NA,NA,NA,NA,NA,NA,NA,NA,NA,NA,NA,NA,NA,NA,NA,NA,NA,NA,NA,NA,NA,NA,NA,NA,NA,NA,NA,NA,NA,NA,NA,NA,NA,NA,NA,NA,NA,NA,NA,NA,NA,NA,NA,NA,NA,NA,NA,NA,NA,NA,NA
Lakshadweep,19.5',Gluteraldehyde 2%,3. Unusable Stock,NA,NA,NA,NA,NA,NA,NA,NA,NA,NA,NA,NA,NA,NA,NA,NA,NA,NA,NA,NA,NA,NA,NA,NA,NA,NA,NA,NA,NA,NA,NA,NA,NA,NA,NA,NA,NA,NA,NA,NA,NA,NA,NA,NA,NA,NA,NA,NA,NA,NA,NA,NA,NA,NA,NA,NA,NA,NA,NA,NA,NA,NA,NA,NA,NA
Lakshadweep,19.5',Gluteraldehyde 2%,4. Stock Distributed,NA,NA,NA,NA,NA,NA,NA,NA,NA,NA,NA,NA,NA,NA,NA,NA,NA,NA,NA,NA,NA,NA,NA,NA,NA,NA,NA,NA,NA,NA,NA,NA,NA,NA,NA,NA,NA,NA,NA,NA,NA,NA,NA,NA,NA,NA,NA,NA,NA,NA,NA,NA,NA,NA,NA,NA,NA,NA,NA,NA,NA,NA,NA,NA,NA
Lakshadweep,19.5',Gluteraldehyde 2%,5. Total Stock,0,NA,NA,NA,NA,0,NA,NA,NA,NA,0,NA,NA,NA,NA,0,NA,NA,NA,NA,0,NA,NA,NA,NA,0,NA,NA,NA,NA,0,NA,NA,NA,NA,0,NA,NA,NA,NA,0,NA,NA,NA,NA,0,NA,NA,NA,NA,0,NA,NA,NA,NA,0,NA,NA,NA,NA,0,NA,NA,NA,NA
Lakshadweep,'19.6',IFA tablets ( Adult),1. Balance From Previous Month,NA,NA,NA,NA,NA,NA,NA,NA,NA,NA,NA,NA,NA,NA,NA,NA,NA,NA,NA,NA,NA,NA,NA,NA,NA,NA,NA,NA,NA,NA,NA,NA,NA,NA,NA,NA,NA,NA,NA,NA,NA,NA,NA,NA,NA,NA,NA,NA,NA,NA,NA,NA,NA,NA,NA,NA,NA,NA,NA,NA,NA,NA,NA,NA,NA
Lakshadweep,19.6',IFA tablets ( Adult),2. Stocks Received,NA,NA,NA,NA,NA,NA,NA,NA,NA,NA,NA,NA,NA,NA,NA,NA,NA,NA,NA,NA,NA,NA,NA,NA,NA,NA,NA,NA,NA,NA,NA,NA,NA,NA,NA,NA,NA,NA,NA,NA,NA,NA,NA,NA,NA,NA,NA,NA,NA,NA,NA,NA,NA,NA,NA,NA,NA,NA,NA,NA,NA,NA,NA,NA,NA
Lakshadweep,19.6',IFA tablets ( Adult),3. Unusable Stock,NA,NA,NA,NA,NA,NA,NA,NA,NA,NA,NA,NA,NA,NA,NA,NA,NA,NA,NA,NA,NA,NA,NA,NA,NA,NA,NA,NA,NA,NA,NA,NA,NA,NA,NA,NA,NA,NA,NA,NA,NA,NA,NA,NA,NA,NA,NA,NA,NA,NA,NA,NA,NA,NA,NA,NA,NA,NA,NA,NA,NA,NA,NA,NA,NA
Lakshadweep,19.6',IFA tablets ( Adult),4. Stock Distributed,NA,NA,NA,NA,NA,NA,NA,NA,NA,NA,NA,NA,NA,NA,NA,NA,NA,NA,NA,NA,NA,NA,NA,NA,NA,NA,NA,NA,NA,NA,NA,NA,NA,NA,NA,NA,NA,NA,NA,NA,NA,NA,NA,NA,NA,NA,NA,NA,NA,NA,NA,NA,NA,NA,NA,NA,NA,NA,NA,NA,NA,NA,NA,NA,NA
Lakshadweep,19.6',IFA tablets ( Adult),5. Total Stock,0,NA,NA,NA,NA,0,NA,NA,NA,NA,0,NA,NA,NA,NA,0,NA,NA,NA,NA,0,NA,NA,NA,NA,0,NA,NA,NA,NA,0,NA,NA,NA,NA,0,NA,NA,NA,NA,0,NA,NA,NA,NA,0,NA,NA,NA,NA,0,NA,NA,NA,NA,0,NA,NA,NA,NA,0,NA,NA,NA,NA
Lakshadweep,'19.7',IFA - Blue ( Adolescent 10-19 yrs),1. Balance From Previous Month,NA,NA,NA,NA,NA,NA,NA,NA,NA,NA,NA,NA,NA,NA,NA,NA,NA,NA,NA,NA,NA,NA,NA,NA,NA,NA,NA,NA,NA,NA,NA,NA,NA,NA,NA,NA,NA,NA,NA,NA,NA,NA,NA,NA,NA,NA,NA,NA,NA,NA,NA,NA,NA,NA,NA,NA,NA,NA,NA,NA,NA,NA,NA,NA,NA
Lakshadweep,19.7',IFA - Blue ( Adolescent 10-19 yrs),2. Stocks Received,NA,NA,NA,NA,NA,NA,NA,NA,NA,NA,NA,NA,NA,NA,NA,NA,NA,NA,NA,NA,NA,NA,NA,NA,NA,NA,NA,NA,NA,NA,NA,NA,NA,NA,NA,NA,NA,NA,NA,NA,NA,NA,NA,NA,NA,NA,NA,NA,NA,NA,NA,NA,NA,NA,NA,NA,NA,NA,NA,NA,NA,NA,NA,NA,NA
Lakshadweep,19.7',IFA - Blue ( Adolescent 10-19 yrs),3. Unusable Stock,NA,NA,NA,NA,NA,NA,NA,NA,NA,NA,NA,NA,NA,NA,NA,NA,NA,NA,NA,NA,NA,NA,NA,NA,NA,NA,NA,NA,NA,NA,NA,NA,NA,NA,NA,NA,NA,NA,NA,NA,NA,NA,NA,NA,NA,NA,NA,NA,NA,NA,NA,NA,NA,NA,NA,NA,NA,NA,NA,NA,NA,NA,NA,NA,NA
Lakshadweep,19.7',IFA - Blue ( Adolescent 10-19 yrs),4. Stock Distributed,NA,NA,NA,NA,NA,NA,NA,NA,NA,NA,NA,NA,NA,NA,NA,NA,NA,NA,NA,NA,NA,NA,NA,NA,NA,NA,NA,NA,NA,NA,NA,NA,NA,NA,NA,NA,NA,NA,NA,NA,NA,NA,NA,NA,NA,NA,NA,NA,NA,NA,NA,NA,NA,NA,NA,NA,NA,NA,NA,NA,NA,NA,NA,NA,NA
Lakshadweep,19.7',IFA - Blue ( Adolescent 10-19 yrs),5. Total Stock,0,NA,NA,NA,NA,0,NA,NA,NA,NA,0,NA,NA,NA,NA,0,NA,NA,NA,NA,0,NA,NA,NA,NA,0,NA,NA,NA,NA,0,NA,NA,NA,NA,0,NA,NA,NA,NA,0,NA,NA,NA,NA,0,NA,NA,NA,NA,0,NA,NA,NA,NA,0,NA,NA,NA,NA,0,NA,NA,NA,NA
Lakshadweep,'19.8',IFA- Pink ( Junior 6-10 yrs),1. Balance From Previous Month,NA,NA,NA,NA,NA,NA,NA,NA,NA,NA,NA,NA,NA,NA,NA,NA,NA,NA,NA,NA,NA,NA,NA,NA,NA,NA,NA,NA,NA,NA,NA,NA,NA,NA,NA,NA,NA,NA,NA,NA,NA,NA,NA,NA,NA,NA,NA,NA,NA,NA,NA,NA,NA,NA,NA,NA,NA,NA,NA,NA,NA,NA,NA,NA,NA
Lakshadweep,19.8',IFA- Pink ( Junior 6-10 yrs),2. Stocks Received,NA,NA,NA,NA,NA,NA,NA,NA,NA,NA,NA,NA,NA,NA,NA,NA,NA,NA,NA,NA,NA,NA,NA,NA,NA,NA,NA,NA,NA,NA,NA,NA,NA,NA,NA,NA,NA,NA,NA,NA,NA,NA,NA,NA,NA,NA,NA,NA,NA,NA,NA,NA,NA,NA,NA,NA,NA,NA,NA,NA,NA,NA,NA,NA,NA
Lakshadweep,19.8',IFA- Pink ( Junior 6-10 yrs),3. Unusable Stock,NA,NA,NA,NA,NA,NA,NA,NA,NA,NA,NA,NA,NA,NA,NA,NA,NA,NA,NA,NA,NA,NA,NA,NA,NA,NA,NA,NA,NA,NA,NA,NA,NA,NA,NA,NA,NA,NA,NA,NA,NA,NA,NA,NA,NA,NA,NA,NA,NA,NA,NA,NA,NA,NA,NA,NA,NA,NA,NA,NA,NA,NA,NA,NA,NA
Lakshadweep,19.8',IFA- Pink ( Junior 6-10 yrs),4. Stock Distributed,NA,NA,NA,NA,NA,NA,NA,NA,NA,NA,NA,NA,NA,NA,NA,NA,NA,NA,NA,NA,NA,NA,NA,NA,NA,NA,NA,NA,NA,NA,NA,NA,NA,NA,NA,NA,NA,NA,NA,NA,NA,NA,NA,NA,NA,NA,NA,NA,NA,NA,NA,NA,NA,NA,NA,NA,NA,NA,NA,NA,NA,NA,NA,NA,NA
Lakshadweep,19.8',IFA- Pink ( Junior 6-10 yrs),5. Total Stock,0,NA,NA,NA,NA,0,NA,NA,NA,NA,0,NA,NA,NA,NA,0,NA,NA,NA,NA,0,NA,NA,NA,NA,0,NA,NA,NA,NA,0,NA,NA,NA,NA,0,NA,NA,NA,NA,0,NA,NA,NA,NA,0,NA,NA,NA,NA,0,NA,NA,NA,NA,0,NA,NA,NA,NA,0,NA,NA,NA,NA
Lakshadweep,'19.9',IFA Syrup (Paediatric),1. Balance From Previous Month,NA,NA,NA,NA,NA,NA,NA,NA,NA,NA,NA,NA,NA,NA,NA,NA,NA,NA,NA,NA,NA,NA,NA,NA,NA,NA,NA,NA,NA,NA,NA,NA,NA,NA,NA,NA,NA,NA,NA,NA,NA,NA,NA,NA,NA,NA,NA,NA,NA,NA,NA,NA,NA,NA,NA,NA,NA,NA,NA,NA,NA,NA,NA,NA,NA
Lakshadweep,19.9',IFA Syrup (Paediatric),2. Stocks Received,NA,NA,NA,NA,NA,NA,NA,NA,NA,NA,NA,NA,NA,NA,NA,NA,NA,NA,NA,NA,NA,NA,NA,NA,NA,NA,NA,NA,NA,NA,NA,NA,NA,NA,NA,NA,NA,NA,NA,NA,NA,NA,NA,NA,NA,NA,NA,NA,NA,NA,NA,NA,NA,NA,NA,NA,NA,NA,NA,NA,NA,NA,NA,NA,NA
Lakshadweep,19.9',IFA Syrup (Paediatric),3. Unusable Stock,NA,NA,NA,NA,NA,NA,NA,NA,NA,NA,NA,NA,NA,NA,NA,NA,NA,NA,NA,NA,NA,NA,NA,NA,NA,NA,NA,NA,NA,NA,NA,NA,NA,NA,NA,NA,NA,NA,NA,NA,NA,NA,NA,NA,NA,NA,NA,NA,NA,NA,NA,NA,NA,NA,NA,NA,NA,NA,NA,NA,NA,NA,NA,NA,NA
Lakshadweep,19.9',IFA Syrup (Paediatric),4. Stock Distributed,NA,NA,NA,NA,NA,NA,NA,NA,NA,NA,NA,NA,NA,NA,NA,NA,NA,NA,NA,NA,NA,NA,NA,NA,NA,NA,NA,NA,NA,NA,NA,NA,NA,NA,NA,NA,NA,NA,NA,NA,NA,NA,NA,NA,NA,NA,NA,NA,NA,NA,NA,NA,NA,NA,NA,NA,NA,NA,NA,NA,NA,NA,NA,NA,NA
Lakshadweep,19.9',IFA Syrup (Paediatric),5. Total Stock,0,NA,NA,NA,NA,0,NA,NA,NA,NA,0,NA,NA,NA,NA,0,NA,NA,NA,NA,0,NA,NA,NA,NA,0,NA,NA,NA,NA,0,NA,NA,NA,NA,0,NA,NA,NA,NA,0,NA,NA,NA,NA,0,NA,NA,NA,NA,0,NA,NA,NA,NA,0,NA,NA,NA,NA,0,NA,NA,NA,NA
Lakshadweep,'19.10',Paediatrics Antibiotics ( Amoxycillin and Injectable Gentamicin),1. Balance From Previous Month,NA,NA,NA,NA,NA,NA,NA,NA,NA,NA,NA,NA,NA,NA,NA,NA,NA,NA,NA,NA,NA,NA,NA,NA,NA,NA,NA,NA,NA,NA,NA,NA,NA,NA,NA,NA,NA,NA,NA,NA,NA,NA,NA,NA,NA,NA,NA,NA,NA,NA,NA,NA,NA,NA,NA,NA,NA,NA,NA,NA,NA,NA,NA,NA,NA
Lakshadweep,19.10',Paediatrics Antibiotics ( Amoxycillin and Injectable Gentamicin),2. Stocks Received,NA,NA,NA,NA,NA,NA,NA,NA,NA,NA,NA,NA,NA,NA,NA,NA,NA,NA,NA,NA,NA,NA,NA,NA,NA,NA,NA,NA,NA,NA,NA,NA,NA,NA,NA,NA,NA,NA,NA,NA,NA,NA,NA,NA,NA,NA,NA,NA,NA,NA,NA,NA,NA,NA,NA,NA,NA,NA,NA,NA,NA,NA,NA,NA,NA
Lakshadweep,19.10',Paediatrics Antibiotics ( Amoxycillin and Injectable Gentamicin),3. Unusable Stock,NA,NA,NA,NA,NA,NA,NA,NA,NA,NA,NA,NA,NA,NA,NA,NA,NA,NA,NA,NA,NA,NA,NA,NA,NA,NA,NA,NA,NA,NA,NA,NA,NA,NA,NA,NA,NA,NA,NA,NA,NA,NA,NA,NA,NA,NA,NA,NA,NA,NA,NA,NA,NA,NA,NA,NA,NA,NA,NA,NA,NA,NA,NA,NA,NA
Lakshadweep,19.10',Paediatrics Antibiotics ( Amoxycillin and Injectable Gentamicin),4. Stock Distributed,NA,NA,NA,NA,NA,NA,NA,NA,NA,NA,NA,NA,NA,NA,NA,NA,NA,NA,NA,NA,NA,NA,NA,NA,NA,NA,NA,NA,NA,NA,NA,NA,NA,NA,NA,NA,NA,NA,NA,NA,NA,NA,NA,NA,NA,NA,NA,NA,NA,NA,NA,NA,NA,NA,NA,NA,NA,NA,NA,NA,NA,NA,NA,NA,NA
Lakshadweep,19.10',Paediatrics Antibiotics ( Amoxycillin and Injectable Gentamicin),5. Total Stock,0,NA,NA,NA,NA,0,NA,NA,NA,NA,0,NA,NA,NA,NA,0,NA,NA,NA,NA,0,NA,NA,NA,NA,0,NA,NA,NA,NA,0,NA,NA,NA,NA,0,NA,NA,NA,NA,0,NA,NA,NA,NA,0,NA,NA,NA,NA,0,NA,NA,NA,NA,0,NA,NA,NA,NA,0,NA,NA,NA,NA
Lakshadweep,'19.11',Vit A syrup,1. Balance From Previous Month,NA,NA,NA,NA,NA,NA,NA,NA,NA,NA,NA,NA,NA,NA,NA,NA,NA,NA,NA,NA,NA,NA,NA,NA,NA,NA,NA,NA,NA,NA,NA,NA,NA,NA,NA,NA,NA,NA,NA,NA,NA,NA,NA,NA,NA,NA,NA,NA,NA,NA,NA,NA,NA,NA,NA,NA,NA,NA,NA,NA,NA,NA,NA,NA,NA
Lakshadweep,19.11',Vit A syrup,2. Stocks Received,NA,NA,NA,NA,NA,NA,NA,NA,NA,NA,NA,NA,NA,NA,NA,NA,NA,NA,NA,NA,NA,NA,NA,NA,NA,NA,NA,NA,NA,NA,NA,NA,NA,NA,NA,NA,NA,NA,NA,NA,NA,NA,NA,NA,NA,NA,NA,NA,NA,NA,NA,NA,NA,NA,NA,NA,NA,NA,NA,NA,NA,NA,NA,NA,NA
Lakshadweep,19.11',Vit A syrup,3. Unusable Stock,NA,NA,NA,NA,NA,NA,NA,NA,NA,NA,NA,NA,NA,NA,NA,NA,NA,NA,NA,NA,NA,NA,NA,NA,NA,NA,NA,NA,NA,NA,NA,NA,NA,NA,NA,NA,NA,NA,NA,NA,NA,NA,NA,NA,NA,NA,NA,NA,NA,NA,NA,NA,NA,NA,NA,NA,NA,NA,NA,NA,NA,NA,NA,NA,NA
Lakshadweep,19.11',Vit A syrup,4. Stock Distributed,NA,NA,NA,NA,NA,NA,NA,NA,NA,NA,NA,NA,NA,NA,NA,NA,NA,NA,NA,NA,NA,NA,NA,NA,NA,NA,NA,NA,NA,NA,NA,NA,NA,NA,NA,NA,NA,NA,NA,NA,NA,NA,NA,NA,NA,NA,NA,NA,NA,NA,NA,NA,NA,NA,NA,NA,NA,NA,NA,NA,NA,NA,NA,NA,NA
Lakshadweep,19.11',Vit A syrup,5. Total Stock,0,NA,NA,NA,NA,0,NA,NA,NA,NA,0,NA,NA,NA,NA,0,NA,NA,NA,NA,0,NA,NA,NA,NA,0,NA,NA,NA,NA,0,NA,NA,NA,NA,0,NA,NA,NA,NA,0,NA,NA,NA,NA,0,NA,NA,NA,NA,0,NA,NA,NA,NA,0,NA,NA,NA,NA,0,NA,NA,NA,NA
Lakshadweep,'19.12',ORS (New WHO),1. Balance From Previous Month,NA,NA,NA,NA,NA,NA,NA,NA,NA,NA,NA,NA,NA,NA,NA,NA,NA,NA,NA,NA,NA,NA,NA,NA,NA,NA,NA,NA,NA,NA,NA,NA,NA,NA,NA,NA,NA,NA,NA,NA,NA,NA,NA,NA,NA,NA,NA,NA,NA,NA,NA,NA,NA,NA,NA,NA,NA,NA,NA,NA,NA,NA,NA,NA,NA
Lakshadweep,19.12',ORS (New WHO),2. Stocks Received,NA,NA,NA,NA,NA,NA,NA,NA,NA,NA,NA,NA,NA,NA,NA,NA,NA,NA,NA,NA,NA,NA,NA,NA,NA,NA,NA,NA,NA,NA,NA,NA,NA,NA,NA,NA,NA,NA,NA,NA,NA,NA,NA,NA,NA,NA,NA,NA,NA,NA,NA,NA,NA,NA,NA,NA,NA,NA,NA,NA,NA,NA,NA,NA,NA
Lakshadweep,19.12',ORS (New WHO),3. Unusable Stock,NA,NA,NA,NA,NA,NA,NA,NA,NA,NA,NA,NA,NA,NA,NA,NA,NA,NA,NA,NA,NA,NA,NA,NA,NA,NA,NA,NA,NA,NA,NA,NA,NA,NA,NA,NA,NA,NA,NA,NA,NA,NA,NA,NA,NA,NA,NA,NA,NA,NA,NA,NA,NA,NA,NA,NA,NA,NA,NA,NA,NA,NA,NA,NA,NA
Lakshadweep,19.12',ORS (New WHO),4. Stock Distributed,NA,NA,NA,NA,NA,NA,NA,NA,NA,NA,NA,NA,NA,NA,NA,NA,NA,NA,NA,NA,NA,NA,NA,NA,NA,NA,NA,NA,NA,NA,NA,NA,NA,NA,NA,NA,NA,NA,NA,NA,NA,NA,NA,NA,NA,NA,NA,NA,NA,NA,NA,NA,NA,NA,NA,NA,NA,NA,NA,NA,NA,NA,NA,NA,NA
Lakshadweep,19.12',ORS (New WHO),5. Total Stock,NA,NA,NA,NA,NA,NA,NA,NA,NA,NA,NA,NA,NA,NA,NA,NA,NA,NA,NA,NA,NA,NA,NA,NA,NA,NA,NA,NA,NA,NA,NA,NA,NA,NA,NA,NA,NA,NA,NA,NA,NA,NA,NA,NA,NA,NA,NA,NA,NA,NA,NA,NA,NA,NA,NA,NA,NA,NA,NA,NA,NA,NA,NA,NA,NA
Lakshadweep,'19.13',RTI /STI colour coded syndromic kits ( I to VII),1. Balance From Previous Month,NA,NA,NA,NA,NA,NA,NA,NA,NA,NA,NA,NA,NA,NA,NA,NA,NA,NA,NA,NA,NA,NA,NA,NA,NA,NA,NA,NA,NA,NA,NA,NA,NA,NA,NA,NA,NA,NA,NA,NA,NA,NA,NA,NA,NA,NA,NA,NA,NA,NA,NA,NA,NA,NA,NA,NA,NA,NA,NA,NA,NA,NA,NA,NA,NA
Lakshadweep,19.13',RTI /STI colour coded syndromic kits ( I to VII),2. Stocks Received,NA,NA,NA,NA,NA,NA,NA,NA,NA,NA,NA,NA,NA,NA,NA,NA,NA,NA,NA,NA,NA,NA,NA,NA,NA,NA,NA,NA,NA,NA,NA,NA,NA,NA,NA,NA,NA,NA,NA,NA,NA,NA,NA,NA,NA,NA,NA,NA,NA,NA,NA,NA,NA,NA,NA,NA,NA,NA,NA,NA,NA,NA,NA,NA,NA
Lakshadweep,19.13',RTI /STI colour coded syndromic kits ( I to VII),3. Unusable Stock,NA,NA,NA,NA,NA,NA,NA,NA,NA,NA,NA,NA,NA,NA,NA,NA,NA,NA,NA,NA,NA,NA,NA,NA,NA,NA,NA,NA,NA,NA,NA,NA,NA,NA,NA,NA,NA,NA,NA,NA,NA,NA,NA,NA,NA,NA,NA,NA,NA,NA,NA,NA,NA,NA,NA,NA,NA,NA,NA,NA,NA,NA,NA,NA,NA
Lakshadweep,19.13',RTI /STI colour coded syndromic kits ( I to VII),4. Stock Distributed,NA,NA,NA,NA,NA,NA,NA,NA,NA,NA,NA,NA,NA,NA,NA,NA,NA,NA,NA,NA,NA,NA,NA,NA,NA,NA,NA,NA,NA,NA,NA,NA,NA,NA,NA,NA,NA,NA,NA,NA,NA,NA,NA,NA,NA,NA,NA,NA,NA,NA,NA,NA,NA,NA,NA,NA,NA,NA,NA,NA,NA,NA,NA,NA,NA
Lakshadweep,19.13',RTI /STI colour coded syndromic kits ( I to VII),5. Total Stock,NA,NA,NA,NA,NA,NA,NA,NA,NA,NA,NA,NA,NA,NA,NA,NA,NA,NA,NA,NA,NA,NA,NA,NA,NA,NA,NA,NA,NA,NA,NA,NA,NA,NA,NA,NA,NA,NA,NA,NA,NA,NA,NA,NA,NA,NA,NA,NA,NA,NA,NA,NA,NA,NA,NA,NA,NA,NA,NA,NA,NA,NA,NA,NA,NA
Lakshadweep,'19.14',Zinc 20 mg tablet,1. Balance From Previous Month,NA,NA,NA,NA,NA,NA,NA,NA,NA,NA,NA,NA,NA,NA,NA,NA,NA,NA,NA,NA,NA,NA,NA,NA,NA,NA,NA,NA,NA,NA,NA,NA,NA,NA,NA,NA,NA,NA,NA,NA,NA,NA,NA,NA,NA,NA,NA,NA,NA,NA,NA,NA,NA,NA,NA,NA,NA,NA,NA,NA,NA,NA,NA,NA,NA
Lakshadweep,19.14',Zinc 20 mg tablet,2. Stocks Received,NA,NA,NA,NA,NA,NA,NA,NA,NA,NA,NA,NA,NA,NA,NA,NA,NA,NA,NA,NA,NA,NA,NA,NA,NA,NA,NA,NA,NA,NA,NA,NA,NA,NA,NA,NA,NA,NA,NA,NA,NA,NA,NA,NA,NA,NA,NA,NA,NA,NA,NA,NA,NA,NA,NA,NA,NA,NA,NA,NA,NA,NA,NA,NA,NA
Lakshadweep,19.14',Zinc 20 mg tablet,3. Unusable Stock,NA,NA,NA,NA,NA,NA,NA,NA,NA,NA,NA,NA,NA,NA,NA,NA,NA,NA,NA,NA,NA,NA,NA,NA,NA,NA,NA,NA,NA,NA,NA,NA,NA,NA,NA,NA,NA,NA,NA,NA,NA,NA,NA,NA,NA,NA,NA,NA,NA,NA,NA,NA,NA,NA,NA,NA,NA,NA,NA,NA,NA,NA,NA,NA,NA
Lakshadweep,19.14',Zinc 20 mg tablet,4. Stock Distributed,NA,NA,NA,NA,NA,NA,NA,NA,NA,NA,NA,NA,NA,NA,NA,NA,NA,NA,NA,NA,NA,NA,NA,NA,NA,NA,NA,NA,NA,NA,NA,NA,NA,NA,NA,NA,NA,NA,NA,NA,NA,NA,NA,NA,NA,NA,NA,NA,NA,NA,NA,NA,NA,NA,NA,NA,NA,NA,NA,NA,NA,NA,NA,NA,NA
Lakshadweep,19.14',Zinc 20 mg tablet,5. Total Stock,NA,NA,NA,NA,NA,NA,NA,NA,NA,NA,NA,NA,NA,NA,NA,NA,NA,NA,NA,NA,NA,NA,NA,NA,NA,NA,NA,NA,NA,NA,NA,NA,NA,NA,NA,NA,NA,NA,NA,NA,NA,NA,NA,NA,NA,NA,NA,NA,NA,NA,NA,NA,NA,NA,NA,NA,NA,NA,NA,NA,NA,NA,NA,NA,NA
Lakshadweep,'19.15',Albendazole 400 mg tablet,1. Balance From Previous Month,NA,NA,NA,NA,NA,NA,NA,NA,NA,NA,NA,NA,NA,NA,NA,NA,NA,NA,NA,NA,NA,NA,NA,NA,NA,NA,NA,NA,NA,NA,NA,NA,NA,NA,NA,NA,NA,NA,NA,NA,NA,NA,NA,NA,NA,NA,NA,NA,NA,NA,NA,NA,NA,NA,NA,NA,NA,NA,NA,NA,NA,NA,NA,NA,NA
Lakshadweep,19.15',Albendazole 400 mg tablet,2. Stocks Received,NA,NA,NA,NA,NA,NA,NA,NA,NA,NA,NA,NA,NA,NA,NA,NA,NA,NA,NA,NA,NA,NA,NA,NA,NA,NA,NA,NA,NA,NA,NA,NA,NA,NA,NA,NA,NA,NA,NA,NA,NA,NA,NA,NA,NA,NA,NA,NA,NA,NA,NA,NA,NA,NA,NA,NA,NA,NA,NA,NA,NA,NA,NA,NA,NA
Lakshadweep,19.15',Albendazole 400 mg tablet,3. Unusable Stock,NA,NA,NA,NA,NA,NA,NA,NA,NA,NA,NA,NA,NA,NA,NA,NA,NA,NA,NA,NA,NA,NA,NA,NA,NA,NA,NA,NA,NA,NA,NA,NA,NA,NA,NA,NA,NA,NA,NA,NA,NA,NA,NA,NA,NA,NA,NA,NA,NA,NA,NA,NA,NA,NA,NA,NA,NA,NA,NA,NA,NA,NA,NA,NA,NA
Lakshadweep,19.15',Albendazole 400 mg tablet,4. Stock Distributed,NA,NA,NA,NA,NA,NA,NA,NA,NA,NA,NA,NA,NA,NA,NA,NA,NA,NA,NA,NA,NA,NA,NA,NA,NA,NA,NA,NA,NA,NA,NA,NA,NA,NA,NA,NA,NA,NA,NA,NA,NA,NA,NA,NA,NA,NA,NA,NA,NA,NA,NA,NA,NA,NA,NA,NA,NA,NA,NA,NA,NA,NA,NA,NA,NA
Lakshadweep,19.15',Albendazole 400 mg tablet,5. Total Stock,NA,NA,NA,NA,NA,NA,NA,NA,NA,NA,NA,NA,NA,NA,NA,NA,NA,NA,NA,NA,NA,NA,NA,NA,NA,NA,NA,NA,NA,NA,NA,NA,NA,NA,NA,NA,NA,NA,NA,NA,NA,NA,NA,NA,NA,NA,NA,NA,NA,NA,NA,NA,NA,NA,NA,NA,NA,NA,NA,NA,NA,NA,NA,NA,NA
Lakshadweep,'19.16',Calcium Tablets,1. Balance From Previous Month,NA,NA,NA,NA,NA,NA,NA,NA,NA,NA,NA,NA,NA,NA,NA,NA,NA,NA,NA,NA,NA,NA,NA,NA,NA,NA,NA,NA,NA,NA,NA,NA,NA,NA,NA,NA,NA,NA,NA,NA,NA,NA,NA,NA,NA,NA,NA,NA,NA,NA,NA,NA,NA,NA,NA,NA,NA,NA,NA,NA,NA,NA,NA,NA,NA
Lakshadweep,19.16',Calcium Tablets,2. Stocks Received,NA,NA,NA,NA,NA,NA,NA,NA,NA,NA,NA,NA,NA,NA,NA,NA,NA,NA,NA,NA,NA,NA,NA,NA,NA,NA,NA,NA,NA,NA,NA,NA,NA,NA,NA,NA,NA,NA,NA,NA,NA,NA,NA,NA,NA,NA,NA,NA,NA,NA,NA,NA,NA,NA,NA,NA,NA,NA,NA,NA,NA,NA,NA,NA,NA
Lakshadweep,19.16',Calcium Tablets,3. Unusable Stock,NA,NA,NA,NA,NA,NA,NA,NA,NA,NA,NA,NA,NA,NA,NA,NA,NA,NA,NA,NA,NA,NA,NA,NA,NA,NA,NA,NA,NA,NA,NA,NA,NA,NA,NA,NA,NA,NA,NA,NA,NA,NA,NA,NA,NA,NA,NA,NA,NA,NA,NA,NA,NA,NA,NA,NA,NA,NA,NA,NA,NA,NA,NA,NA,NA
Lakshadweep,19.16',Calcium Tablets,4. Stock Distributed,NA,NA,NA,NA,NA,NA,NA,NA,NA,NA,NA,NA,NA,NA,NA,NA,NA,NA,NA,NA,NA,NA,NA,NA,NA,NA,NA,NA,NA,NA,NA,NA,NA,NA,NA,NA,NA,NA,NA,NA,NA,NA,NA,NA,NA,NA,NA,NA,NA,NA,NA,NA,NA,NA,NA,NA,NA,NA,NA,NA,NA,NA,NA,NA,NA
Lakshadweep,19.16',Calcium Tablets,5. Total Stock,NA,NA,NA,NA,NA,NA,NA,NA,NA,NA,NA,NA,NA,NA,NA,NA,NA,NA,NA,NA,NA,NA,NA,NA,NA,NA,NA,NA,NA,NA,NA,NA,NA,NA,NA,NA,NA,NA,NA,NA,NA,NA,NA,NA,NA,NA,NA,NA,NA,NA,NA,NA,NA,NA,NA,NA,NA,NA,NA,NA,NA,NA,NA,NA,NA
Lakshadweep,'20.1',Syringes - 0.1 ml (AD),1. Balance From Previous Month,1600,NA,NA,NA,NA,14000,NA,NA,NA,NA,1400,NA,NA,NA,NA,1100,NA,NA,NA,NA,900,NA,NA,NA,NA,500,NA,NA,NA,NA,300,NA,NA,NA,NA,0,NA,NA,NA,NA,6800,NA,NA,NA,NA,6800,NA,NA,NA,NA,6400,NA,NA,NA,NA,6400,NA,NA,NA,NA,46200,NA,NA,NA,NA
Lakshadweep,20.1',Syringes - 0.1 ml (AD),2. Stocks Received,0,NA,NA,NA,NA,0,NA,NA,NA,NA,0,NA,NA,NA,NA,0,NA,NA,NA,NA,0,NA,NA,NA,NA,0,NA,NA,NA,NA,0,NA,NA,NA,NA,7500,NA,NA,NA,NA,0,NA,NA,NA,NA,0,NA,NA,NA,NA,0,NA,NA,NA,NA,0,NA,NA,NA,NA,7500,NA,NA,NA,NA
Lakshadweep,20.1',Syringes - 0.1 ml (AD),3. Unusable Stock,0,NA,NA,NA,NA,0,NA,NA,NA,NA,0,NA,NA,NA,NA,0,NA,NA,NA,NA,0,NA,NA,NA,NA,0,NA,NA,NA,NA,0,NA,NA,NA,NA,0,NA,NA,NA,NA,0,NA,NA,NA,NA,0,NA,NA,NA,NA,0,NA,NA,NA,NA,0,NA,NA,NA,NA,0,NA,NA,NA,NA
Lakshadweep,20.1',Syringes - 0.1 ml (AD),4. Stock Distributed,200,NA,NA,NA,NA,0,NA,NA,NA,NA,300,NA,NA,NA,NA,200,NA,NA,NA,NA,400,NA,NA,NA,NA,200,NA,NA,NA,NA,300,NA,NA,NA,NA,700,NA,NA,NA,NA,0,NA,NA,NA,NA,400,NA,NA,NA,NA,0,NA,NA,NA,NA,0,NA,NA,NA,NA,2700,NA,NA,NA,NA
Lakshadweep,20.1',Syringes - 0.1 ml (AD),5. Total Stock,1400,NA,NA,NA,NA,14000,NA,NA,NA,NA,1100,NA,NA,NA,NA,900,NA,NA,NA,NA,500,NA,NA,NA,NA,300,NA,NA,NA,NA,0,NA,NA,NA,NA,6800,NA,NA,NA,NA,6800,NA,NA,NA,NA,6400,NA,NA,NA,NA,6400,NA,NA,NA,NA,6400,NA,NA,NA,NA,51000,NA,NA,NA,NA
Lakshadweep,'20.2',Syringes - 0.5 ml (AD),1. Balance From Previous Month,6000,NA,NA,NA,NA,6000,NA,NA,NA,NA,6000,NA,NA,NA,NA,6000,NA,NA,NA,NA,5800,NA,NA,NA,NA,5400,NA,NA,NA,NA,5200,NA,NA,NA,NA,5600,NA,NA,NA,NA,10600,NA,NA,NA,NA,10600,NA,NA,NA,NA,2600,NA,NA,NA,NA,1600,NA,NA,NA,NA,71400,NA,NA,NA,NA
Lakshadweep,20.2',Syringes - 0.5 ml (AD),2. Stocks Received,0,NA,NA,NA,NA,0,NA,NA,NA,NA,0,NA,NA,NA,NA,0,NA,NA,NA,NA,0,NA,NA,NA,NA,0,NA,NA,NA,NA,0,NA,NA,NA,NA,5000,NA,NA,NA,NA,0,NA,NA,NA,NA,0,NA,NA,NA,NA,0,NA,NA,NA,NA,0,NA,NA,NA,NA,5000,NA,NA,NA,NA
Lakshadweep,20.2',Syringes - 0.5 ml (AD),3. Unusable Stock,0,NA,NA,NA,NA,0,NA,NA,NA,NA,0,NA,NA,NA,NA,0,NA,NA,NA,NA,0,NA,NA,NA,NA,0,NA,NA,NA,NA,0,NA,NA,NA,NA,0,NA,NA,NA,NA,0,NA,NA,NA,NA,0,NA,NA,NA,NA,0,NA,NA,NA,NA,0,NA,NA,NA,NA,0,NA,NA,NA,NA
Lakshadweep,20.2',Syringes - 0.5 ml (AD),4. Stock Distributed,0,NA,NA,NA,NA,0,NA,NA,NA,NA,0,NA,NA,NA,NA,200,NA,NA,NA,NA,400,NA,NA,NA,NA,200,NA,NA,NA,NA,0,NA,NA,NA,NA,0,NA,NA,NA,NA,0,NA,NA,NA,NA,8000,NA,NA,NA,NA,1000,NA,NA,NA,NA,0,NA,NA,NA,NA,9800,NA,NA,NA,NA
Lakshadweep,20.2',Syringes - 0.5 ml (AD),5. Total Stock,6000,NA,NA,NA,NA,6000,NA,NA,NA,NA,6000,NA,NA,NA,NA,5800,NA,NA,NA,NA,5400,NA,NA,NA,NA,5200,NA,NA,NA,NA,5200,NA,NA,NA,NA,10600,NA,NA,NA,NA,10600,NA,NA,NA,NA,2600,NA,NA,NA,NA,1600,NA,NA,NA,NA,1600,NA,NA,NA,NA,66600,NA,NA,NA,NA
Lakshadweep,'20.3',Syringes - 5.0 ml (Disposable),1. Balance From Previous Month,200,NA,NA,NA,NA,0,NA,NA,NA,NA,0,NA,NA,NA,NA,0,NA,NA,NA,NA,0,NA,NA,NA,NA,0,NA,NA,NA,NA,NA,NA,NA,NA,NA,200,NA,NA,NA,NA,10400,NA,NA,NA,NA,10400,NA,NA,NA,NA,10400,NA,NA,NA,NA,10400,NA,NA,NA,NA,42000,NA,NA,NA,NA
Lakshadweep,20.3',Syringes - 5.0 ml (Disposable),2. Stocks Received,0,NA,NA,NA,NA,0,NA,NA,NA,NA,0,NA,NA,NA,NA,0,NA,NA,NA,NA,0,NA,NA,NA,NA,0,NA,NA,NA,NA,NA,NA,NA,NA,NA,10200,NA,NA,NA,NA,0,NA,NA,NA,NA,0,NA,NA,NA,NA,0,NA,NA,NA,NA,0,NA,NA,NA,NA,10200,NA,NA,NA,NA
Lakshadweep,20.3',Syringes - 5.0 ml (Disposable),3. Unusable Stock,0,NA,NA,NA,NA,0,NA,NA,NA,NA,0,NA,NA,NA,NA,0,NA,NA,NA,NA,0,NA,NA,NA,NA,0,NA,NA,NA,NA,NA,NA,NA,NA,NA,0,NA,NA,NA,NA,0,NA,NA,NA,NA,0,NA,NA,NA,NA,0,NA,NA,NA,NA,0,NA,NA,NA,NA,0,NA,NA,NA,NA
Lakshadweep,20.3',Syringes - 5.0 ml (Disposable),4. Stock Distributed,200,NA,NA,NA,NA,0,NA,NA,NA,NA,0,NA,NA,NA,NA,0,NA,NA,NA,NA,0,NA,NA,NA,NA,0,NA,NA,NA,NA,NA,NA,NA,NA,NA,0,NA,NA,NA,NA,0,NA,NA,NA,NA,0,NA,NA,NA,NA,0,NA,NA,NA,NA,0,NA,NA,NA,NA,200,NA,NA,NA,NA
Lakshadweep,20.3',Syringes - 5.0 ml (Disposable),5. Total Stock,0,NA,NA,NA,NA,0,NA,NA,NA,NA,0,NA,NA,NA,NA,0,NA,NA,NA,NA,0,NA,NA,NA,NA,0,NA,NA,NA,NA,0,NA,NA,NA,NA,10400,NA,NA,NA,NA,10400,NA,NA,NA,NA,10400,NA,NA,NA,NA,10400,NA,NA,NA,NA,10400,NA,NA,NA,NA,52000,NA,NA,NA,NA
Lakshadweep,'21.1',Number of newborn screened for defects at birth (as per RBSK),TOTAL,NA,NA,NA,NA,NA,NA,NA,NA,NA,NA,NA,NA,NA,NA,NA,NA,NA,NA,NA,NA,NA,NA,NA,NA,NA,NA,NA,NA,NA,NA,NA,NA,NA,NA,NA,NA,NA,NA,NA,NA,NA,NA,NA,NA,NA,NA,NA,NA,NA,NA,NA,NA,NA,NA,NA,NA,NA,NA,NA,NA,NA,NA,NA,NA,NA
Lakshadweep,'21.2',Number of children (6 month to 6 years) screened by RBSK mobile health teams at Anganwadi center,TOTAL,NA,NA,NA,NA,NA,NA,NA,NA,NA,NA,NA,NA,NA,NA,NA,NA,NA,NA,NA,NA,NA,NA,NA,NA,NA,NA,NA,NA,NA,NA,NA,NA,NA,NA,NA,NA,NA,NA,NA,NA,NA,NA,NA,NA,NA,NA,NA,NA,NA,NA,NA,NA,NA,NA,NA,NA,NA,NA,NA,NA,NA,NA,NA,NA,NA
Lakshadweep,'21.3',Number of children (6 years to 18 years) screened by RBSK mobile health teams at Govt and Govt aided schools,TOTAL,NA,NA,NA,NA,NA,NA,NA,NA,NA,NA,NA,NA,NA,NA,NA,NA,NA,NA,NA,NA,NA,NA,NA,NA,NA,NA,NA,NA,NA,NA,NA,NA,NA,NA,NA,NA,NA,NA,NA,NA,NA,NA,NA,NA,NA,NA,NA,NA,NA,NA,NA,NA,NA,NA,NA,NA,NA,NA,NA,NA,NA,NA,NA,NA,NA
Lakshadweep,'21.4.1.a',Number of Male children identified with Disease,TOTAL,NA,NA,NA,NA,NA,NA,NA,NA,NA,NA,NA,NA,NA,NA,NA,NA,NA,NA,NA,NA,NA,NA,NA,NA,NA,NA,NA,NA,NA,NA,NA,NA,NA,NA,NA,NA,NA,NA,NA,NA,NA,NA,NA,NA,NA,NA,NA,NA,NA,NA,NA,NA,NA,NA,NA,NA,NA,NA,NA,NA,NA,NA,NA,NA,NA
Lakshadweep,'21.4.1.b',Number of Female children identified with Disease,TOTAL,NA,NA,NA,NA,NA,NA,NA,NA,NA,NA,NA,NA,NA,NA,NA,NA,NA,NA,NA,NA,NA,NA,NA,NA,NA,NA,NA,NA,NA,NA,NA,NA,NA,NA,NA,NA,NA,NA,NA,NA,NA,NA,NA,NA,NA,NA,NA,NA,NA,NA,NA,NA,NA,NA,NA,NA,NA,NA,NA,NA,NA,NA,NA,NA,NA
Lakshadweep,'21.4.2.a',Number of Male children identified with Deficiency,TOTAL,NA,NA,NA,NA,NA,NA,NA,NA,NA,NA,NA,NA,NA,NA,NA,NA,NA,NA,NA,NA,NA,NA,NA,NA,NA,NA,NA,NA,NA,NA,NA,NA,NA,NA,NA,NA,NA,NA,NA,NA,NA,NA,NA,NA,NA,NA,NA,NA,NA,NA,NA,NA,NA,NA,NA,NA,NA,NA,NA,NA,NA,NA,NA,NA,NA
Lakshadweep,'21.4.2.b',Number of Female children identified with Deficiency,TOTAL,NA,NA,NA,NA,NA,NA,NA,NA,NA,NA,NA,NA,NA,NA,NA,NA,NA,NA,NA,NA,NA,NA,NA,NA,NA,NA,NA,NA,NA,NA,NA,NA,NA,NA,NA,NA,NA,NA,NA,NA,NA,NA,NA,NA,NA,NA,NA,NA,NA,NA,NA,NA,NA,NA,NA,NA,NA,NA,NA,NA,NA,NA,NA,NA,NA
Lakshadweep,'21.4.3.a',Number of Male children identified with Developmental delay,TOTAL,NA,NA,NA,NA,NA,NA,NA,NA,NA,NA,NA,NA,NA,NA,NA,NA,NA,NA,NA,NA,NA,NA,NA,NA,NA,NA,NA,NA,NA,NA,NA,NA,NA,NA,NA,NA,NA,NA,NA,NA,NA,NA,NA,NA,NA,NA,NA,NA,NA,NA,NA,NA,NA,NA,NA,NA,NA,NA,NA,NA,NA,NA,NA,NA,NA
Lakshadweep,'21.4.3.b',Number of Female children identified with Developmental delay,TOTAL,NA,NA,NA,NA,NA,NA,NA,NA,NA,NA,NA,NA,NA,NA,NA,NA,NA,NA,NA,NA,NA,NA,NA,NA,NA,NA,NA,NA,NA,NA,NA,NA,NA,NA,NA,NA,NA,NA,NA,NA,NA,NA,NA,NA,NA,NA,NA,NA,NA,NA,NA,NA,NA,NA,NA,NA,NA,NA,NA,NA,NA,NA,NA,NA,NA
Lakshadweep,'21.5.1',Number of Children Managed by Intervention - Medical,TOTAL,NA,NA,NA,NA,NA,NA,NA,NA,NA,NA,NA,NA,NA,NA,NA,NA,NA,NA,NA,NA,NA,NA,NA,NA,NA,NA,NA,NA,NA,NA,NA,NA,NA,NA,NA,NA,NA,NA,NA,NA,NA,NA,NA,NA,NA,NA,NA,NA,NA,NA,NA,NA,NA,NA,NA,NA,NA,NA,NA,NA,NA,NA,NA,NA,NA
Lakshadweep,'21.5.2',Number of Children Managed by Intervention - Surgical,TOTAL,NA,NA,NA,NA,NA,NA,NA,NA,NA,NA,NA,NA,NA,NA,NA,NA,NA,NA,NA,NA,NA,NA,NA,NA,NA,NA,NA,NA,NA,NA,NA,NA,NA,NA,NA,NA,NA,NA,NA,NA,NA,NA,NA,NA,NA,NA,NA,NA,NA,NA,NA,NA,NA,NA,NA,NA,NA,NA,NA,NA,NA,NA,NA,NA,NA
Lakshadweep,'21.5.3',Early intervention at DEIC ( District Early Intervention Centre),TOTAL,NA,NA,NA,NA,NA,NA,NA,NA,NA,NA,NA,NA,NA,NA,NA,NA,NA,NA,NA,NA,NA,NA,NA,NA,NA,NA,NA,NA,NA,NA,NA,NA,NA,NA,NA,NA,NA,NA,NA,NA,NA,NA,NA,NA,NA,NA,NA,NA,NA,NA,NA,NA,NA,NA,NA,NA,NA,NA,NA,NA,NA,NA,NA,NA,NA
Lakshadweep,'22.1.1.a',Girls (6th -12th class) provided 4 IFA tablets in schools,TOTAL,NA,NA,NA,NA,NA,NA,NA,NA,NA,NA,NA,NA,NA,NA,NA,NA,NA,NA,NA,NA,NA,NA,NA,NA,NA,NA,NA,NA,NA,NA,NA,NA,NA,NA,NA,NA,NA,NA,NA,NA,NA,NA,NA,NA,NA,NA,NA,NA,NA,NA,NA,NA,NA,NA,NA,NA,NA,NA,NA,NA,NA,NA,NA,NA,NA
Lakshadweep,'22.1.1.b',Boys (6th -12th class) provided 4 IFA tablets in schools,TOTAL,NA,NA,NA,NA,NA,NA,NA,NA,NA,NA,NA,NA,NA,NA,NA,NA,NA,NA,NA,NA,NA,NA,NA,NA,NA,NA,NA,NA,NA,NA,NA,NA,NA,NA,NA,NA,NA,NA,NA,NA,NA,NA,NA,NA,NA,NA,NA,NA,NA,NA,NA,NA,NA,NA,NA,NA,NA,NA,NA,NA,NA,NA,NA,NA,NA
Lakshadweep,'22.1.2.a',Girls (6th -12th class) provided albendazole in schools,TOTAL,NA,NA,NA,NA,NA,NA,NA,NA,NA,NA,NA,NA,NA,NA,NA,NA,NA,NA,NA,NA,NA,NA,NA,NA,NA,NA,NA,NA,NA,NA,NA,NA,NA,NA,NA,NA,NA,NA,NA,NA,NA,NA,NA,NA,NA,NA,NA,NA,NA,NA,NA,NA,NA,NA,NA,NA,NA,NA,NA,NA,NA,NA,NA,NA,NA
Lakshadweep,'22.1.2.b',Boys (6th -12th class) provided albendazole in schools,TOTAL,NA,NA,NA,NA,NA,NA,NA,NA,NA,NA,NA,NA,NA,NA,NA,NA,NA,NA,NA,NA,NA,NA,NA,NA,NA,NA,NA,NA,NA,NA,NA,NA,NA,NA,NA,NA,NA,NA,NA,NA,NA,NA,NA,NA,NA,NA,NA,NA,NA,NA,NA,NA,NA,NA,NA,NA,NA,NA,NA,NA,NA,NA,NA,NA,NA
Lakshadweep,'22.1.3',Number of out of school adolscent girls (10-19 years) provided 4 IFA tablets at Anganwadi Centres,TOTAL,NA,NA,NA,NA,NA,NA,NA,NA,NA,NA,NA,NA,NA,NA,NA,NA,NA,NA,NA,NA,NA,NA,NA,NA,NA,NA,NA,NA,NA,NA,NA,NA,NA,NA,NA,NA,NA,NA,NA,NA,NA,NA,NA,NA,NA,NA,NA,NA,NA,NA,NA,NA,NA,NA,NA,NA,NA,NA,NA,NA,NA,NA,NA,NA,NA
Lakshadweep,'22.1.4',Number of out of school adolscent girls (10-19 years) provided albendazole at Anganwadi Centres,TOTAL,NA,NA,NA,NA,NA,NA,NA,NA,NA,NA,NA,NA,NA,NA,NA,NA,NA,NA,NA,NA,NA,NA,NA,NA,NA,NA,NA,NA,NA,NA,NA,NA,NA,NA,NA,NA,NA,NA,NA,NA,NA,NA,NA,NA,NA,NA,NA,NA,NA,NA,NA,NA,NA,NA,NA,NA,NA,NA,NA,NA,NA,NA,NA,NA,NA
Lakshadweep,'22.2.1',Number of adolescent girls provided sanitary napkin packs,TOTAL,NA,NA,NA,NA,NA,NA,NA,NA,NA,NA,NA,NA,NA,NA,NA,NA,NA,NA,NA,NA,NA,NA,NA,NA,NA,NA,NA,NA,NA,NA,NA,NA,NA,NA,NA,NA,NA,NA,NA,NA,NA,NA,NA,NA,NA,NA,NA,NA,NA,NA,NA,NA,NA,NA,NA,NA,NA,NA,NA,NA,NA,NA,NA,NA,NA
Lakshadweep,'22.2.2',Number of sanitary napkin packs sold to adolescent girls,TOTAL,NA,NA,NA,NA,NA,NA,NA,NA,NA,NA,NA,NA,NA,NA,NA,NA,NA,NA,NA,NA,NA,NA,NA,NA,NA,NA,NA,NA,NA,NA,NA,NA,NA,NA,NA,NA,NA,NA,NA,NA,NA,NA,NA,NA,NA,NA,NA,NA,NA,NA,NA,NA,NA,NA,NA,NA,NA,NA,NA,NA,NA,NA,NA,NA,NA
Lakshadweep,'22.2.3',Number of sanitary napkin packs distributed free to ASHA,TOTAL,NA,NA,NA,NA,NA,NA,NA,NA,NA,NA,NA,NA,NA,NA,NA,NA,NA,NA,NA,NA,NA,NA,NA,NA,NA,NA,NA,NA,NA,NA,NA,NA,NA,NA,NA,NA,NA,NA,NA,NA,NA,NA,NA,NA,NA,NA,NA,NA,NA,NA,NA,NA,NA,NA,NA,NA,NA,NA,NA,NA,NA,NA,NA,NA,NA
Lakshadweep,'22.2.4',Number of adolescent girls attended monthly meeting,TOTAL,NA,NA,NA,NA,NA,NA,NA,NA,NA,NA,NA,NA,NA,NA,NA,NA,NA,NA,NA,NA,NA,NA,NA,NA,NA,NA,NA,NA,NA,NA,NA,NA,NA,NA,NA,NA,NA,NA,NA,NA,NA,NA,NA,NA,NA,NA,NA,NA,NA,NA,NA,NA,NA,NA,NA,NA,NA,NA,NA,NA,NA,NA,NA,NA,NA
Lakshadweep,'23.1',Number of children covered under WIFS JUNIOR (6 - 10 years ) provided 4-5 IFA tablets in schools,TOTAL,NA,NA,NA,NA,NA,NA,NA,NA,NA,NA,NA,NA,NA,NA,NA,NA,NA,NA,NA,NA,NA,NA,NA,NA,NA,NA,NA,NA,NA,NA,NA,NA,NA,NA,NA,NA,NA,NA,NA,NA,NA,NA,NA,NA,NA,NA,NA,NA,NA,NA,NA,NA,NA,NA,NA,NA,NA,NA,NA,NA,NA,NA,NA,NA,NA
Lakshadweep,'23.2',Number of children (6 - 10 years) provided albendazole in schools,TOTAL,NA,NA,NA,NA,NA,NA,NA,NA,NA,NA,NA,NA,NA,NA,NA,NA,NA,NA,NA,NA,NA,NA,NA,NA,NA,NA,NA,NA,NA,NA,NA,NA,NA,NA,NA,NA,NA,NA,NA,NA,NA,NA,NA,NA,NA,NA,NA,NA,NA,NA,NA,NA,NA,NA,NA,NA,NA,NA,NA,NA,NA,NA,NA,NA,NA
Lakshadweep,'23.3',Number of out of school children (6-10 years) given 4-5 IFA tablets at Anganwadi Centres,TOTAL,NA,NA,NA,NA,NA,NA,NA,NA,NA,NA,NA,NA,NA,NA,NA,NA,NA,NA,NA,NA,NA,NA,NA,NA,NA,NA,NA,NA,NA,NA,NA,NA,NA,NA,NA,NA,NA,NA,NA,NA,NA,NA,NA,NA,NA,NA,NA,NA,NA,NA,NA,NA,NA,NA,NA,NA,NA,NA,NA,NA,NA,NA,NA,NA,NA
Lakshadweep,'23.4',Number of out of school children (6-10 years) provided albendazole at Anganwadi Centres,TOTAL,NA,NA,NA,NA,NA,NA,NA,NA,NA,NA,NA,NA,NA,NA,NA,NA,NA,NA,NA,NA,NA,NA,NA,NA,NA,NA,NA,NA,NA,NA,NA,NA,NA,NA,NA,NA,NA,NA,NA,NA,NA,NA,NA,NA,NA,NA,NA,NA,NA,NA,NA,NA,NA,NA,NA,NA,NA,NA,NA,NA,NA,NA,NA,NA,NA
Lakshadweep,'24.1',Total Maternal Deaths Reviewed (MDR) by CMO,TOTAL,NA,NA,NA,NA,NA,NA,NA,NA,NA,NA,NA,NA,NA,NA,NA,NA,NA,NA,NA,NA,NA,NA,NA,NA,NA,NA,NA,NA,NA,NA,NA,NA,NA,NA,NA,NA,NA,NA,NA,NA,NA,NA,NA,NA,NA,NA,NA,NA,NA,NA,NA,NA,NA,NA,NA,NA,NA,NA,NA,NA,NA,NA,NA,NA,NA
Lakshadweep,'24.2',Total Maternal Deaths Reviewed (MDR) by DM,TOTAL,NA,NA,NA,NA,NA,NA,NA,NA,NA,NA,NA,NA,NA,NA,NA,NA,NA,NA,NA,NA,NA,NA,NA,NA,NA,NA,NA,NA,NA,NA,NA,NA,NA,NA,NA,NA,NA,NA,NA,NA,NA,NA,NA,NA,NA,NA,NA,NA,NA,NA,NA,NA,NA,NA,NA,NA,NA,NA,NA,NA,NA,NA,NA,NA,NA
Lakshadweep,'24.3',Number of maternal deaths reported through Community based Maternal Death Review (CBMDR),TOTAL,NA,NA,NA,NA,NA,NA,NA,NA,NA,NA,NA,NA,NA,NA,NA,NA,NA,NA,NA,NA,NA,NA,NA,NA,NA,NA,NA,NA,NA,NA,NA,NA,NA,NA,NA,NA,NA,NA,NA,NA,NA,NA,NA,NA,NA,NA,NA,NA,NA,NA,NA,NA,NA,NA,NA,NA,NA,NA,NA,NA,NA,NA,NA,NA,NA
Lakshadweep,'25.1.1',Number of Pregnant Women provided - Free Medicines under JSSK,TOTAL,NA,NA,NA,NA,NA,NA,NA,NA,NA,NA,6,NA,NA,NA,NA,NA,NA,NA,NA,NA,NA,NA,NA,NA,NA,7,NA,NA,NA,NA,0,NA,NA,NA,NA,0,NA,NA,NA,NA,0,NA,NA,NA,NA,NA,NA,NA,NA,NA,NA,NA,NA,NA,NA,NA,NA,NA,NA,NA,13,NA,NA,NA,NA
Lakshadweep,'25.1.2',Number of Pregnant Women provided - Free Diet under JSSK,TOTAL,NA,NA,NA,NA,NA,NA,NA,NA,NA,NA,6,NA,NA,NA,NA,NA,NA,NA,NA,NA,NA,NA,NA,NA,NA,7,NA,NA,NA,NA,0,NA,NA,NA,NA,0,NA,NA,NA,NA,0,NA,NA,NA,NA,NA,NA,NA,NA,NA,NA,NA,NA,NA,NA,NA,NA,NA,NA,NA,13,NA,NA,NA,NA
Lakshadweep,'25.1.3',Number of Pregnant Women provided - Free Diagnostics under JSSK,TOTAL,NA,NA,NA,NA,NA,NA,NA,NA,NA,NA,6,NA,NA,NA,NA,NA,NA,NA,NA,NA,NA,NA,NA,NA,NA,7,NA,NA,NA,NA,0,NA,NA,NA,NA,0,NA,NA,NA,NA,0,NA,NA,NA,NA,NA,NA,NA,NA,NA,NA,NA,NA,NA,NA,NA,NA,NA,NA,NA,13,NA,NA,NA,NA
Lakshadweep,'25.1.4',Number of Pregnant Women provided - Free Home to facility transport under JSSK,TOTAL,NA,NA,NA,NA,NA,NA,NA,NA,NA,NA,6,NA,NA,NA,NA,NA,NA,NA,NA,NA,NA,NA,NA,NA,NA,7,NA,NA,NA,NA,0,NA,NA,NA,NA,0,NA,NA,NA,NA,0,NA,NA,NA,NA,NA,NA,NA,NA,NA,NA,NA,NA,NA,NA,NA,NA,NA,NA,NA,13,NA,NA,NA,NA
Lakshadweep,'25.1.5',Number of Pregnant Women provided - Interfacility transfers when needed under JSSK,TOTAL,NA,NA,NA,NA,NA,NA,NA,NA,NA,NA,6,NA,NA,NA,NA,NA,NA,NA,NA,NA,NA,NA,NA,NA,NA,7,NA,NA,NA,NA,0,NA,NA,NA,NA,0,NA,NA,NA,NA,0,NA,NA,NA,NA,NA,NA,NA,NA,NA,NA,NA,NA,NA,NA,NA,NA,NA,NA,NA,13,NA,NA,NA,NA
Lakshadweep,'25.1.6',Number of Pregnant Women provided - Free Drop Back home under JSSK,TOTAL,NA,NA,NA,NA,NA,NA,NA,NA,NA,NA,6,NA,NA,NA,NA,NA,NA,NA,NA,NA,NA,NA,NA,NA,NA,7,NA,NA,NA,NA,0,NA,NA,NA,NA,0,NA,NA,NA,NA,0,NA,NA,NA,NA,NA,NA,NA,NA,NA,NA,NA,NA,NA,NA,NA,NA,NA,NA,NA,13,NA,NA,NA,NA
Lakshadweep,'25.2.1',Number of sick infants provided - Free Medicines under JSSK,TOTAL,NA,NA,NA,NA,NA,NA,NA,NA,NA,NA,6,NA,NA,NA,NA,NA,NA,NA,NA,NA,NA,NA,NA,NA,NA,7,NA,NA,NA,NA,0,NA,NA,NA,NA,0,NA,NA,NA,NA,0,NA,NA,NA,NA,NA,NA,NA,NA,NA,NA,NA,NA,NA,NA,NA,NA,NA,NA,NA,13,NA,NA,NA,NA
Lakshadweep,'25.2.2',Number of sick infants provided - Free Diagnostics under JSSK,TOTAL,NA,NA,NA,NA,NA,NA,NA,NA,NA,NA,6,NA,NA,NA,NA,NA,NA,NA,NA,NA,NA,NA,NA,NA,NA,7,NA,NA,NA,NA,0,NA,NA,NA,NA,0,NA,NA,NA,NA,0,NA,NA,NA,NA,NA,NA,NA,NA,NA,NA,NA,NA,NA,NA,NA,NA,NA,NA,NA,13,NA,NA,NA,NA
Lakshadweep,'25.2.3',Number of sick infants provided - Free Home to facility transport under JSSK,TOTAL,NA,NA,NA,NA,NA,NA,NA,NA,NA,NA,6,NA,NA,NA,NA,NA,NA,NA,NA,NA,NA,NA,NA,NA,NA,7,NA,NA,NA,NA,0,NA,NA,NA,NA,0,NA,NA,NA,NA,0,NA,NA,NA,NA,NA,NA,NA,NA,NA,NA,NA,NA,NA,NA,NA,NA,NA,NA,NA,13,NA,NA,NA,NA
Lakshadweep,'25.2.4',Number of sick infants provided - Interfacility transfers when needed under JSSK,TOTAL,NA,NA,NA,NA,NA,NA,NA,NA,NA,NA,6,NA,NA,NA,NA,NA,NA,NA,NA,NA,NA,NA,NA,NA,NA,7,NA,NA,NA,NA,0,NA,NA,NA,NA,0,NA,NA,NA,NA,0,NA,NA,NA,NA,NA,NA,NA,NA,NA,NA,NA,NA,NA,NA,NA,NA,NA,NA,NA,13,NA,NA,NA,NA
Lakshadweep,'25.2.5',Number of sick infants provided - Free Drop Back home under JSSK,TOTAL,NA,NA,NA,NA,NA,NA,NA,NA,NA,NA,6,NA,NA,NA,NA,NA,NA,NA,NA,NA,NA,NA,NA,NA,NA,7,NA,NA,NA,NA,0,NA,NA,NA,NA,0,NA,NA,NA,NA,0,NA,NA,NA,NA,NA,NA,NA,NA,NA,NA,NA,NA,NA,NA,NA,NA,NA,NA,NA,13,NA,NA,NA,NA
