page,line,text
1,1,World health
1,2,statistics 2024
1,3,"Monitoring health for the SDGs,"
1,4,Sustainable Development Goals
3,1,World health
3,2,statistics 2024
3,3,"Monitoring health for the SDGs,"
3,4,Sustainable Development Goals
4,1,"World health statistics 2024: monitoring health for the SDGs, Sustainable Development Goals"
4,3,ISBN 978-92-4-009470-3 (electronic version)
4,4,ISBN 978-92-4-009471-0 (print version)
4,5,© World Health Organization 2024
4,6,Some rights reserved. This work is available under the Creative Commons Attribution-NonCommercial-ShareAlike 3.0 IGO
4,7,licence (CC BY-NC-SA 3.0 IGO; https://creativecommons.org/licenses/by-nc-sa/3.0/igo).
4,8,"Under the terms of this licence, you may copy, redistribute and adapt the work for non-commercial purposes, provided"
4,9,"the work is appropriately cited, as indicated below. In any use of this work, there should be no suggestion that WHO"
4,10,"endorses any specific organization, products or services. The use of the WHO logo is not permitted. If you adapt the work,"
4,11,then you must license your work under the same or equivalent Creative Commons licence. If you create a translation of
4,12,"this work, you should add the following disclaimer along with the suggested citation: “This translation was not created by"
4,13,the World Health Organization (WHO). WHO is not responsible for the content or accuracy of this translation. The original
4,14,English edition shall be the binding and authentic edition” .
4,15,Any mediation relating to disputes arising under the licence shall be conducted in accordance with the mediation rules of
4,16,the World Intellectual Property Organization (http://www.wipo.int/amc/en/mediation/rules/).
4,17,"Suggested citation. World health statistics 2024: monitoring health for the SDGs, Sustainable Development Goals."
4,18,Geneva: World Health Organization; 2024. Licence:
4,19,CC BY-NC-SA 3.0 IGO.
4,20,Cataloguing-in-Publication (CIP) data. CIP data are available at https://iris.who.int/.
4,21,"Sales, rights and licensing. To purchase WHO publications, see https://www.who.int/publications/book-orders. To"
4,22,"submit requests for commercial use and queries on rights and licensing, see https://www.who.int/copyright."
4,23,"Third-party materials. If you wish to reuse material from this work that is attributed to a third party, such as tables,"
4,24,"figures or images, it is your responsibility to determine whether permission is needed for that reuse and to obtain"
4,25,permission from the copyright holder. The risk of claims resulting from infringement of any third-party-owned component
4,26,in the work rests solely with the user.
4,27,General disclaimers. The designations employed and the presentation of the material in this publication do not imply
4,28,"the expression of any opinion whatsoever on the part of WHO concerning the legal status of any country, territory, city or"
4,29,"area or of its authorities, or concerning the delimitation of its frontiers or boundaries. Dotted and dashed lines on maps"
4,30,represent approximate border lines for which there may not yet be full agreement.
4,31,The mention of specific companies or of certain manufacturers’ products does not imply that they are endorsed or
4,32,"recommended by WHO in preference to others of a similar nature that are not mentioned. Errors and omissions excepted,"
4,33,the names of proprietary products are distinguished by initial capital letters.
4,34,"All reasonable precautions have been taken by WHO to verify the information contained in this publication. However, the"
4,35,"published material is being distributed without warranty of any kind, either expressed or implied. The responsibility for"
4,36,the interpretation and use of the material lies with the reader. In no event shall WHO be liable for damages arising from
4,37,its use.
5,1,iii
5,2,Contents
5,3,Foreword v
5,4,Abbreviations vi
5,5,Introduction 1
5,6,Key messages 3
5,7,"1. Life expectancy, healthy life expectancy and burden of"
5,8,disease in the light of the COVID-19 pandemic 5
5,9,1.1 Lif e expectancy and healthy life expectancy 6
5,10,1.1.1 Glob al trend 6
5,11,1.1.2 R egional trends 7
5,12,1.2 Shifting dise ase burden 9
5,13,1.2.1 Br oad categories of causes of deaths 9
5,14,1.2.2 L eading causes of death 12
5,15,1.3 Mort ality-related SDG indicators 14
5,16,1.3.1 Mat ernal and child mortality 14
5,17,1.3.2 Mort ality due to injury 17
5,18,1.3.3 Mort ality due to NCDs 19
5,19,1.3.4 Mort ality attributable to environmental risk factors 21
5,20,2. Health-related SDGs 23
5,21,2.1 Inf ectious diseases 24
5,22,2.1.1 HIV 24
5,23,2.1.2 TB 25
5,24,2.1.3 Malaria 26
5,25,2.1.4 Hep atitis 28
5,26,2.1.5 NTDs 28
5,27,2.1.6 P olio 33
5,28,2.1.7 Antimicr obial resistance 33
5,29,2.2 Risk f actors for health 34
5,30,2.2.1 Nutritional risk f actors 34
5,31,2.2.2 Behaviour al risk factors 34
5,32,2.2.3 Me tabolic risk factors 38
5,33,2.2.4 Envir onmental risk factors 38
5,34,2.2.5 Risks t o women’s and girls’ health 42
5,35,2.3 He alth systems strengthening as a key means to achieve UHC 43
5,36,2.3.1 Ser vice delivery 44
5,37,2.3.2 He alth financing 49
5,38,2.4 SDG pr ogress to date 51
6,1,iv
6,2,3. Progress towards WHO Triple Billion targets 55
6,3,3.1 He althier populations billion 56
6,4,3.2 UHC billion 58
6,5,3.3 He alth emergencies protection billion 60
6,6,3.4 He alth-related SDGs and health information system 61
6,7,3.5 Conclusion 64
6,8,4. Key issues and trends in global health 65
6,9,4.1 The double bur den of malnutrition 66
6,10,4.1.1 The magnit ude of the problem 67
6,11,"4.1.2 St unting, wasting and overweight among children under 5 years of age 67"
6,12,4.1.3 Thinness and obesity among childr en and adolescents aged 5–19 years 69
6,13,4.1.4 Under weight and obesity among adults aged 18 years and older 70
6,14,4.1.5 Double -duty actions to tackle the double burden of malnutrition 72
6,15,4.2 Disability-r elated health inequities 72
6,16,4.2.1 Pr emature mortality among persons with disabilities 73
6,17,4.2.2 P oorer health and higher disease risk among persons with disabilities 73
6,18,4.2.3 Contributing f actors to health inequities among persons with disabilities 74
6,19,4.2.4 T owards disability-inclusive and data-informed health systems 76
6,20,4.3 He alth of refugees and migrants 77
6,21,4.3.1 K ey issues affecting the health of refugees and migrants 78
6,22,4.3.2 The need f or quality data on refugee and migrant health 81
7,1,Foreword
7,2,The latest edition of the World health statistics provides
7,3,an essential examination of trends in global health over
7,4,the past two decades that have shaped the world in
7,5,"which we live. It highlights the sobering reality that, due"
7,6,"largely to the impact of the COVID-19 pandemic, global"
7,7,life expectancy and healthy life expectancy have both
7,8,"regressed to the level a decade ago, although the impact"
7,9,was unequal across regions and income groups. This
7,10,regression and its associated inequality signal significant
7,11,"challenges to health systems, demanding urgent"
7,12,attention and action.
7,13,Even though their share of all deaths reduced during the
7,14,"pandemic, noncommunicable diseases remain the world’s"
7,15,leading causes of death. This holds true for every WHO
7,16,"region except the African Region, where communicable,"
7,17,"maternal, perinatal and nutritional conditions are still"
7,18,"responsible for over half of all deaths. Globally, the rate"
7,19,of improvement in healthy life expectancy has slowed in
7,20,"recent years, reflecting the increasing burden of NCDs,"
7,21,and the need to strengthen health systems to improve
7,22,quality of care and meet increasing demands.
7,23,At the heart of this year’s report is a critical call to action
7,24,to accelerate progress towards the “triple billion” targets
7,25,"set out in WHO’s 13th General Programme of Work, and"
7,26,the Sustainable Development Goals on which they are
7,27,"based. Globally, 585 million more people are expected"
7,28,to be covered by essential health services without
7,29,catastrophic health spending by 2025 than in 2018 – just
7,30,over halfway to the target of 1 billion – and 777 million
7,31,more people are expected to be better protected from
7,32,health emergencies. Healthier populations provide the
7,33,"sole bright spot, where an estimated 1.5 billion more"
7,34,"people will enjoy healthier lives by 2025. Overall, however,"
7,35,progress is insufficient to achieve the health-related SDG
7,36,targets by 2030.
7,37,"These gaps reflect huge, missed opportunities in"
7,38,"improving global health, and underscore the urgency for"
7,39,the global community to intensify efforts and investments
7,40,in health. The 14th General Programme of Work aims to
7,41,"bring together Member States, the WHO Secretariat and"
7,42,a broad coalition of partners around a shared strategy
7,43,"to promote, provide and protect health, and to realize"
7,44,WHO’s founding vision for the highest attainable standard
7,45,"of health, as a fundamental right for all people."
7,46,Dr Tedros Adhanom Ghebreyesus
7,47,Director-General
7,48,World Health Organization
7,49,v
8,1,Abbreviations
8,2,AAAA Addis Ababa Action Agenda
8,3,ABR adolescent birth rates
8,4,AMR antimicrobial resistance
8,5,APC alcohol per capita consumption
8,6,ARR average annual rate of reduction
8,7,ART antiretroviral therapy
8,8,ASDR age-standardized death rates
8,9,BMI body mass index
8,10,CC Creative Commons
8,11,CDR crude death rate
8,12,COVID-19 coronavirus disease 2019
8,13,DMCF Data management competency framework
8,14,"DTP diphtheria, tetanus and pertussis (vaccine)"
8,15,EU European Union
8,16,GPW13 Thirteenth General Programme of Work
8,17,GTS Global technical strategy for
8,18,malaria 2016–2030
8,19,HALE healthy life expectancy
8,20,HEP health emergencies protection
8,21,HIW health information workers
8,22,HPOP healthier populations
8,23,HPV Human papillomavirus (vaccine)
8,24,IHR International Health Regulations
8,25,IPV intimate partner violence
8,26,IQR interquartile range
8,27,ITN insecticide-treated mosquito net
8,28,MCV measles-containing vaccine
8,29,MDG Millennium Development Goal
8,30,MDS Model Disability Survey
8,31,MMR maternal mortality ratio
8,32,MVIP Malaria Vaccine Implementation Programme
8,33,NCD noncommunicable disease
8,34,NMR neonatal mortality rate
8,35,NPA National Prevention Agreement
8,36,NTDs neglected tropical diseases
8,37,ODA official development assistance
8,38,OOP out-of-pocket
8,39,OPRM other pandemic-related mortality
8,40,PCV pneumococcal conjugate vaccine
8,41,PHC primary health care
8,42,PM particulate matter
8,43,polio poliomyelitis
8,44,R21 R21-Matrix-M malaria vaccine
8,45,"RMNCH reproductive, maternal, newborn and"
8,46,child health
8,47,"RTS,S RTS,S/AS01 malaria vaccine"
8,48,SDG Sustainable Development Goal
8,49,SENADIS National Disability Service (Chile)
8,50,SPAR States Parties Self-Assessment
8,51,Annual Report
8,52,TB tuberculosis
8,53,TDR Special Programme for Research and
8,54,Training in Tropical Diseases
8,55,TFA trans-fatty acids
8,56,U5MR under-five mortality rate
8,57,UHC universal health coverage
8,58,UI uncertainty interval
8,59,"WASH water, sanitation and hygiene"
8,60,WHA World Health Assembly
8,61,WHO World Health Organization
8,62,vi
9,1,Introduction
9,2,The World health statistics report is the annual
9,3,"compilation of health and health-related indicators,"
9,4,which has been published by the World Health
9,5,"Organization (WHO) since 2005. WHO’s Division of Data,"
9,6,"Analytics and Delivery for Impact produces this report,"
9,7,in collaboration with WHO technical departments and
9,8,regional and country offices.
9,9,The 2024 edition reviews more than 50 health-related
9,10,indicators from the Sustainable Development Goals
9,11,(SDGs) and WHO’s Thirteenth General Programme of
9,12,"Work (GPW13). The report consists of four chapters,"
9,13,complemented by tables presenting the latest available
9,14,data (https://www.who.int/data/gho/publications/world-
9,15,health-statistics).
9,16,Chapter 1 presents updated global and regional
9,17,"estimates of life expectancy, healthy life expectancy,"
9,18,"and mortality from specific causes, particularly the"
9,19,impact of the COVID-19 pandemic on demographic and
9,20,epidemiological profiles. Chapter 2 summarizes global
9,21,and regional trends in the health-related SDGs. Chapter 3
9,22,presents the latest update on WHO’s Triple Billion target
9,23,within the GPW13. And Chapter 4 looks at important
9,24,"global health issues, including the double burden of"
9,25,"malnutrition, disability-related health inequities, and the"
9,26,health of refugees and migrants. Country-focused stories
9,27,are presented throughout the report to highlight efforts
9,28,undertaken to address various health issues.
9,29,The information presented in World health statistics
9,30,2024 is based on data available from global monitoring
9,31,"as of May 2024. The data reference years vary, however,"
9,32,as data series are updated on different timelines and
9,33,with different lag between the data reference year
9,34,and the publication year. Data have been compiled
9,35,primarily from publications and databases produced
9,36,and managed by WHO or United Nations partner
9,37,entities and supplemented with data and analyses from
9,38,peer-reviewed publications.
9,39,1
11,1,Key messages
11,2,"In just two years, the COVID-19 pandemic reversed over"
11,3,a decade of gains in both life expectancy at birth and
11,4,"healthy life expectancy (HALE). By 2020, both global"
11,5,life expectancy and HALE had rolled back to 2016 levels
11,6,"(72.5 years and 62.8 years, respectively). The following"
11,7,"year saw further declines, with both retreating to 2012"
11,8,"levels (71.4 years and 61.9 years, respectively)."
11,9,The WHO regions most affected were the Region of the
11,10,"Americas and South-East Asia Region, with declines of"
11,11,about 3 years in life expectancy and 2.5 years in HALE
11,12,between 2019 and 2021. The Western Pacific Region saw
11,13,"the smallest impacts over the first two pandemic years,"
11,14,with losses of less than 0.1 and 0.2 years in life expectancy
11,15,"and HALE, respectively."
11,16,"Globally, the share of deaths from noncommunicable"
11,17,diseases (NCDs) among all deaths rose steadily to 73.9%
11,18,"by 2019, while the share of communicable diseases"
11,19,"dropped to 18.2%. With the emergence of COVID-19,"
11,20,communicable diseases surged back to 23.0% of all
11,21,deaths in 2020 and 28.1% in 2021 – a return to 2005 levels.
11,22,"Consequently, the share of NCD deaths declined to 70.0%"
11,23,in 2020 and 65.3% in 2021.
11,24,COVID-19 ranked among the top three leading causes
11,25,"of death globally in 2020 and 2021, responsible for"
11,26,"4.1 million and 8.8 million lives lost, respectively. In"
11,27,the Region of the Americas it was the number one
11,28,"cause of death in both years, and ranked in the top five"
11,29,causes for all regions except for the African and Western
11,30,Pacific regions.
11,31,"At the midway point for the SDGs, progress on"
11,32,health-related Goals has been mixed. Among the
11,33,"53 health-related indicators included in this report,"
11,34,32 have numeric SDG or global targets. None of these
11,35,"have yet been achieved, and none are on track under"
11,36,"current trends. However, most indicators (42) are showing"
11,37,movement in the right direction globally.
11,38,The world is also off-track to achieve the universal health
11,39,"coverage (UHC), health emergencies preparedness and"
11,40,healthier populations “Triple Billion” targets by 2025.
11,41,"From the 2018 baselines, 585 million more people are"
11,42,expected to have access to essential health services
11,43,without incurring catastrophic health spending by
11,44,"2025, well short of the one billion UHC target. For health"
11,45,"emergency preparedness, 777 million more people are"
11,46,"expected to be protected by 2025, again short of the"
11,47,target. Healthier populations is the sole area positioned
11,48,"to meet its one billion target, with 1.5 billion additional"
11,49,people anticipated to be living healthier lives by 2025. But
11,50,acceleration across all three areas is needed to achieve
11,51,broader health-related SDGs by 2030.
11,52,The world continues to grapple with the double burden
11,53,"of malnutrition, characterized by the coexistence"
11,54,"of undernutrition and overweight/obesity. In 2022,"
11,55,worldwide over one billion people aged 5 years and over
11,56,"were living with obesity, while over half a billion were"
11,57,"underweight. In the same year, 148 million children"
11,58,"under five were affected by stunting, 45 million suffered"
11,59,from wasting and 37 million were living with overweight.
11,60,Double-duty actions that efficiently and effectively
11,61,address both facets of malnutrition are critical to make
11,62,the most of limited resources.
11,63,This report also highlights health challenges faced by
11,64,"persons with disabilities, and refugees and migrants."
11,65,"Globally, in 2021, an estimated 1.3 billion people (16% of"
11,66,the population) had disability and faced health inequities
11,67,"due to avoidable, unfair and unjust factors. Progress"
11,68,requires strengthening health systems that integrate
11,69,targeted actions to increase equity.
11,70,Refugees and migrants are not inherently less healthy
11,71,"than host populations, yet various suboptimal health"
11,72,"determinants – further exacerbated by linguistic, cultural,"
11,73,legal and other barriers – mean that they often experience
11,74,significant health disparities. Access to health care is
11,75,"often limited for refugees and migrants, with only half"
11,76,of the 84 countries surveyed between 2018 and 2021
11,77,providing them access to government-funded health
11,78,services on par with nationals. Lack of quality data further
11,79,obstructs understanding of their needs and tracking
11,80,progress on health goals.
11,81,The report serves as a crucial reminder that today’s
11,82,health systems must swiftly adapt to respond to changing
11,83,demographics and persisting inequities.
11,84,3
13,1,1
13,2,"Life expectancy,"
13,3,healthy life
13,4,expectancy and
13,5,burden of disease
13,6,in the light of the
13,7,COVID-19 pandemic
13,8,The COVID-19 pandemic has wreaked havoc in population
13,9,health across the globe. The devastating impacts of the
13,10,"pandemic on health, economy, families and society have been"
13,11,observed worldwide since 2020 and are expected to continue
13,12,to unfold in the years to come. This chapter documents its
13,13,detrimental impact on global population health and the
13,14,"inequality of that impact, as reflected in life expectancy and"
13,15,"HALE, against the backdrop of the overall progress made in"
13,16,many aspects of population health before the pandemic.
14,1,1.1 Life expectancy and healthy
14,2,life expectancy
14,3,"1 Unless otherwise noted, the statistics quoted in this report are presented with 95% uncertainty intervals."
14,4,1.1.1 Global trend
14,5,Steady gain in global life expectancy at birth was
14,6,observed from the turn of the millennium until the
14,7,"onset of the COVID-19 pandemic, up from 66.8 years"
14,8,(95% uncertainty interval1 [UI]: 66.2–67.3 years) in 2000
14,9,"to 73.1 (UI: 72.6–73.7) years in 2019, with men gaining"
14,10,6.2 years from 64.4 (UI: 63.9–64.9) years to 70.6 (UI
14,11,70.1–71.2) years and women gaining 6.5 years from 69.2
14,12,(UI: 68.7–69.8) years to 75.7 (UI: 75.3–76.2) years during
14,13,"this period. In parallel, global HALE at birth increased"
14,14,from 58.1 (UI: 57.4–58.9) years in 2000 to 63.5 (UI: 62.7–
14,15,"64.3) years in 2019, with that for men increasing from 57.0"
14,16,(UI: 56.3–57.6) years to 62.3 (UI: 61.7–63.1) years and that
14,17,for women increasing from 59.3 (UI: 58.6–60.2) years to
14,18,64.6 (UI: 63.8–65.5) years (Fig. 1.1) (1).
14,19,"Figure 1.1 Global trends in life expectancy and HALE at birth, by sex, 2000–2021"
14,20,Life expectancy at birth (years)
14,21,Healthy life expectancy at birth (years)
14,22,Male
14,23,Female
14,24,0
14,25,20
14,26,40
14,27,60
14,28,2000
14,29,2010
14,30,2019
14,31,2020
14,32,2021
14,33,Life expectancy at birth (years)
14,34,Source: WHO (1).
14,35,"World health statistics 2024: monitoring health for the SDGs, Sustainable Development Goals"
14,36,6
15,1,"However, the COVID-19 pandemic reversed this trend"
15,2,and wiped out the progress that was made in nearly a
15,3,decade within just two years. Global life expectancy at
15,4,birth dropped by 0.7 years to 72.5 (UI: 71.9–73.1) years in
15,5,"2020 (back to the level of 2016), and by a further 1.1 years"
15,6,to 71.4 (UI: 70.8–72.0) years in 2021 (back to the level of
15,7,"2012). Similarly, global HALE dropped to 62.8 (UI: 62.0–"
15,8,63.7) years in 2020 (back to the level of 2016) and 61.9 (UI:
15,9,61.1–62.8) years in 2021 (back to the level of 2012) (1).
15,10,The life expectancy at birth for both men and women
15,11,dropped by about 1.7 years between 2019 and 2021.
15,12,"However, the decline for men was relatively more evenly"
15,13,"split in 2020 (by 0.8 years) and 2021 (by 0.9 years), while"
15,14,the decline for women was concentrated more in 2021
15,15,(by 1.3 years) than in 2020 (by 0.5 years). Similar disparity
15,16,between sexes was observed for HALE: HALE among
15,17,men dropped by 0.7 years to 61.6 (UI: 60.9–62.4) years in
15,18,2020 and another 0.8 years to 60.9 (UI: 60.1–61.6) years in
15,19,"2021, and HALE among women dropped by 0.5 years to"
15,20,64.1 (UI: 63.2–65.0) years in 2020 and 1.1 years to 63.0 (UI:
15,21,62.2–63.9) years in 2021 (1).
15,22,1.1.2 Regional trends
15,23,"Prior to the pandemic, life expectancy and HALE had"
15,24,risen across all WHO regions and World Bank country
15,25,income groups between 2000 and 2019 (Figs 1.2 and 1.3).
15,26,The greatest gains were seen in low-resources settings
15,27,including the African Region (11.2-year gain in life
15,28,expectancy and 9.8-year gain in HALE) and the South-East
15,29,Asia Region (7.3-year gain in life expectancy and 6.5- y ear
15,30,gain in HALE); and in low-income countries (10.6- y ear
15,31,gain in life expectancy and 9.3-year gain in HALE).
15,32,Populations in high-income and upper-middle-income
15,33,countries continue to live longer and healthier lives
15,34,than those in low- and lower-middle-income countries.
15,35,"However, the pace of improvement in high-income"
15,36,"countries has stagnated since 2010, with only a 1.1-year"
15,37,increase in life expectancy and a 0.6-year increase in HALE
15,38,"in 2010–2019, less than one third of the increases in"
15,39,low-income countries over the same period (1).
15,40,"Figure 1.2 Trends in life expectancy and HALE at birth, by sex and by WHO region, 2000–2021"
15,41,European Region
15,42,Eastern Mediterranean Region
15,43,Western Pacific Region
15,44,African Region
15,45,Region of the Americas
15,46,South-East Asia Region
15,47,2000
15,48,2010
15,49,2019
15,50,2020
15,51,2021
15,52,2000
15,53,2010
15,54,2019
15,55,2020
15,56,2021
15,57,2000
15,58,2010
15,59,2019
15,60,2020
15,61,2021
15,62,2000
15,63,2010
15,64,2019
15,65,2020
15,66,2021
15,67,2000
15,68,2010
15,69,2019
15,70,2020
15,71,2021
15,72,2000
15,73,2010
15,74,2019
15,75,2020
15,76,2021
15,77,0
15,78,20
15,79,40
15,80,60
15,81,80
15,82,0
15,83,20
15,84,40
15,85,60
15,86,80
15,87,Life expectancy at birth (years)
15,88,Life expectancy at birth (years)
15,89,Healthy life expectancy at birth (years)
15,90,Male
15,91,Female
15,92,Source: WHO (1).
15,93,"Life expectancy, healthy life expectancy and burden of disease in the light of the COVID-19 pandemic"
15,94,7
16,1,"Figure 1.3 Trends in life expectancy and HALE at birth, by sex and World Bank income group, 2000–2021"
16,2,Upper-middle-income
16,3,High-income
16,4,Low-income
16,5,Lower-middle-income
16,6,2000
16,7,2010
16,8,2019
16,9,2020
16,10,2021
16,11,2000
16,12,2010
16,13,2019
16,14,2020
16,15,2021
16,16,2000
16,17,2010
16,18,2019
16,19,2020
16,20,2021
16,21,2000
16,22,2010
16,23,2019
16,24,2020
16,25,2021
16,26,0
16,27,20
16,28,40
16,29,60
16,30,80
16,31,0
16,32,20
16,33,40
16,34,60
16,35,80
16,36,Life expectancy at birth (years)
16,37,Life expectancy at birth (years)
16,38,Healthy life expectancy at birth (years)
16,39,Male
16,40,Female
16,41,Source: WHO (1).
16,42,"In addition, the impact of the pandemic was unequal"
16,43,across regions and income groups. The Region of the
16,44,Americas and the South-East Asia Region have been
16,45,the hardest hit: life expectancy in both regions dropped
16,46,by 3.0 years and HALE by 2.5 years between 2019 and
16,47,2021. The Western Pacific Region was the least affected
16,48,"during the first two years of the pandemic, with less than"
16,49,0.1 years and 0.2 years of loss seen for life expectancy and
16,50,"HALE, respectively. It was the only WHO region in which"
16,51,increases in life expectancy (0.2-year gain) and HALE
16,52,"(0.1-year gain) were observed in 2020. However, the"
16,53,region experienced some losses (0.3 years in life
16,54,expectancy and 0.3 years in HALE) in 2021 compared with
16,55,"2020, that cancelled out the earlier gains (1)."
16,56,The scale of pandemic-related tolls also varied over
16,57,"time across regions. The Region of the Americas, the"
16,58,European Region and the Eastern Mediterranean Region
16,59,all experienced more severe impact in the first pandemic
16,60,"year, with 2020 seeing at least two thirds of the life"
16,61,expectancy decline and three fifths of the HALE decline.
16,62,"In contrast, coinciding with the wider spread of the"
16,63,"Delta variant, the decline in life expectancy and HALE in"
16,64,the African and South-East Asia regions occurred more
16,65,"predominantly in 2021, accounting for at least 65% of the"
16,66,total losses in 2019–2021 (Fig. 1.2) (1).
16,67,"By World Bank income groups, life expectancy was cut"
16,68,by 0.6 years in low-income countries and by 2.4 years in
16,69,"lower-middle-income countries, and HALE cut by 0.6 y ears"
16,70,"and 2.0 years, respectively, between 2019 and 2021. Over"
16,71,half of the years lost in life expectancy and HALE in upper-
16,72,middle-income countries and over 70% of those in high-
16,73,income countries in 2019–2021 occurred during the first
16,74,"year of the pandemic. In lower-middle-income countries,"
16,75,"the hardest hit occurred in 2021, seeing over 70% of the"
16,76,"loss in life expectancy and HALE. In low-income countries,"
16,77,"the worsening of longevity was rather minimal in 2020,"
16,78,associated with only 2% (0.01 of 0.55 years) of the decline
16,79,in life expectancy (Fig. 1.3) (1).
16,80,"World health statistics 2024: monitoring health for the SDGs, Sustainable Development Goals"
16,81,8
17,1,1.2 Shifting disease burden
17,2,1.2.1 Broad categories of
17,3,causes of deaths
17,4,Not only has the pandemic set back healthy longevity
17,5,"worldwide by years, it also reversed the previous"
17,6,trends of shifting disease burden to NCDs. Grouping
17,7,deaths into three broad categories of causes of death
17,8,"– communicable, maternal, perinatal and nutritional"
17,9,"conditions (“communicable diseases” hereafter), NCDs,"
17,10,and injuries – clear transition can be noticed well before
17,11,the pandemic (1).
17,12,"Globally, NCDs accounted for 59.5% of all deaths in 2000,"
17,13,"rising to 73.9% in 2019, while the share of communicable"
17,14,"diseases dropped from 32.2% in 2000 to 18.2% in 2019,"
17,15,and injuries remained relatively stable around 8%. As
17,16,COVID-19 emerged as a new infectious disease and
17,17,"started to take a toll on human lives, the share of deaths"
17,18,due to communicable diseases jumped back to the 2012
17,19,level (23.0%) in 2020 and further back to the 2005 level
17,20,"(28.1%) in 2021. Simultaneously, the share of NCD deaths"
17,21,"dropped to 69.9% in 2020 and to 65.3% in 2021, and the"
17,22,share of injury deaths dropped to just about 7% in both
17,23,years (Fig. 1.4) (1).
17,24,"Figure 1.4 Composition of causes of death, global, 2000–2021"
17,25,0
17,26,25
17,27,50
17,28,75
17,29,100
17,30,2000
17,31,2005
17,32,2010
17,33,2015
17,34,2020
17,35,Percentage (%)
17,36,Injuries
17,37,"Communicable, maternal, perinatal and nutritional conditions"
17,38,Noncommunicable diseases
17,39,"Note: In countries that have low-quality vital registration, WHO’s current estimates include a cause of death category, “other pandemic-related mortality (OPRM)” ,"
17,40,which could include underlying causes of deaths from any of the three groups. The graph only shows the relative composition of the three groups; OPRM is not
17,41,included.
17,42,Source: WHO (1).
17,43,9
17,44,"Life expectancy, healthy life expectancy and burden of disease"
18,1,"Among WHO regions, the African Region still had"
18,2,the largest share (54.9%) of deaths attributable to
18,3,"communicable diseases before the pandemic, with NCDs"
18,4,accounting for only about 36% of all deaths in 2019.
18,5,"These levels remained largely stable in 2020 and 2021,"
18,6,indicating little impact of the COVID-19 pandemic on
18,7,"the broad distribution of causes of death. Similarly, the"
18,8,Western Pacific Region has seen limited change since
18,9,"2019 in the distribution across the three categories, with"
18,10,NCDs accounting for about 88% and communicable
18,11,diseases for about 6% of all deaths (Fig. 1.5) (1).
18,12,"However, the pandemic has been more disruptive to the"
18,13,expected trajectories in other WHO regions. The European
18,14,"Region, which had the highest share of NCD deaths"
18,15,"among all deaths in 2019 (89.6%), experienced an abrupt"
18,16,shift of disease burden back to communicable diseases
18,17,"in 2020 and 2021, as the share of NCD deaths dropped to"
18,18,75.9% in 2021 and the share of communicable diseases
18,19,nearly quadrupled from 5.3% in 2019 to 20.0% in 2021.
18,20,"Other WHO regions also experienced sizable, reversed"
18,21,shift of disease burden from NCDs and injuries back to
18,22,"communicable diseases, leading to increases in its share"
18,23,ranging from about 10% (Eastern Mediterranean Region)
18,24,to 18% (South-East Asia Region) (1).
18,25,Similar disparity was also observed across World Bank
18,26,income groups (Fig. 1.6). Bearing the largest share (nearly
18,27,"50%) of deaths due to communicable diseases, low-"
18,28,income countries saw minimal change in the distribution
18,29,of deaths from the three broad groups between 2019 and
18,30,"2021. In contrast, NCDs in upper-middle-income and high-"
18,31,income countries were responsible for the largest share
18,32,"of deaths at 84.8% and 88.1%, respectively, in 2019, but"
18,33,these figures dropped by 9.9% and 8.1% between 2019
18,34,and 2021 (1).
18,35,"Figure 1.5 Composition of causes of death, by WHO region, 2000–2021"
18,36,European Region
18,37,Eastern Mediterranean Region
18,38,Western Pacific Region
18,39,African Region
18,40,Region of the Americas
18,41,South-East Asia Region
18,42,2000
18,43,2005
18,44,2010
18,45,2015
18,46,2020
18,47,2000
18,48,2005
18,49,2010
18,50,2015
18,51,2020
18,52,2000
18,53,2005
18,54,2010
18,55,2015
18,56,2020
18,57,0
18,58,25
18,59,50
18,60,75
18,61,100
18,62,0
18,63,25
18,64,50
18,65,75
18,66,100
18,67,Percentage (%)
18,68,Injuries
18,69,"Communicable, maternal, perinatal and nutritional conditions"
18,70,Noncommunicable diseases
18,71,"Note: In countries that have low-quality vital registration, WHO’s current estimates include a cause of death category, “other pandemic-related mortality (OPRM)” ,"
18,72,which could include underlying causes of deaths from any of the three groups. The graph only shows the relative composition of the three groups; OPRM is not
18,73,included.
18,74,Source: WHO (1).
18,75,"World health statistics 2024: monitoring health for the SDGs, Sustainable Development Goals"
18,76,10
19,1,"Figure 1.6 Composition of causes of death, by World Bank income group, 2000–2021"
19,2,Upper-middle-income
19,3,High-income
19,4,Low-income
19,5,Lower-middle-income
19,6,2000
19,7,2005
19,8,2010
19,9,2015
19,10,2020
19,11,2000
19,12,2005
19,13,2010
19,14,2015
19,15,2020
19,16,0
19,17,25
19,18,50
19,19,75
19,20,100
19,21,0
19,22,25
19,23,50
19,24,75
19,25,100
19,26,Injuries
19,27,"Communicable, maternal, perinatal and nutritional conditions"
19,28,Noncommunicable diseases
19,29,Percentage (%)
19,30,"Note: In countries that have low-quality vital registration, WHO’s current estimates include a cause of death category, “other pandemic-related mortality (OPRM)” ,"
19,31,which could include underlying causes of deaths from any of the three groups. The graph only shows the relative composition of the three groups; OPRM is not
19,32,included.
19,33,Source: WHO (1).
19,34,These patterns are the result of a combination of
19,35,transitioning cause-of-death profiles and changing
19,36,population structure. Examining age-standardized death
19,37,rates (ASDR) exhibits more clearly the progress achieved
19,38,prior to the COVID-19 pandemic and the setback it
19,39,"caused. Globally, the ASDR from communicable diseases"
19,40,was cut by about half from 244.5 (UI: 155.3–373.9) to 119.3
19,41,"(UI: 72.8–189.1) per 100 000 population in 2000–2019. Yet,"
19,42,the pandemic brought back the rate to 160.4 (UI: 107.6–
19,43,237.8) per 100 000 in 2020 and 211.4 (UI: 150.1–300.7) per
19,44,"100 000 in 2021, representing 34.5% and 77.2% increases"
19,45,from the 2019 baseline. While the global improvement
19,46,up to 2019 was primarily driven by the progress in the
19,47,"African Region (56.1% decline), South-East Asia Region"
19,48,(63.3% decline) and Eastern Mediterranean Region (47.4%
19,49,"decline), the Region of the Americas and the European"
19,50,Region were hardest hit by the pandemic in relative
19,51,"terms, with ASDR from communicable diseases more than"
19,52,"tripled (3.4 and 3.8 times, respectively) between 2019 and"
19,53,2021. The South-East Asia and Eastern Mediterranean
19,54,regions also saw ASDR from communicable diseases
19,55,"more than doubled in the same period. In comparison,"
19,56,the African and Western Pacific regions only experienced
19,57,"moderate increases (14.3% and 11.9% increase,"
19,58,respectively) (1).
19,59,Progress was also made in all WHO regions in 2000–2019
19,60,for mortality from NCDs (except for the South-East Asia
19,61,Region) and mortality from injuries (except for the Eastern
19,62,"Mediterranean Region), leading to 18.8% reduction in"
19,63,ASDR from NCDs and 23.1% reduction in ASDR from
19,64,injuries globally in 2000–2019. Limited impact was
19,65,seen in ASDR from these two groups of cause of death
19,66,in 2019–2021 compared with that from communicable
19,67,diseases (1).
19,68,Similar trends were observed across all World Bank
19,69,"income groups, with sizable reductions observed in ASDR"
19,70,for all three broad cause categories in 2000–2019 and
19,71,little excess change brought by the pandemic in 2020
19,72,and 2021 for NCDs and injuries. The COVID-19 pandemic
19,73,reversed the declining trend in ASDR for communicable
19,74,diseases in all income groups to the extent that the level
19,75,in 2021 that was above the 2000 level in upper-income
19,76,countries and nearly double the 2000 level in high-income
19,77,"countries; thus, undoing over two decades of work (1)."
19,78,11
19,79,"Life expectancy, healthy life expectancy and burden of disease"
20,1,1.2.2 Leading causes of death
20,2,"Looking at the leading causes of death, there was also"
20,3,a clear transition from communicable causes to NCDs.
20,4,"Globally, five of the 10 leading causes in 2000 were"
20,5,"communicable and four were NCDs, with road injury"
20,6,"being the only injury cause (Fig. 1.7). In 2019, seven of the"
20,7,10 leading causes were NCDs and the remaining three
20,8,communicable (1).
20,9,The pace of transition was uneven across regions
20,10,"and income groups. In 2019, communicable diseases"
20,11,continued to take up seven of the top 10 causes of deaths
20,12,along with two NCDs and one injury in the African Region
20,13,and low-income countries (1).
20,14,With communicable diseases being effectively prevented
20,15,"or treated, and populations surviving to older ages"
20,16,"where NCDs become the predominant risk, NCDs"
20,17,already accounted for nine of the top 10 causes in 2019
20,18,in the European Region and the Western Pacific Region
20,19,"(Fig. 1.8), as well as in upper-middle-income and high-"
20,20,income countries (Fig. 1.9). The only communicable
20,21,disease that ranked among the top 10 in these regions or
20,22,income groups were lower respiratory infections (1).
20,23,"Figure 1.7 Top 10 causes of death globally in 2000, 2019, 2020 and 2021"
20,24,Diarrhoeal diseases
20,25,HIV/AIDS
20,26,Preterm birth complications
20,27,Road injury
20,28,Ischaemic heart disease
20,29,COVID-19
20,30,Stroke
20,31,Chronic obstructive pulmonary disease
20,32,Lower respiratory infections
20,33,"Trachea, bronchus, lung cancers"
20,34,Alzheimer disease and other dementias
20,35,Diabetes mellitus
20,36,Kidney diseases
20,37,Tuberculosis
20,38,>10
20,39,10
20,40,9
20,41,8
20,42,7
20,43,6
20,44,5
20,45,4
20,46,3
20,47,2
20,48,1
20,49,2000
20,50,2019
20,51,2020
20,52,2021
20,53,Rank
20,54,"Communicable, maternal, perinatal and nutritional conditions"
20,55,Injuries
20,56,Noncommunicable diseases
20,57,Note: Solid lines represent movement within the top 10 causes of death. Dashed lines represent movement in or out of the top 10 causes of death.
20,58,Source: WHO (1).
20,59,"World health statistics 2024: monitoring health for the SDGs, Sustainable Development Goals"
20,60,12
21,1,"Figure 1.8 Top 10 causes of death, by WHO region, in 2000, 2019, 2020 and 2021"
21,2,Self-harm
21,3,Cirrhosis of the liver
21,4,Stomach cancer
21,5,Ischaemic heart disease
21,6,COVID-19
21,7,Stroke
21,8,"Trachea, bronchus, lung cancers"
21,9,Colon and rectum cancers
21,10,Hypertensive heart disease
21,11,Lower respiratory infections
21,12,Diabetes mellitus
21,13,Road injury
21,14,Drug use disorders
21,15,COVID-19
21,16,Ischaemic heart disease
21,17,Stroke
21,18,Alzheimer disease and
21,19,other dementias
21,20,Alzheimer disease and
21,21,other dementias
21,22,Chronic obstructive
21,23,pulmonary disease
21,24,Diabetes mellitus
21,25,Kidney diseases
21,26,Lower respiratory infections
21,27,"Trachea, bronchus, lung cancers"
21,28,Interpersonal violence
21,29,Preterm birth complications
21,30,Birth asphyxia and
21,31,birth trauma
21,32,Kidney diseases
21,33,COVID-19
21,34,Ischaemic heart disease
21,35,Stroke
21,36,Chronic obstructive
21,37,pulmonary disease
21,38,Tuberculosis
21,39,Diarrhoeal diseases
21,40,Lower respiratory infections
21,41,Diabetes mellitus
21,42,Cirrhosis of the liver
21,43,Road injury
21,44,European Region
21,45,Region of the Americas
21,46,South-East Asia Region
21,47,2000
21,48,2019
21,49,2020
21,50,2021
21,51,2000
21,52,2019
21,53,2020
21,54,2021
21,55,2000
21,56,2019
21,57,2020
21,58,2021
21,59,>10
21,60,10
21,61,9
21,62,8
21,63,7
21,64,6
21,65,5
21,66,4
21,67,3
21,68,2
21,69,1
21,70,>10
21,71,10
21,72,9
21,73,8
21,74,7
21,75,6
21,76,5
21,77,4
21,78,3
21,79,2
21,80,1
21,81,Diarrhoeal diseases
21,82,Measles
21,83,Tuberculosis
21,84,Hypertensive heart disease
21,85,Ischaemic heart disease
21,86,COVID-19
21,87,Stroke
21,88,Preterm birth complications
21,89,Lower respiratory infections
21,90,Diabetes mellitus
21,91,Kidney diseases
21,92,Cirrhosis of the liver
21,93,Road injury
21,94,Eastern Mediterranean Region
21,95,2000
21,96,2019
21,97,2020
21,98,2021
21,99,Road injury
21,100,Oesophagus cancer
21,101,Self-harm
21,102,Stroke
21,103,Ischaemic heart disease
21,104,"Trachea, bronchus, lung cancers"
21,105,Stomach cancer
21,106,Lower respiratory infections
21,107,Hypertensive heart disease
21,108,Colon and rectum cancers
21,109,Kidney diseases
21,110,Western Pacific
21,111,2000
21,112,2019
21,113,2020
21,114,2021
21,115,>10
21,116,10
21,117,9
21,118,8
21,119,7
21,120,6
21,121,5
21,122,4
21,123,3
21,124,2
21,125,1
21,126,>10
21,127,10
21,128,9
21,129,8
21,130,7
21,131,6
21,132,5
21,133,4
21,134,3
21,135,2
21,136,1
21,137,>10
21,138,10
21,139,9
21,140,8
21,141,7
21,142,6
21,143,5
21,144,4
21,145,3
21,146,2
21,147,1
21,148,Rank
21,149,"Communicable, maternal, perinatal and nutritional conditions"
21,150,Injuries
21,151,Noncommunicable diseases
21,152,Chronic obstructive
21,153,pulmonary disease
21,154,Chronic obstructive
21,155,pulmonary disease
21,156,Alzheimer disease and
21,157,other dementias
21,158,Birth asphyxia and
21,159,birth trauma
21,160,Measles
21,161,Road injury
21,162,Lower respiratory infections
21,163,Malaria
21,164,Stroke
21,165,Tuberculosis
21,166,Diarrhoeal diseases
21,167,COVID-19
21,168,HIV/AIDS
21,169,Ischaemic heart disease
21,170,Preterm birth complications
21,171,Birth asphyxia and
21,172,birth trauma
21,173,African Region
21,174,2000
21,175,2019
21,176,2020
21,177,2021
21,178,>10
21,179,10
21,180,9
21,181,8
21,182,7
21,183,6
21,184,5
21,185,4
21,186,3
21,187,2
21,188,1
21,189,Note: Solid lines represent movement within the top 10 causes of death. Dashed lines represent movement in or out of the top 10 causes of death.
21,190,Source: WHO (1).
21,191,"Life expectancy, healthy life expectancy and burden of disease in the light of the COVID-19 pandemic"
21,192,13
22,1,"Figure 1.9 Top 10 causes of death, by World Bank income group, in 2000, 2019, 2020 and 2021"
22,2,Measles
22,3,Road injury
22,4,Lower respiratory
22,5,infections
22,6,Stroke
22,7,Ischaemic heart
22,8,disease
22,9,Malaria
22,10,Preterm birth
22,11,complications
22,12,COVID-19
22,13,Diarrhoeal diseases
22,14,Tuberculosis
22,15,Birth asphyxia and
22,16,birth trauma
22,17,HIV/AIDS
22,18,Road injury
22,19,Tuberculosis
22,20,Cirrhosis of the liver
22,21,Kidney diseases
22,22,Stroke
22,23,Ischaemic heart
22,24,disease
22,25,COVID-19
22,26,Chronic obstructive
22,27,pulmonary disease
22,28,"Trachea, bronchus,"
22,29,lung cancers
22,30,Alzheimer disease and
22,31,other dementias
22,32,Lower respiratory
22,33,infections
22,34,Diabetes mellitus
22,35,Hypertensive
22,36,heart disease
22,37,Stomach
22,38,cancer
22,39,HIV/AIDS
22,40,Birth asphyxia and birth trauma
22,41,Measles Road injury
22,42,COVID-19
22,43,Ischaemic heart
22,44,disease
22,45,Stroke
22,46,Chronic obstructive
22,47,pulmonary disease
22,48,Lower respiratory
22,49,infections
22,50,Tuberculosis
22,51,Diarrhoeal diseases
22,52,Diabetes mellitus
22,53,Cirrhosis of the liver
22,54,Preterm birth
22,55,complications
22,56,Diabetes mellitus
22,57,Breast cancer
22,58,Stomach cancer
22,59,Pancreas cancer
22,60,Ischaemic heart
22,61,disease
22,62,COVID-19
22,63,Stroke
22,64,Alzheimer disease and
22,65,other dementias
22,66,"Trachea, bronchus,"
22,67,lung cancers
22,68,Chronic obstructive
22,69,pulmonary disease
22,70,Lower respiratory
22,71,infections
22,72,Colon and rectum cancers
22,73,Kidney diseases
22,74,Hypertensive heart
22,75,disease
22,76,Upper-middle-income
22,77,High-income
22,78,Low-income
22,79,Lower-middle-income
22,80,2000
22,81,2019
22,82,2020
22,83,2021
22,84,2000
22,85,2019
22,86,2020
22,87,2021
22,88,2000
22,89,2019
22,90,2020
22,91,2021
22,92,2000
22,93,2019
22,94,2020
22,95,2021
22,96,>10
22,97,10
22,98,9
22,99,8
22,100,7
22,101,6
22,102,5
22,103,4
22,104,3
22,105,2
22,106,1
22,107,>10
22,108,10
22,109,9
22,110,8
22,111,7
22,112,6
22,113,5
22,114,4
22,115,3
22,116,2
22,117,1
22,118,>10
22,119,10
22,120,9
22,121,8
22,122,7
22,123,6
22,124,5
22,125,4
22,126,3
22,127,2
22,128,1
22,129,>10
22,130,10
22,131,9
22,132,8
22,133,7
22,134,6
22,135,5
22,136,4
22,137,3
22,138,2
22,139,1
22,140,Rank
22,141,"Communicable, maternal, perinatal and nutritional conditions"
22,142,Injuries
22,143,Noncommunicable diseases
22,144,Note: Solid lines represent movement within the top 10 causes of death. Dashed lines represent movement in or out of the top 10 causes of death.
22,145,Source: WHO (1).
22,146,1.3 Mortality-related SDG indicators
22,147,The SDG framework includes several indicators on
22,148,"mortality pertaining to specific age groups, such as"
22,149,"young children, and mortality due to specific causes (2)."
22,150,Overall progress has been observed for mortality-related
22,151,"SDG indicators; however, the current trends are not"
22,152,strong enough to reach the targets by 2030.
22,153,1.3.1 Maternal and
22,154,child mortality
22,155,"Since the turn of the millennium, enhancing the health of"
22,156,mothers and children has been a top priority for global
22,157,development. Maternal and child mortality reductions
22,158,This distribution of the leading 10 causes of death by
22,159,broad cause group at global level remained unchanged
22,160,"from 2019 in 2020 and 2021; however, COVID-19 emerged"
22,161,"as the third and second leading causes, respectively,"
22,162,claiming 4.1 million and 8.8 million lives globally. In all
22,163,but two WHO regions (the African and Western Pacific
22,164,"regions), COVID-19 ranked among the top five causes"
22,165,"of deaths in 2020 and 2021, responsible for the largest"
22,166,number of deaths in both years in the Region of the
22,167,"Americas, in 2021 in the South-East Asia Region and the"
22,168,second largest number of deaths in both years in the
22,169,European and the Eastern Mediterranean regions. In the
22,170,"African Region, the disease only moved up from 12th"
22,171,to sixth in 2021. While in the Western Pacific Region it
22,172,"remained out of the top 10, it rose from being 50th in 2020"
22,173,to 19th in 2021 (1).
22,174,"World health statistics 2024: monitoring health for the SDGs, Sustainable Development Goals"
22,175,14
23,1,"were among the Millennium Development Goals (MDGs),"
23,2,steering the global efforts through to the year 2015. They
23,3,"remain among the global targets in the SDG period,"
23,4,which runs from 2015 to 2030.
23,5,Maternal mortality
23,6,Marked reduction in maternal mortality was achieved
23,7,during the MDG years between 2000 and 2015. The global
23,8,maternal mortality ratio (MMR) (SDG indicator 3.1.1)
23,9,dropped by a third from 339 (80% UI: 319–360) deaths
23,10,per 100 000 live births in 2000 to 227 (80% UI: 211–246)
23,11,"deaths per 100 000 live births in 2015, equivalent to"
23,12,"a 2.7% (80%, UI: 2.0–3.2%) average annual rate of"
23,13,"reduction (ARR). However, progress has stagnated"
23,14,"since, and the global MMR only dropped to 223 (80%"
23,15,UI: 202–255) deaths per 100 000 live births in 2020 as
23,16,the ARR fell to –0.04% (80% UI: –1.6 to 1.1%) between
23,17,2016 and 2020 (Fig. 1.10). An estimated 287 000 (80% UI:
23,18,273 000–343 000) women globally died from a maternal
23,19,"cause in 2020, a number that remained unacceptably"
23,20,high and is equivalent to almost 800 deaths every day or
23,21,one every two minutes (3).
23,22,The African Region remained the region with the highest
23,23,"MMR throughout the two decades, despite a sustained"
23,24,decline with an ARR of 2%. The South-East Asia Region
23,25,"had experienced the steepest decline, reducing MMR"
23,26,from 372 (80% UI: 336–423) deaths per 100 000 live births
23,27,in 2000 to 117 (80% UI: 106–133) deaths per 100 000 live
23,28,births in 2020 and still maintaining an ARR at nearly 5%
23,29,in the SDG era. Increasing MMRs were seen in the Region
23,30,"of the Americas, the European Region and Western"
23,31,"Pacific Region between 2016 and 2020, despite the"
23,32,"sizable decline during the MDG era. However, the levels"
23,33,of MMR have remained below 80 deaths per 100 000 live
23,34,births in these three regions since 2000 (3).
23,35,To achieve the SDG global target of MMR below 70
23,36,"deaths per 100 000 live births by 2030, an ARR of 11.6%"
23,37,"is required between 2021 and 2030, equivalent to over"
23,38,"1 million deaths averted, compared with a scenario"
23,39,"where the 2016–2020 global stagnation continues (2, 3)."
23,40,Mortality among children under 5 years
23,41,of age and among newborns
23,42,Substantial global progress has been made in reducing
23,43,childhood mortality since 2000. The total number of
23,44,deaths among children under 5 years of age worldwide
23,45,declined from 9.9 million (90% UI: 9.8–10.1 million) in
23,46,"2000 to 4.9 million (90% UI: 4.6–5.4 million) in 2022,"
23,47,reflecting a 51% decline in the global under-five
23,48,"mortality rate (U5MR, SDG indicator 3.2.1) from 76 (90%"
23,49,UI: 75–78) deaths per 1000 live births in 2000 to 37 (90%
23,50,UI: 35–41) deaths per 1000 live births in 2022 (4).
23,51,"Figure 1.10 Global MMR stratified by five-year time period, 2000–2020"
23,52,Period
23,53,Shaded area indicates 80% uncertainty intervals.
23,54,2011–2015
23,55,2001–2005
23,56,2016–2020
23,57,2006–2010
23,58,MMR
23,59,300
23,60,250
23,61,200
23,62,350
23,63,4
23,64,5
23,65,3
23,66,2
23,67,1
23,68,Year
23,69,Source: WHO et al. (3).
23,70,"Life expectancy, healthy life expectancy and burden of disease in the light of the COVID-19 pandemic"
23,71,15
24,1,"Despite the noteworthy progress at the global level,"
24,2,inequality across regions persists. Children in the African
24,3,Region continued to have the highest risk of dying before
24,4,"reaching the age of five. In 2022, the U5MR in the region"
24,5,"was 70 (90% UI: 63–82) deaths per 1000 live births, 10"
24,6,"times the U5MR in the European Region (Fig. 1.11). In fact,"
24,7,"the African Region accounted for over half (2.7 million,"
24,8,90% UI: 2.5–3.2 million) of the total under-five deaths in
24,9,"2022, while only accounting for 30% of the global live"
24,10,births (4).
24,11,"At the country level, U5MRs in 2022 ranged from 1.5 (90%"
24,12,UI: 0.7–3.1) deaths per 1000 live births to 117.3 (90% UI:
24,13,"93.3–147.7) deaths per 1000 live births, which means that"
24,14,the risk of dying before turning five for a child born in the
24,15,highest-mortality country was about 80 times that in the
24,16,lowest-mortality country (4).
24,17,"Figure 1.11 U5MR and NMR, globally and by WHO region, 2022"
24,18,African Region
24,19,Eastern
24,20,Mediterranean Region
24,21,South-East Asia
24,22,Region
24,23,Region of the
24,24,Americas
24,25,Western Pacific
24,26,Region
24,27,European Region
24,28,Global
24,29,Under-five
24,30,Neonatal
24,31,Under-five
24,32,Neonatal
24,33,Under-five
24,34,Neonatal
24,35,Under-five
24,36,Neonatal
24,37,Under-five
24,38,Neonatal
24,39,Under-five
24,40,Neonatal
24,41,Under-five
24,42,Neonatal
24,43,0
24,44,5
24,45,10
24,46,15
24,47,20
24,48,25
24,49,30
24,50,35
24,51,40
24,52,45
24,53,50
24,54,55
24,55,60
24,56,65
24,57,70
24,58,Mortality rate (per 1000 live births)
24,59,Source: UNICEF et al. (4).
24,60,"World health statistics 2024: monitoring health for the SDGs, Sustainable Development Goals"
24,61,16
25,1,Newborn deaths represent an increasing share of total
25,2,"under-five deaths, up from 41% in 2000 to 47% in 2022."
25,3,"Globally, 2.3 million (90% UI: 2.2–2.6 million) children died"
25,4,"in the first month of life in 2022, down from 4.1 million"
25,5,"(90% UI: 4.0–4.2 million) in 2000. However, the decline in"
25,6,"global neonatal deaths from 2000 to 2020, at 44%, has"
25,7,been slower compared with the 56% drop in the number
25,8,of deaths among children aged 1–59 months during the
25,9,same period (4).
25,10,The chances of survival from birth varies widely
25,11,depending on where a child is born. The WHO African and
25,12,Eastern Mediterranean regions had the highest neonatal
25,13,"mortality rates (NMR, SDG indicator 3.2.2) in 2022 at 26"
25,14,(90% UI: 24–32) deaths per 1000 live births and 25
25,15,"(90% UI: 21–30) deaths per 1000 live births, respectively"
25,16,(Fig. 1.11). With country-level NMRs in 2022 ranging from
25,17,0.7 (90% UI: 0.3–1.5) deaths per 1000 live births to 39.4
25,18,(90% UI: 10.8–108.7) deaths per 1000 live births across the
25,19,"world, the risk of a newborn dying before their 28th day of"
25,20,life in the highest-mortality country was almost 60 times
25,21,that in the lowest-mortality country (4).
25,22,Progress in reducing U5MR and NMR slowed in the first
25,23,half of the SDG era (2015–2022) compared with what
25,24,"was achieved in the MDG era (2000–2015). Globally, the"
25,25,average ARR in U5MR decreased from 3.8% (UI: 3.6–4.0%)
25,26,in 2000–2015 to 2.1% (90% UI: 0.9–2.7%) in 2015–2022.
25,27,"Similarly, the ARR for global NMR decreased from"
25,28,3.0% (90% UI: 2.7–3.3%) in 2000–2015 to 1.8% (90% UI:
25,29,0.5–2.5%) in 2015–2022 (4).
25,30,"If current trends continue, 59 countries will not meet the"
25,31,SDG target for U5MR (25 or fewer deaths per 1000 live
25,32,births by 2030). Even more countries are at risk of missing
25,33,the SDG target for NMR (12 or fewer deaths per 1000 live
25,34,births by 2030): 64 countries will need to accelerate the
25,35,mortality decline to meet the target on time. The majority
25,36,of the countries not on track to achieve the SDG targets
25,37,"are in the African Region, reinforcing the fact that children"
25,38,face different chances of survival depending on where
25,39,they are born. Reaching the targets in all countries and
25,40,areas will avert 9 million deaths among children under
25,41,"5 years of age between 2023 and 2030, some 42% of"
25,42,"which would be among neonates (2, 4)."
25,43,1.3.2 Mortality due to injury
25,44,Road injury
25,45,Despite the growth in the global population and number
25,46,"of vehicles, the global number of road traffic fatalities"
25,47,declined by 5.9% from 1.25 million (UI: 1.11–1.39 million)
25,48,deaths in 2010 to 1.18 million (UI: 1.05–1.30 million)
25,49,"deaths in 2021 (1, 5). While 10 countries in four regions"
25,50,achieved the target to halve the number of road traffic
25,51,"deaths during this period, at the global level the"
25,52,reduction fell far short of the target of the United Nations
25,53,"Decade of Action for Road Safety 2010–2020, and at this"
25,54,pace the global target of the United Nations Decade of
25,55,Action for Road Safety 2021–2030 to halve deaths by 2030
25,56,"would not be met either (6, 7). In 2021, the South-East"
25,57,Asia and the Western Pacific regions shouldered more
25,58,"than half of the global burden of road traffic deaths, with"
25,59,319 000 (UI: 284 000–354 000) deaths (27% of the global
25,60,burden) and 298 000 (UI: 278 000–317 000) deaths (25% of
25,61,"the global burden), respectively (1, 5)."
25,62,The decline in the global number of deaths corresponds
25,63,to a 17% decline from the crude death rate (CDR) due
25,64,to road traffic injuries (SDG indicator 3.6.1) from 17.9
25,65,(UI: 16.0–19.8) deaths per 100 000 population in 2010
25,66,to 14.9 (UI: 13.3–16.4) deaths per 100 000 population in
25,67,2021. Declines in CDRs were observed in all regions in
25,68,"the period. However, the region with the highest CDR"
25,69,"in 2021 (the African Region, at 19.4 [(UI: 16.4–22.4])"
25,70,per 100 000 population) still had a CDR that was nearly
25,71,three times as high as in the region with the lowest CDR
25,72,"(the European Region, at 6.7 [UI: 6.2–7.3] per 100 000"
25,73,population). The slowest progress was seen in the Region
25,74,"of the Americas, yet still even this was down by 9.4% from"
25,75,15.6 (UI: 14.5–16.6) per 100 000 population in 2010 to 14.1
25,76,"(UI: 13.0–15.2) per 100 000 population in 2021. In 2021,"
25,77,low-income countries faced the highest CDR from road
25,78,"injuries at 21.3 (UI: 17.9–24.8) per 100 000 population,"
25,79,while high-income countries had the lowest CDR at 7.6
25,80,"(UI: 7.1–8.2) per 100 000 population (1, 5)."
25,81,Suicide
25,82,The global total of suicide deaths decreased from an
25,83,estimated 762 000 (UI: 590 000–892 000) in 2000 to
25,84,717 000 (UI: 545 000–913 000) in 2021. The CDR from
25,85,suicide (SDG indicator 3.4.2) declined steadily between
25,86,2000 and 2020 from 12.4 (UI: 9.6–14.5) deaths per 100 000
25,87,population to 9.0 (UI: 7.0–11.3) deaths per 100 000
25,88,"population, and then increased slightly to 9.1 (UI:"
25,89,6.9–11.6) deaths per 100 000 population in 2021 (1).
25,90,The highest burden of suicide deaths shifted from the
25,91,"Western Pacific Region in 2000 (243 000 deaths, UI:"
25,92,168 000–282 000) to the South-East Asia Region (206 000
25,93,"deaths, UI: 151 000–257 000) in 2021, with the former"
25,94,seeing over a third reduction in suicide CDR from 14.5
25,95,(UI: 10.1–16.8) per 100 000 population to 9.4 (UI: 7.0–12.1)
25,96,"per 100 000 population, and the latter seeing a one fifth"
25,97,reduction in CDR from 12.7 (UI: 9.4–15.1) per 100 000
25,98,population to 10.0 (UI: 7.4–12.5) per 100 000 population
25,99,"Life expectancy, healthy life expectancy and burden of disease in the light of the COVID-19 pandemic"
25,100,17
26,1,between 2000 and 2021. The European Region also
26,2,"observed striking decline in suicide deaths, with CDR"
26,3,"falling from 21.3 (UI: 19.8–22.9) per 100 000 population,"
26,4,"the highest among all regions in 2000, to 12.3 (UI: 10.3–"
26,5,14.4) per 100 000 population in 2021. The African Region
26,6,underwent a very modest decline in suicide CDR between
26,7,2000 and 2020 (7.0 [UI: 4.5–10.2] per 100 000 population
26,8,"to 6.9 [UI: 4.4–10.3] per 100 000 population), followed by"
26,9,an increase to 7.2 (UI: 4.6–10.9) per 100 000 population
26,10,in 2021. The Eastern Mediterranean remained the region
26,11,with the lowest CDR throughout the period. The Region of
26,12,the Americas was the only region where overall increase
26,13,"was seen, rising from 7.2 (UI: 6.6–7.8) per 100 000 in 2000"
26,14,to 9.8 (UI: 8.7–10.8) per 100 000 in 2021 (1).
26,15,"Globally, the rate of suicide deaths for men was more than"
26,16,double that for women in 2021 (CDR 12.3 [UI: 9.6–15.4]
26,17,per 100 000 population versus 5.9 [UI: 4.2–7.7] per 100 000
26,18,"population). However, the sex disparity was uneven"
26,19,"across regions, with a male-to-female ratio ranging from"
26,20,as low as 1.4 in the South-East Asia Region to nearly 4.0 in
26,21,the Region of the Americas (Fig. 1.12) (1).
26,22,Homicide
26,23,Nearly 481 000 (UI: 360 000–649 000) people were
26,24,"homicide victims in 2021, although there was a slight"
26,25,"increase (478 000 [UI: 400 000–578 000]) from 2000,"
26,26,"corresponding to a decline in CDR by about 22%, from"
26,27,7.8 (UI: 6.5–9.4) per 100 000 population in 2000 to 6.1 (UI:
26,28,4.6–8.2) per 100 000 population in 2021. About 80% of the
26,29,victims were men (1).
26,30,The WHO Region of the Americas had the highest
26,31,mortality burden from homicide in 2021 with a total
26,32,"of 199 000 (UI: 169 000–233 000) deaths, accounting"
26,33,for 41.3% of the total global homicide deaths but only
26,34,"13.0% of the global population. In contrast, about a"
26,35,quarter of the global population resides in the Western
26,36,"Pacific Region, but this region accounted for only 6.2% of"
26,37,"global homicide deaths, with a CDR (1.6 [UI: 1.1–2.1] per"
26,38,100 000 population) that was 8% of that in the highest
26,39,"region (Region of the Americas, 19.4 (UI: 16.5–22.7) per"
26,40,100 000 population) and just about 16% of that in the
26,41,"second highest (African Region, 9.6 [UI: 5.9–15.1] per"
26,42,"Figure 1.12 Global and regional trends in the mortality rates due to suicide and homicide, 2000–2021"
26,43,African Region
26,44,Region of the
26,45,Americas
26,46,South-East Asia
26,47,Region
26,48,European Region
26,49,Eastern Mediterranean
26,50,Region
26,51,Western Pacific
26,52,Region
26,53,Global
26,54,2000
26,55,2021
26,56,2000
26,57,2021
26,58,2000
26,59,2021
26,60,2000
26,61,2021
26,62,2000
26,63,2021
26,64,2000
26,65,2021
26,66,2000
26,67,2021
26,68,Homicide
26,69,Suicide
26,70,0
26,71,5
26,72,10
26,73,15
26,74,20
26,75,25
26,76,30
26,77,35
26,78,Crude death rate (per 100 000 population)
26,79,0
26,80,5
26,81,10
26,82,15
26,83,20
26,84,25
26,85,30
26,86,35
26,87,Crude death rate (per 100 000 population)
26,88,Female
26,89,Male
26,90,Source: WHO (1).
26,91,"World health statistics 2024: monitoring health for the SDGs, Sustainable Development Goals"
26,92,18
27,1,100 000 population) in 2021. Compared with the Region of
27,2,"the Americas and the African Region, the CDR of homicide"
27,3,"was also relatively low in the European, South-East Asia"
27,4,"and Eastern Mediterranean regions, at 2.6 (UI: 2.1–3.3)"
27,5,"per 100 000 population, 3.7 (UI: 2.7–5.0) per 100 000"
27,6,"population and 5.4 (UI: 3.2–8.6) per 100 000 population,"
27,7,respectively (1).
27,8,Men and women face disproportionate risk of homicide
27,9,"deaths, and the sex disparity was unevenly distributed"
27,10,"across WHO regions. Globally, the male-to-female"
27,11,"ratio for CDR for homicide mortality in 2021 was 4.0,"
27,12,"ranging from about 2.8 in the South-East Asia, Eastern"
27,13,Mediterranean and European regions to 7.1 in the Region
27,14,"of the Americas. A strong age pattern was also observed,"
27,15,with young adults at age 20–24 years having the highest
27,16,"age-specific mortality rate, peaking at 12.7 (UI: 9.5–17.1)"
27,17,deaths per 100 000 population globally and up to 40.6 (UI:
27,18,36.1–45.3) deaths per 100 000 population in the Region of
27,19,the Americas (Fig. 1.12) (1).
27,20,Unintentional poisoning
27,21,"Globally, about 59 000 (UI: 32 000–90 000) people died"
27,22,"from unintentional poisoning in 2021, approximately"
27,23,down by over 4000 from the figure in 2000. This
27,24,represents a drop in the CDR from unintentional
27,25,"poisoning (SDG indicator 3.9.3) of a quarter, from 1.0 (UI:"
27,26,0.8–1.5) per 100 000 population in 2000 to 0.7 (UI: 0.4–1.1)
27,27,per 100 000 population in 2021. The highest CDR in 2021
27,28,was observed in the African Region at 1.2 (UI: 0.7–2.2)
27,29,"per 100 000 population, closely followed by the Western"
27,30,Pacific Region at just under 1.2 (UI: 0.5–1.7) per 100 000
27,31,population. The greatest decline in CDR was achieved
27,32,"in the European Region, with a nearly two thirds drop"
27,33,between 2000 and 2021. Slight increases were seen
27,34,in the Region of the Americas and the Western Pacific
27,35,Region (1).
27,36,Sex and age disparity were observed. Men were dying
27,37,at a rate that was 68% higher than women. The greatest
27,38,male-to-female ratios were observed in the Region of
27,39,"the Americas and the European Region at 2.3 and 2.6,"
27,40,"respectively, whereas the lowest ratio was in the African"
27,41,Region at 1.4. The youngest and the oldest population
27,42,were at the highest risk of dying from unintentional
27,43,"poisoning, with population under 5 years old and 65 years"
27,44,old and over accounting for less than 20% of the global
27,45,population but nearly 40% of the global deaths from
27,46,unintentional poisoning in 2021 (1).
27,47,1.3.3 Mortality due to NCDs
27,48,"Improved prevention, diagnosis and treatments has led"
27,49,to steady decline in premature mortality from NCDs.
27,50,"Globally, a person aged 30 years in 2000 had a 22.7% (UI:"
27,51,18.7–27.2%) chance of dying from one of the four major
27,52,"NCDs (cardiovascular disease, cancer, chronic respiratory"
27,53,disease and diabetes) before the age of 70 years (SDG
27,54,indicator 3.4.1). This risk fell to 18.2% (UI: 14.2–23.0%) in
27,55,"2019 before the onset of the pandemic, corresponding to"
27,56,an approximately 20% reduction (1).
27,57,Regional disparity exists in both the levels and pace of
27,58,progress. The Eastern Mediterranean Region started with
27,59,the highest risk of premature mortality (27.2% [UI: 19.4–
27,60,"36.4%]) in 2000 and, notwithstanding a 15.4% reduction,"
27,61,the risk in 2019 (23.0% [UI: 15.9–31.5%]) remained high
27,62,compared with other regions except for the South-East
27,63,"Asia Region, where the progress stagnated in 2000–2019."
27,64,"In contrast, the Region of the Americas had the lowest"
27,65,risk of NCD premature mortality (18.2% [UI: 16.6–19.9%])
27,66,in 2000 among all regions and stayed at the lowest level
27,67,"(13.9% [UI: 12.3–15.7%]) in 2019, with a 23.8% reduction"
27,68,between 2000 and 2019. The other three regions started
27,69,"at similar levels (22.2–23.9%) in 2000; however, the"
27,70,African Region saw more moderate decline (10.9%)
27,71,and reached a premature mortality risk of 21.3% (UI:
27,72,"13.5–31.3%) in 2019, whereas the fastest declines among"
27,73,all regions were observed in the European and Western
27,74,"Pacific regions (32.0% and 28.0% decline, respectively)"
27,75,(Fig. 1.13) (1).
27,76,"Despite the progress made, the pace of change in most"
27,77,countries has slowed since the beginning of the SDG
27,78,era in 2015. With the global ARR slowing significantly
27,79,(more than halved compared with the first 15 years of
27,80,"the century) between 2015 and 2019 to under 1%, the"
27,81,world is not on track to reach the 2030 SDG target. The
27,82,only region where some acceleration was seen was the
27,83,"Eastern Mediterranean Region, yet the accelerated ARR"
27,84,was still less than half of that required to meet the SDG
27,85,target. The region of most concern in meeting the target
27,86,"is South-East Asia Region, where the previous overall slow"
27,87,"but still declining trend in 2000–2015 has reversed, with"
27,88,an increase in premature NCD mortality in 2015–2019.
27,89,"The other regions all underwent major declines in ARR,"
27,90,ranging from a 8% reduction in the African Region to over
27,91,a third reduction in the Western Pacific Region (1).
27,92,"Life expectancy, healthy life expectancy and burden of disease in the light of the COVID-19 pandemic"
27,93,19
28,1,"Figure 1.13 Trends in the probability of dying between ages 30 and 69 years from one of the four major NCDs,"
28,2,"globally, by WHO region and by World Bank income group, 2000–2019"
28,3,African Region
28,4,Region of the Americas
28,5,South-East Asia Region
28,6,European Region
28,7,Eastern Mediterranean Region
28,8,Western Pacific
28,9,Global
28,10,Global
28,11,Low-income
28,12,Lower-middle-income
28,13,Upper-middle-income
28,14,High-income
28,15,World Bank income groups
28,16,WHO region
28,17,2000
28,18,2005
28,19,2010
28,20,2015
28,21,2019
28,22,10
28,23,15
28,24,20
28,25,25
28,26,30
28,27,10
28,28,15
28,29,20
28,30,25
28,31,30
28,32,Risk of premature death from target NCDs (%)
28,33,Source: WHO (1).
28,34,About 60 countries with good vital registration data that
28,35,are available for 2020 and/or 2021 present a mixed picture
28,36,of NCD premature mortality during the pandemic.
28,37,2 Some
28,38,countries saw further slowdown of reduction or even
28,39,increasing NCD mortality during the pandemic as a result
28,40,"of disruptions to NCD services, while other countries"
28,41,observed accelerated decline in NCD premature mortality.
28,42,"The latter may well be an artefact, as patients with"
28,43,"2 Trajectories of NCD mortality after the onset of the COVID-19 pandemic are still being understood. In countries that have low-quality vital registration, WHO’s"
28,44,"current estimates include a cause of death category, “other pandemic-related mortality” , that likely includes NCD mortality. Future work will explore how NCD"
28,45,mortality changed in these countries in 2020–2021 (1).
28,46,NCDs are also at greater danger of dying prematurely
28,47,from COVID-19 as a competing risk (and so recorded as
28,48,COVID-19 deaths). There are still many unknowns around
28,49,the progress in NCD premature mortality during the
28,50,COVID-19 pandemic that can only be answered with more
28,51,and better cause of death data to document the trends
28,52,during and after the pandemic.
28,53,"World health statistics 2024: monitoring health for the SDGs, Sustainable Development Goals"
28,54,20
29,1,1.3.4 Mortality attributable
29,2,to environmental
29,3,risk factors
29,4,Millions of deaths annually can be attributed to
29,5,"environmental factors, such as air pollution and unsafe"
29,6,"drinking-water, sanitation and hygiene (WASH)."
29,7,Mortality attributed to air pollution
29,8,Exposure to air pollution increases the risk for many
29,9,negative health outcomes. Five health conditions –
29,10,"stroke, ischaemic heart disease, lung cancer and chronic"
29,11,"obstructive pulmonary disease in adults, and acute lower"
29,12,respiratory infections at all ages – are included in the
29,13,estimation of SDG indicator 3.9.1 on mortality attributed
29,14,to air pollution.
29,15,Household and ambient air pollution are estimated to
29,16,"have jointly caused 6.7 million deaths worldwide in 2019,"
29,17,corresponding to 4.2 million attributable to ambient air
29,18,pollution and 3.2 million to household air pollution. The
29,19,global age-standardized mortality rate attributable to air
29,20,pollution in 2019 was 104 (UI: 81–130) deaths per 100 000
29,21,"population, a slight decline from 133 (UI: 106–162) deaths"
29,22,"per 100 000 population in 2010. The African, Eastern"
29,23,Mediterranean and South-East Asia regions had the
29,24,highest age-standardized mortality rates attributable to
29,25,air pollution among WHO regions in 2019 (8).
29,26,The causes of the observed differences in air pollution-
29,27,attributable mortality rates between regions and
29,28,"countries are diverse. First, they are due to the different"
29,29,(population-weighted) ambient and household
29,30,"particulate matter concentrations, but the different"
29,31,population distribution by age and underlying mortality
29,32,patterns by cause also play a role.
29,33,Mortality attributed to unsafe WASH
29,34,"Unsafe WASH can lead to undesired health outcomes,"
29,35,including deaths. SDG indicator 3.9.2 is defined as
29,36,"mortality rate attributed to unsafe WASH, and considers"
29,37,"four health conditions in the estimation, namely"
29,38,"diarrhoea, acute respiratory infections, undernutrition"
29,39,and soil-transmitted helminthiases. The latest estimate
29,40,"suggests that globally in 2019, safe WASH could have"
29,41,prevented 1.4 million (UI: 1.3–1.5 million) deaths. An
29,42,estimated 395 000 of these deaths were among children
29,43,under 5 years of age (9).
29,44,The global WASH-attributable mortality rate in 2019
29,45,"was 18.3 deaths per 100 000 population, ranging from"
29,46,3.7 deaths per 100 000 population in high-income
29,47,countries up to 41.7 deaths per 100 000 population in
29,48,"low-income countries. Among WHO regions, the highest"
29,49,mortality rates in 2019 were in the African Region
29,50,(46.7 deaths per 100 000 population) and the South-East
29,51,Asia Region (29.6 deaths per 100 000 population) (9).
29,52,"Life expectancy, healthy life expectancy and burden of disease in the light of the COVID-19 pandemic"
29,53,21
30,1,References
30,2,1. Global health estimates 2021. Geneva: World Health
30,3,Organization; [in press] (https://www.who.int/data/global-
30,4,health-estimates).
30,5,2. Work of the Statistical Commission pertaining to the
30,6,2030 Agenda for Sustainable Development: resolution/
30,7,adopted by the General Assembly. New York: United
30,8,Nations; 2017 (A/RES/71/313; https://digitallibrary.un.org/
30,9,record/1291226?v=pdf).
30,10,"3. Trends in maternal mortality 2000 to 2020: estimates by WHO,"
30,11,"UNICEF, UNFPA, World Bank Group and UNDESA/Population"
30,12,Division. Geneva: World Health Organization; 2023 (https://
30,13,iris.who.int/handle/10665/366225). Licence: CC BY-NC-SA 3.0
30,14,IGO.
30,15,4. Levels & trends in child mortality: report 2023. Estimates
30,16,developed by the United Nations Inter-agency Group for Child
30,17,"Mortality Estimation. New York, Geneva, Washington, DC:"
30,18,"United Nations Children’s Fund, World Health Organization,"
30,19,"World Bank Group, United Nations Department of Economic"
30,20,"and Social Affairs, Population Division; 2024 (https://"
30,21,childmortality.org/wp-content/uploads/2024/03/UNIGME-
30,22,2023-Child-Mortality-Report.pdf).
30,23,5. Global status report on road safety 2023. Geneva:
30,24,World Health Organization; 2023 (https://iris.who.int/
30,25,handle/10665/375016). Licence: CC BY-NC-SA 3.0 IGO.
30,26,6 Improving global road safety: resolution/adopted
30,27,by the General Assembly. New York: United Nations;
30,28,2020 (A/RES/74/299; https://digitallibrary.un.org/
30,29,record/3879711?ln=zh_CN&v=pdf).
30,30,7. Improving global road safety: resolution/adopted
30,31,by the General Assembly. New York: United Nations;
30,32,2010 (A/RES/64/255; https://digitallibrary.un.org/
30,33,record/684031?ln=en&v=pdf).
30,34,8. Air pollution data portal. The global health observatory
30,35,[online database]. Geneva: World Health Organization;
30,36,(https://www.who.int/data/gho/data/themes/air-pollution).
30,37,9. Burden of disease attributable to unsafe drinking-
30,38,"water, sanitation and hygiene, 2019 update. Geneva:"
30,39,World Health Organization; 2023 (https://iris.who.int/
30,40,handle/10665/370026). Licence: CC BY-NC-SA 3.0 IGO.
30,41,"World health statistics 2024: monitoring health for the SDGs, Sustainable Development Goals"
30,42,22
31,1,2
31,2,Health-related SDGs
31,3,The World health statistics 2023 revealed that not only have
31,4,many advances attained in the MDG era (2000–2015) stalled
31,5,"since 2015, but the COVID-19 pandemic has further hampered"
31,6,improvements since 2020 (1). This chapter presents the latest
31,7,available evidence of trends in health-related SDG and WHO
31,8,"GPW13 indicators, assessing progress towards achieving the"
31,9,global targets. The topics covered in this chapter include
31,10,"infectious diseases, risk factors for health, and health systems"
31,11,as a key to UHC. SDG indicators related to mortality are
31,12,discussed in Chapter 1.
32,1,2.1 Infectious diseases
32,2,1 Percentage change in HIV incidence rate was calculated from unrounded incidence rates.
32,3,SDG target 3.3 advocates to end the epidemics of HIV/
32,4,"AIDS, tuberculosis (TB), malaria and neglected tropical"
32,5,"diseases (NTDs), and to combat hepatitis, waterborne"
32,6,diseases and other communicable diseases. This
32,7,section describes the status of progress in the related
32,8,SDG indicators along with that in combating polio and
32,9,antimicrobial resistance (AMR).
32,10,2.1.1 HIV
32,11,"At the end of 2022, there were an estimated 39.0 million"
32,12,"(UI: 33.1–45.7 million) people living with HIV globally,"
32,13,of which 37.5 million (UI: 31.8–43.6 million) were aged
32,14,15 years or older and 1.5 million (UI: 1.2–2.1 million) were
32,15,children aged under 15 years (2).
32,16,"In 2022, there were 1.3 million (UI: 1.0–1.7 million) new"
32,17,HIV infections globally. This represents a 54% reduction
32,18,"from 2.8 million (UI: 2.2–3.8 million) in 2000, and 27%"
32,19,from 1.8 million (UI: 1.4–2.4 million) in 2015. The global
32,20,HIV incidence rate (number of new HIV infections per
32,21,"1000 uninfected population, SDG indicator 3.3.1) was"
32,22,"0.17 (UI: 0.13–0.23) in 2022, a 32% reduction from 0.25"
32,23,"(UI: 0.19–0.33) in 2015. However, progress varied across"
32,24,regions. The Eastern Mediterranean Region has seen a
32,25,"45% increase in HIV incidence rate since 2015, although"
32,26,it still had the lowest number of new infections across
32,27,WHO regions in 2022. HIV incidence rate declined by 31%
32,28,"during the same period in the South-East Asia Region,"
32,29,where both incidence rate and number are among
32,30,the lowest. Despite impressive progress in reducing
32,31,"incidence, the African Region continued to bear the"
32,32,"heaviest HIV burden (Fig. 2.1) (2, 3)."
32,33,1
32,34,"Figure 2.1 Percentage change in the number of new HIV infections per 1000 uninfected population,a 2015–2022,"
32,35,"and number of new HIV infections, 2022, globally and by WHO region"
32,36,56
32,37,180
32,38,140
32,39,160
32,40,110
32,41,660
32,42,1 300
32,43,Number of new
32,44,HIV infections
32,45,"(thousands),"
32,46,2022
32,47,African Region
32,48,Global
32,49,South-East Asia Region
32,50,Region of the Americas
32,51,Western Pacific Region
32,52,European Region
32,53,Eastern Mediterranean
32,54,Region
32,55,-60
32,56,-40
32,57,-20
32,58,0
32,59,20
32,60,40
32,61,Percentage change in HIV incidence rate (2015–2022)
32,62,-32%
32,63,-53%
32,64,-31%
32,65,10%
32,66,45%
32,67,-7%
32,68,7%
32,69,a P ercentage change in HIV incidence rate was calculated from unrounded incidence rates.
32,70,"Source: Joint United Nations Programme on HIV/AIDS (2, 3)."
32,71,"World health statistics 2024: monitoring health for the SDGs, Sustainable Development Goals"
32,72,24
33,1,Global initiatives call for curbing the number of new
33,2,"HIV infections to 370 000 in 2025 and 335 000 in 2030,"
33,3,equivalent to HIV incidence rates of 0.05 in 2025 and 0.025
33,4,"in 2030 (4, 5). The latest estimates suggest that while the"
33,5,"world is moving in the right direction, it is still far from"
33,6,reaching these targets.
33,7,2.1.2 TB
33,8,An estimated 10.6 million (UI: 9.9–11.4 million) people
33,9,"developed TB globally in 2022, of which 55% were men,"
33,10,33% were women and 12% were children under 15 years
33,11,of age. The global TB incidence rate (SDG indicator 3.3.2)
33,12,"was 133 (UI: 124–143) per 100 000 population in 2022,"
33,13,down from 180 (UI: 134–233) per 100 000 population in
33,14,2000 and 146 (UI: 133–160) per 100 000 population in
33,15,2015. Figure 2.2 shows that TB incidence rates varied
33,16,enormously across countries and areas in 2022 (6).
33,17,The WHO End TB strategy calls for a 50% reduction of TB
33,18,"incidence rate by 2025 relative to the 2015 baseline, as a"
33,19,milestone towards the SDG 2030 and End TB 2035 targets
33,20,(7). While TB incidence rate had continuously declined for
33,21,"many years up to 2020, two consecutive years of global"
33,22,increases in TB incidence (in 2021 and 2022) led to the
33,23,TB incidence rate in 2022 reverting to the level of 2019.
33,24,"Globally, the net relative reduction in the TB incidence"
33,25,"rate from 2015 to 2022 was 8.7%, falling far behind the"
33,26,WHO End TB strategy milestone (6).
33,27,"Nevertheless, there were encouraging signs of progress."
33,28,The global trends in the number of people diagnosed
33,29,"with TB and treated showed a major recovery in 2022,"
33,30,after a sharp drop in 2020 due to the disruptions related
33,31,to the COVID-19 pandemic (see section 2.3.1).
33,32,"Figure 2.2 TB incidence rate by country and area, 2022"
33,33,Source: WHO (6).
33,34,Health-related SDGs
33,35,25
34,1,2.1.3 Malaria
34,2,"In 2022, there were an estimated 249 million (UI: 225–"
34,3,278 million) malaria cases in 85 endemic countries and
34,4,"areas, leading to an estimated 631 000 (UI: 587 000–"
34,5,747 000) deaths (8).
34,6,The Global technical strategy for malaria 2016–2030 (GTS)
34,7,calls for a reduction in malaria case incidence by at least
34,8,"40% by 2020, 75% by 2025 and 90% by 2030 from a 2015"
34,9,"baseline, among other milestones and targets (9). The"
34,10,global malaria incidence rate (malaria cases per 1000
34,11,"population at risk, SDG indicator 3.3.3) was 59.8 (UI: 54.8–"
34,12,"65.7) in 2015, having declined by 26% from 81.0 (UI: 75.7–"
34,13,87.7) in 2000. The incidence rate continued to fall until
34,14,"2019, before rising by 3% in 2020 and remaining stable"
34,15,"since. In 2022, the incidence rate was 58.4 (UI: 52.9–65.3);"
34,16,the expected rate was 26.2 if it was on trajectory to reach
34,17,"GTS targets. If the current trends continue, it is unlikely"
34,18,that the GTS incidence targets will be achieved) (8).
34,19,The WHO African Region continues to bear the heaviest
34,20,"burden of malaria. In 2022, the region accounted for 94%"
34,21,of global malaria cases and 95% of global malaria deaths.
34,22,Children under the age of five are particularly vulnerable;
34,23,"in 2022, almost four in every five malaria deaths in the"
34,24,region were among these young children (8).
34,25,WHO recently added the programmatic use of malaria
34,26,vaccines for children living in endemic areas to the
34,27,"malaria prevention toolbox. The first malaria vaccine,"
34,28,"RTS,S/AS01 (RTS,S), was recommended by WHO in 2021"
34,29,"after successful pilot programmes in Ghana, Kenya and"
34,30,Malawi through the Malaria Vaccine Implementation
34,31,"Programme (Box 2.1). In 2023, WHO recommended a"
34,32,"second safe and effective malaria vaccine, R21-Matrix-M"
34,33,(R21) (10). Wide implementation of malaria vaccines is
34,34,expected to save tens of thousands of lives each year.
34,35,"Box 2.1 Malaria vaccine implementation in Ghana, Kenya and Malawi"
34,36,The Malaria Vaccine Implementation Programme (MVIP) was established by WHO to evaluate the public health
34,37,"use of the first malaria vaccine, RTS,S/AS01 (10). Findings from the pilot programme informed the historic WHO"
34,38,recommendation in October 2021 for a vaccine to prevent malaria in children.
34,39,"Through the collaborative effort with the ministries of health in Ghana, Kenya and Malawi from 2019 to 2023,"
34,40,"the RTS,S malaria vaccine was integrated into routine child immunization services as part of each country’s"
34,41,"national malaria control programme. Over 2 million children received the RTS,S malaria vaccine through"
34,42,"the pilot. Findings from MVIP show that the RTS,S vaccine substantially reduces early childhood deaths and"
34,43,hospitalizations for severe malaria.
34,44,"In October 2023, WHO recommended a second safe and effective malaria vaccine, R21, for routine use. This"
34,45,"recommendation, resulting in sufficient vaccine supply to scale up malaria vaccines broadly, coupled with the"
34,46,"high impact seen with the introduction of the RTS,S vaccine, underscores the potential of malaria vaccines as"
34,47,"important interventions to act against Plasmodium falciparum , the deadliest malaria parasite globally and the"
34,48,"most prevalent in Africa, and further supports the case for implementing the malaria vaccine as a routine child"
34,49,immunization.
34,50,"The wide-scale implementation of the malaria vaccines, which began in early 2024, holds the potential to save"
34,51,tens of thousands of lives each year. This is not just a scientific breakthrough but a life-saving intervention that
34,52,can significantly reduce the burden of malaria on our communities.
34,53,Key findings: substantial public health impact (11)
34,54,"Disease surveillance during 46 months of RTS,S vaccine use and scale-up, as part of the MVIP , showed that"
34,55,malaria vaccine introduction resulted in a 13% vaccine-attributable reduction in all-cause mortality (excluding
34,56,injury) among children age-eligible for vaccination compared with children living in areas where the vaccine
34,57,was not in use. Substantial reductions in severe malaria and malaria hospitalizations of children were also
34,58,documented. Measured impact was additional to the benefits from insecticide-treated mosquito net (ITN) use
34,59,and access to other child health interventions and care.
34,60,"World health statistics 2024: monitoring health for the SDGs, Sustainable Development Goals"
34,61,26
35,1,"These findings were measured in the context of vaccine scale-up, with an average third-dose coverage of about"
35,2,68% and average fourth-dose coverage of about 40% across the three countries. The substantial public health
35,3,impact of malaria vaccine is expected to increase as vaccine coverage increases.
35,4,Figure 2.3 shows the coverage of immunization with malaria and other vaccines in the MVIP areas in the three
35,5,countries from 2020 to 2023.
35,6,"Figure 2.3 Coverage of immunization with RTS,S vaccine (first, third and fourth dose), pentavalent vaccine"
35,7,"(third dose) and measles–rubella vaccine (first and second dose) in the MVIP areas in Ghana,"
35,8,"Kenya and Malawi, 2020–2023"
35,9,Vaccine
35,10,Year
35,11,Ghana
35,12,Kenya
35,13,Malawi
35,14,0
35,15,20
35,16,40
35,17,60
35,18,80
35,19,100
35,20,Coverage (%)
35,21,0
35,22,20
35,23,40
35,24,60
35,25,80
35,26,100
35,27,Coverage (%)
35,28,0
35,29,20
35,30,40
35,31,60
35,32,80
35,33,100
35,34,Coverage (%)
35,35,Penta-3
35,36,2020
35,37,2021
35,38,2022
35,39,2023
35,40,"RTS,S-1"
35,41,2020
35,42,2021
35,43,2022
35,44,2023
35,45,"RTS,S-3"
35,46,2020
35,47,2021
35,48,2022
35,49,2023
35,50,MR-1
35,51,2020
35,52,2021
35,53,2022
35,54,2023
35,55,MR-2
35,56,2020
35,57,2021
35,58,2022
35,59,2023
35,60,"RTS,S-4"
35,61,2020
35,62,2021
35,63,2022
35,64,2023
35,65,"Source: Administrative data, Essential Programme on Immunization, ministries of health of Ghana, Kenya and Malawi."
35,66,Other findings
35,67,"• Malaria vaccine uptake is high, with no unintended consequences, such as reduction in ITN use, uptake of"
35,68,other childhood vaccines or change in health-seeking behaviour.
35,69,• Quantitative analysis shows that parents understand that malaria vaccine reduces malaria but does not
35,70,"prevent all cases of malaria, and continue to use other preventive and care-seeking measures ."
35,71,• Community demand for and health worker acceptance of malaria vaccine is high.
35,72,• The malaria vaccine has a good safety profile – with more than 6 million doses provided.
35,73,"• In the three pilot countries, malaria vaccine even reached children who were not using other forms of malaria"
35,74,"prevention, thereby extending the programmatic reach of malaria prevention interventions."
35,75,The MVIP further established that a moderately efficacious malaria vaccine can have high effectiveness and
35,76,impact and will be accepted by communities and health workers.
35,77,Health-related SDGs
35,78,27
36,1,The MVIP also provided critical information to inform the recently updated WHO recommendation for malaria
36,2,"vaccines that applies to both RTS,S and R21 vaccines, and forged a pathway for future malaria vaccine"
36,3,development.
36,4,Next steps
36,5,The high demand for malaria vaccines is unprecedented. More than 20 countries have been approved for malaria
36,6,"vaccine introduction support by Gavi, the Vaccine Alliance, and wider implementation began in 2024."
36,7,"As of 25 April 2024, eight countries in Africa offer the malaria vaccine as part of their childhood immunization"
36,8,"programmes (Benin, Burkina Faso, Cameroon, Ghana, Kenya, Liberia, Malawi and Sierra Leone) and up to 10"
36,9,additional countries are likely to introduce it this year. Implementing malaria vaccines in Africa represents an
36,10,important step in the fight against the disease. At least 30 countries in Africa are interested in deploying malaria
36,11,vaccines as part of their national malaria control plans.
36,12,"Moreover, the ministers of health of 11 African countries representing the High Burden High Impact (HBHI)"
36,13,"countries in Africa, met in Yaoundé, Cameroon, on 6 March 2024, and declared their unwavering commitment to"
36,14,the accelerated reduction of malaria mortality and pledged to hold each other and countries accountable for the
36,15,commitments outlined in the Declaration for accelerated malaria mortality reduction in Africa: commitment that
36,16,“No one shall die from malaria”.
36,17,2.1.4 Hepatitis
36,18,"Globally, an estimated 304 million people were living with"
36,19,"chronic hepatitis B and C in 2022, of whom 254 million"
36,20,were living with hepatitis B and 50 million with hepatitis
36,21,C. The estimated number of people newly infected by
36,22,viral hepatitis B and C declined from 2.5 million in 2019 to
36,23,"2.2 million in 2022 (12). While this decline is encouraging,"
36,24,it is still far from the 2030 targets of 170 000 new hepatitis
36,25,B infections and 350 000 new hepatitis C infections (5).
36,26,"Of the 2.2 million new infections in 2022, more than"
36,27,1.2 million (UI: 0.8–1.5 million) were hepatitis B and nearly
36,28,1.0 million (UI: 0.8–1.3 million) hepatitis C (12).
36,29,The African Region saw an estimated 771 000 new
36,30,"hepatitis B infections in 2022, representing 63% of the"
36,31,global incidence (Fig. 2.4) (12). It also had the highest
36,32,hepatitis B surface antigen (HBsAg) prevalence among
36,33,children under five years (SDG indicator 3.3.4)
36,34,"2 in 2020,"
36,35,"at 2.53% (UI: 2.10–3.07%), more than double the global"
36,36,prevalence of 0.94% (UI: 0.82–1.06%) (13).
36,37,"In 2022, the South-East Asia and the Eastern"
36,38,Mediterranean regions had the highest number of new
36,39,"hepatitis C infections, with 225 000 and 183 000 cases,"
36,40,respectively (Fig. 2.4). The Eastern Mediterranean Region
36,41,also had the highest total chronic hepatitis C infections at
36,42,"11.7 million, 23% of the global total in 2022 (12). There is,"
36,43,"however, promising momentum in the region, as Egypt"
36,44,became the first country to achieve the “gold tier” status
36,45,on the path to eliminating hepatitis C infection (Box 2.2).
36,46,2 The SDG fr amework currently uses “Hepatitis B surface antigen (HBsAg) prevalence among children under 5 years” as a proxy for the official indicator 3.3.4
36,47,"(Hepatitis B incidence per 100 000 population), reflecting the high burden of Hepatitis B in this age group."
36,48,2.1.5 NTDs
36,49,Thirteen of the 21 diseases or groups of disease
36,50,"recognized by WHO as NTDs are targeted for eradication,"
36,51,elimination of transmission or elimination as a public
36,52,"health problem, and 50 countries have eliminated"
36,53,"at least one NTD. Bangladesh, for example, has"
36,54,recently eliminated lymphatic filariasis and visceral
36,55,leishmaniasis as a public health problem (Box 2.3). This
36,56,is an encouraging sign that NTDs can be defeated by
36,57,combining diverse interventions including mass and
36,58,"individual treatment, vector control, veterinary public"
36,59,"health, and provision of safe water and sanitation."
36,60,The NTD roadmap 2021–2030 calls for a 90% reduction
36,61,of the global population requiring NTD interventions
36,62,"between 2010 and 2030 (16). Between 2010 and 2022, the"
36,63,reported number of people requiring mass or individual
36,64,treatment and care for NTDs declined by 26% from
36,65,2.19 billion to 1.62 billion – progress in the right direction
36,66,but not sufficient to reach the 2030 target without
36,67,"substantial acceleration (Fig. 2.5). In recent years, the"
36,68,world has faced multiple challenges in the fight against
36,69,"NTDs, including a slow recovery of NTD programmes after"
36,70,the massive service disruption at the start of the COVID-19
36,71,"pandemic, an uncertain financial situation and the ever-"
36,72,"increasing threat of climate change, which is likely to"
36,73,result in increased distribution of many NTDs (17).
36,74,"World health statistics 2024: monitoring health for the SDGs, Sustainable Development Goals"
36,75,28
37,1,"Figure 2.4 Number of new hepatitis B and hepatitis C infections, by WHO region, 2022"
37,2,Hepatitis B
37,3,Hepatitis C
37,4,Western Pacific
37,5,Region
37,6,98 000
37,7,Western
37,8,Pacific
37,9,Region
37,10,83 000
37,11,South-East Asia Region
37,12,225 000
37,13,South-East Asia Region
37,14,266 000
37,15,Region of the Americas
37,16,176 000
37,17,European Region
37,18,126 000
37,19,European Region
37,20,18 000
37,21,Eastern
37,22,Mediterranean
37,23,Region
37,24,183 000
37,25,Eastern
37,26,African Region
37,27,172 000
37,28,African Region
37,29,771 000
37,30,Mediterranean
37,31,Region
37,32,86 000
37,33,Region of
37,34,the Americas
37,35,8 000
37,36,Source: WHO (12).
37,37,Health-related SDGs
37,38,29
38,1,Box 2.2 Egypt becomes the first country to achieve the “gold tier” status on the path
38,2,to elimination of hepatitis C
38,3,"In 2023, Egypt became the first country to achieve gold tier status on the path to eliminating hepatitis C in"
38,4,accordance with WHO criteria. This means that Egypt has fulfilled WHO’s targets that will set the country up to
38,5,achieve the reduced incidence and mortality targets of full elimination before 2030. Egypt has implemented one
38,6,of the world’s largest nationwide public health screening and treatment programmes for hepatitis C.
38,7,"Egypt had one of the highest rates of viral hepatitis in the world. Between the 1950s and 1980s, inadvertent"
38,8,infection transmission associated with unsafe injection practices occurred in the attempt to control
38,9,"schistosomiasis, a parasitic disease carried by water snails."
38,10,"Since the early 1990s, the government has put a huge effort into strengthening hepatitis prevention, with"
38,11,"programmes covering blood safety, infection control and injection safety. It also worked on raising public"
38,12,awareness and running harm reduction programmes.
38,13,"Egypt launched a network of specialized treatment centres in 2006 and, with the new antiviral medicines"
38,14,"discovered in 2014, hepatitis testing and treatment were made accessible and free of charge for everyone."
38,15,"In 2018, the government launched the presidential initiative “100 million seha” (100 million healthy lives), a"
38,16,"massive and unprecedented nationwide campaign to detect and treat everyone with hepatitis C, escalating its"
38,17,elimination efforts.
38,18,"Through the campaign, everyone over 18 was tested, later expanding to children 12 years and older. In addition"
38,19,"to routine testing at all health facilities, the campaign used outreach in the community, with teams visiting"
38,20,"big squares, markets, workplaces, sports clubs, mosques and churches, and popular meeting places such as"
38,21,"barbershops. Vulnerable communities such as refugees and migrants, and persons with disabilities were also"
38,22,"included, to leave no one behind."
38,23,"Between 2018 and 2022, over 60 million people were tested with WHO-approved rapid diagnostic tests. Patients"
38,24,"were also assessed and treated for other chronic diseases, such as hypertension and diabetes. A total of"
38,25,"4.1 million received treatment for hepatitis C with locally manufactured medicines between 2014 and 2022, of"
38,26,which 98% were virally suppressed.
38,27,"Expanding direct public health approaches to community prevention, testing and treatment, as shown by"
38,28,"Egypt’s successful public health programme to eliminate hepatitis C, can have a population-wide impact."
38,29,A case study concluded that five key elements contributed to Egypt’s successful programme: the availability
38,30,of sufficient and reliable epidemiological data; a robust public health care infrastructure; inclusive care that
38,31,reached all sectors of society; political commitment with increased health-care spending and a comprehensive
38,32,long-term strategy for viral hepatitis; and use of innovation and information technology (14) .
38,33,Source: WHO (15).
38,34,"World health statistics 2024: monitoring health for the SDGs, Sustainable Development Goals"
38,35,30
39,1,Figure 2.5 Global trend in the reported number of people requiring mass or individual treatment and care for
39,2,"NTDs, and its relative reduction, 2010–2022"
39,3,2010
39,4,2011
39,5,2012
39,6,2013
39,7,2014
39,8,2015
39,9,2016
39,10,2017
39,11,2018
39,12,2019
39,13,2020
39,14,2021
39,15,2022
39,16,1 000
39,17,1 100
39,18,1 200
39,19,1 300
39,20,1 400
39,21,1 500
39,22,1 600
39,23,1 700
39,24,1 800
39,25,1 900
39,26,2 000
39,27,2 100
39,28,2 200
39,29,2 300
39,30,Number of people requiring interventions against neglected tropical diseases (million)
39,31,0
39,32,2
39,33,4
39,34,6
39,35,8
39,36,10
39,37,12
39,38,14
39,39,16
39,40,18
39,41,20
39,42,22
39,43,24
39,44,26
39,45,Percentage reduction from baseline
39,46,12%
39,47,18%
39,48,0%
39,49,1%
39,50,19%
39,51,20%
39,52,20%
39,53,20%
39,54,21%
39,55,3%
39,56,26%
39,57,7%
39,58,25%
39,59,Number of people (millions)
39,60,Percentage reduction
39,61,Source: WHO (17).
39,62,Health-related SDGs
39,63,31
40,1,Box 2.3 Bangladesh eliminates visceral leishmaniasis and lymphatic filariasis as a
40,2,public health problem
40,3,"In 2023, Bangladesh became the first country globally to be validated for elimination of visceral leishmaniasis,"
40,4,"also called kala azar, as a public health problem. The country achieved the elimination target of less than"
40,5,one case per 10 000 population at the sub-district ( upazila) level in 2017 and has sustained it to date despite
40,6,disruptions related to the COVID-19 pandemic.
40,7,"In 2005, Bangladesh, together with India and Nepal, launched a Regional Kala-azar Elimination Initiative with"
40,8,"the aim of wiping out the disease. The Government of Bangladesh, WHO, the Special Programme for Research"
40,9,and Training in Tropical Diseases (TDR) and several other partners supported research and development of new
40,10,"diagnostic tools, effective treatments and vector control (especially indoor residual spraying), and facilitated"
40,11,"their roll-out and access by all those in need through donation programmes, which helped the country meet the"
40,12,criteria set by WHO for elimination as a public health problem (18).
40,13,Kala azar is the most severe form of leishmaniasis and is transmitted by sandflies; it is commonly prevalent
40,14,"among the most disadvantaged rural communities. The disease leads to symptoms such as fever, weight loss,"
40,15,"and spleen and liver enlargement and, if left untreated, can prove fatal in over 95% of cases."
40,16,"In 2023, Bangladesh was also validated as the fourth country in the WHO South-East Asia Region to eliminate"
40,17,"lymphatic filariasis as a public health problem, after Maldives, Sri Lanka and Thailand."
40,18,"Lymphatic filariasis, also known as elephantiasis, occurs when filarial parasites are transmitted to humans"
40,19,through mosquito bites. The infection is usually acquired in childhood with painful and disfiguring visible
40,20,"manifestations appearing much later in life, often in the form of enlargement of body parts, causing pain, severe"
40,21,disability and associated stigma.
40,22,Lymphatic filariasis was a major public health problem in Bangladesh and was endemic in 19 of its 64 districts.
40,23,"In 2001, the country established a national elimination programme. Between 2001 and 2015, high-coverage"
40,24,mass drug administration campaigns were carried out in all endemic districts. A series of transmission
40,25,"assessment surveys was carried out by programme personnel between 2011 and 2021, which demonstrated that"
40,26,transmission levels were below the threshold established by WHO for elimination as a public health problem.
40,27,"To meet WHO’s validation criteria on morbidity management and disability prevention (19), Bangladesh also"
40,28,"strengthened access to the recommended essential package of care in all endemic districts. Notably, over 31 000"
40,29,people affected by lymphatic filariasis have been trained in self-care and provided with kits to manage their
40,30,disease condition and improve their quality of life.
40,31,"For both kala azar and lymphatic filariasis, Bangladesh will now focus on post-validation surveillance to sustain"
40,32,its hard-won status and prevent recurrence of infection.
40,33,"Source: WHO (20, 21)."
40,34,"World health statistics 2024: monitoring health for the SDGs, Sustainable Development Goals"
40,35,32
41,1,2.1.6 Polio
41,2,Poliomyelitis (polio) is a highly infectious viral disease.
41,3,"It primarily affects children under 5 years of age, but an"
41,4,unvaccinated person at any age can contract the disease.
41,5,"Of the three strains of wild poliovirus (type 1, type 2 and"
41,6,"type 3), wild poliovirus type 2 was eradicated in 1999 and"
41,7,"wild poliovirus type 3 was eradicated in 2020. As at 2022,"
41,8,"endemic wild poliovirus type 1 remains in two countries,"
41,9,Afghanistan and Pakistan.
41,10,"In 2023, a total of 12 cases of wild poliovirus were"
41,11,"reported in Afghanistan and Pakistan and, unlike in"
41,12,"previous years, no cases were reported from non-endemic"
41,13,countries (22).
41,14,"Although immunization coverage, including polio, began"
41,15,to recover from the impact of the COVID-19 pandemic
41,16,"during 2022, progress is uneven. There were 14.3 million"
41,17,children missing out on any vaccination – the so-called
41,18,“zero-dose children” – worldwide in 2022. Afghanistan
41,19,and Pakistan were among the top 15 countries with
41,20,"the highest number of zero-dose children in 2022,"
41,21,"highlighting the need for continued, intensified efforts to"
41,22,reach all remaining un- or under-immunized children in
41,23,those endemic areas (23).
41,24,2.1.7 Antimicrobial resistance
41,25,AMR affects countries in all regions and at all income
41,26,levels. It is a complex problem that requires both sector-
41,27,"specific actions in the human health, food production,"
41,28,"animal and environmental sectors, and a coordinated"
41,29,"approach across these sectors. In 2015, the World Health"
41,30,"Assembly adopted the Global Action Plan on AMR,"
41,31,"committing, among other things, to the development and"
41,32,implementation of multisectoral national action plans
41,33,"(24). As of November 2023, some 178 countries had such"
41,34,"plans developed. However, in 2023 only 27% of countries"
41,35,reported implementing their national action plans
41,36,effectively and only 11% had allocated national budgets
41,37,to do so (25).
41,38,SDG indicator 3.d.2 is defined as the percentage of
41,39,bloodstream infections due to selected antimicrobial-
41,40,resistant organisms. Median resistance to third-
41,41,generation cephalosporins in Escherichia coli (E. coli) and
41,42,methicillin resistance in Staphylococcus aureus (S. aureus)
41,43,"were 41% and 32% in 2021, respectively, compared with"
41,44,"26.9% and 13.4% in 2016. However, no conclusions can"
41,45,be made on whether changes in resistance have occurred
41,46,"over time. The reasons for this are twofold: first, the"
41,47,pool of reporting countries has changed significantly
41,48,"over the years. In 2016, only 16 countries contributed"
41,49,data on resistance to third-generation cephalosporins
41,50,"in E. coli, compared with 77 in 2021. Similarly, only 15"
41,51,countries provided data in 2016 on methicillin resistance
41,52,in
41,53,"S. aureus in 2016, compared with 78 in 2021. Second,"
41,54,the number of resource-limited settings providing data
41,55,has increased in recent years. Testing coverage in these
41,56,"settings is often low, with data often limited to tertiary"
41,57,"referral, private hospitals and/or research facilities,"
41,58,and biased towards complex infections and treatment
41,59,failures. Higher median resistance in recent years is at
41,60,least in part consistent with potential biases resulting
41,61,from the convenience sampling of health facilities for
41,62,reporting AMR data in many settings (26).
41,63,Priorities to address AMR include surveillance of
41,64,antimicrobial consumption. The Global Antimicrobial
41,65,Resistance and Use Surveillance System (GLASS)
41,66,provides a common and standardized set of methods for
41,67,measuring and reporting. Of the 57 countries with data
41,68,"(2018–2021), 36 (63%) achieved the target of at least 60%"
41,69,of total antibiotic consumption being “Access” group
41,70,antibiotics (26). The overall goal is to reduce the use of
41,71,“Watch and reserve” group antibiotics and to increase
41,72,the relative benefit and the availability of Access group
41,73,"antibiotics, where needed."
41,74,Health-related SDGs
41,75,33
42,1,2.2 Risk factors for health
42,2,Many factors affect the health of individuals and
42,3,"communities. A risk factor for health is any attribute,"
42,4,characteristic or exposure of an individual that
42,5,increases their likelihood of developing a disease or
42,6,injury. This section presents progress towards achieving
42,7,SDG and GPW13 targets related to several risk factors
42,8,for health.
42,9,2.2.1 Nutritional risk factors
42,10,"Better nutrition is related to improved infant, child"
42,11,"and maternal health, stronger immune systems, lower"
42,12,"risk of NCDs, and longevity. Today, the world faces"
42,13,the multiple burden of malnutrition that comprises
42,14,"undernutrition, overweight (including obesity) and"
42,15,micronutrient deficiencies. Section 4.1 discusses the
42,16,global trends in undernutrition and overweight or
42,17,obesity. This section summarizes the global progress
42,18,towards the reduction of anaemia among women and
42,19,the consumption of trans-fatty acids (TFA).
42,20,Anaemia among women
42,21,Women with anaemia are more likely to experience
42,22,fatigue and impaired physical capacity in their daily
42,23,lives. Moderate and severe anaemia are also risk factors
42,24,for adverse maternal and perinatal outcomes.
42,25,Global trends in the prevalence of anaemia among all
42,26,women 15–49 years of age (SDG indicator 2.2.3) show no
42,27,significant change from 31.2% (UI: 28.7–34.1) in 2000 to
42,28,"29.9% (UI: 27.0–32.8) in 2019. With population growth,"
42,29,the total number of women aged 15–49 years affected
42,30,increased from 493 million in 2000 to 571 million in
42,31,2019. While there was a slight decrease in anaemia
42,32,prevalence among pregnant women from 40.9% (UI:
42,33,"38.7–43.1) in 2000 to 36.5% (UI: 34.0–39.1) in 2019,"
42,34,prevalence among non-pregnant women remained
42,35,"stagnant, at 30.7% (UI: 28.1–33.7) in 2000 and 29.6% (UI:"
42,36,"26.6–32.5) in 2019 (27). Across WHO regions, the decline"
42,37,in anaemia prevalence among women observed during
42,38,the MDG era either halted or slowed after 2015. This
42,39,latest evidence suggests that the global target of 50%
42,40,reduction of anaemia in women of reproductive age by
42,41,"2025 (from a 2012 baseline) is unlikely to be met (27, 28)."
42,42,Trans-fatty acids
42,43,Intake of TFA is associated with increased risk of heart
42,44,attacks and death from coronary heart disease. WHO
42,45,designated TFA elimination as one of its priority targets
42,46,"in 2018, calling for the global elimination of industrially"
42,47,produced TFA by 2023.
42,48,Mandatory TFA policies are currently in effect in 69
42,49,"countries in all WHO regions, covering 55% of the global"
42,50,"population (4.4 billion people). Of these countries, 53"
42,51,"have “best-practice” policies, which include mandatory"
42,52,national limit of 2 g of industrially produced TFA per
42,53,100 g of total fat in all foods and mandatory national
42,54,ban on the production or use of partially hydrogenated
42,55,oils as an ingredient in all foods. Population coverage
42,56,by best-practice TFA policies has grown considerably. In
42,57,"2018, best-practice policies were in effect for just 6% of"
42,58,the global population (480 million people). By the end
42,59,"of 2023, this has increased to 46% coverage (3.7 billion"
42,60,"people) (29). However, accelerated actions are"
42,61,needed to meet the target of 100% global population
42,62,coverage (30).
42,63,2.2.2 Behavioural risk factors
42,64,"Modifiable behaviours such as tobacco use, alcohol"
42,65,"consumption, physical inactivity and an unhealthy diet"
42,66,are among the known risk factors associated with NCDs.
42,67,This section summarizes the global progress towards
42,68,the reduction of tobacco use and alcohol consumption.
42,69,Tobacco use
42,70,The Global action plan for the prevention and control of
42,71,"NCDs 2013–2020, which has been extended until 2030,"
42,72,includes a target for reducing the global prevalence of
42,73,"tobacco use by 30% by the year 2025, relative to 2010"
42,74,"(31, 32)."
42,75,"In 2022, the global age-standardized prevalence of"
42,76,current tobacco use among persons aged 15 years
42,77,and older (SDG indicator 3.a.1) was estimated at
42,78,"20.9% (UI: 18.8–22.9), a 21% relative decline from"
42,79,"26.4% in 2010. If current trends continue, the world"
42,80,will see a 25% relative reduction in prevalence by
42,81,"2025. While this is short of the 30% reduction target,"
42,82,progress is encouraging as tobacco use has been
42,83,declining in all WHO regions. The South-East Asia
42,84,"Region, having consistently the highest prevalence"
42,85,"since 2000, is projected to achieve a 34% reduction by"
42,86,2025 relative to 2010. The African Region is expected
42,87,to reach a 32% relative reduction by 2025 and remain
42,88,the region with the lowest prevalence. The European
42,89,"Region, in contrast, is projected to have the highest"
42,90,prevalence across all WHO regions in 2030 at 23.1%
42,91,"(33). Owing to its long history of tobacco control, the"
42,92,"World health statistics 2024: monitoring health for the SDGs, Sustainable Development Goals"
42,93,34
43,1,Netherlands (Kingdom of the) is among the countries to
43,2,have experienced a decline in tobacco use faster than
43,3,"the European regional average, and one of only four"
43,4,countries worldwide to have attained best-practice level
43,5,adoption of all MPOWER measures
43,6,"3 (Box 2.4) (33, 34)."
43,7,3 MPO WER is WHO’s technical package that assists countries to implement the evidence-based demand-reduction measures of the WHO Framework Convention
43,8,on Tobacco Control.
43,9,Tobacco use prevalence differs markedly by sex. While the
43,10,prevalence among both men and women has decreased
43,11,"since 2000, it has remained much higher among men"
43,12,"than women in 2022, both globally and in all six WHO"
43,13,regions (33).
43,14,Box 2.4 Tobacco control in the Netherlands (Kingdom of the)
43,15,The estimated age-standardized prevalence of tobacco use among persons aged 15 years and older in the
43,16,Netherlands (Kingdom of the) declined from 34.5% (UI: 27.7–41.2) in 2000 to 27.7% (UI: 23.3–32.2) in 2010 and
43,17,"21.3% (UI: 17.1–25.5) in 2022. If current trends continue, the prevalence is projected to reduce further to around"
43,18,"19.9% (UI: 15.8–24.1) in 2025 (33). This would represent a 28% relative reduction over the period 2010–2025, close"
43,19,to the 30% voluntary reduction target under the Global action plan for the prevention and control of NCDs (31) .
43,20,"On average, prevalence in the WHO European Region is projected to reduce more slowly, by 17% over the same"
43,21,period. The prevalence among both men and women in the Netherlands (Kingdom of the) has been declining at
43,22,a faster pace than the European Region averages; the prevalence among women in the Netherlands (Kingdom of
43,23,the) has been declining remarkably faster than the European Region average (Fig. 2.6) (33) .
43,24,"Figure 2.6 Age-standardized prevalence of tobacco use among persons aged 15 years and older, by sex,"
43,25,"Netherlands (Kingdom of the) and the European Region, 2000–2025"
43,26,2000
43,27,2005
43,28,2010
43,29,2015
43,30,2020
43,31,2025
43,32,0
43,33,5
43,34,10
43,35,15
43,36,20
43,37,25
43,38,30
43,39,35
43,40,40
43,41,45
43,42,Age-standardized prevalence of tobacco use among persons aged 15 years and older
43,43,"European Region, Male"
43,44,"European Region, Female"
43,45,"Netherlands (Kingdom of the), Male"
43,46,"Netherlands (Kingdom of the), Female"
43,47,Source: WHO (33). Dott ed lines = projection; solid vertical line at 2010 indicates baseline date for comparison.
43,48,Health-related SDGs
43,49,35
44,1,The Netherlands (Kingdom of the) has a long history of tobacco control dating back to the 1950s. In more recent
44,2,"times, some examples of measures adopted in line with the WHO Framework Convention on Tobacco Control"
44,3,include (34):
44,4,2005: Netherlands (Kingdom of the) became a Party to the WHO Framework Convention on Tobacco Control.
44,5,2008: Extension of a smoking ban to the hospitality sector (with some exceptions).
44,6,2014: Rise in the legal age for purchase of tobacco from 16 to 18 years of age.
44,7,"2016: Implementation of EU Tobacco Products Directive II, restricting the use of flavourings and dangerous"
44,8,"additives, and adding pictorial health warnings on tobacco packs. Establishment of a new, toll-free national"
44,9,quit-smoking line.
44,10,2018: Signing of National Prevention Agreement (NPA) by the government and 70 organizations to address
44,11,"tobacco use (among other risk factors), with the aim that, by 2040, the country would have less than 5% of its"
44,12,"population as smokers, and no children or pregnant women smoking."
44,13,2019: Adoption of the NPA by the House of Representatives. Amendment to the Tobacco Act to include a ban on
44,14,"the display of tobacco products at point of sale, except inside specialized tobacconists, with different steps and"
44,15,transitional periods until mid-2022.
44,16,2020: Netherlands (Kingdom of the) became a Party to the Protocol to Eliminate Illicit Trade in Tobacco Products.
44,17,Implementation of plain packaging and a ban on tobacco vending machines.
44,18,"2021: Closing of long-standing tobacco control gaps, such as banning advertising of tobacco products at points"
44,19,"of sale and allowing no designated smoking rooms in public places, workplaces and public transport."
44,20,"Over recent years, the Netherlands (Kingdom of the) has increased excise tax on tobacco products, which has"
44,21,"led to real price increases over time (14% above inflation over the past 10 years). In 2022, total taxes represented"
44,22,close to 77% of the retail price of the most sold brand.
44,23,"In the 2023 WHO report on the global tobacco epidemic , the Netherlands (Kingdom of the) is featured as one of"
44,24,only four countries in the world that have attained best-practice level adoption of all MPOWER measures – WHO’s
44,25,technical package that assists countries to implement the evidence-based demand-reduction measures of the
44,26,WHO Framework Convention on Tobacco Control (34).
44,27,Alcohol consumption
44,28,SDG indicator 3.5.2 is defined as total (recorded and
44,29,unrecorded) alcohol per capita consumption (APC) per
44,30,"year, adjusted for tourist consumption, in persons aged"
44,31,"15 years and older, measured in litres of pure alcohol."
44,32,"Globally in 2019, the total APC stood at 5.5 litres (UI:"
44,33,"4.8–6.2), a 4.5% decline from 5.7 litres (UI: 5.1–6.4) in"
44,34,2010 (35). Comparing this pace of decline with the global
44,35,targets of at least 10% reduction by 2025 and at least 20%
44,36,"by 2030, it is evident that acceleration is needed (31, 36,"
44,37,"37). Moreover, the 2019 global APC was still higher than"
44,38,"the 2000 level (5.1 litres, UI: 4.6–5.6) (35)."
44,39,"Despite consistent reduction since 2000, including 9.8%"
44,40,"reduction since 2010, the European Region continued to"
44,41,have the highest total APC. The South-East Asia Region
44,42,is the only region where total APC has continuously
44,43,"increased, although the rise has considerably slowed"
44,44,since 2010. Total APC remained very low in the Eastern
44,45,"Mediterranean Region, with total APC of 0.3 litres (UI:"
44,46,"0.2–0.5) in 2019. As with tobacco use, globally alcohol"
44,47,consumption among men has been consistently higher
44,48,than among women. Box 2.5 presents an analysis of sex-
44,49,related inequalities in alcohol consumption globally and
44,50,by WHO region (35).
44,51,The COVID-19 pandemic had an apparent impact on
44,52,"alcohol consumption globally, although its magnitude"
44,53,and duration remain to be reliably defined. The
44,54,preliminary global estimate for total APC in 2020 is
44,55,4.9 litres (UI: 4.3–5.6) (38).
44,56,"World health statistics 2024: monitoring health for the SDGs, Sustainable Development Goals"
44,57,36
45,1,Box 2.5 Sex-related inequalities in the global and regional levels of
45,2,alcohol consumption
45,3,"Globally, there are sex-related inequalities in total APC among persons aged 15+ years, with higher alcohol"
45,4,"consumption among men than women. In 2019, alcohol consumption among men was four times that among"
45,5,"women. Between 2000 and 2019, alcohol consumption did not change substantially among men (from 8.0 litres"
45,6,of pure alcohol [UI: 7.2–9.0] in 2000 to 8.7 litres of pure alcohol [UI: 7.7–9.9] in 2019) and women (2.1 litres of pure
45,7,alcohol [UI: 1.9–2.4] in 2000 and 2.2 litres of pure alcohol [UI: 2.0–2.5] in 2019).
45,8,The situation varied across WHO regions (Fig. 2.7). The largest absolute sex-related inequalities in 2019 were
45,9,"evident in the European Region (difference of 10.9 percentage points between men and women), followed by the"
45,10,"Region of the Americas (difference 8.7 percentage points), the Western Pacific Region (difference 7.2 percentage"
45,11,"points), the African Region (difference 5.9 percentage points) and the South-East Asia Region (difference"
45,12,"5.1 percentage points). Between 2000 and 2019, absolute sex-related inequality increased in the South-East"
45,13,Asia and Western Pacific regions due to a faster increase in alcohol consumption among men than women.
45,14,Absolute sex-related inequality decreased in the African and European regions due to a faster decrease in alcohol
45,15,consumption among men than women. Sex-related inequality did not change in the Region of the Americas
45,16,(where inequality remained high) and the Eastern Mediterranean Region (where there was no inequality).
45,17,"Figure 2.7 Total alcohol per capita consumption among persons aged 15+ years, by sex, globally and by"
45,18,"WHO region, 2000–2019"
45,19,2000
45,20,2001
45,21,2002
45,22,2003
45,23,2004
45,24,2005
45,25,2006
45,26,2007
45,27,2008
45,28,2009
45,29,2010
45,30,2011
45,31,2012
45,32,2013
45,33,2014
45,34,2015
45,35,2016
45,36,2017
45,37,2018
45,38,2019
45,39,0
45,40,5
45,41,10
45,42,15
45,43,20
45,44,Annual consumption (litres)
45,45,Global
45,46,African Region
45,47,Region of the Americas
45,48,South-East Asia Region
45,49,European Region
45,50,Eastern Mediterranean
45,51,Region
45,52,Western Pacific Region
45,53,2000
45,54,2004
45,55,2008
45,56,2012
45,57,2016
45,58,2019
45,59,2019
45,60,2000
45,61,2004
45,62,2008
45,63,2012
45,64,2016
45,65,2000
45,66,2004
45,67,2008
45,68,2012
45,69,2016
45,70,2000
45,71,2004
45,72,2008
45,73,2012
45,74,2016
45,75,2019
45,76,2019
45,77,2019
45,78,2019
45,79,2000
45,80,2004
45,81,2008
45,82,2012
45,83,2016
45,84,2000
45,85,2004
45,86,2008
45,87,2012
45,88,2016
45,89,0
45,90,5
45,91,10
45,92,15
45,93,20
45,94,Annual consumption (litres)
45,95,Female
45,96,Male
45,97,Shaded areas represent 95% uncertainty intervals.
45,98,Source: WHO (35).
45,99,Health-related SDGs
45,100,37
46,1,2.2.3 Metabolic risk factors
46,2,"Metabolic risk factors for NCDs include hypertension,"
46,3,"overweight and obesity, high blood glucose levels"
46,4,and high levels of fat in the blood. This section
46,5,summarizes the global progress towards the reduction
46,6,of hypertension; overweight and obesity are discussed in
46,7,section 4.1.
46,8,Hypertension
46,9,"For the purpose of monitoring population health,"
46,10,hypertension is defined as having raised blood
46,11,pressure
46,12,4 or taking medication for hypertension. The
46,13,age-standardized prevalence of hypertension among
46,14,adults aged 30–79 has changed little in the past three
46,15,"decades globally and in all WHO regions, with a notable"
46,16,"exception in the European Region, where there has been"
46,17,"a continuous decline. In 2019, the global prevalence stood"
46,18,"at 33.1% (UI: 31.5–34.8%), and slightly higher among"
46,19,men (34.5%; UI: 32.0–36.9%) than women (31.7%; UI:
46,20,"29.6–33.9%). However, available data suggests a higher"
46,21,"treatment coverage among women globally, leading to"
46,22,a higher prevalence of controlled hypertension than for
46,23,men (Box 2.6) (39).
46,24,The voluntary global target on blood pressure envisages
46,25,a 25% reduction in raised blood pressure (uncontrolled
46,26,"hypertension) by 2025 against a 2010 baseline (31, 32)."
46,27,"Globally, the age-standardized prevalence of uncontrolled"
46,28,hypertension declined slightly from 28.6% (UI: 28.0–
46,29,"29.3%) in 2010 to 26.2% (UI: 24.7–27.8%) in 2019, but this"
46,30,pace of decline is insufficient to achieve the global target
46,31,by 2025 (39).
46,32,"4 Defined as systolic blood pressure (SBP) ≥ 140 mmHg or diastolic blood pressure (DBP) ≥ 90 mmHg, regardless of diagnosis or medication status."
46,33,2.2.4 Environmental
46,34,risk factors
46,35,Human health is dependent on a variety of environmental
46,36,"factors, such as safe WASH, clean air, safe chemical use,"
46,37,"healthy built environments, sound agricultural practices,"
46,38,and protected natural areas and water sources. This
46,39,section outlines the global progress towards universal
46,40,access to WASH and the reduction of air pollution. Trends
46,41,in mortality attributable to environmental risk factors are
46,42,discussed in Chapter 1.
46,43,WASH
46,44,"Between 2000 and 2022, worldwide some 2.1 billion"
46,45,people gained access to safely managed drinking
46,46,water (687 million increase since 2015) and 2.5 billion
46,47,people gained access to safely managed sanitation
46,48,"(902 million increase since 2015). Since 2015, the number"
46,49,of people with basic hygiene services has increased by
46,50,over 1 billion. Access to safe WASH services improved
46,51,"significantly in rural areas between 2015 and 2022, but"
46,52,"progress is limited in urban areas, when measured by the"
46,53,"proportion of the population gaining services. However,"
46,54,"because of population growth in urban areas, the number"
46,55,of people who have gained access to safely managed
46,56,drinking water and sanitation services since 2015 is
46,57,higher in urban than in rural areas (Fig. 2.9) (40).
46,58,Box 2.6 Global sex-related inequalities in hypertension
46,59,"Globally, there are sex-related inequalities in age-standardized prevalence of hypertension among adults aged"
46,60,30–79 years. While there was no sex-related inequality in 1990 (prevalence of 32.4% [UI: 29.9–35.0] among men
46,61,"and 32.2% [UI: 29.7–34.9] among women), hypertension prevalence was slightly higher among men (34.5%; UI:"
46,62,32.0–36.9) than women (31.7%; UI: 29.6–33.9) in 2019 (Fig. 2.8).
46,63,Age-standardized coverage of treatment for hypertension among adults aged 30–79 years with hypertension
46,64,"largely increased between 1990 and 2019, with the pace of increase slowing down slightly during the past"
46,65,"decade, among both men and women. In contrast to hypertension prevalence, which was 2.8 percentage points"
46,66,"higher among men than women in 2019, treatment prevalence was 9.3 percentage points higher among women"
46,67,(47.2%; UI: 43.4–50.9) than men (37.9%; UI: 34.5–41.1) in 2019.
46,68,"Consequently, age-standardized prevalence of controlled hypertension among adults aged 30–79 years with"
46,69,"hypertension also increased between 1990 and 2019, with faster improvements among women than men,"
46,70,"leading to an increase in sex-related absolute inequality over time. In 2019, controlled hypertension prevalence"
46,71,was 5.1 percentage points higher among women (23.5%; UI: 20.4–26.9) than men (18.4%; UI: 15.9–21.2).
46,72,"World health statistics 2024: monitoring health for the SDGs, Sustainable Development Goals"
46,73,38
47,1,"Figure 2.8 Global age-standardized prevalence, treatment coverage and controlled hypertension among"
47,2,"adults aged 30–79 years, by sex, 1990–2019"
47,3,Hypertension among adults aged 30–79 years (%)
47,4,Treatment (taking medicine) for hypertension
47,5,among adults aged 30–79 years
47,6,with hypertension (%)
47,7,Controlled hypertension among adults
47,8,aged 30–79 years with
47,9,hypertension (%)
47,10,1990
47,11,1992
47,12,1994
47,13,1996
47,14,1998
47,15,2000
47,16,2002
47,17,2004
47,18,2006
47,19,2008
47,20,2010
47,21,2012
47,22,2014
47,23,2016
47,24,2018
47,25,2019
47,26,1990
47,27,1992
47,28,1994
47,29,1996
47,30,1998
47,31,2000
47,32,2002
47,33,2004
47,34,2006
47,35,2008
47,36,2010
47,37,2012
47,38,2014
47,39,2016
47,40,2018
47,41,2019
47,42,1990
47,43,1992
47,44,1994
47,45,1996
47,46,1998
47,47,2000
47,48,2002
47,49,2004
47,50,2006
47,51,2008
47,52,2010
47,53,2012
47,54,2014
47,55,2016
47,56,2018
47,57,2019
47,58,0
47,59,10
47,60,20
47,61,30
47,62,40
47,63,50
47,64,Age-standardized prevalence (%)
47,65,Female
47,66,Male
47,67,Shaded areas represent 95% uncertainty intervals.
47,68,Source: WHO (39).
47,69,"Figure 2.9 Percentage increase in the proportion of global population with access to WASH services, and the"
47,70,"number of people who gained access, 2015–2022"
47,71,Basic
47,72,"hygiene,"
47,73,rural
47,74,Safely
47,75,managed
47,76,"sanitation,"
47,77,rural
47,78,Safely
47,79,managed
47,80,"water, rural"
47,81,Safely
47,82,managed
47,83,"sanitation,"
47,84,urban
47,85,Safely
47,86,managed
47,87,"water, urban"
47,88,Basic
47,89,"hygiene,"
47,90,urban
47,91,0
47,92,2
47,93,4
47,94,6
47,95,8
47,96,10
47,97,12
47,98,Proportion increase in access (%)
47,99,469
47,100,547
47,101,218
47,102,355
47,103,415
47,104,Insuﬀicient
47,105,data
47,106,Number of
47,107,people (millions)
47,108,gaining access
47,109,(2015–2022)
47,110,Source: UNICEF and WHO (40).
47,111,Health-related SDGs
47,112,39
48,1,The global coverage of safely managed drinking water
48,2,(SDG indicator 6.1.1) increased from 69% in 2015 to 73%
48,3,"in 2022, rising from 56% to 62% in rural areas and from"
48,4,80% to 81% in urban areas. The coverage also varied
48,5,"greatly across WHO regions: in 2022, while nine out of 10"
48,6,(92%) people in the European Region had access to safely
48,7,"managed drinking-water, only one third (33%) of people"
48,8,in the African Region did. To achieve the SDG target of
48,9,"universal access by 2030, the overall rate of progress will"
48,10,need to increase sixfold (40).
48,11,"Since 2015, the global coverage of safely managed"
48,12,sanitation (SDG indicator 6.2.1) has increased from
48,13,"49% to 57% in 2022, rising from 36% to 46% in rural"
48,14,areas and from 60% to 65% in urban areas. The African
48,15,Region remained the WHO region with the lowest overall
48,16,"coverage, from 23% in 2015 to 26% in 2022. The South-"
48,17,East Asia and Western Pacific regions experienced the
48,18,"largest increases during the same period, reaching 49%"
48,19,"and 68%, respectively, in 2022. To achieve universal"
48,20,"access by 2030, the global rate of progress will need to"
48,21,increase fivefold (40).
48,22,"In 2022, the global coverage of basic hygiene services"
48,23,"(SDG indicator 6.2.2) reached 75%, up from 67% in 2015."
48,24,"The coverage rose from 53% to 65% in rural areas, but"
48,25,remained stable at around 83% in urban areas. Overall
48,26,coverage also remained largely unchanged in the African
48,27,"Region at 26%, as the gain in rural areas was offset by"
48,28,the decline in coverage in urban areas from 40% in 2015
48,29,"to 36% in 2022. To achieve universal access by 2030, the"
48,30,global rate of progress will need to increase threefold (40).
48,31,"The proportion of total, domestic and industrial"
48,32,wastewater flows that are safely treated is monitored by
48,33,"SDG indicator 6.3.1. Wastewater statistics, however, are"
48,34,at an early stage of development in many countries and
48,35,"there is a lack of reporting, especially from industrial"
48,36,sources. Among the 73 countries (representing 42% of the
48,37,global population) reporting volumes of total wastewater
48,38,"generated and treated, 76% of total wastewater flows"
48,39,received some level of treatment in 2022. Among the 42
48,40,countries (representing 12% of the population) reporting
48,41,"the type of treatment received, 60% of total wastewater"
48,42,flows had at least secondary treatment. In a separate
48,43,calculation based on data from 140 countries and areas
48,44,"(representing 92% of all household wastewater flows),"
48,45,an estimated 58% of household wastewater was safely
48,46,treated in 2022 (41).
48,47,Many low- and middle-income countries lack domestic
48,48,resources to improve the water sector. Between 2021
48,49,"and 2022, official development assistance (ODA)"
48,50,disbursements to the water sector (SDG indicator 6.a.1)
48,51,"rose by 11% to US$ 9.1 billion, a rebound from the"
48,52,declining trend seen over the previous five years. ODA
48,53,commitments also increased by 16% to US$ 11.4 billion.
48,54,"However, water sector ODA disbursements as a"
48,55,percentage of total ODA across all sectors decreased
48,56,"to 3.2% in 2022, a historical low, and continuing a"
48,57,downwards trend which has accelerated since the start of
48,58,the COVID-19 pandemic in 2020 (42).
48,59,These trends show that while progress towards universal
48,60,"access to safe WASH has been made in some areas,"
48,61,there are still some gaps in data and service coverage.
48,62,Sustained actions to promote equitable access to WASH
48,63,services are necessary to tackle these challenges.
48,64,Air pollution
48,65,The use of clean cooking fuels and technologies
48,66,"significantly reduces exposure to household air pollution,"
48,67,particularly among women and children who spend
48,68,"the most time near the domestic hearth. Globally, the"
48,69,proportion of population with primary reliance on clean
48,70,fuels and technologies for cooking (SDG indicator 7.1.2)
48,71,steadily improved from 49% in 2000 to 64% in 2015 and
48,72,74% in 2022. The access deficit therefore decreased
48,73,"from about half of the world’s population in 2000, to a"
48,74,little over a third in 2015 and about a quarter in 2022.
48,75,"However, this means that 2.1 billion people were still"
48,76,relying on polluting fuels and technologies for cooking
48,77,"in 2022, and the target of universal access by 2030 will"
48,78,"not be met if current trends continue. Moreover, rural"
48,79,populations continued to have lower access than urban
48,80,populations. Box 2.7 presents an analysis of the urban–
48,81,rural inequalities globally and across WHO regions (43).
48,82,Particulate matter (PM) is a common proxy indicator
48,83,"for air pollution. In 2019, almost all (99%) of the world’s"
48,84,population was exposed to unhealthy levels of fine
48,85,"PM. Globally, the annual average population-weighted"
48,86,concentration of fine PM in urban areas (SDG indicator
48,87,"11.6.2) was 33 μg/m3 (UI: 32–34 μg/m3) in 2019, over"
48,88,six times the recommended level for protecting public
48,89,health according to the WHO air quality guidelines
48,90,"(5 μg/m3). However, it stood at around interim target 1"
48,91,"of the guidelines (35 μg/m3), and the five-year average"
48,92,level of 2015–2019 (36 μg/m3) was 9% lower than that
48,93,"of 2010–2014 (39 μg/m3), signalling improvement in"
48,94,outdoor air quality globally. The Western Pacific Region
48,95,saw the largest reduction (16%) in the levels of fine PM
48,96,between the two periods. The Region of the Americas and
48,97,the European Region continued to have the lowest levels
48,98,of fine PM since 2010 while simultaneously improving air
48,99,"quality over the years, thanks to regional cooperation and"
48,100,legislations (43).
48,101,Addressing air pollution contributes significantly to
48,102,"safeguarding public health, promoting SDGs and"
48,103,mitigating climate change impacts.
48,104,"World health statistics 2024: monitoring health for the SDGs, Sustainable Development Goals"
48,105,40
49,1,"Box 2.7 Urban–rural inequalities in access to clean fuels and technologies, globally and"
49,2,"by WHO region, 2000–2022"
49,3,"Globally, there are urban–rural inequalities in access to clean fuels and technologies for cooking, with higher"
49,4,"access in urban than rural areas. In 2022, access to clean cooking was 34 percentage points higher among urban"
49,5,"(88.3%; UI: 85.4–90.0) than rural areas (54.4%; UI: 49.3–58.7). However, this gap has been reducing continuously"
49,6,"since 2000, due to a faster increase in access to clean cooking in rural than urban areas. While access to clean"
49,7,"cooking was 51.5 percentage points higher among urban than rural areas in 2000, access in rural areas more"
49,8,"than doubled between 2000 and 2022 (from 24.4% [UI: 20.5–29.8] in 2000 to 54.4% [UI: 49.3–58.7] in 2022), leading"
49,9,to a reduction in urban–rural inequality over time.
49,10,"The situation varies across WHO regions (Fig. 2.10). Large absolute urban–rural inequalities occur in the African,"
49,11,"Eastern Mediterranean and South-East Asia regions, where access was more than 30.0 percentage points higher"
49,12,in urban than in rural areas in 2022. Elevated absolute inequalities with a difference of 20.0 percentage points
49,13,or more between urban and rural areas were also present in the Region of the Americas and the Western Pacific
49,14,Region. Small inequalities occur in the European Region (difference of 7.5 percentage points between urban and
49,15,rural areas).
49,16,"Access to clean cooking was above 50% in both urban and rural areas in all WHO regions in 2022, except the"
49,17,"African Region, where coverage was below 50% in both urban (44.7%; UI: 40.6–49.1) and rural areas (8.2%; UI:"
49,18,6.6–10.2). The African Region was also the only region where absolute inequality has been increasing over time
49,19,due to a faster increase in access to clean cooking in urban than rural areas (difference between urban and rural
49,20,"areas of 36.6 percentage points in 2022, up from 25.2 percentage points in 2000)."
49,21,"Figure 2.10 Proportion of population with primary reliance on clean fuels and technologies for cooking (%),"
49,22,"by urban–rural place of residence, globally and by WHO region, 2000–2022"
49,23,2000
49,24,2001
49,25,2002
49,26,2003
49,27,2004
49,28,2005
49,29,2006
49,30,2007
49,31,2008
49,32,2009
49,33,2010
49,34,2011
49,35,2012
49,36,2013
49,37,2014
49,38,2015
49,39,2016
49,40,2017
49,41,2018
49,42,2019
49,43,2020
49,44,2021
49,45,2022
49,46,0
49,47,20
49,48,40
49,49,60
49,50,80
49,51,100
49,52,Proportion of population (%)
49,53,Global
49,54,African Region
49,55,Region of the Americas
49,56,South-East Asia Region
49,57,European Region
49,58,Eastern Mediterranean
49,59,Region
49,60,Western Pacific Region
49,61,2000
49,62,2011
49,63,2022
49,64,2000
49,65,2011
49,66,2022
49,67,2000
49,68,2011
49,69,2022
49,70,2000
49,71,2011
49,72,2022
49,73,2000
49,74,2011
49,75,2022
49,76,2000
49,77,2011
49,78,2022
49,79,0
49,80,20
49,81,40
49,82,60
49,83,80
49,84,100
49,85,Proportion of population (%)
49,86,Rural
49,87,Urban
49,88,Shaded areas represent 95% uncertainty intervals.
49,89,Source: WHO (43).
49,90,Health-related SDGs
49,91,41
50,1,2.2.5 Risks to women’s and
50,2,girls’ health
50,3,Women and girls face certain health risks as they are
50,4,in a disadvantaged position not only due to biological
50,5,"factors, but also sociocultural factors in some societies."
50,6,"For example, an emphasis on women’s reproductive roles,"
50,7,"and potential or actual experience of physical, sexual and"
50,8,"psychological violence, may prevent women and girls"
50,9,from fully accessing quality health services and attaining
50,10,the best possible level of health.
50,11,Adolescent pregnancy
50,12,Child marriage and child sexual abuse place girls
50,13,"at increased risk of pregnancy, often unintended."
50,14,"In many places, barriers to obtaining and using"
50,15,contraceptives prevent adolescents from avoiding
50,16,unintended pregnancies.
50,17,"In 2023, there were an estimated 12.7 million births"
50,18,"among teenage girls aged 15–19 years, and almost half a"
50,19,"million births among very young girls aged 10–14 years,"
50,20,together representing 10% of all births worldwide. About
50,21,"one in six (16%) of all births in the WHO African Region,"
50,22,"and about one in 10 (11%) in the Region of the Americas,"
50,23,was among adolescent mothers aged 10–19 years in 2023
50,24,(Fig. 2.11) (44).
50,25,Adolescent birth rates (ABR) per 1000 girls (SDG indicator
50,26,"3.7.2) have been falling since 2000, but the decrease has"
50,27,"been slow and uneven. In 2023, the global ABR was 41.3"
50,28,"births per 1000 girls aged 15–19 years, representing a"
50,29,"36% decline since 2000, and 12% since 2015 (Fig. 2.11)."
50,30,"Among girls aged 10–14 years, the global ABR declined"
50,31,from 3.3 in 2000 to 1.8 in 2015 and 1.5 in 2023. Since
50,32,"2000, the European and Western Pacific regions have"
50,33,maintained the lowest ABR and the lowest proportion of
50,34,"births among adolescent girls out of all births, while the"
50,35,African Region continued to have the highest levels (44).
50,36,Violence against women
50,37,"Intimate partner violence (IPV) – including physical,"
50,38,sexual and psychological violence – and sexual violence
50,39,against women and girls cause serious short- and long-
50,40,"term physical, mental, sexual and reproductive health"
50,41,problems for women and girls. They also affect the health
50,42,and well-being of their children and families.
50,43,Trend analyses based on data up to 2018 suggest that
50,44,there has been insufficient progress in reducing IPV
50,45,against women and girls over the past two decades (45).
50,46,The latest estimates based on data from 161 countries
50,47,"and areas suggest that globally, in 2018, some 26% (UI:"
50,48,22–30%) of ever-partnered women aged 15 years or
50,49,older had experienced IPV at least once in their lifetime
50,50,(SDG indicator 5.2.1) and 10% (UI: 8–12%) in the past
50,51,"12 months. In the same year, 6% (UI: 4–9%) of all women"
50,52,aged 15 years or older had experienced lifetime non-
50,53,partner sexual violence (SDG indicator 5.2.2) (46). The
50,54,estimates also suggest that violence starts early in
50,55,the lives of women. Adolescent girls aged 15–19 years
50,56,"experienced high rates of IPV, with 24% (UI: 21–28%)"
50,57,of those partnered being subjected to physical and/
50,58,or sexual violence from an intimate partner at least
50,59,once in their lives and 16% (UI: 14–19%) within the past
50,60,12 months (47). Emerging evidence also indicates that
50,61,the prevalence of all forms of IPV is higher among women
50,62,with disabilities than among women without disabilities
50,63,"(see section 4.2.3) (48, 49)."
50,64,"World health statistics 2024: monitoring health for the SDGs, Sustainable Development Goals"
50,65,42
51,1,"Figure 2.11 Percentage change in adolescent birth rate, by age group, and the proportion of births among"
51,2,"adolescent girls out of total births, globally and by WHO region, 2015–2023"
51,3,Eastern
51,4,Mediterranean
51,5,Region
51,6,Region of the
51,7,Americas
51,8,African Region
51,9,South-East Asia
51,10,Region
51,11,Global
51,12,Western Pacific
51,13,Region
51,14,European Region
51,15,10–14
51,16,years
51,17,15–19
51,18,years
51,19,10–14
51,20,years
51,21,15–19
51,22,years
51,23,10–14
51,24,years
51,25,15–19
51,26,years
51,27,10–14
51,28,years
51,29,15–19
51,30,years
51,31,10–14
51,32,years
51,33,15–19
51,34,years
51,35,10–14
51,36,years
51,37,15–19
51,38,years
51,39,10–14
51,40,years
51,41,15–19
51,42,years
51,43,-30
51,44,-25
51,45,-20
51,46,-15
51,47,-10
51,48,-5
51,49,0
51,50,Change in birth rate (%)
51,51,3%
51,52,5%
51,53,10%
51,54,6%
51,55,16%
51,56,11%
51,57,9%
51,58,Births among
51,59,girls 10
51,60,–
51,61,19 as
51,62,% of total
51,63,(2023)
51,64,Source: UN DESA (44).
51,65,2.3 Health systems strengthening
51,66,as a key means to achieve UHC
51,67,"In September 2023, at the United Nations General"
51,68,"Assembly high-level meeting on UHC, political leaders"
51,69,reaffirmed their commitment to taking action for UHC
51,70,(50). Building on the 2019 Political Declaration on UHC
51,71,"(51), the 2023 Political Declaration provides a roadmap"
51,72,to accelerate implementation towards achieving health
51,73,"for everyone, everywhere, and ensuring that no one is"
51,74,left behind. It acknowledges the importance of health
51,75,systems strengthening based on a primary health care
51,76,"(PHC) approach, which is critical not just for centring"
51,77,"people and communities, but also for effective health"
51,78,"emergency prevention, preparedness, response and"
51,79,"recovery, which has never been more salient than during"
51,80,the COVID-19 pandemic.
51,81,"UHC, grounded in the principle that all individuals and"
51,82,communities should have access to quality essential
51,83,health services throughout the entire spectrum of
51,84,"care without enduring financial hardships, not only"
51,85,contributes to improving health outcomes (SDG 3)
51,86,"but also plays a pivotal role in other SDGs, including"
51,87,"economic growth and job creation (SDG 8), gender"
51,88,"equality (SDG 5), education (SDG 4), nutrition (SDG 2)"
51,89,and poverty reduction (SDG 1). Strengthening health
51,90,systems and enhancing the sustainability and equity
51,91,of health services and financing models are pivotal
51,92,factors that contribute to the successful achievement
51,93,of UHC. This section delves into SDG indicators related
51,94,"to service delivery and health financing, illustrating"
51,95,disparities across WHO regions and World Bank country
51,96,income groups.
51,97,Health-related SDGs
51,98,43
52,1,2.3.1 Service delivery
52,2,"Service delivery, the primary interface between health"
52,3,"systems and people, includes a wide range of health"
52,4,"service providers, but also public health-care institutions"
52,5,and other actors responsible for essential public health
52,6,functions and provision of health-care products.
52,7,Scaling up the coverage of essential
52,8,health services with an emphasis
52,9,on PHC
52,10,Scaling up the coverage of effective essential health
52,11,services is a fundamental strategy for achieving UHC.
52,12,It aims not only to improve health outcomes but also
52,13,to promote health equity and ensure that health care is
52,14,universally accessible and of high quality.
52,15,"SDG indicator 3.8.1, referred to as the UHC service"
52,16,"coverage index, aims to measure the average coverage"
52,17,of essential services through a single index score based
52,18,"on 14 indicators across four domains: reproductive,"
52,19,"maternal, newborn and child health (RMNCH); infectious"
52,20,diseases; NCDs; and service capacity and access. This
52,21,"5 Achieving the 95–95–95 targets requires that 95% of people living with HIV know their HIV status, 95% of people who know their status are receiving ART , and"
52,22,"95% of people on ART have suppressed viral loads. This translates to 95% of people living with HIV knowing their HIV status, 90% of people living with HIV"
52,23,"receiving ART , and 86% of people living with HIV having suppressed viral loads."
52,24,score increased remarkably from 45 to 68 between 2000
52,25,and 2021 globally but progress has slowed since 2015
52,26,and even stagnated during the COVID-19 pandemic. The
52,27,"highest index scores were in the European Region, the"
52,28,Region of the Americas and the Western Pacific Region
52,29,"(around 80), followed by South-East Asia (62), Eastern"
52,30,Mediterranean (57) and African regions (44). Figure 2.12
52,31,shows the scores by country in 2021 (52).
52,32,The most significant improvements in the average
52,33,coverage of essential health services occurred in the
52,34,infectious diseases domain. HIV antiretroviral therapy
52,35,(ART) treatment coverage increased from 2% (UI:
52,36,"2–2%) in 2000 to 76% (UI: 65–89%) in 2022, yet still far"
52,37,from the 95–95–95 targets
52,38,5 for 2025 (2–4). There were
52,39,also improvements in TB treatment coverage over the
52,40,"same period, from 34% (UI: 26–46%) in 2000 to 70% (UI:"
52,41,"66–76%) in 2022, with an apparent rebound in 2021 and"
52,42,"2022 after the sharp reversal of progress in 2020 (58%,"
52,43,UI: 55–62%) due to disruptions caused by the COVID-19
52,44,pandemic (6). ITN use to prevent malaria also increased
52,45,"between 2000 and 2022, from 2% (UI: 2–3%) to 49% (UI:"
52,46,"47–51%), although a stagnation was observed after"
52,47,2015 (8).
52,48,"Figure 2.12 UHC service coverage index, by country, 2021"
52,49,Source: WHO and World Bank (52).
52,50,"World health statistics 2024: monitoring health for the SDGs, Sustainable Development Goals"
52,51,44
53,1,"In the area of RMNCH, the proportion of women of"
53,2,reproductive age having their need for family planning
53,3,met with modern methods (SDG indicator 3.7.1) saw
53,4,"a modest uptick from 74% in 2000 to 78% in 2023, still"
53,5,far from the target of universal access by 2030 (53).
53,6,"Similarly, the proportion of children who received"
53,7,"three doses of the vaccine against diphtheria, tetanus"
53,8,and pertussis (DTP) (SDG indicator 3.b.1 – DTP3) rose
53,9,"from 72% in 2000 to 84% in 2022. However, a notable"
53,10,5 percentage points coverage drop occurred between
53,11,"2019 and 2021, followed by a 3 percentage points"
53,12,increase in 2022. The coverage of the two doses of
53,13,the vaccine for measles (SDG indicator 3.b.1 – MCV2)
53,14,and three doses of pneumococcal conjugate vaccine
53,15,"(SDG indicator 3.b.1 – PCV3) also increased, reaching"
53,16,"74% and 60%, respectively, in 2022, with stagnations"
53,17,"observed in 2020–2021. In contrast, global coverage"
53,18,of Human papillomavirus (HPV) vaccine (SDG indicator
53,19,"3.b.1 – HPV), critical for women’s and girls’ health"
53,20,"globally, only reached 15% in 2022, with 130 countries"
53,21,having introduced the HPV vaccine in their national
53,22,immunization services by the end of 2022. The 90%
53,23,target set by the Immunization Agenda is unlikely to
53,24,be met for any of these vaccinations if current trends
53,25,"continue (23, 54). Moreover, while there has been a"
53,26,positive increase in the proportion of births attended
53,27,"by skilled health personnel (SDG indicator 3.1.2), rising"
53,28,from 61% in 2000 to 86% in 2023 and notably improving
53,29,"outcomes in childbirth, it is important to acknowledge"
53,30,"a slowdown in the pace of progress since 2015, and the"
53,31,global target of 90% coverage by 2025 is unlikely to be
53,32,"met unless progress is accelerated (55, 56)."
53,33,Positive advancements have been observed in service
53,34,"coverage of NCDs, which continue to contribute the"
53,35,"highest proportion of the disease burden. For example,"
53,36,"according to the latest estimates, the proportion"
53,37,of adults aged 30–70 years receiving treatment for
53,38,hypertension increased from 30% in 2000 to 42% in
53,39,2019. The effective coverage for hypertension treatment
53,40,is estimated to have more than doubled from 9% to 21%
53,41,over the same period (39).
53,42,Data on treatment coverage for alcohol and drug use
53,43,disorders between 2015 and 2018 range from extremely
53,44,low (0.3%) to a maximum of 35% for drug use disorders
53,45,and 14% for alcohol use disorders in the 20 countries
53,46,that were able to report these data in 2019. To address
53,47,challenges in estimating treatment coverage for
53,48,"substance use disorders (SDG indicator 3.5.1), a service"
53,49,capacity index has been introduced as a complementary
53,50,measure (index range 0–100). This index varied
53,51,"significantly among countries, with values ranging from"
53,52,1 to 80 in 2019. The highest index values were observed
53,53,"in the European Region (49), while the lowest were in"
53,54,the African Region (25) (38).
53,55,"In most settings, efficiency and equity in the delivery"
53,56,of health services requires an increased emphasis on
53,57,"frontline services, particularly PHC."
53,58,"Increasing the recruitment,"
53,59,"development, training and retention of"
53,60,the health workforce
53,61,Health workers are the cornerstone of a resilient health
53,62,"system, and the demand for health workers continues"
53,63,to increase as global health challenges become more
53,64,complex and the world’s population grows and ages.
53,65,"To make progress towards UHC, it is critical to address"
53,66,"the global shortage of health workers, so that adequate"
53,67,numbers of health workers are available in the right
53,68,"quantity in the right places, in alignment with population"
53,69,health needs (57). Based on the latest data available
53,70,"over the period 2015–2022 for each country, low-income"
53,71,countries had the lowest health worker density and
53,72,distribution (SDG indicator 3.c.1) with a median of only
53,73,"1.1 medical doctors (interquartile range [IQR]: 0.7–1.9),"
53,74,"7.5 (IQR: 5.0–11.2) nursing and midwifery personnel,"
53,75,0.04 dentists (IQR: 0.01–0.20) and 0.2 (IQR: 0.1–0.4)
53,76,"pharmacists per 10 000 population, compared with"
53,77,"medians of 35.6 (IQR: 29.3–43.5), 76.8 (IQR: 55.1–109.3),"
53,78,"7.0 (IQR: 4.8–9.1) and 8.8 (IQR: 6.7–11.1), respectively,"
53,79,in high-income countries. An analysis of countries with
53,80,available data over three consecutive time periods
53,81,"(2010–2014, 2015–2019, 2020–2022) reveals a consistent"
53,82,increase in the density and distribution of health
53,83,"workers across all income groups, except for dentists in"
53,84,"low-income and lower-middle-income countries, and"
53,85,pharmacists in middle-income countries (Fig. 2.13) (58).
53,86,"However, even when national densities seem adequate,"
53,87,disparities persist at subnational level.
53,88,Improving access to medicines and
53,89,health technologies
53,90,To achieve equitable access to medicines and health
53,91,"technologies, major attention is required to this"
53,92,"subsystem within health systems. Since 2015, the"
53,93,proportion of health facilities that have a core set of
53,94,relevant essential medicines available and affordable
53,95,on a sustainable basis (SDG indicator 3.b.3) has been
53,96,"estimated for only 17 countries in the WHO Africa Region,"
53,97,"Region of the Americas and European Region, with a"
53,98,median value of 8% across the 17 countries (IQR: 0–22%)
53,99,(60). Work is ongoing to improve the methodology to
53,100,measure access to essential medicines and other health-
53,101,care products to enable sustained global monitoring.
53,102,The COVID-19 pandemic highlighted the huge and
53,103,growing divide between high- and low-income countries
53,104,"in accessing medicines and health-care products, and"
53,105,the need for innovation and local production to enhance
53,106,the equitable distribution of health-care products (i.e.
53,107,"medicines, vaccines, diagnostics and devices) (61)."
53,108,Health-related SDGs
53,109,45
54,1,"Figure 2.13 Health worker density and distribution, by World Bank income group, 2010–2022 (median values)a"
54,2,0
54,3,5
54,4,10
54,5,15
54,6,20
54,7,25
54,8,30
54,9,35
54,10,40
54,11,2010–2014
54,12,2015–2019
54,13,2020–2022
54,14,2010–2014
54,15,2015–2019
54,16,2020–2022
54,17,2010–2014
54,18,2015–2019
54,19,2020–2022
54,20,2010–2014
54,21,2015–2019
54,22,2020–2022
54,23,Low-income
54,24,Lower-middle-income
54,25,Upper-middle-income
54,26,High-income
54,27,Median density per 10 000 population
54,28,Medical doctors
54,29,0
54,30,10
54,31,20
54,32,30
54,33,40
54,34,50
54,35,60
54,36,70
54,37,80
54,38,90
54,39,Low-income
54,40,Lower-middle-income
54,41,Upper-middle-income
54,42,High-income
54,43,Median density per 10 000 population
54,44,Nursing and midwifery personnel
54,45,0
54,46,1
54,47,2
54,48,3
54,49,4
54,50,5
54,51,6
54,52,7
54,53,8
54,54,Median density per 10 000 population
54,55,Dentists
54,56,0
54,57,1
54,58,2
54,59,3
54,60,4
54,61,5
54,62,6
54,63,7
54,64,8
54,65,9
54,66,10
54,67,Median density per 10 000 population
54,68,Pharmacists
54,69,2010–2014
54,70,2015–2019
54,71,2020–2022
54,72,2010–2014
54,73,2015–2019
54,74,2020–2022
54,75,2010–2014
54,76,2015–2019
54,77,2020–2022
54,78,2010–2014
54,79,2015–2019
54,80,2020–2022
54,81,2010–2014
54,82,2015–2019
54,83,2020–2022
54,84,2010–2014
54,85,2015–2019
54,86,2020–2022
54,87,2010–2014
54,88,2015–2019
54,89,2020–2022
54,90,2010–2014
54,91,2015–2019
54,92,2020–2022
54,93,Low-income
54,94,Lower-middle-income
54,95,Upper-middle-income
54,96,High-income
54,97,2010–2014
54,98,2015–2019
54,99,2020–2022
54,100,2010–2014
54,101,2015–2019
54,102,2020–2022
54,103,2010–2014
54,104,2015–2019
54,105,2020–2022
54,106,2010–2014
54,107,2015–2019
54,108,2020–2022
54,109,Low-income
54,110,Lower-middle-income
54,111,Upper-middle-income
54,112,High-income
54,113,"a Data were available for the three periods in 123 countries (46 high-income countries [HIC], 30 upper-middle-income countries [UMC], 33 lower-middle-income"
54,114,"countries [LMC], 14 low-income countries [LICs]) for medical doctors, 119 countries (45 HIC, 33 UMC, 27 LMC, 14 LIC) for nursing and midwifery personnel, 98"
54,115,"countries (43 HIC, 26 UMC, 23 LMC, 6 LIC) for dentists and 100 countries (43 HIC, 20 UMC, 25 LMC, 12 LIC) for pharmacists. The income grouping refers to the"
54,116,"World Bank analytical income of economies as of 1 July 2023, based on gross national income (GNI) per capita estimates for the year 2022 (59)."
54,117,Source: WHO (58).
54,118,Implementing the International Health
54,119,Regulations (IHR) and service delivery
54,120,models that promote resilience
54,121,"The ability to prevent, detect and respond to health"
54,122,emergencies is a critical component of UHC. Service
54,123,delivery models that are truly fit for purpose need to be
54,124,equipped to implement the IHR and to develop a clear
54,125,sense of the types of threats they may face and to prepare
54,126,for them.
54,127,The IHR States Parties Self-Assessment Annual Report
54,128,(SPAR) tool consists of 35 indicators for the 15 IHR
54,129,"capacities needed to detect, assess, notify, report and"
54,130,respond to public health risks and acute events of
54,131,domestic and international concern (SDG indicator 3.d.1).
54,132,"Based on the analysis of the latest annual reporting data,"
54,133,"the top challenges at the global level are policy, legal and"
54,134,"normative instruments to implement IHR (C.1), chemical"
54,135,"events (C.14), radiation emergencies (C.15) and human"
54,136,resources (C.6); while the top strengths are laboratory
54,137,"(C.4), surveillance (C.5), health emergency management"
54,138,(C.7) and health services provision (C8). The European
54,139,Region had the highest scores for the capacities related
54,140,"to zoonotic diseases (C.12), food safety (C.13), chemical"
54,141,"events (C.14) and radiation emergencies (C.15), while the"
54,142,South-East Asia Region did particularly well for capacities
54,143,"related to policy, legal and normative instruments to"
54,144,implement IHR (C.1) and coordination and advocacy
54,145,(C.2). The African Region had the lowest scores for all
54,146,capacities with the exception of zoonotic diseases (C.12)
54,147,(Fig. 2.14) (62).
54,148,SPAR serves as a barometer for a nation’s preparedness
54,149,"and response, and helps understand not only national"
54,150,capacities in health security but also how they fit in a
54,151,regional and international context. Box 2.8 describes
54,152,the latest situation in Kiribati and how it relates to other
54,153,Pacific island countries.
54,154,"World health statistics 2024: monitoring health for the SDGs, Sustainable Development Goals"
54,155,46
55,1,"Figure 2.14 IHR capacity scores, by WHO region, 2023"
55,2,"C.1 Policy, legal and normative instruments to implement IHR"
55,3,"C.2 IHR coordination, national IHR focal point functions and advocacy"
55,4,C.3 Financing
55,5,C.4 Laboratory
55,6,C.5 Surveillance
55,7,C.6 Human resources
55,8,C.7 Health emergency management
55,9,C.8 Health services provision
55,10,C.9 Infection prevention and control
55,11,C.10 Risk communication and community engagement
55,12,C.11 Points of entry and border health
55,13,C.12 Zoonotic diseases
55,14,C.13 Food safety
55,15,C.14 Chemical events
55,16,C.15 Radiation emergencies
55,17,100
55,18,80
55,19,60
55,20,40
55,21,20
55,22,0
55,23,African Region
55,24,Region of the Americas
55,25,Eastern Mediterranean Region
55,26,European Region
55,27,South-East Asia Region
55,28,Western Pacific Region
55,29,Source: WHO (62).
55,30,Health-related SDGs
55,31,47
56,1,Box 2.8 Towards stronger health security in the Pacific island countries
56,2,Understanding the national capacities in health security in a regional and international context is especially
56,3,"important in regions that face distinctive health security challenges, such as the South Pacific. The South Pacific"
56,4,"spans one third of the Earth’s surface, yet it is inhabited by less than 1% of the global population. The remoteness"
56,5,of the region often functions as a gatekeeper for infectious diseases but makes it more likely for outbreaks of
56,6,"waterborne and foodborne diseases. The South Pacific is prone to extreme weather events, such as cyclones and"
56,7,"flooding, which are increasing in intensity and frequency. Additionally, the South Pacific’s rising sea levels exceed"
56,8,"the global mean rate (reaching about 4 mm per year), further increasing the region’s vulnerability (63) ."
56,9,"Until 2023, a limited number of Pacific island countries submitted a SPAR regularly, making it difficult to identify,"
56,10,"address and strengthen health security in the region. In August 2023, thirteen Pacific island countries committed"
56,11,to bolstering health security reporting mechanisms during a meeting of Pacific IHR national focal points.
56,12,"One of the Pacific island countries with a complex set of challenges is Kiribati, which comprises 33 atolls"
56,13,"scattered across the equator and over 5 million square kilometres of water. In addition to infectious diseases,"
56,14,natural disasters such as the 2022 drought and the 2015 cyclone Pam have severely impacted Kiribati’s health
56,15,"security. The drought affected water and food access for 119 000 of the 131 000 people in Kiribati, while cyclone"
56,16,"Pam caused widespread flooding and damage, including in the capital, Tarawa (63, 64) ."
56,17,"In preparation for Kiribati’s Ministry of Health to submit IHR SPAR, a multisectoral consultation was organized"
56,18,in collaboration with WHO in December 2023. The involvement of representatives from different sectors such
56,19,"as emergency response, agriculture, financing and legislation helped to ensure that the SPAR scores accurately"
56,20,reflected the country’s situation.
56,21,"By February 2024, Kiribati – together with 11 other Pacific island countries (Cook Islands, Fiji, Marshall Islands,"
56,22,"the Federated States of Micronesia, Nauru, Niue, Palau, Samoa, Solomon Islands, Tonga, Vanuatu) – submitted"
56,23,"their SPARs. This has been the highest number of SPAR submissions in the region so far, shedding light on"
56,24,"areas for improvement. Areas with the biggest gaps in the South Pacific, scoring on average less than 60 out"
56,25,"of 100 points per area, are policy, legal and normative instruments to implement IHR; infection prevention and"
56,26,control (IPC); points of entry (PoEs) and border health; health services provision; zoonotic diseases; food safety;
56,27,"chemical events; and radiation emergencies. Countries also declared gaps in financing, human resources, IHR"
56,28,"coordination, national IHR Focal Point functions and advocacy."
56,29,Kiribati SPAR results in 2023 identified areas where more attention would be needed in cross-sectoral
56,30,"approaches, including for zoonotic diseases, radiation emergencies and chemical events (Fig. 2.15). The review"
56,31,process for completing the SPAR helped to map out where there were capacity gaps and opportunities for
56,32,strengthening in coming years.
56,33,"Recognizing the importance of IHR, Kiribati integrates the SPAR score average as one of the indicators in its"
56,34,"National Health Strategic Plan 2024–2027, with the 2023 assessment as the baseline (Fig. 2.15). There is a"
56,35,commitment in the National Health Strategic Plan to improve on the SPAR score in the coming four years with
56,36,annual monitoring.
56,37,"World health statistics 2024: monitoring health for the SDGs, Sustainable Development Goals"
56,38,48
57,1,"Figure 2.15 SPAR scores by capacity in Kiribati, 2023"
57,2,0
57,3,10
57,4,20
57,5,30
57,6,40
57,7,50
57,8,60
57,9,70
57,10,C.15 Radiation emergencies
57,11,C.14 Chemical events
57,12,C.13 Food safety
57,13,C.12 Zoonotic diseases
57,14,C.11 Points of entry and border health
57,15,C.10 Risk communication and community engagement
57,16,C.9 Infection prevention and control
57,17,C.8 Health services provision
57,18,C.7 Health emergency management
57,19,C.6 Human resources
57,20,C.5 Surveillance
57,21,C.4 Laboratory
57,22,C.3 Financing
57,23,"C.2 IHR coordination, national IHR focal point functions and advocacy"
57,24,"C.1 Policy, legal and normative instruments to implement IHR"
57,25,Source: WHO (62).
57,26,2.3.2 Health financing
57,27,Health financing arrangements determine the ability of
57,28,"health systems to respond to health needs, pool financial"
57,29,"risks, and operate efficiently and equitably. They span"
57,30,choices and decisions in three interlinked financing
57,31,"functions – mobilizing resources, pooling them and using"
57,32,them to strategically purchase health services.
57,33,Mobilizing resources and prioritizing
57,34,health
57,35,The Addis Ababa Action Agenda (AAAA) recognized that
57,36,the primary mechanism for meeting resource needs for
57,37,achieving the SDGs should be domestic (65).
57,38,"In 2021, global government health spending (the health"
57,39,"component of SDG indicator 1.a.2) surged, except in"
57,40,low-income countries (Fig. 2.16). High- and upper-
57,41,middle-income nations increased health priority due to
57,42,COVID-19-related expenditures. In lower-middle-income
57,43,"countries, slower growth in health spending compared"
57,44,with general government spending resulted in reduced
57,45,"health priority in almost half of them, though outliers"
57,46,"boosted the average. Among low-income countries, half"
57,47,saw declining health priority as reduced government
57,48,health spending coincided with higher general spending.
57,49,External aid likely played a significant role in financing
57,50,health-care expenses related to the COVID-19 pandemic in
57,51,"low- and lower-middle-income nations, echoing a trend"
57,52,where higher external funding in low-income countries
57,53,correlated with lower health priority in government
57,54,budgets during the MDG period (66).
57,55,Development assistance for health (DAH)
57,56,to complement domestic financing
57,57,"As part of the AAAA, countries committed to reverse"
57,58,"the decline in aid to the poorest and fragile countries,"
57,59,many of which will require sustained DAH to address
57,60,capacity constraints and continue progress toward
57,61,"UHC. However, DAH must add to domestic resources"
57,62,"rather than crowding them out, and support efforts to"
57,63,increase the effectiveness and efficiency of domestic
57,64,resources utilization.
57,65,"In 2022, the African Region received the highest weighted"
57,66,average health ODA per capita (US$ 5.35) compared with
57,67,countries in other regions (less than US$ 3 per capita)
57,68,(SDG indicator 3.b.2) (42). While DAH has undeniably
57,69,"contributed to noteworthy health improvements, the"
57,70,current architecture and incentives associated with such
57,71,assistance have inadvertently led many nations to neglect
57,72,funding for basic health services in their own budgets
57,73,and become overly aid-dependent (68). The COVID-19
57,74,pandemic has shown the perils of overdependence on
57,75,external sources of finance and distant suppliers for
57,76,critical health needs (69).
57,77,Improve financial protection for all
57,78,Expanding pooling arrangements is essential to provide
57,79,protection from the economic consequences of ill health
57,80,and enhance equity in service use – to reduce foregone
57,81,"care for financial reasons, financial hardship due to out-"
57,82,of-pocket (OOP) health payments and indebtedness due
57,83,"to health cost. In many countries, direct household OOP"
57,84,Health-related SDGs
57,85,49
58,1,"Figure 2.16 Proportion of total government spending on health (%), by World Bank income group, 2000–2021"
58,2,0
58,3,2
58,4,4
58,5,6
58,6,8
58,7,10
58,8,12
58,9,14
58,10,16
58,11,2000
58,12,2001
58,13,2002
58,14,2003
58,15,2004
58,16,2005
58,17,2006
58,18,2007
58,19,2008
58,20,2009
58,21,2010
58,22,2011
58,23,2012
58,24,2013
58,25,2014
58,26,2015
58,27,2016
58,28,2017
58,29,2018
58,30,2019
58,31,2020
58,32,2021
58,33,Health spending as proportion of government total (%)
58,34,Low-income countries
58,35,Lower-middle-income countries
58,36,Upper-middle-income countries
58,37,High-income countries
58,38,"Note: The income grouping refers to the World Bank analytical income of economies as of 1 July 2022, based on GNI per capita estimates for the year 2021."
58,39,Source: WHO (67)
58,40,continues to constitute the largest share of health
58,41,financing; the latest data shows that 2 billion people
58,42,suffer financial hardship (impoverishing out-of-pocket
58,43,"health spending, catastrophic health spending or"
58,44,both) (52).
58,45,The global proportion of the population with catastrophic
58,46,OOP health spending at 10% thresholds (SDG indicator
58,47,3.8.2) continuously increased from 9.6% in 2000 to 12.7%
58,48,in 2015 at the beginning of the SDG era and reached
58,49,"13.5% in 2019, representing over 1 billion people (Fig."
58,50,2.17). The largest shares were reported in the Western
58,51,Pacific Region (19.8%) and South-East Asia Region
58,52,(16.1%); the lowest shares were reported in the Region of
58,53,the Americas (7.8%) and the European Region (7.9%) (52).
58,54,"Even prior to the COVID-19 pandemic, and despite long-"
58,55,standing high-level commitments to health for all and
58,56,"UHC, progress was largely off-track. Many governments"
58,57,have neglected foundational investments in health
58,58,"systems. Consequently, health services have been"
58,59,disrupted and inequities between and within countries
58,60,have worsened during the COVID-19 pandemic. Achieving
58,61,UHC requires targeted resource allocation and a renewed
58,62,commitment to building resilient health systems that
58,63,prioritize access to essential services for the poor and
58,64,most vulnerable.
58,65,"World health statistics 2024: monitoring health for the SDGs, Sustainable Development Goals"
58,66,50
59,1,Figure 2.17 Proportion of the population with out-of-pocket health spending exceeding 10% or 25% of the
59,2,household budget
59,3,2000
59,4,0
59,5,3
59,6,6
59,7,9
59,8,12
59,9,9.6
59,10,12.7
59,11,11.1
59,12,11.4
59,13,%
59,14,2005
59,15,2010
59,16,2015
59,17,2017
59,18,2019
59,19,13.0
59,20,13.5
59,21,7.7
59,22,9.4
59,23,8.5
59,24,8.7
59,25,9.4
59,26,9.7
59,27,1.9
59,28,3.3
59,29,2.7
59,30,2.6
59,31,3.6
59,32,3.8
59,33,Exceeding 25% Exceeding 10% but below 25% Exceeding 10%
59,34,Source: WHO and World Bank (52).
59,35,2.4 SDG progress to date
59,36,"Midway through the SDG period, there has been mixed"
59,37,progress in the health-related areas. Among the 53
59,38,"health-related SDG indicators reviewed in this report, 32"
59,39,have numeric SDG or other global targets. None of these
59,40,"targets has been achieved thus far, and none is likely to"
59,41,"be met if current trends continue. However, most of the"
59,42,indicators (42 out of 53) are showing progress in the right
59,43,direction globally; the remaining indicators are either
59,44,moving in the wrong direction or cannot be assessed
59,45,due to limited data. New and refocused commitment and
59,46,"capacities at national, regional and global levels are key"
59,47,to accelerate progress and reverse worrying trends.
59,48,Health-related SDGs
59,49,51
60,1,References
60,2,1. World health statistics 2023: monitoring health for
60,3,"the SDGs, sustainable development goals. Geneva:"
60,4,World Health Organization; 2023 (https://iris.who.int/
60,5,handle/10665/367912). Licence: CC BY-NC-SA 3.0 IGO.
60,6,2. The path that ends AIDS: UNAIDS Global AIDS update 2023.
60,7,Geneva: Joint United Nations Programme on HIV/AIDS; 2023
60,8,(http://unaids.org/sites/default/files/media_asset/2023-
60,9,unaids-global-aids-update_en.pdf). Licence: CC BY-NC-SA 3.0
60,10,IGO.
60,11,3. HIV. The global health observatory [online database]. Geneva:
60,12,World Health Organization; (https://www.who.int/data/gho/
60,13,data/themes/hiv-aids).
60,14,4. Political declaration on HIV and AIDS: ending inequalities
60,15,and getting on track to end AIDS by 2030: resolution/
60,16,adopted by the General Assembly. New York: United Nations;
60,17,2021 (A/RES/75/284; https://digitallibrary.un.org/
60,18,record/3928975?v=pdf).
60,19,"5. Global health sector strategies on, respectively, HIV, viral"
60,20,hepatitis and sexually transmitted infections for the period
60,21,2022–2030. Geneva: World Health Organization; 2022 (https://
60,22,iris.who.int/handle/10665/360348). Licence: CC BY-NC-SA 3.0
60,23,IGO.
60,24,6. Global tuberculosis report 2023. Geneva: World
60,25,Health Organization; 2023 (https://iris.who.int/
60,26,handle/10665/373828). Licence: CC BY-NC-SA 3.0 IGO.
60,27,7. The end TB strategy. Geneva: World Health Organization;
60,28,2015 (WHO/HTM/TB/2015.19; https://iris.who.int/
60,29,handle/10665/331326).
60,30,8. World malaria report 2023. Geneva: World
60,31,Health Organization; 2023 (https://iris.who.int/
60,32,handle/10665/374472). Licence: CC BY-NC-SA 3.0 IGO.
60,33,"9. Global technical strategy for malaria 2016–2030, 2021 update."
60,34,Geneva: World Health Organization; 2021 (https://iris.who.int/
60,35,handle/10665/342995).
60,36,10. Malaria vaccine implementation programme [website].
60,37,World Health Organization; (https://www.who.int/initiatives/
60,38,malaria-vaccine-implementation-programme).
60,39,11. Malaria Policy Advisory Group to the WHO: Day 1 of the
60,40,October 2023 meeting. Geneva: World Health Organization;
60,41,2023 (https://www.who.int/publications/m/item/malaria-
60,42,policy-advisory-group-to-the-who-day-1-of-the-october-
60,43,2023-meeting).
60,44,12. Global hepatitis report 2024: action for access in low- and
60,45,middle-income countries. Geneva: World Health Organization;
60,46,2024 (https://iris.who.int/handle/10665/376461). Licence: CC
60,47,BY-NC-SA 3.0 IGO.
60,48,13. Hepatitis B surface antigen (HBsAg) prevalence among
60,49,children under 5 years. The global health observatory [online
60,50,database]. Geneva: World Health Organization; (https://www.
60,51,who.int/data/gho/data/indicators/indicator-details/GHO/
60,52,hepatitis-b-surface-antigen-(hbsag)-prevalence-among-
60,53,children-under-5-years).
60,54,"14. Hassanin A, Serageldin K, Waked I, Fort M. Egypt’s ambitious"
60,55,strategy to eliminate hepatitis C virus: a case study. Glob
60,56,Health Sci Pract. 2021;9(1):187-200 (https://doi.org/10.9745/
60,57,ghsp-d-20-00234).
60,58,15. WHO commends Egypt for its progress on the path
60,59,to eliminate hepatitis C [news release]. World Health
60,60,Organization; 9 October 2023 (https://www.who.int/news/
60,61,item/09-10-2023-who-commends-egypt-for-its-progress-on-
60,62,the-path-to-eliminate-hepatitis-c).
60,63,16. Ending the neglect to attain the Sustainable Development
60,64,Goals: a sustainability framework for action against
60,65,neglected tropical diseases 2021–2030. Geneva:
60,66,World Health Organization; 2021 (https://iris.who.int/
60,67,handle/10665/338886). Licence: CC BY-NC-SA 3.0 IGO.
60,68,17. Global report on neglected tropical diseases 2024. Geneva:
60,69,World Health Organization; 2024 (https://iris.who.int/
60,70,handle/10665/376657). Licence: CC BY-NC-SA 3.0 IGO.
60,71,18. Process of validation of elimination of kala-azar as a public
60,72,health problem in South-East Asia. New Delhi: WHO Regional
60,73,Office for South-East Asia; 2016 (https://iris.who.int/
60,74,handle/10665/331974).
60,75,19. Validation of elimination of lymphatic filariasis as a public
60,76,health problem. Geneva: World Health Organization; 2017
60,77,(https://iris.who.int/handle/10665/254377). Licence: CC BY-
60,78,NC-SA 3.0 IGO.
60,79,20. Bangladesh achieves historic milestone by eliminating kala-
60,80,azar as a public health problem [news release]. World Health
60,81,Organization; 31 October 2023 (https://www.who.int/news/
60,82,item/31-10-2023-bangladesh-achieves-historic-milestone-by-
60,83,eliminating-kala-azar-as-a-public-health-problem).
60,84,21. Bangladesh eliminates lymphatic filariasis [news release].
60,85,WHO Regional Office for South-East Asia; 13 May 2023
60,86,(https://www.who.int/southeastasia/news/detail/13-05-2023-
60,87,bangladesh-eliminates-lymphatic-filariasis).
60,88,22. Polio today [wild poliovirus list] [website]. Global Polio
60,89,"Eradication Initiative. Global Polio Eradication Initiative,"
60,90,World Health Organization; (https://polioeradication.org/
60,91,polio-today/).
60,92,23. Immunization dashboard: global [WHO/UNICEF estimates
60,93,"of national immunization coverage (WUENIC), 2022 revision]"
60,94,"[website]. Geneva: World Health Organization, United Nations"
60,95,Children’s Fund; 2023 (https://immunizationdata.who.int/).
60,96,24. Global action plan on antimicrobial resistance. Geneva:
60,97,World Health Organization; 2015 (https://iris.who.int/
60,98,handle/10665/193736).
60,99,25. Antimicrobial resistance: accelerating national and global
60,100,responses. WHO strategic and operational priorities to
60,101,address drug-resistant bacterial infections in the human
60,102,"health sector, 2025–2035. Report by the Director-General."
60,103,Geneva: World Health Organization; 2023 (EB154/13; https://
60,104,apps.who.int/gb/ebwha/pdf_files/EB154/B154_13-en.pdf).
60,105,26. Global antimicrobial resistance and use surveillance system
60,106,(GLASS). The global health observatory [online database].
60,107,Geneva: World Health Organization; (https://www.who.
60,108,int/data/gho/data/themes/topics/global-antimicrobial-
60,109,resistance-surveillance-system-glass).
60,110,"27. WHO global anaemia estimates, 2021 edition. The global"
60,111,health observatory [online database]. Geneva: World Health
60,112,Organization; (https://www.who.int/data/gho/data/themes/
60,113,topics/anaemia_in_women_and_children).
60,114,28. Global nutrition targets 2025: anaemia policy brief. Geneva:
60,115,World Health Organization; 2014 (https://iris.who.int/
60,116,handle/10665/148556).
60,117,"World health statistics 2024: monitoring health for the SDGs, Sustainable Development Goals"
60,118,52
61,1,29. Countdown to 2023: WHO 5-year milestone report on
61,2,global trans fat elimination 2023. Geneva: World Health
61,3,Organization; [in press].
61,4,30. REPLACE trans fat: an action package to eliminate
61,5,industrially-produced trans-fat from the global food
61,6,supply: trans fat free by 2023. Geneva: World Health
61,7,Organization; 2018 (WHO/NMH/NHD/18.6; https://iris.who.int/
61,8,handle/10665/331303). Licence: CC BY-NC-SA 3.0 IGO.
61,9,31. Global action plan for the prevention and control of
61,10,noncommunicable diseases 2013-2020. Geneva: World Health
61,11,Organization; 2013 (https://iris.who.int/handle/10665/94384).
61,12,32. Follow-up to the high-level meetings of the United Nations
61,13,General Assembly on health-related issues: prevention and
61,14,control of noncommunicable diseases: report by the Director-
61,15,General. Geneva: World Health Organization; 2019 (A72/19;
61,16,https://iris.who.int/handle/10665/328648).
61,17,33. WHO global report on trends in prevalence of tobacco use
61,18,2000–2030. Geneva: World Health Organization; 2024 (https://
61,19,iris.who.int/handle/10665/375711). Licence: CC BY-NC-SA 3.0
61,20,IGO.
61,21,"34. WHO report on the global tobacco epidemic, 2023:"
61,22,protect people from tobacco smoke. Geneva: World
61,23,Health Organization; 2023 (https://iris.who.int/
61,24,handle/10665/372043). Licence: CC BY-NC-SA 3.0 IGO.
61,25,35. WHO global information system on alcohol and health. The
61,26,global health observatory [online database]. Geneva: World
61,27,Health Organization; (https://www.who.int/data/gho/data/
61,28,themes/global-information-system-on-alcohol-and-health).
61,29,36. Global strategy to reduce the harmful use of alcohol. Geneva:
61,30,World Health Organization; 2010 (https://iris.who.int/
61,31,handle/10665/44395).
61,32,37. Global alcohol action plan 2022-2030. Pre-print copy. Geneva:
61,33,World Health Organization; 2023 (https://cdn.who.int/media/
61,34,docs/default-source/alcohol/final-text-of-aap-for-layout-and-
61,35,design-april-2023.pdf).
61,36,38. Global status report on alcohol and health and treatment of
61,37,substance use disorders. Geneva: World Health Organization;
61,38,[in press].
61,39,39. Global report on hypertension: the race against a silent killer.
61,40,Geneva: World Health Organization; 2023 (https://iris.who.int/
61,41,handle/10665/372896). Licence: CC BY-NC-SA 3.0 IGO.
61,42,"40. Progress on household drinking water, sanitation and"
61,43,hygiene 2000–2022: special focus on gender. New York: United
61,44,Nations Children’s Fund and World Health Organization; 2023
61,45,(https://washdata.org/reports/jmp-2023-wash-households).
61,46,41. Progress on the proportion of domestic and industrial
61,47,wastewater flows safely treated: mid-term status of SDG
61,48,"indicator 6.3.1 and acceleration needs, with a special focus"
61,49,"on climate change, wastewater reuse and health. Nairobi and"
61,50,Geneva: United Nations Human Settlements Programme and
61,51,World Health Organization; [in press].
61,52,42. Creditor reporting system (CRS) [online database]. Paris:
61,53,Organisation for Economic Co-operation and Development;
61,54,(https://stats.oecd.org/Index.aspx?DataSetCode=CRS1).
61,55,43. Air pollution data portal. The global health observatory
61,56,[online database]. Geneva: World Health Organization;
61,57,(https://www.who.int/data/gho/data/themes/air-pollution).
61,58,"44. World population prospects 2022: special aggregates, UN-"
61,59,related groups. Online edition. New York: United Nations
61,60,"Department of Economic and Social Affairs, Population"
61,61,Division; 2022 (https://population.un.org/wpp/Download/
61,62,SpecialAggregates/UNrelated/).
61,63,45. The Sustainable Development Goals report 2023: special
61,64,edition: towards a rescue plan for people and planet. New
61,65,York: United Nations; 2023 (https://unstats.un.org/sdgs/
61,66,report/2023/).
61,67,"46. Violence against women prevalence estimates, 2018: global,"
61,68,regional and national prevalence estimates for intimate
61,69,partner violence against women and global and regional
61,70,prevalence estimates for non-partner sexual violence against
61,71,women. Geneva: World Health Organization; 2021 (https://iris.
61,72,who.int/handle/10665/341337). Licence: CC BY-NC-SA 3.0 IGO.
61,73,"47. Sardinha L, García-Moreno C, Guthold R. Global estimated"
61,74,prevalence of physical and/or sexual intimate partner
61,75,"violence against ever-partnered women, by age, 2018. J"
61,76,Adolesc Health. 2022;70(6):846-7 (https://doi.org/10.1016/j.
61,77,jadohealth.2021.12.019).
61,78,"48. Chirwa E, Jewkes R, Van Der Heijden I, Dunkle K. Intimate"
61,79,partner violence among women with and without
61,80,disabilities: a pooled analysis of baseline data from
61,81,seven violence-prevention programmes. BMJ Glob
61,82,Health. 2020;5(11):e002156 (https://doi.org/10.1136/
61,83,bmjgh-2019-002156).
61,84,"49. García-Cuéllar MM, Pastor-Moreno G, Ruiz-Pérez I, Henares-"
61,85,Montiel J. The prevalence of intimate partner violence against
61,86,women with disabilities: a systematic review of the literature.
61,87,Disability Rehabilitation. 2023;45(1):1-8 (https://doi.org/10.10
61,88,80/09638288.2022.2025927).
61,89,50. Political declaration of the high-level meeting on universal
61,90,health coverage: resolution/adopted by the General
61,91,Assembly. New York: United Nations; 2023 (A/RES/78/4;
61,92,https://digitallibrary.un.org/record/4025279?v=pdf).
61,93,51. Political declaration of the high-level plenary meeting on
61,94,universal health coverage: resolution/adopted by the General
61,95,Assembly. New York: United Nations; 2019 (A/RES/74/2;
61,96,https://digitallibrary.un.org/record/3833350?v=pdf).
61,97,52. Tracking universal health coverage: 2023 global monitoring
61,98,"report. Geneva: World Health Organization, International"
61,99,Bank for Reconstruction and Development / The World Bank;
61,100,2023 (https://iris.who.int/handle/10665/374059). Licence: CC
61,101,BY-NC-SA 3.0 IGO.
61,102,53. Estimates and projections of family planning indicators 2022.
61,103,New York: United Nations Department of Economic and
61,104,"Social Affairs, Population Division; 2022 (https://www.un.org/"
61,105,development/desa/pd/data/family-planning-indicators).
61,106,54. Immunization agenda 2030: a global strategy to leave no one
61,107,behind. Geneva: World Health Organization; 2020 (https://
61,108,www.who.int/teams/immunization-vaccines-and-biologicals/
61,109,strategies/ia2030).
61,110,55. Delivery care: UNICEF/WHO joint database on births attended
61,111,by skilled health personnel. New York: United Nations
61,112,Children’s Fund and World Health Organization; 2024 (https://
61,113,data.unicef.org/topic/maternal-health/delivery-care/).
61,114,"56. World Health Organization, United Nations Children’s Fund,"
61,115,United Nations Population Fund. Improving maternal and
61,116,newborn health and survival and reducing stillbirth: progress
61,117,report 2023. Geneva: World Health Organization; 2023
61,118,(https://iris.who.int/handle/10665/367617). Licence: CC BY-
61,119,NC-SA 3.0 IGO.
61,120,"57. Boniol M, Kunjumen T , Nair TS, Siyam A, Campbell J, Diallo"
61,121,K. The global health workforce stock and distribution in
61,122,2020 and 2030: a threat to equity and “universal” health
61,123,coverage? BMJ Global Health. 2022;7(6):e009316 (https://doi.
61,124,org/10.1136/bmjgh-2022-009316).
61,125,58. National health workforce accounts data portal [online
61,126,database]. Geneva: World Health Organization; (https://apps.
61,127,who.int/nhwaportal).
61,128,59. World Bank country and lending groups [website]. The World
61,129,Bank; (https://datahelpdesk.worldbank.org/knowledgebase/
61,130,articles/906519-world-bank-country-and-lending-groups).
61,131,Health-related SDGs
61,132,53
62,1,60. Proportion of health facilities with a core set of relevant
62,2,essential medicines available and affordable on a sustainable
62,3,basis. The global health observatory [online database].
62,4,Geneva: World Health Organization; (https://www.who.int/
62,5,data/gho/data/indicators/indicator-details/GHO/proportion-
62,6,of-health-facilities-with-a-core-set-of-relevant-essential-
62,7,medicines-available-and-affordable-on-a-sustainable-basis).
62,8,"61. 1.3 Improved access to essential medicines, vaccines,"
62,9,diagnostics and devices for primary health care [website].
62,10,World Health Organization; 2020 (https://www.who.int/
62,11,about/accountability/results/who-results-report-2020-mtr/
62,12,outcome/2020/1.3-improved-access-to-essential-medicines-
62,13,vaccines-diagnostics-and-devices-for-primary-health-care-
62,14,results-report-achievements).
62,15,62. Electronic IHR State Parties self-assessment annual reporting
62,16,tool [online database]. Geneva: World Health Organization;
62,17,(https://extranet.who.int/e-spar/).
62,18,63. State of the climate in the South-West Pacific 2022. Geneva:
62,19,World Meteorological Organization; 2023 (https://library.
62,20,wmo.int/idurl/4/66342).
62,21,64. Kiribati: tropical cyclone Pam emergency plan of action
62,22,(EPoA) DREF operation no. MDRKI001. Geneva: International
62,23,Federation of Red Cross and Red Crescent Societies; 2015
62,24,(https://reliefweb.int/report/kiribati/kiribati-tropical-
62,25,cyclone-pam-emergency-plan-action-epoa-dref-operation-n-
62,26,mdrki001).
62,27,65. Addis Ababa action agenda of the third international
62,28,conference on financing for development. New York: United
62,29,Nations; 2015 (https://sustainabledevelopment.un.org/
62,30,content/documents/2051AAAA_Outcome.pdf).
62,31,66. Global spending on health: coping with the pandemic.
62,32,Geneva: World Health Organization; 2023 (https://iris.who.int/
62,33,handle/10665/375855). Licence: CC BY-NC-SA 3.0 IGO.
62,34,67. Global health expenditure database [online database].
62,35,Geneva: World Health Organization; (https://apps.who.int/
62,36,nha/database/).
62,37,68. Official development assistance (ODA) for medical research
62,38,"and basic health sectors per capita, by recipient country."
62,39,Global observatory on health research and development
62,40,[website]. World Health Organization; (https://www.who.int/
62,41,observatories/global-observatory-on-health-research-and-
62,42,development/indicators/official-development-assistance-for-
62,43,medical-research-and-basic-health-sectors-per-capita-by-
62,44,recipient-country).
62,45,69. Development co-operation report 2023: debating the aid
62,46,system. Paris: Organisation for Economic Co-operation and
62,47,Development; 2023 (https://doi.org/10.1787/f6edc3c2-en).
62,48,"World health statistics 2024: monitoring health for the SDGs, Sustainable Development Goals"
62,49,54
63,1,3
63,2,Progress towards
63,3,WHO Triple Billion
63,4,targets
63,5,"The WHO Triple Billion targets, outlined in and as the"
63,6,"foundation of the WHO GPW13, are a set of ambitious goals"
63,7,aimed at improving global health by 2025: one billion more
63,8,"people benefitting from UHC, one billion more people"
63,9,better protected from health emergencies and one billion
63,10,"more people enjoying better health and well-being (1, 2)."
63,11,Functioning as both an impact measurement tool and a
63,12,"policy strategy, they are an integral part of the GPW13 Results"
63,13,Framework. The targets focus on achieving measurable
63,14,"impacts on people’s health at the country, regional and global"
63,15,"levels. They are tangible, related to human lives and able to"
63,16,drive changes.
64,1,Triple Billion targets are based on 46 outcome indicators
64,2,to track the progress that WHO and its Member States
64,3,achieve in improving population health at the country
64,4,"level. The indicators include 39 SDG indicators, and"
64,5,seven non-SDG indicators approved by WHO Member
64,6,States to address country priorities during the 72nd
64,7,"World Health Assembly (WHA 72) in 2019 (3, 4). The close"
64,8,alignment between the Triple Billion and SDGs enables
64,9,countries to apply Triple Billion targets in delivering their
64,10,commitments on the SDGs.
64,11,Triple Billion projections were calculated for the years
64,12,"2019–2025 relative to a 2018 baseline, providing much-"
64,13,"needed milestones for progress made at the global,"
64,14,"regional and country levels in providing, promoting and"
64,15,protecting global health. This chapter focuses on the
64,16,global and regional results to date (5).
64,17,"Overall, the world has collectively achieved the healthier"
64,18,"population billion target, but is lagging on the other"
64,19,"two billions. Relative to 2018, there was an estimated"
64,20,1.2 billion (UI: 0.9–1.4 billion) more people enjoying
64,21,better health and well-being in 2023; this will likely rise
64,22,to more than 1.5 billion (UI: 1.2–1.8 billion) by 2025. In
64,23,"contrast, there was only 0.4 billion (UI: 0.4–0.5 billion)"
64,24,"more people in 2023 benefitting from UHC, and only"
64,25,0.6 billion (0.5–0.7 billion) better protected from health
64,26,emergencies. These figures will likely rise to 0.6 billion
64,27,"(0.5–0.6 billion) and 0.8 billion (UI: 0.6–0.9 billion) by 2025,"
64,28,respectively – far below the target of one billion (5). The
64,29,overall contribution of the UHC billion was disaggregated
64,30,and the contribution of each underlying tracer indicator
64,31,"calculated, allowing for precise assessment of the impact"
64,32,of these individual indicators (6).
64,33,3.1 Healthier populations billion
64,34,The healthier populations (HPOP) billion aims to improve
64,35,population health and well-being by promoting healthier
64,36,"behaviours, lifestyles and environments. Achieving"
64,37,this billion relies on multisectoral intervention through
64,38,advocacy and changes in public policy and regulation.
64,39,The calculation of this billion comprised 21 tracer
64,40,indicators (including four disaggregated indicators) that
64,41,"cover a wide range of health topics, including clean air,"
64,42,"safe water, road safety, tobacco and alcohol consumption,"
64,43,"obesity, violence, child nutrition and development."
64,44,"Overall, the world has been progressing steadily towards"
64,45,the HPOP billion target since 2018. This target was
64,46,achieved in 2023 with 1.2 billion (UI: 0.9–1.4 billion) more
64,47,people enjoying better health and well-being compared
64,48,"with 2018. Although this trend was not reversed, progress"
64,49,slowed considerably during the 2020–2022 COVID-19
64,50,pandemic. The year-to-year change of HPOP contribution
64,51,"was 407 million from 2018 to 2019, but was only"
64,52,"237 million from 2019 to 2020, followed by 198 million"
64,53,"in 2021 and 186 million in 2022. Relative to 2018, the"
64,54,"Figure 3.1 WHO Triple Billion target progress and forecast, 2018–2025"
64,55,1215
64,56,1520
64,57,429
64,58,585
64,59,599
64,60,777
64,61,Healthier populations
64,62,Universal health coverage
64,63,Health emergencies protection
64,64,2018
64,65,2019
64,66,2020
64,67,2021
64,68,2022
64,69,2023
64,70,2024
64,71,2025
64,72,2018
64,73,2019
64,74,2020
64,75,2021
64,76,2022
64,77,2023
64,78,2024
64,79,2025
64,80,2018
64,81,2019
64,82,2020
64,83,2021
64,84,2022
64,85,2023
64,86,2024
64,87,2025
64,88,0
64,89,250
64,90,500
64,91,750
64,92,1000
64,93,0
64,94,250
64,95,500
64,96,750
64,97,1000
64,98,0
64,99,500
64,100,1000
64,101,1500
64,102,Number of people (millions)
64,103,Key: main line and circles: actual numbers and projections; shaded areas: confidence intervals for projections.
64,104,Source: WHO (5).
64,105,"World health statistics 2024: monitoring health for the SDGs, Sustainable Development Goals"
64,106,56
65,1,number of additional people living a healthier life is
65,2,projected to surpass 1.5 billion (UI: 1.2–1.8 billion) by 2025
65,3,(Fig. 3.1) (5).
65,4,All six WHO regions have progressed well towards HPOP
65,5,target since 2018. The greatest improvement has been
65,6,in the South-East Asia and Western Pacific regions.
65,7,"Compared with 2018, in 2023 there were 644 million (UI:"
65,8,536–744 million) and 318 million (UI: 71–503 million) more
65,9,"people in these two regions, respectively, enjoying better"
65,10,"health and well-being, accounting for 53.0% and 26.1% of"
65,11,"the global total HPOP contribution, respectively (5)."
65,12,"Figure 3.2 HPOP billion contribution by WHO region, 2019–2025"
65,13,2019
65,14,2020
65,15,2021
65,16,2022
65,17,2023
65,18,2024
65,19,2025
65,20,0
65,21,200
65,22,400
65,23,600
65,24,800
65,25,1000
65,26,1200
65,27,1400
65,28,Contribution (millions)
65,29,African Region
65,30,Region of the Americas
65,31,South-East Asia Region
65,32,European Region
65,33,Eastern Mediterranean Region
65,34,Western Pacific Region
65,35,Source: WHO (5).
65,36,Among the 21 tracer indicators included in the
65,37,"computation of the HPOP billion, the three indicators"
65,38,"with the greatest contributions are clean fuels, safely"
65,39,managed sanitation services and clean air (Fig. 3.3).
65,40,"In 2019, the shares of these indicators in overall HPOP"
65,41,"contribution were 27.1% (UI: 27.1–27.1%), 24.7% (UI:"
65,42,"24.7–24.7%) and 37.5% (UI: 37.5–37.5%), respectively; in"
65,43,"2023, they were 38.7% (UI: 36.9–40.5%), 29.8% (UI: 27.6–"
65,44,32.0%) and 17.8% (UI: –4.6 to 35.3%). The indicator that
65,45,had the least contribution to HPOP was adult obesity: its
65,46,"contribution was –5.9% (UI: –6.6 to –5.2%) in 2019, and"
65,47,–10.5% (UI: –11.8 to –9.3%) in 2023 (5).
65,48,There was considerable heterogeneity in terms of
65,49,contributions from tracer indicators across the WHO
65,50,regions in 2023. Changes in the coverage of clean
65,51,household fuel contributed positively to the HPOP billion
65,52,in all but one region. The greatest contribution was seen
65,53,"in the African Region (61.7%, UI: 54.5–69.5%), followed"
65,54,"by the South-East Asia (43.7%, UI: 41.3–46.2%), Eastern"
65,55,"Mediterranean (39.2%, UI: 37.2–41.2%) and Western"
65,56,"Pacific (37.4%, UI: 34.1–40.8%) regions. In the European"
65,57,"Region, the decline in the use of clean household fuels"
65,58,"by 2023 caused a negative impact, –36.7% (UI: –47.1 to"
65,59,"–25.6%), to the HPOP billion. The contribution of safely"
65,60,managed sanitation was greatest in the Region of the
65,61,"Americas (49.0%, UI: 45.6–52.1%) followed by the Western"
65,62,"Pacific Region (44.4%, UI: 39.1–49.7%). For clean air,"
65,63,the contribution was greatest in the European Region
65,64,"(52.2%, UI: 40.8–64.5%), the Eastern Mediterranean"
65,65,"Region (31.4%, UI: –4.1 to 64.2%) and the Region of the"
65,66,"Americas (28.9%, UI: 6.3–48.0%), but lowest in the African"
65,67,"Region (0.1%, UI: –15.8 to 14.3%). The contribution of"
65,68,safely managed water was prominent in the African
65,69,"Region, the Region of the Americas and the Eastern"
65,70,Progress towards WHO Triple Billion targets
65,71,57
66,1,"Mediterranean Region, all above 20%. Obesity in adults"
66,2,"made negative contribution across all six regions, which"
66,3,was largest in magnitude in the Region of the Americas
66,4,"(–48.0%, UI: –58.0 to –36.9%), followed by the Eastern"
66,5,"Mediterranean Region (–26.0%, UI: –31.2 to –20.6%)."
66,6,Obesity in adolescents and children also made a negative
66,7,"contribution across all six regions, but to a much lower"
66,8,degree (5).
66,9,Trans-fat regulation and lower road traffic mortality (road
66,10,deaths) had more noticeable positive contribution in
66,11,the European Region than in other regions. The impact
66,12,of tobacco use among adults was salient across all six
66,13,"regions, especially in the European Region (27.7%, UI:"
66,14,"27.5–27.8%) and the Region of the Americas (24.6%, UI:"
66,15,24.6–24.8%). Changes in alcohol consumption also led
66,16,"to minor changes in the HPOP billion, with the greatest"
66,17,"impact found in the African Region (–4.7%, UI: –12.7 to"
66,18,3.7%) (5).
66,19,"Figure 3.3 Contribution of tracer indicators to the HPOP billion, 2019–2025"
66,20,Clean fuel use
66,21,Sanitation service
66,22,Clean air (pm 2.5)
66,23,Tobacco Use
66,24,Safe water
66,25,Safe water - rural
66,26,Trans-fat policy
66,27,Road deaths
66,28,Sanitation service - rural
66,29,Adult obesity
66,30,Adolescent-child obesity
66,31,Alcohol consumption
66,32,407
66,33,1215
66,34,1520
66,35,-250
66,36,0
66,37,250
66,38,500
66,39,750
66,40,1000
66,41,1250
66,42,1500
66,43,1750
66,44,2019
66,45,2020
66,46,2021
66,47,2022
66,48,2023
66,49,2024
66,50,2025
66,51,Contribution (millions)
66,52,Net contribution
66,53,Other indicators below 1% of the total
66,54,absolute contribution in 2030
66,55,Child violence
66,56,Child development
66,57,Partner violence
66,58,Child wasting
66,59,Sanitation service - urban
66,60,Child overweight
66,61,Suicide mortality
66,62,Safe water - urban
66,63,Child stunting
66,64,Source: WHO (5).
66,65,3.2 UHC billion
66,66,The UHC billion is for improvement in the number of
66,67,people having access to essential health services but
66,68,without inflicting financial hardship. The calculation
66,69,of progress towards the UHC billion relied on the
66,70,assessment of two components: (1) average service
66,71,"coverage measured through 14 tracer indicators, and"
66,72,(2)
66,73,financial hardship measured through an indicator of
66,74,"catastrophic health spending, defined as the proportion"
66,75,of population whose household expenditure on health
66,76,is greater than 10% of total household expenditure
66,77,or income.
66,78,"By 2023, there were only 429 million more people"
66,79,benefitting from UHC without incurring catastrophic
66,80,"health spending compared with 2018, not even reaching"
66,81,half of the UHC billion target. The projection for 2025
66,82,"is a mere 585 million, suggesting that the world is"
66,83,seriously off the mark in achieving the UHC billion target.
66,84,"The impact of COVID-19 pandemic was salient, as the"
66,85,UHC billion reduced or stalled in 2020 and 2021 before
66,86,reversing the negative trend in 2022. The situation called
66,87,for accelerated efforts and dramatic changes in public
66,88,policies to expand UHC (5).
66,89,"Among the six WHO regions, the Region of the Americas"
66,90,was the only region where the number of people
66,91,benefitting from UHC decreased in 2020 and 2021
66,92,compared with 2018 (Fig. 3.4). The European Region
66,93,"also experienced setbacks in the two pandemic years, as"
66,94,shown by the near-zero UHC billion estimates (5).
66,95,"World health statistics 2024: monitoring health for the SDGs, Sustainable Development Goals"
66,96,58
67,1,"Figure 3.4 UHC billions contribution by WHO region, 2019–2025"
67,2,2019
67,3,2020
67,4,2021
67,5,2022
67,6,2023
67,7,2024
67,8,2025
67,9,-100
67,10,0
67,11,100
67,12,200
67,13,300
67,14,400
67,15,500
67,16,600
67,17,Contribution (millions)
67,18,African Region
67,19,Region of the Americas
67,20,South-East Asia Region
67,21,European Region
67,22,Eastern Mediterranean Region
67,23,Western Pacific Region
67,24,Source: WHO (5).
67,25,Among the tracer indicators included in the calculation
67,26,"of progress for the UHC billion, receiving HIV treatment,"
67,27,"a proxy for measuring infectious disease health care,"
67,28,"contributed the most at global level (Fig. 3.5), the"
67,29,contribution of which was over 40% in both 2019 and
67,30,"2023. By 2023, it had the highest share of contribution"
67,31,"in the Region of the Americas (93.1%, UI: 73.5–110.9%),"
67,32,"followed by the European (76.4%, UI: 61.8–88.7%),"
67,33,"Western Pacific (63.7%, UI: 60.0–66.9%) and Eastern"
67,34,"Mediterranean (37.1%, UI: 32.0–42.7%) regions, with"
67,35,"the lowest share in the African (16.5%, UI: 15.3–17.6%)"
67,36,"and South-East Asia (28.0%, UI: 24.8–31.3%) regions."
67,37,"By 2023, catastrophic health spending made a negative"
67,38,"contribution to the UHC billion globally (–7.9%, UI: –8.0 to"
67,39,–7.8%); the magnitude was highest in the Western Pacific
67,40,"(–20.6%, UI: –20.8 to –20.4%) and European (–11.5%, UI:"
67,41,"–11.6 to –11.4%) regions. Diabetes, measured by elevated"
67,42,"plasma glucose level, contributed negatively to the"
67,43,"UHC billion in all six regions in 2023. However, the impact"
67,44,was minor. Slight regression was also found in 2023
67,45,relative to 2018 with two other indicators – hospital beds
67,46,density and DTP vaccination (5).
67,47,"By 2023, changes in health workforce density made"
67,48,largest negative contribution to the UHC billion in the
67,49,"Region of the Americas (–45.4%, UI: –45.7 to –45.0%),"
67,50,while making largest positive contribution in the Western
67,51,"Pacific Region (14.9%, UI: 14.8–15.0%). The share of TB"
67,52,"treatment was 8.6% (UI: 3.0–18.0%) globally, with the"
67,53,"largest share in the South-East Asia Region (16.3%, UI:"
67,54,7.4–23.5%). The contribution of households using basic
67,55,"sanitation facilities was 10.4% (UI: 10.1–10.8%) globally,"
67,56,"and highest in the Western Pacific Region (15.5%, UI:"
67,57,14.7–16.3%). The share of reduced prevalence in tobacco
67,58,use among adults was 4.2% (UI: 4.1–4.3%) globally;
67,59,"this was largest in the Region of the Americas (15.0%,"
67,60,"UI: 14.8–15.1%) and the European Region (10.2%, UI:"
67,61,10.1–10.3%) (5).
67,62,Progress towards WHO Triple Billion targets
67,63,59
68,1,"Figure 3.5 Contribution of tracer indicators to the UHC billion, 2019–2025"
68,2,Population change effort
68,3,HIV treatment
68,4,Population change effort
68,5,Sanitation facility
68,6,TB treatment
68,7,Health workforce density
68,8,Child health care
68,9,Tobacco control
68,10,Prenatal care
68,11,Hypertension treatment
68,12,Family planning
68,13,Malaria prevention
68,14,Catastrophic health spending
68,15,Diabetes management
68,16,111
68,17,429
68,18,585
68,19,-100
68,20,0
68,21,100
68,22,200
68,23,300
68,24,400
68,25,500
68,26,600
68,27,2022
68,28,2021
68,29,2020
68,30,2019
68,31,2023
68,32,2024
68,33,2025
68,34,Contribution (millions)
68,35,Net contribution
68,36,Child immunization
68,37,Hospital bed density
68,38,Other indicators below 1% of the total absolute contribution in 2030
68,39,Source: WHO (5).
68,40,3.3 Health emergencies
68,41,protection billion
68,42,The health emergencies protection (HEP) billion aims
68,43,to have one billion more people better protected from
68,44,health emergencies. The index for this billion was
68,45,calculated based on SDG 3 by measuring three indices:
68,46,"(i) emergency preparation, (ii) emergency prevention, and"
68,47,(iii) emergency detection and responses.
68,48,"At the global level, there has been consistent"
68,49,improvement in the HEP billion since 2018 (Fig. 3.6).
68,50,"However, such progress is still not sufficient to achieve"
68,51,the HEP billion target by 2025. Progress towards the
68,52,HEP billion even stalled or regressed in 2020 and 2021
68,53,in multiple WHO regions. The Region of the Americas
68,54,saw a downward trend starting from 2020 that extended
68,55,through 2023. The improvement in the HEP billion was
68,56,"relatively small in the Western Pacific, European and"
68,57,Eastern Mediterranean regions compared with other
68,58,regions. Most of the improvement in the HEP billion
68,59,between 2018 and 2025 will come from the WHO African
68,60,and the South-East Asia regions (5).
68,61,"World health statistics 2024: monitoring health for the SDGs, Sustainable Development Goals"
68,62,60
69,1,"Figure 3.6 Contributions to the HEP billion by WHO region, 2019–2025"
69,2,2019
69,3,2020
69,4,2021
69,5,2022
69,6,2023
69,7,2024
69,8,2025
69,9,-100
69,10,0
69,11,100
69,12,200
69,13,300
69,14,400
69,15,500
69,16,600
69,17,700
69,18,800
69,19,Contribtuion (million)
69,20,African Region
69,21,Region of the Americas
69,22,South-East Asia Region
69,23,European Region
69,24,Eastern Mediterranean Region
69,25,Western Pacific Region
69,26,Source: WHO (5).
69,27,3.4 Health-related SDGs and health
69,28,information system
69,29,The Triple Billion targets leverage the global and national
69,30,commitments to meet the health-related SDGs. Given the
69,31,centrality of the health-related SDGs in the Triple Billion
69,32,"target construct, the Triple Billion target projections"
69,33,allow WHO and its Member States to assess their progress
69,34,towards the 2030 targets for SDG indicators.
69,35,"The projected Triple Billion progress since 2019, the first"
69,36,"year of the GPW13, showed that significant progress has"
69,37,"been achieved for all three of the billions, particularly the"
69,38,HPOP billion as the world has likely already achieved the
69,39,target of having one billion more people living healthier
69,40,"lives by 2023 (Fig. 3.7). However, such progress is far from"
69,41,sufficient to ensure the health-related SDG targets are
69,42,achieved globally. Figure 3.7 illustrates the gap between
69,43,Triple Billion projections based on current trends and an
69,44,alternative scenario where hypothetical annualized rate
69,45,of changes at the country level are applied such that each
69,46,SDG indicator target is met by 2030 (5).
69,47,"If current trajectories hold, relative to 2018, some"
69,48,"1.5 billion more people will live healthier lives by 2025,"
69,49,"and 2.0 billion by 2030. However, the figure would be"
69,50,3.3 billion by 2025 and 5.6 billion by 2030 if the world
69,51,meets all global indicator targets. Meeting the global
69,52,targets annually would also mean 1.0 billion more
69,53,people having access to essential health services
69,54,without incurring catastrophic health spending by 2025
69,55,"instead of 0.6 billion under the current trajectory, and an"
69,56,additional 0.9 billion people safeguarded against health
69,57,emergencies instead of 0.8 billion (5).
69,58,Progress towards WHO Triple Billion targets
69,59,61
70,1,Figure 3.7 Triple Billion target contribution scenario by achieving health-related SDGs
70,2,777
70,3,869
70,4,905
70,5,879
70,6,1000
70,7,1045
70,8,1520
70,9,1852
70,10,2001
70,11,3341
70,12,4874
70,13,5608
70,14,585
70,15,780
70,16,892
70,17,966
70,18,1591
70,19,2071
70,20,Health emergencies protection
70,21,Healthier populations
70,22,Universal health coverage
70,23,2018
70,24,2022
70,25,2025
70,26,2028
70,27,2030
70,28,2018
70,29,2022
70,30,2025
70,31,2028
70,32,2030
70,33,2018
70,34,2022
70,35,2025
70,36,2028
70,37,2030
70,38,0
70,39,500
70,40,1000
70,41,1500
70,42,2000
70,43,0
70,44,2000
70,45,4000
70,46,0
70,47,300
70,48,600
70,49,900
70,50,Number of people (millions)
70,51,Key: main line and circles: actual numbers and projections; shaded areas: confidence intervals for projections; orange lines: progress required to reach the
70,52,SDG targets.
70,53,Source: WHO (5).
70,54,The world needs to intensify efforts to achieve the health-
70,55,"related SDG targets by 2030, which is vital for building"
70,56,"healthier, more equitable and prosperous societies"
70,57,"globally. For such efforts, timely and accurate monitoring"
70,58,of the progress based on robust data is vital for effective
70,59,policy changes and interventions.
70,60,"However, lack of timely reporting and delay in producing"
70,61,health estimates using the most recent empirical data
70,62,could bring great challenges in delivering accurate
70,63,assessment for many health outcomes.
70,64,Figure 3.8 shows the percentage of UHC service coverage
70,65,index tracers for which primary data were available
70,66,for years 2017–2021. It is evident that most indicators
70,67,suffered from a data shortage at various degrees across
70,68,countries. A lot could be done to enhance the data input
70,69,"for the Triple Billion computation. More often than not,"
70,70,the lack of data will not be limited to the data required
70,71,"by the Triple Billion; rather, it is deeply entrenched in"
70,72,"poorly performing health information systems. Thus,"
70,73,efforts should be made to strengthen the general health
70,74,information systems in countries to generate reliable data
70,75,for the effective tracking of and policy changes regarding
70,76,health-related SDGs.
70,77,WHO is committed to work with Member States to
70,78,"strengthen their system capacity to collect, analyse and"
70,79,use health data. Various tools have been developed by
70,80,"WHO to enhance countries’ data capacity. For example,"
70,81,the WHO SCORE for health data technical package was
70,82,designed to assess the performance of national health
70,83,"information systems, identify the data gaps and provide"
70,84,a toolbox to improve various areas of a functioning
70,85,health information system (7). The Data management
70,86,competency framework (DMCF) developed by the WHO
70,87,Regional Office for the Western Pacific is another
70,88,example of such a tool; it enables health information
70,89,managers to identify capacity gaps and drive competency
70,90,development at various levels (Box 3.1).
70,91,"World health statistics 2024: monitoring health for the SDGs, Sustainable Development Goals"
70,92,62
71,1,Figure 3.8 Percentage of UHC service coverage index tracers for which primary data were available for years
71,2,2017–2021
71,3,Source: WHO and World Bank (8).
71,4,Box 3.1 Strategic and integrated capacity-building of the health information workforce
71,5,in the Western Pacific Region
71,6,Strategic use of data for decision-making is critical for measuring and driving progress towards global and
71,7,national health indicator targets. Capacity limitations of health information workers (HIW) often hinder the
71,8,"ability to effectively produce and use health data, despite significant improvements in health information"
71,9,systems. HIWs often do not possess the required capacities to participate consistently and in a timely manner
71,10,"in the data management cycle. To systematically assess such capacity gaps, the WHO Regional Office for"
71,11,"the Western Pacific, with support from WHO headquarters, country offices and in collaboration with partner"
71,12,"organizations, launched the DMCF in May 2023 (9) . This framework is a comprehensive, integrated and coherent"
71,13,tool that can be used to define and assess current and future competency needs of HIWs across the region and
71,14,beyond. This tool will enable health information managers in countries to identify capacity gaps and plan and
71,15,drive the competency development of their HIWs across different levels of their health system.
71,16,Papua New Guinea has set out a clear path as the first country to adopt the framework. As a direct outcome of a
71,17,"national health information workshop held in October 2022, Papua New Guinea National Department of Health"
71,18,collaborated with WHO to establish a standardized set of competencies required for health information positions
71,19,at both national and provincial levels based on the ideally required skills and competencies spelled out in the
71,20,WHO DMCF. These competency profiles are invaluable as they provide a clear foundation for developing tools
71,21,"to assess training needs and formulating comprehensive, long-term capacity-building strategies. The national"
71,22,data management competency profiles were officially launched together with the Provincial Health Authority
71,23,Monitoring & Evaluation toolkit in September 2023.
71,24,China followed suit by identifying the framework’s value in improving health information workforce capacity in
71,25,a systematic and sustainable manner. The Center for Health Statistics and Information of the National Health
71,26,Commission of China collaborated with WHO in translating the framework into Chinese and conducted a series
71,27,of workshops at both national and provincial levels in preparation for conducting competency gap assessments
71,28,among different types of health workers across different provinces.
71,29,"The adoption of the framework in Papua New Guinea and China serves as pivotal examples, highlighting how the"
71,30,WHO DMCF could be applied to each Member State’s unique context. This ability to contextualize and apply the
71,31,"framework is essential, given the diverse nature of Member States’ health information systems and their diverse"
71,32,priorities and needs in addressing both present and future health challenges.
71,33,Progress towards WHO Triple Billion targets
71,34,63
72,1,3.5 Conclusion
72,2,The WHO Triple Billion is a framework and a strategy
72,3,aiming to drive timely improvement of global health.
72,4,"The targets, although set at the global level, were"
72,5,simply the aggregation of country-level estimates that
72,6,were calculated based on underlying tracer indicators.
72,7,"The Triple Billion projections provide WHO, its Member"
72,8,States and partners with the much-needed assessment
72,9,of progress towards fulfilling their commitment on
72,10,Triple Billion targets and the health-related SDGs.
72,11,Tracer indicators are the cornerstone of the Triple Billion
72,12,"targets, but also a critical tool for countries to identify"
72,13,and prioritize strategies to enhance the health of their
72,14,populations. By examining the projected contributions
72,15,"at indicator level, policy-makers can make informed"
72,16,course adjustments to achieve the SDGs set by the
72,17,global community.
72,18,"As the GPW13 is drawing to a close in 2025, continuous"
72,19,tracking of the Triple Billion targets and a proper
72,20,transition from GPW13 to GPW14 is vital for WHO to
72,21,"ensure accountability, adaptability and efficiency in"
72,22,achieving the ambitious goals it set jointly with its
72,23,"Member States. All three levels of WHO – headquarters,"
72,24,regional and country offices – should make every effort
72,25,to align their priorities. Through these priorities that
72,26,will be reflected in the new programmatic and outcome
72,27,"indicators for the upcoming GPW14, WHO will reaffirm"
72,28,"its commitment to address evolving global health needs,"
72,29,enhance collaboration with stakeholders and strengthen
72,30,its role in advancing global health equity and security.
72,31,Committed investment in improving data and health
72,32,information systems across the globe will be essential for
72,33,such endeavours.
72,34,References
72,35,"1. Thirteenth general programme of work, 2019–2023: promote"
72,36,"health, keep the world safe, serve the vulnerable. Geneva:"
72,37,World Health Organization; 2019 (WHO/PRP/18.1; https://iris.
72,38,who.int/handle/10665/324775). Licence: CC BY-NC-SA 3.0 IGO.
72,39,"2. Director-General. Executive Board, 152nd session, 19"
72,40,"December 2022: Thirteenth general programme of work,"
72,41,2019–2025: report on the outcomes of the Member States
72,42,consultation process. Geneva: World Health Organization
72,43,(EB152/28; https://apps.who.int/gb/ebwha/pdf_files/EB152/
72,44,B152_28-en.pdf).
72,45,3. Thirteenth general programme of work (GPW13):
72,46,"methods for impact measurement, version 2.1. Geneva:"
72,47,World Health Organization; 2020 (https://iris.who.int/
72,48,handle/10665/341371). Licence: CC BY-NC-SA 3.0 IGO.
72,49,4. Thirteenth general programme of work (GPW13): metadata
72,50,for impact measurement indicators. Geneva: World Health
72,51,Organization; 2020 (https://www.who.int/publications/m/
72,52,item/metadata-for-impact-measurement-indicators).
72,53,5. Triple billion progress [website]. World Health Organization;
72,54,[in press] (https://www.who.int/data/triple-billion-
72,55,dashboard).
72,56,"6. Horiuchi S, Wilmoth JR, Pletcher SD. A decomposition method"
72,57,based on a model of continuous change. Demography.
72,58,2008;45(4):785-801 (https://doi.org/10.1353/dem.0.0033).
72,59,7. SCORE for health data technical package [website]. World
72,60,Health Organization; (https://www.who.int/data/data-
72,61,collection-tools/score).
72,62,8. Tracking universal health coverage: 2023 global monitoring
72,63,"report. Geneva: World Health Organization, International"
72,64,Bank for Reconstruction and Development / The World Bank;
72,65,2023 (https://iris.who.int/handle/10665/374059). Licence: CC
72,66,BY-NC-SA 3.0 IGO.
72,67,9. Data management competency framework. Manila: World
72,68,Health Organization Regional Office for the Western Pacific;
72,69,2023 (https://iris.who.int/handle/10665/367502). Licence: CC
72,70,BY-NC-SA 3.0 IGO.
72,71,"World health statistics 2024: monitoring health for the SDGs, Sustainable Development Goals"
72,72,64
73,1,4
73,2,Key issues and trends
73,3,in global health
73,4,"The global population and economic growth, the"
73,5,"advancement of science and technology, and the ever-"
73,6,increasing interconnectedness of the world have brought
73,7,about enormous societal changes along with unprecedented
73,8,"progress, but also multiple and complex challenges affecting"
73,9,the health of billions of people worldwide. This chapter looks
73,10,"at selected key global health issues, such as the double burden"
73,11,"of malnutrition, where undernutrition coexists in parallel with"
73,12,overweight and obesity globally. It also highlights the health
73,13,"challenges faced by persons with disabilities, and refugees and"
73,14,international migrants.
74,1,4.1 The double burden
74,2,of malnutrition
74,3,Combating malnutrition in all its forms is one of the
74,4,"greatest global health challenges. Today, the world faces"
74,5,"the double burden of malnutrition, characterized by the"
74,6,coexistence of undernutrition along with overweight and
74,7,"obesity within individuals, households and populations,"
74,8,and across the life course. This section highlights the
74,9,global and regional trends in the population-level
74,10,"burden of stunting, wasting and overweight among"
74,11,"children under 5 years of age, and the double burden"
74,12,of thinness or underweight and obesity among older
74,13,"children, adolescents and adults. Box 4.1 summarizes"
74,14,the definitions of the indicators of malnutrition used in
74,15,this section.
74,16,Child stunting stems from poor nutrition during
74,17,pregnancy and early childhood. It can lead to severe
74,18,physical and cognitive damage that may last a lifetime.
74,19,A child who is moderately or severely wasted (due to
74,20,recent rapid weight loss or a failure to gain weight) has
74,21,"an increased risk of death. In contrast, a child may be"
74,22,"overweight due to excessive caloric intake, which may be"
74,23,"due to poor access to nutritious foods, consumption of"
74,24,nutrient-poor ultra-processed foods and/or inadequate
74,25,physical activity.
74,26,"In childhood and adolescence, obesity is associated"
74,27,"with greater risks and earlier onset of various NCDs,"
74,28,such as type 2 diabetes and cardiovascular disease. In
74,29,"addition, children and teenagers living with obesity"
74,30,may experience psychosocial consequences from
74,31,"stigma, discrimination and bullying. Undernutrition,"
74,32,as measured by thinness among children aged 5–19
74,33,"years, lowers learning potential, weakens the immune"
74,34,"system, and increases the risk of morbidity and mortality."
74,35,Micronutrient deficiencies and anaemia in adolescent
74,36,girls amplify the risk of life-threatening complications
74,37,during pregnancy and childbirth.
74,38,"In adults, obesity is associated with increased risk of"
74,39,"morbidity and mortality from a variety of NCDs, such as"
74,40,"cardiovascular diseases, diabetes, cancers, neurological"
74,41,"disorders, chronic respiratory diseases and digestive"
74,42,"disorders. Undernutrition in adults, as captured by the"
74,43,"underweight indicator, is critical for adult women during"
74,44,"pregnancy, with repercussions for both mother and child."
74,45,"In older adults, undernutrition can lead to increased risk"
74,46,"of impaired immune response, and physical and cognitive"
74,47,"impairment. In turn, ageing brings physiological changes"
74,48,"with sensory impairment, poor oral health, isolation,"
74,49,"loneliness and depression, which further exacerbate the"
74,50,risk of undernutrition.
74,51,Box 4.1 Definitions of metrics and measures used in this section
74,52,For children under 5 years of age:
74,53,• Stunting: height-for-age lower than 2 standard deviations below WHO Child Growth Standards median
74,54,• Wasting: weight-for-height lower than 2 standard deviations below WHO Child Growth Standards median
74,55,• Overweight: weight-for-height greater than 2 standard deviations above WHO Child Growth
74,56,Standards median.
74,57,For children and adolescents aged 5–19 years:
74,58,• Thinness: BMI-for-age lower than 2 standard deviations below the WHO Growth Reference median
74,59,• Obesity: BMI-for-age greater than 2 standard deviations above the WHO Growth Reference median.
74,60,For adults aged 18 years and older:
74,61,• Underweight: BMI less than 18.5
74,62,• Obesity: BMI greater than or equal to 30.
74,63,"BMI: body mass index, calculated as weight (kg)/height² (m²)."
74,64,"Crude prevalence is used for children and adolescents aged 0–19 years, and age-standardized prevalence is used"
74,65,for adults aged 18 years and older.
74,66,"World health statistics 2024: monitoring health for the SDGs, Sustainable Development Goals"
74,67,66
75,1,4.1.1 The magnitude of
75,2,the problem
75,3,"In 2022, an estimated 148 million (UI: 144–152 million)"
75,4,children under 5 years of age globally were affected
75,5,by stunting (too short for age) and 45 million (UI: 36–
75,6,"54 million) were affected by wasting (too thin for height),"
75,7,revealing the vast extent of undernutrition among the
75,8,"youngest population. However, an estimated 37 million"
75,9,(UI: 34–41 million) children under 5 years of age were
75,10,overweight in 2022 (1).
75,11,"In the same year, among older children and adolescents"
75,12,"aged 5–19 years, an estimated 190 million (UI: 180–"
75,13,"200 million) were living with thinness, while 160 million"
75,14,(UI: 150–170 million) were living with obesity. Among
75,15,"adults aged 20 years and older, an estimated 350 million"
75,16,"were underweight, while 880 million were living with"
75,17,obesity. This means that over one billion people aged
75,18,"5 years and older worldwide are living with obesity, while"
75,19,over half a billion others are living with underweight or
75,20,thinness (2).
75,21,"These numbers, along with the health implications"
75,22,"described above, indicate that the world is dealing with a"
75,23,public health problem not only at a massive scale but also
75,24,a complex one.
75,25,"4.1.2 Stunting, wasting and"
75,26,overweight among
75,27,children under 5 years
75,28,of age
75,29,Undernutrition among children under 5 years of
75,30,"age globally, as reflected by the number affected by"
75,31,"stunting and wasting, has declined in the past three"
75,32,decades. The number affected by stunting declined from
75,33,259 million (UI: 252–266 million) in 1990 to 148 million
75,34,"(UI: 144–152 million) in 2022. Over the same period, the"
75,35,number affected by wasting declined from 59 million
75,36,"(UI: 54–64 million) to 45 million (UI: 36–54 million), and"
75,37,the number of overweight rose from 32 million (UI:
75,38,30–35 million) to 37 million (UI: 34–41 million) (1).
75,39,The global prevalence of stunting (SDG indicator 2.2.1)
75,40,almost halved from 40.2% (UI: 39.1–41.3%) in 1990 to
75,41,"22.3% (UI: 21.8–22.9%) in 2022, and the prevalence of"
75,42,"wasting (SDG indicator 2.2.2) declined by 26%, from"
75,43,"9.2% (UI: 8.4–10.0%) to 6.8% (UI: 5.5–8.1%). However, the"
75,44,prevalence of overweight (SDG indicator 2.2.2) increased
75,45,by 12% from 5.0% (UI: 4.6–5.4%) to 5.6% (UI: 5.1–6.1%)
75,46,during the same period (Fig. 4.1) (1).
75,47,"Figure 4.1 Prevalence of stunting, wasting and overweight among children under 5 years of age, globally and by"
75,48,"WHO region, 1990–2022"
75,49,Global
75,50,African Region
75,51,Region of the
75,52,Americas
75,53,South-East Asia
75,54,Region
75,55,European Region
75,56,Eastern
75,57,Mediterranean Region
75,58,Western Pacific
75,59,Region
75,60,1990
75,61,1994
75,62,1998
75,63,2002
75,64,2006
75,65,2010
75,66,2014
75,67,2018
75,68,2022
75,69,1990
75,70,1994
75,71,1998
75,72,2002
75,73,2006
75,74,2010
75,75,2014
75,76,2018
75,77,2022
75,78,1990
75,79,1994
75,80,1998
75,81,2002
75,82,2006
75,83,2010
75,84,2014
75,85,2018
75,86,2022
75,87,1990
75,88,1994
75,89,1998
75,90,2002
75,91,2006
75,92,2010
75,93,2014
75,94,2018
75,95,2022
75,96,1990
75,97,1994
75,98,1998
75,99,2002
75,100,2006
75,101,2010
75,102,2014
75,103,2018
75,104,2022
75,105,1990
75,106,1994
75,107,1998
75,108,2002
75,109,2006
75,110,2010
75,111,2014
75,112,2018
75,113,2022
75,114,1990
75,115,1994
75,116,1998
75,117,2002
75,118,2006
75,119,2010
75,120,2014
75,121,2018
75,122,2022
75,123,0
75,124,10
75,125,20
75,126,30
75,127,40
75,128,50
75,129,60
75,130,Prevalence (%)
75,131,Stunting
75,132,Wasting
75,133,Overweight
75,134,Stunting
75,135,Wasting
75,136,Overweight
75,137,Stunting
75,138,Wasting
75,139,Overweight
75,140,Stunting
75,141,Wasting
75,142,Overweight
75,143,Stunting
75,144,Overweight
75,145,Stunting
75,146,Wasting
75,147,Overweight
75,148,Stunting
75,149,Wasting
75,150,Overweight
75,151,0
75,152,10
75,153,20
75,154,30
75,155,Prevalence (%)
75,156,(2022)
75,157,Prevalence of stunting among children under 5 years of age
75,158,Prevalence of wasting among children under 5 years of age
75,159,Prevalence of overweight among children under 5 years of age
75,160,Western Pacific
75,161,Region
75,162,Global
75,163,African Region
75,164,European
75,165,Regiona
75,166,Eastern
75,167,Mediterranean Region
75,168,Region of the
75,169,Americas
75,170,South-East Asia
75,171,Region
75,172,a No dat a for wasting for European region.
75,173,Source: WHO et al. (1).
75,174,Key issues and trends in global health
75,175,67
76,1,"At this pace of change, the world is off-track to meet"
76,2,the 2030 global targets to halve the number of children
76,3,under 5 years of age affected by stunting (from the 2012
76,4,baseline) and to reduce the prevalence of wasting and
76,5,"overweight to less than 3% (1, 3)."
76,6,Almost all WHO regions are experiencing a considerable
76,7,burden of both undernutrition (in the form of stunting
76,8,and wasting) and overweight among the youngest
76,9,"population. In the South-East Asia Region, the prevalence"
76,10,"of overweight nearly doubled in the past three decades,"
76,11,"reaching 3.8% (UI: 3.1–4.6%) in 2022, while the prevalence"
76,12,of wasting continued to be the highest across all WHO
76,13,regions despite having declined from 17.1% (UI: 13.6–
76,14,21.3%) in 1990 to 14.7% (UI: 11.0–19.3%) in 2022. This
76,15,means that in 2022 almost one in five (18.5%) children
76,16,in this region were either too thin or too heavy for their
76,17,"height. In addition, three out of 10 (30.1%, UI: 28.3–"
76,18,"32.0%) children were affected by stunting, even though"
76,19,its prevalence had halved since 1990 when it stood at
76,20,60.5% (UI: 57.5–63.5%) (Fig. 4.1) (1).
76,21,"In the Eastern Mediterranean Region, approximately the"
76,22,same proportion of children were affected by wasting
76,23,"(6.9%, UI: 5.4–8.7%) and overweight (6.3%, UI: 5.2–7.7%)"
76,24,"in 2022, while a quarter (25.1%, UI: 23.4–26.8%) of all"
76,25,children under 5 years of age were affected by stunting.
76,26,The Region of the Americas had the highest prevalence of
76,27,"overweight (8.5%, UI: 7.4–9.7%) across all WHO regions"
76,28,"in 2022, and very low prevalence of wasting (0.8%, UI:"
76,29,"0.3–1.9%). However, about one in 11 (9.2%, UI: 8.7–9.6%)"
76,30,children in this region were affected by stunting that year
76,31,"(Fig. 4.1). Peru is notable, both regionally and globally, for"
76,32,a massive reduction in stunting prevalence (Box 4.2) (1).
76,33,Box 4.2 A dramatic reduction in childhood stunting in Peru
76,34,"Since 2000, few countries have reduced the prevalence of stunting among children under 5 years of age as"
76,35,dramatically as Peru. It is estimated to have declined from a very high prevalence of 31.1% (UI: 29.4–32.8%)
76,36,"in 2000, to 10.1% (UI: 9.5–10.8%) in 2022, which is considered a medium prevalence. The ARR (5.5% per year)"
76,37,substantially surpasses that in the Region of the Americas (2.0% per year) as well as in the upper-middle-income
76,38,countries (3.1% per year) (Fig. 4.2) (1).
76,39,An analysis of drivers of the decline in stunting prevalence in Peru from 2000 to 2016 identified multiple
76,40,"determinants of stunting reduction, including socioeconomic class, parental education, parental health, and"
76,41,"differences in maternal and newborn health care. Reducing the equity gap contributed greatly to this reduction,"
76,42,"with the greatest reductions observed in the lowest wealth quintile, in rural areas and among children with the"
76,43,"least-educated mothers. The slope index of inequality, a measure of absolute wealth-related inequality, indicates"
76,44,that the gap in stunting prevalence among children under 5 years of age between the richest and poorest
76,45,"households reduced by half between 2000 and 2016, leading to greater equity. Peru’s experience offers useful"
76,46,lessons in tackling the problem of stunting with the participation of multiple sectors ( 4).
76,47,"Figure 4.2 Prevalence of stunting among children under 5 years of age in Peru, WHO Region of the"
76,48,"Americas, and upper-middle-income countries, 2000–2022"
76,49,0
76,50,5
76,51,10
76,52,15
76,53,20
76,54,25
76,55,30
76,56,35
76,57,2000
76,58,2001
76,59,2002
76,60,2003
76,61,2004
76,62,2005
76,63,2006
76,64,2007
76,65,2008
76,66,2009
76,67,2010
76,68,2011
76,69,2012
76,70,2013
76,71,2014
76,72,2015
76,73,2016
76,74,2017
76,75,2018
76,76,2019
76,77,2020
76,78,2021
76,79,2022
76,80,Prevalence (%)
76,81,Peru
76,82,Region of the Americas
76,83,Upper-middle-income countries
76,84,Source: WHO et al. (1).
76,85,"World health statistics 2024: monitoring health for the SDGs, Sustainable Development Goals"
76,86,68
77,1,4.1.3 Thinness and obesity
77,2,among children and
77,3,adolescents aged
77,4,5–19 years
77,5,"Globally in 1990, an estimated 220 million (UI:"
77,6,210–230 million) children and adolescents aged 5–19
77,7,years were living with thinness and 31 million (UI:
77,8,"29–34 million) were living with obesity. In 2022, the"
77,9,corresponding numbers were 190 million (UI: 180–
77,10,200 million) and 160 million (UI: 150–170 million). This
77,11,"means that from 1990 to 2022, the numbers of children"
77,12,and adolescents in this age group living with obesity
77,13,"increased by 130 million, while the number living with"
77,14,thinness decreased by just 30 million (2).
77,15,"Globally, the estimated combined prevalence of thinness"
77,16,and obesity among children and adolescents aged
77,17,5–19 years increased from 15.5% in 1990 to 17.8% in
77,18,2022. Thinness was dominant in the double burden of
77,19,"malnutrition in this age group in 1990, with a prevalence"
77,20,"of 13.5% (UI: 12.9–14.2%) (compare obesity: 1.9%, UI: 1.8–"
77,21,2.1%). Obesity prevalence quadrupled to reach 8.2% (UI:
77,22,"7.7–8.8%) in 2022, only slightly lower than the prevalence"
77,23,"of thinness in that year (9.6%, UI: 8.9–10.3%) (Fig. 4.3) (2)."
77,24,"Among WHO regions, the Region of the Americas saw"
77,25,the largest increase in the double burden of malnutrition
77,26,among children and adolescents aged 5–19 years since
77,27,"1990. This was driven by the rise in obesity, which"
77,28,"tripled to 17.0% (UI: 15.6–18.3%) in 2022, while thinness"
77,29,prevalence decreased only slightly from 2.9% (UI:
77,30,2.5–3.5%) to 2.1% (UI: 1.9–2.4%). The Western Pacific
77,31,Region also experienced a large increase in the double
77,32,"burden, as the obesity prevalence increased almost"
77,33,"tenfold to reach 10.8% (UI: 9.1–12.7%) in 2022, largely"
77,34,overtaking the dominance of thinness. The South-East
77,35,Asia Region was the only region where the double burden
77,36,"decreased, as thinness prevalence fell sharply from 29.9%"
77,37,"(UI: 28.1–31.7%) to 18.2% (UI: 16.3–20.1%); however, the"
77,38,region continued to have the highest thinness prevalence
77,39,while obesity prevalence increased at an alarming rate
77,40,from 0.3% (UI: 0.3–0.5%) in 1990 to 4.6% (UI: 3.9–5.5%) in
77,41,2022 (Fig. 4.3) (2).
77,42,"Figure 4.3 Prevalence of thinness and overweight among children and adolescents aged 5–19 years, globally and"
77,43,"by WHO region, 1990–2022"
77,44,1990
77,45,1991
77,46,1992
77,47,1993
77,48,1994
77,49,1995
77,50,1996
77,51,1997
77,52,1998
77,53,1999
77,54,2000
77,55,2001
77,56,2002
77,57,2003
77,58,2004
77,59,2005
77,60,2006
77,61,2007
77,62,2008
77,63,2009
77,64,2010
77,65,2011
77,66,2012
77,67,2013
77,68,2014
77,69,2015
77,70,2016
77,71,2017
77,72,2018
77,73,2019
77,74,2020
77,75,2021
77,76,2022
77,77,0
77,78,5
77,79,10
77,80,15
77,81,Prevalence (%)
77,82,Global
77,83,African Region
77,84,Region of the Americas
77,85,South-East Asia Region
77,86,European Region
77,87,Eastern Mediterranean Region
77,88,Western Pacific Region
77,89,1990
77,90,1994
77,91,1998
77,92,2002
77,93,2006
77,94,2010
77,95,2014
77,96,2018
77,97,2022
77,98,1990
77,99,1994
77,100,1998
77,101,2002
77,102,2006
77,103,2010
77,104,2014
77,105,2018
77,106,2022
77,107,1990
77,108,1994
77,109,1998
77,110,2002
77,111,2006
77,112,2010
77,113,2014
77,114,2018
77,115,2022
77,116,1990
77,117,1994
77,118,1998
77,119,2002
77,120,2006
77,121,2010
77,122,2014
77,123,2018
77,124,2022
77,125,1990
77,126,1994
77,127,1998
77,128,2002
77,129,2006
77,130,2010
77,131,2014
77,132,2018
77,133,2022
77,134,1990
77,135,1994
77,136,1998
77,137,2002
77,138,2006
77,139,2010
77,140,2014
77,141,2018
77,142,2022
77,143,0
77,144,5
77,145,10
77,146,15
77,147,20
77,148,25
77,149,30
77,150,Prevalence (%)
77,151,Prevalence of overweight among children and adolescents aged 5–19 years
77,152,Prevalence of thinness among children and adolescents aged 5–19 years
77,153,Source: NCD Risk Factor Collaboration (2).
77,154,Key issues and trends in global health
77,155,69
78,1,"Figure 4.4 Prevalence of underweight and obesity among adults aged 18 years and older, globally and by WHO"
78,2,"region, 1990–2022"
78,3,1990
78,4,1991
78,5,1992
78,6,1993
78,7,1994
78,8,1995
78,9,1996
78,10,1997
78,11,1998
78,12,1999
78,13,2000
78,14,2001
78,15,2002
78,16,2003
78,17,2004
78,18,2005
78,19,2006
78,20,2007
78,21,2008
78,22,2009
78,23,2010
78,24,2011
78,25,2012
78,26,2013
78,27,2014
78,28,2015
78,29,2016
78,30,2017
78,31,2018
78,32,2019
78,33,2020
78,34,2021
78,35,2022
78,36,0
78,37,5
78,38,10
78,39,15
78,40,20
78,41,Prevalence (%)
78,42,Global
78,43,African Region
78,44,Region of the Americas
78,45,South-East Asia Region
78,46,European Region
78,47,Eastern Mediterranean Region
78,48,Western Pacific Region
78,49,1990
78,50,1994
78,51,1998
78,52,2002
78,53,2006
78,54,2010
78,55,2014
78,56,2018
78,57,2022
78,58,1990
78,59,1994
78,60,1998
78,61,2002
78,62,2006
78,63,2010
78,64,2014
78,65,2018
78,66,2022
78,67,1990
78,68,1994
78,69,1998
78,70,2002
78,71,2006
78,72,2010
78,73,2014
78,74,2018
78,75,2022
78,76,1990
78,77,1994
78,78,1998
78,79,2002
78,80,2006
78,81,2010
78,82,2014
78,83,2018
78,84,2022
78,85,1990
78,86,1994
78,87,1998
78,88,2002
78,89,2006
78,90,2010
78,91,2014
78,92,2018
78,93,2022
78,94,1990
78,95,1994
78,96,1998
78,97,2002
78,98,2006
78,99,2010
78,100,2014
78,101,2018
78,102,2022
78,103,0
78,104,10
78,105,20
78,106,30
78,107,Prevalence (%)
78,108,Prevalence of overweight among children and adolescents aged 5–19 years
78,109,Prevalence of underweight among adults aged 18 years and older
78,110,Source: NCD Risk Factor Collaboration (2).
78,111,4.1.4 Underweight and
78,112,obesity among
78,113,adults aged 18 years
78,114,and older
78,115,"In 1990, globally an estimated 490 million (UI: 470–"
78,116,500 million) adults aged 18 years and older were living
78,117,"with underweight, while 200 million (UI: 190–200 million)"
78,118,"were living with obesity. Between 1990 and 2022, the"
78,119,number of adults aged 18 years and older living with
78,120,"obesity increased dramatically by almost 700 million,"
78,121,"reaching 890 million (UI: 870–920 million), while the"
78,122,number living with underweight decreased by 90 million
78,123,to 400 million (UI: 370–420 million) (2).
78,124,"Globally, the combined age-standardized prevalence of"
78,125,underweight and obesity among adults aged 18 years
78,126,and older increased from 21.1% in 1990 to 23.0% in 2022.
78,127,"This increase has been driven by the rise in obesity,"
78,128,the age-standardized prevalence of which more than
78,129,doubled from 6.6% (UI: 6.4–6.8%) in 1990 to 15.8% (UI:
78,130,15.4–16.2%) in 2022. The age-standardized prevalence of
78,131,"underweight halved in the same period, from 14.5% (UI:"
78,132,14.1–15.0%) in 1990 to 7.2% (UI: 6.8–7.7%) in 2022. This
78,133,means that obesity has taken over the dominance in the
78,134,double burden of malnutrition among adults globally in
78,135,the past three decades (Fig. 4.4) (2).
78,136,Obesity prevalence among adults aged 18 years and older
78,137,increased in all WHO regions. The Region of the Americas
78,138,and the Eastern Mediterranean Region have experienced
78,139,the largest absolute increase in obesity prevalence since
78,140,"1990, leading to the highest obesity prevalence across"
78,141,"WHO regions in 2022, affecting one third of adults in the"
78,142,Region of the Americas and almost three in 10 in the
78,143,"Eastern Mediterranean Region. In the European Region,"
78,144,the 8.9 percentage point increase in the double burden
78,145,"was due entirely to the rise in obesity prevalence, as"
78,146,thinness prevalence remained low. About half of the
78,147,double burden in the African Region was due to obesity
78,148,"in 2022, up from about one fifth in 1990. The Western"
78,149,Pacific Region remained the region with the lowest
78,150,combined prevalence of underweight and obesity among
78,151,"adults, but obesity is becoming dominant. Underweight"
78,152,prevalence decreased markedly in the South-East Asia
78,153,Region from 36.5% (UI: 35.0–37.9%) in 1990 to 12.7%
78,154,"(UI: 11.5–14.0%) in 2022, driving the only decrease of the"
78,155,double burden among adults across all WHO regions.
78,156,"However, underweight remained highly prevalent among"
78,157,"adults, while obesity prevalence increased eightfold since"
78,158,1990 to reach 8.0% (UI: 7.4–8.6%) in 2022 (Fig. 4.4) (2).
78,159,Obesity prevalence tends to differ among men and
78,160,"women, and this difference also varies across regions and"
78,161,over time. Box 4.3 highlights the sex-related inequalities
78,162,globally and by WHO region since 1990.
78,163,"World health statistics 2024: monitoring health for the SDGs, Sustainable Development Goals"
78,164,70
79,1,Box 4.3 Sex-related inequalities in the prevalence of obesity among adults
79,2,"Globally, between 1990 and 2022, age-standardized obesity prevalence among adults aged 18 years and older"
79,3,"increased steadily among both men and women, with continuously higher obesity prevalence among women"
79,4,"than men. In 2022, obesity prevalence among women was a third or 4.3 percentage points higher among women"
79,5,(17.9%; UI: 17.3–18.5%) than among men (13.6%; UI: 13.0–14.2%) (Fig 4.5) (2).
79,6,Different patterns are observed across the six WHO regions. The Region of the Americas and the Eastern
79,7,Mediterranean Region demonstrated large increases in obesity prevalence among both men and women. The
79,8,Eastern Mediterranean Region consistently demonstrated the largest absolute sex-related inequalities in obesity
79,9,over the past three decades (difference of 12.4 percentage points between women and men in 2022). In the
79,10,"African and South-East Asia regions, obesity prevalence increased faster among women than men, leading to an"
79,11,increase in sex-related absolute inequalities over time (differences of 10.2 and 5.1 percentage points between
79,12,"women and men in the African and South-East Asia regions in 2022, respectively). Conversely, in the European"
79,13,"and Western Pacific regions, obesity prevalence increased faster among men than women leading to no sex-"
79,14,related inequalities in 2022 (Fig 4.5 ) (2).
79,15,"Figure 4.5 Age-standardized obesity prevalence among adults aged 18 years and older, by sex, globally and"
79,16,"by WHO region, 1990–2022"
79,17,1990
79,18,1991
79,19,1992
79,20,1993
79,21,1994
79,22,1995
79,23,1996
79,24,1997
79,25,1998
79,26,1999
79,27,2000
79,28,2001
79,29,2002
79,30,2003
79,31,2004
79,32,2005
79,33,2006
79,34,2007
79,35,2008
79,36,2009
79,37,2010
79,38,2011
79,39,2012
79,40,2013
79,41,2014
79,42,2015
79,43,2016
79,44,2017
79,45,2018
79,46,2019
79,47,2020
79,48,2021
79,49,2022
79,50,0
79,51,10
79,52,20
79,53,30
79,54,40
79,55,Age-standardized prevalence (%)
79,56,Global
79,57,African Region
79,58,Region of the Americas
79,59,South-East Asia Region
79,60,European Region
79,61,Western Pacific Region
79,62,1990
79,63,1994
79,64,1998
79,65,2002
79,66,2006
79,67,2010
79,68,2014
79,69,2018
79,70,2022
79,71,1990
79,72,1994
79,73,1998
79,74,2002
79,75,2006
79,76,2010
79,77,2014
79,78,2018
79,79,2022
79,80,1990
79,81,1994
79,82,1998
79,83,2002
79,84,2006
79,85,2010
79,86,2014
79,87,2018
79,88,2022
79,89,1990
79,90,1994
79,91,1998
79,92,2002
79,93,2006
79,94,2010
79,95,2014
79,96,2018
79,97,2022
79,98,1990
79,99,1994
79,100,1998
79,101,2002
79,102,2006
79,103,2010
79,104,2014
79,105,2018
79,106,2022
79,107,1990
79,108,1994
79,109,1998
79,110,2002
79,111,2006
79,112,2010
79,113,2014
79,114,2018
79,115,2022
79,116,0
79,117,10
79,118,20
79,119,30
79,120,40
79,121,Age-standardized prevalence (%)
79,122,Female
79,123,Male
79,124,Eastern Mediterranean
79,125,Region
79,126,Shaded areas represent 95% uncertainty intervals.
79,127,Source: NCD Risk Factor Collaboration (2).
79,128,Key issues and trends in global health
79,129,71
80,1,4.1.5 Double-duty actions
80,2,to tackle the double
80,3,burden of malnutrition
80,4,"The coexistence of undernutrition, overweight and"
80,5,obesity can be addressed by taking advantage of the
80,6,"shared drivers across forms of malnutrition, including"
80,7,"biological, environmental and social factors, to design"
80,8,and implement policies and programmes using a life-
80,9,"course, multi-generational approach. These double-"
80,10,"duty actions are evidence-based, efficient and effective"
80,11,interventions that can make the most of often limited
80,12,"time, fiscal and human resources. Common delivery"
80,13,platforms that can be leveraged for double-duty actions
80,14,"include national dietary guidelines, health systems,"
80,15,"urban food systems, humanitarian settings and social"
80,16,policies (5–7).
80,17,Double-duty actions need not necessarily be new
80,18,"actions. Rather, policy-makers can capitalize on existing"
80,19,"government buy-in and resources, by reviewing and"
80,20,refocusing existing food and agriculture policies.
80,21,They often already exist to address single forms of
80,22,"malnutrition, but need to be refocused to address"
80,23,multiple forms simultaneously. Strong opportunities
80,24,for double-duty actions include the following
80,25,examples: school feeding programmes that focus only
80,26,on addressing undernutrition or overweight can be
80,27,redesigned to ensure that they instead provide and
80,28,promote a healthy diet; scaling up the WHO antenatal
80,29,care recommendations; protecting and promoting
80,30,breastfeeding; revising complementary feeding
80,31,guidelines and educating care-givers on the risks of
80,32,unhealthy complementary foods; designing social
80,33,support and welfare programmes to reduce risks from
80,34,unhealthy foods; and ensuring that food systems and
80,35,food environment policies facilitate the purchase and
80,36,consumption of a healthy diet by increasing access to and
80,37,attractiveness of nutritious foods.
80,38,Nutrition and food safety are closely interlinked and
80,39,essential for achieving positive health outcomes from
80,40,food systems. There is a linkage between subclinical
80,41,"infection with enteropathogens and stunting (8, 9)."
80,42,"Food must be safe, available, accessible, nutritious,"
80,43,culturally acceptable and ingested regularly to ensure
80,44,"growth, health and well-being. Unsafe food increases"
80,45,"infection and intoxication, creating a vicious cycle of"
80,46,"disease, malnutrition and disability, particularly affecting"
80,47,vulnerable groups.
80,48,4.2 Disability-related
80,49,health inequities
80,50,Disability results from the interaction between health
80,51,"conditions and/or impairments that a person experiences,"
80,52,"such as dementia, blindness or spinal cord injury,"
80,53,and a range of contextual factors related to different
80,54,environmental and personal factors including societal
80,55,"attitudes, access to infrastructure, discriminatory policies,"
80,56,"poverty, age and gender. This understanding of disability"
80,57,is grounded in the WHO International classification of
80,58,"functioning, disability and health (ICF), published in"
80,59,2001 (10).
80,60,According to the WHO Global report on health equity for
80,61,persons with disabilities
80,62,", approximately 1.3 billion persons"
80,63,in 2021 – about 16% of the global population – had
80,64,disability. The global number of persons with disabilities
80,65,has increased substantially in the past decade due to
80,66,demographic and epidemiological changes such as
80,67,population growth and the increase in the number of
80,68,persons with NCDs who are living longer and ageing with
80,69,limitations in functioning (11).
80,70,Persons with disabilities often experience health
80,71,"inequities due to avoidable, unjust and unfair conditions."
80,72,"They die younger, have poorer health and increased"
80,73,"disease risk, and more limitations in their everyday"
80,74,functioning. The contributing factors to these inequities
80,75,"can be (i) health-system-related factors, such as barriers"
80,76,"in physical infrastructure and communication, negative"
80,77,attitudes by health workers or lack of disability data in the
80,78,"health information system; (ii) structural factors, such as"
80,79,"stigma and discrimination; (iii) social determinants, such"
80,80,as poverty and lack of education; and (iv) disease risk
80,81,factors such as tobacco consumption and obesity.
80,82,"World health statistics 2024: monitoring health for the SDGs, Sustainable Development Goals"
80,83,72
81,1,4.2.1 Premature mortality
81,2,among persons
81,3,with disabilities
81,4,Data on health inequities in terms of premature mortality
81,5,"among persons with disabilities are scarce. However, a"
81,6,growing body of evidence indicates that persons with
81,7,disabilities have higher rates of premature mortality
81,8,compared with persons without disabilities (11). A
81,9,systematic review of 70 studies from 22 low- and middle-
81,10,income countries found that persons with disabilities
81,11,have double the mortality rates of persons without
81,12,disabilities (12). Premature mortality is even more visible
81,13,in those that are most marginalized among persons
81,14,"with disabilities. For example, evidence from some"
81,15,high-income European countries shows that persons
81,16,with psychosocial or intellectual disabilities have higher
81,17,risks of premature mortality compared with the general
81,18,population (13–16). The COVID-19 pandemic exacerbated
81,19,this pattern. A systematic review of 56 studies found
81,20,that persons with disabilities were almost three times
81,21,as likely to die from COVID-19 than persons without
81,22,disabilities (17).
81,23,4.2.2 Poorer health and
81,24,higher disease risk
81,25,among persons
81,26,with disabilities
81,27,Persons with disabilities have in general poorer
81,28,health and higher risk of developing secondary health
81,29,conditions (11). Data from across 31 European countries
81,30,collected via the European Health Interview Survey in
81,31,"2019 show that, overall, compared with persons without"
81,32,"disability, persons with severe disability are more likely"
81,33,"to report having NCDs, including chronic respiratory"
81,34,"diseases (over eight times as likely), coronary heart"
81,35,disease or angina pectoris (12 times as likely); stroke (28
81,36,times as likely); diabetes (almost six times as likely); and
81,37,depression (over eight times as likely). The gap in the self-
81,38,reported morbidity between persons with and without
81,39,"disability varies greatly across the 31 European countries,"
81,40,but morbidity remains consistently higher among
81,41,persons with disabilities (Fig. 4.6) (18).
81,42,Figure 4.6 Inequality in self-reported NCDs and risk factors between persons with severe disability and persons
81,43,"with no disability across 31 European countries, 2019"
81,44,Category
81,45,indicator
81,46,Diﬀerence
81,47,Ratio
81,48,Subgroup
81,49,0
81,50,10
81,51,20
81,52,30
81,53,40
81,54,50
81,55,60
81,56,70
81,57,Estimate (%)
81,58,NCDs
81,59,Persons with chronic lower respiratory
81,60,diseases (excluding asthma) (%)
81,61,11.4
81,62,8.6
81,63,No disability
81,64,Severe disability
81,65,Persons with coronary heart disease or
81,66,angina pectoris (%)
81,67,12.5
81,68,12.4
81,69,No disability
81,70,Severe disability
81,71,Persons with stroke or chronic
81,72,consequences of stroke (%)
81,73,8.2
81,74,28.3
81,75,No disability
81,76,Severe disability
81,77,Persons with diabetes (%)
81,78,17.8
81,79,5.8
81,80,No disability
81,81,Severe disability
81,82,Persons with chronic depression (%)
81,83,22.8
81,84,8.6
81,85,No disability
81,86,Severe disability
81,87,NCD risk
81,88,factor
81,89,Persons with high blood pressure (%)
81,90,34.8
81,91,3.4
81,92,No disability
81,93,Severe disability
81,94,Persons who are obese (body mass index [BMI]
81,95,equal to or greater than 30) (%)
81,96,15.6
81,97,2.0
81,98,No disability
81,99,Severe disability
81,100,Performing health-enhancing aerobic
81,101,physical activity at least once a week (%)
81,102,–22.1
81,103,0.3
81,104,No disability
81,105,Severe disability
81,106,Daily consumption of 1-4 portions of fruit
81,107,and vegetables (%)
81,108,–1.8
81,109,1.0
81,110,No disability
81,111,Severe disability
81,112,Notes: circles indicate countries – each country is represented by multiple circles (one for each indicator and each subgroup). Vertical black lines indicate the median
81,113,value (middle point of estimates). “Difference” is the difference between the median estimate values for persons with severe disability and persons with no disability.
81,114,“Ratio” is the ratio between the median estimate values for persons with severe disability and persons with no disability. The indicators are based on self-reported
81,115,chronic conditions or risk factors in 12 months prior to the survey.
81,116,Source: Authors’ analysis of data from the European Health Interview Survey 2019 (18).
81,117,Key issues and trends in global health
81,118,73
82,1,4.2.3 Contributing factors to
82,2,health inequities among
82,3,persons with disabilities
82,4,There is a range of contributing factors within and
82,5,beyond the health system that drive premature mortality
82,6,and increased morbidity among persons with disabilities.
82,7,"In terms of health-system factors, lack of accessible and"
82,8,inclusive health service provision often leaves persons
82,9,with disabilities behind. A systematic review of 29
82,10,studies from eight high-income countries found that
82,11,women with disabilities are 22% less likely to have been
82,12,screened for breast cancer and 33% less likely to have
82,13,been screened for cervical cancer than their non-disabled
82,14,peers (19). Data from Multiple Indicator Cluster Surveys
82,15,in 28 countries show that children with disabilities are
82,16,generally at greater risk of missing out on vaccinations:
82,17,only 44% of children aged 24–35 months with more
82,18,"than one functional difficulty are fully vaccinated,"
82,19,compared with 58% of children at the same age without
82,20,disabilities (20).
82,21,Evidence from 37 countries shows that persons with
82,22,disabilities have lower access to health services than
82,23,those without disabilities (Fig. 4.7). Across these
82,24,"countries, the median estimate shows that persons with"
82,25,disabilities are more than four times as likely as persons
82,26,without disabilities to be unable to get health care when
82,27,they need it: 9% of persons with disabilities versus 2% of
82,28,persons without disabilities indicated that they needed
82,29,"but could not get health care. In eight countries, more"
82,30,than 20% of persons with disabilities were not able to
82,31,"get health care when they needed it (21, 22). In European"
82,32,"countries, costs of services, geographical location"
82,33,"and long waiting lists, which disproportionately affect"
82,34,"persons with disabilities, are major factors in the lower"
82,35,access to health services.
82,36,"Beyond health-system factors, persons with disabilities"
82,37,are also more likely to have risk factors for ill health.
82,38,"Data from 31 European countries show that, compared"
82,39,"with persons without disabilities, persons with severe"
82,40,disabilities are overall three times as likely to self-report
82,41,"having high blood pressure, twice as likely to be obese"
82,42,and a third as likely to do regular aerobic physical activity
82,43,"(Fig. 4.6) (18). Very often, the reason for the higher risk"
82,44,factor presence in persons with disabilities is the lack of
82,45,"accessible health promotion and prevention strategies,"
82,46,which do not allow this population to benefit equally (11).
82,47,Different social determinants also play an important
82,48,role as factors that drive health inequities among
82,49,persons with disabilities. Poverty is a solid example
82,50,to demonstrate this. Poor living conditions and social
82,51,exclusion add to the risk of poor health and unmet
82,52,health-care needs among persons with disabilities. Across
82,53,"36 European countries, 77.7% of persons with severe"
82,54,disabilities were at risk of poverty before social transfers
82,55,"(such as benefits, allowances and pensions), compared"
82,56,with 35.2% of persons with no disability. Yet even after
82,57,"social transfers, poverty risk is still double among persons"
82,58,"with disabilities (24.4%, compared with 13.4%) (Fig. 4.8)."
82,59,"In nine countries, there was little or no disability-related"
82,60,"inequity in poverty risk (≤ 5 percentage points difference),"
82,61,yet in the remaining countries the gap ranged up to 35.7
82,62,"percentage points (18, 21)."
82,63,"Figure 4.7 Percentage of persons who needed but could not get health care, by disability status, in 37"
82,64,"countries, 2015–2021"
82,65,Indicator
82,66,Diﬀerence
82,67,Ratio
82,68,Subgroup
82,69,0
82,70,5
82,71,10
82,72,15
82,73,20
82,74,25
82,75,30
82,76,35
82,77,40
82,78,Estimate (%)
82,79,Self-reported unmet needs for
82,80,health care (%)
82,81,7
82,82,4.5
82,83,No disability
82,84,Some or severe disability
82,85,Notes: circles indicate countries – each country is represented by multiple circles (one for each indicator and each subgroup). Vertical black lines indicate the median
82,86,value (middle point of estimates). “Difference” is the difference between the median estimate values for persons with disability and persons with no disability. “Ratio”
82,87,is the ratio between the median estimate values for persons with disability and persons with no disability.
82,88,"Source: Authors’ analysis of data from the European Union Statistics on Income and Living Conditions 2021 and WHO Model Disability Survey 2015–2021 (21, 22)."
82,89,"World health statistics 2024: monitoring health for the SDGs, Sustainable Development Goals"
82,90,74
83,1,Poverty affects the state of health of persons with
83,2,disabilities – through inability to afford health-related
83,3,"expenses, overcrowded and poor living conditions that"
83,4,"contribute to the spread of diseases, poor mental health,"
83,5,"and social exclusion, among other factors. According"
83,6,"to the analysis from 36 European countries, persons"
83,7,with severe disability are overall twice as likely to
83,8,report having unmet health-care needs due to financial
83,9,limitations than persons with no disability. They are also
83,10,almost twice as likely to be unable to meet unexpected
83,11,financial expenses (e.g. having surgery or repairing their
83,12,"house), more likely to be overburdened by housing costs"
83,13,and four times as likely to be living in conditions with
83,14,1 SDG indicator 5.2.1. See section 2.2.5 for global data.
83,15,severe material deprivation (Fig. 4.8). Gaps in formal
83,16,social support mechanisms may mean that persons with
83,17,disabilities are reliant on family members for support to
83,18,engage in health activities and support for their mental
83,19,health; yet the proportion of persons who felt they had
83,20,strong social support was overall 10 percentage points
83,21,"lower among persons with severe disabilities (18, 21)."
83,22,"Evidence also suggests that, compared with persons"
83,23,"without disabilities, persons with disabilities are at"
83,24,"greater risk of violence, including IPV,"
83,25,1 but significant
83,26,data gaps remain. Box 4.4 briefly discusses this issue.
83,27,Figure 4.8 Inequality in health determinants between persons with severe disability and persons with no
83,28,"disability across 36 European countries, 2018–2022"
83,29,Indicator
83,30,Diﬀerence
83,31,Ratio
83,32,Subgroup
83,33,0
83,34,10
83,35,20
83,36,30
83,37,40
83,38,50
83,39,60
83,40,70
83,41,80
83,42,90
83,43,Estimate (%)
83,44,People at risk of poverty before social transfers (%)
83,45,42.5
83,46,2.2
83,47,No disability
83,48,Severe disability
83,49,People at risk of poverty (%)
83,50,11.0
83,51,1.8
83,52,No disability
83,53,Severe disability
83,54,Self-reported unmet needs for health care for
83,55,financial reasons (%)
83,56,14.1
83,57,2.3
83,58,No disability
83,59,Severe disability
83,60,Inability to face unexpected financial expenses (%)
83,61,19.4
83,62,1.7
83,63,No disability
83,64,Severe disability
83,65,Housing cost overburden rate (%)
83,66,3.0
83,67,1.4
83,68,No disability
83,69,Severe disability
83,70,Severe material deprivation (%)
83,71,9.8
83,72,3.9
83,73,No disability
83,74,Severe disability
83,75,Overall perceived strong social support (%)
83,76,-10.0
83,77,0.7
83,78,No disability
83,79,Severe disability
83,80,Notes: circles indicate countries – each country is represented by multiple circles (one for each indicator and each subgroup). Vertical black lines indicate the median
83,81,value (middle point of estimates). “Difference” is the difference between the median estimate values for persons with severe disability and persons with no disability.
83,82,“Ratio” is the ratio between the median estimate values for persons with severe disability and persons with no disability.
83,83,Source: Authors’ analysis of data from the European Health Interview Survey 2019 and the European Union Statistics on Income and Living Conditions 2018–2022
83,84,"(18, 21)."
83,85,Key issues and trends in global health
83,86,75
84,1,Box 4.4 Intimate partner violence against women with disabilities
84,2,"A systematic review of 26 studies, mainly from high-income countries, concluded that the prevalence of all"
84,3,"forms of IPV (including physical, psychological/emotional, sexual and financial) was higher among women with"
84,4,disabilities than among women without disabilities (23) . Evidence is also emerging from low- and middle-income
84,5,"countries. For example, analysis of data from seven violence-prevention programmes in low- and middle-income"
84,6,countries indicated that women with disabilities were nearly twice as likely to report past-12-month IPV than
84,7,women without disabilities (24).
84,8,"Current estimates are likely significant underestimates, as women with disabilities tend to be underrepresented"
84,9,in surveys and may also experience disability-specific types of violence that are often unmeasured. For a better
84,10,"understanding of the risk factors for violence against women, and to enable the development of more specialized"
84,11,"prevention strategies and response plans, it is necessary to improve the inclusion of women with disabilities and"
84,12,the issue of disability within violence against women in population-based surveys and research. WHO recently
84,13,issued recommendations for good practice in measuring violence against women with disabilities (25) .
84,14,4.2.4 Towards disability-
84,15,inclusive and data-
84,16,informed health systems
84,17,The way forward to achieve inclusive health systems and
84,18,"leave no one behind includes a systems-level response,"
84,19,"through strengthening health systems, that integrates"
84,20,targeted actions to advance health equity for persons
84,21,with disabilities. It is essential that the actions that
84,22,governments take to advance disability inclusion in the
84,23,health sector are informed by valid and reliable data that
84,24,allow monitoring and tracking progress.
84,25,"As shown above, however, data on health inequities"
84,26,among persons with disabilities are scarce. Factors
84,27,contributing to the inequity are frequently not well
84,28,"captured, making it difficult sometimes to explore the"
84,29,drivers of the differences and whether these differences
84,30,are indeed due to unjust or unfair factors. The collection
84,31,of data on disability is often deprioritized in many
84,32,countries; consequently the evidence of health inequities
84,33,and their contributing factors is more limited than for
84,34,"other groups in marginalized situations. However, lack of"
84,35,evidence should not be interpreted as a lack of inequities.
84,36,There is a fundamental need to collect or disaggregate
84,37,population- and facility-based data based on disability
84,38,"status, across the different levels of country health"
84,39,"information systems. For example, at input level,"
84,40,administrative sources such as financial tracking
84,41,"systems, databases and records on human resources,"
84,42,infrastructure or policies can be used to understand how
84,43,"financing for disability works, or whether health facilities"
84,44,"are accessible. At output level, facility assessments or"
84,45,facility reporting systems can measure availability of
84,46,"services, service readiness or quality. At outcome and"
84,47,"impact level, disability-specific surveys or routine health"
84,48,and demographic surveys that allow disaggregation of
84,49,"data by disability, and integrating disability indicators"
84,50,in facility-level data collection can facilitate in-depth
84,51,understanding of the experiences of persons with
84,52,disabilities in terms of health-care needs and coverage.
84,53,Chile is among the countries that have implemented the
84,54,WHO Model Disability Survey to inform policy (Box 4.5).
84,55,Only through valid and reliable data on disability will
84,56,countries be able to develop evidenced-based policies to
84,57,"monitor the SDGs, to measure progress towards national"
84,58,targets such as UHC and to take stock of the challenges
84,59,that remain.
84,60,"World health statistics 2024: monitoring health for the SDGs, Sustainable Development Goals"
84,61,76
85,1,Box 4.5 The role of data in improving the lives of persons with disability in Chile
85,2,"The Model Disability Survey (MDS), developed by WHO and the World Bank in 2011, addresses the scarcity of"
85,3,data and often poor quality of information on persons with disabilities in many countries (22) . The survey takes a
85,4,"broader approach to disability, collecting data on functioning and environmental barriers and facilitators. WHO"
85,5,"has been supporting the successful implementation of the MDS in more than 15 countries to date, providing a"
85,6,"comprehensive assessment of the situation of persons with disabilities, and contributing to better public policy."
85,7,Under the leadership of the Ministry of Social Development and Family and the National Disability Service
85,8,"(SENADIS), with participation from the Ministry of Health, the WHO MDS was implemented in Chile for the first"
85,9,"time in 2015 (26). Preparation of the survey took more than a year, including consultation with persons with"
85,10,"disabilities, civil society groups, their families and supporters across all 15 regions of the country."
85,11,The survey found that one in six (16.7%) people aged 2 years and older in Chile had disabilities in 2015 (20.0%
85,12,of adults and 5.8% of children aged 2–17 years). An estimated 59% of adults with disability had a mental or
85,13,"behavioural disorder. It also identified barriers that persons with disability experienced, including in health and"
85,14,transport (27).
85,15,"The findings informed the development of key legislation, plans and actions to address the identified barriers."
85,16,"For example, Law 21.015 on labour inclusion was implemented, setting a labour quota of 1% for workers with"
85,17,disabilities that all companies with more than 100 workers must meet – with plans dedicated to gradually
85,18,"increase this percentage. Furthermore, the results of the study helped design protocols and methodologies to"
85,19,"improve the level of participation of persons with disabilities, such as the 2017 national census that incorporated"
85,20,"a protocol to interview persons with disabilities in their homes. In addition, the development of the National"
85,21,"Mental Health Action Plan, which was launched in 2017, and the National Disability Qualification and Certification"
85,22,Plan. More actions were taken towards improving access to health services among persons with disabilities. In
85,23,"addition, a decision was taken to include disability questions in the country’s National Health Survey to enable"
85,24,the government to better track progress and understand unmet service needs among persons with disabilities.
85,25,In line with the WHO recommendation to undertake the MDS every 5–10 years to track progress on the situations
85,26,"of persons with disabilities and dependency, Chile implemented the survey for a second time in 2022 (28) . The"
85,27,results of the new assessment will help the Government of Chile better understand the impact of disability-
85,28,"related policies and actions that the country has taken, and plan next steps towards addressing the needs of"
85,29,persons with disabilities and to monitor the implementation of the UN Convention on the Rights of Persons
85,30,with Disabilities.
85,31,4.3 Health of refugees
85,32,and migrants
85,33,The number of international migrants increased from
85,34,153 million (2.9% of the global population) in 1990
85,35,to 281 million (3.6% of the global population) in 2020
85,36,"(29). This number does not include internal migrants,"
85,37,which were estimated to be around 763 million in 2005
85,38,"(30). In addition, in mid-2023, an estimated 110 million"
85,39,"people were forcibly displaced, including those who are"
85,40,"internally displaced, refugees and asylum seekers (31)."
85,41,Migration could either improve or degrade an individual’s
85,42,health status. Refugees and migrants often face worse
85,43,health outcomes in countries of transit and destination
85,44,"due to barriers such as language and cultural differences,"
85,45,institutional discrimination and restricted use of
85,46,health services.
85,47,The first WHO World report on the health of refugees and
85,48,"migrants, released in 2022, offers an overview of the"
85,49,"health of refugees and international migrants, along"
85,50,with the associated determinants and public health
85,51,"challenges, while also revealing crucial gaps in global"
85,52,data and knowledge (32). Prioritizing the rights of
85,53,"refugees and migrants to timely, affordable and dignified"
85,54,health care is essential for achieving health equity.
85,55,Key issues and trends in global health
85,56,77
86,1,4.3.1 Key issues affecting
86,2,the health of refugees
86,3,and migrants
86,4,Some flows of global migration can be predicted by
86,5,factors such as economic growth and demographic
86,6,"changes. However, displacements due to emergencies"
86,7,"arising from disease outbreaks, conflicts, natural"
86,8,disasters and climate change pose significant challenges.
86,9,Health and social protection systems need to be prepared
86,10,for sudden upheaval of populations.
86,11,New and renewed emergencies are straining health
86,12,services in all WHO regions. In addition to deaths and
86,13,"injuries, the risks of infectious diseases and mental health"
86,14,conditions also increase; meanwhile health facilities
86,15,may be unable to cope as they are heavily affected by
86,16,"power and supply outages, or even targeted in conflicts."
86,17,The threat of malnutrition and starvation exists further
86,18,"down the line as a result of disrupted food supplies,"
86,19,exacerbating critical health needs of already vulnerable
86,20,populations (33).
86,21,Although a large proportion of refugees and migrants
86,22,"are in generally good health, their numbers also include"
86,23,"children, elderly people, persons with disabilities, and"
86,24,those whose health has been negatively impacted by
86,25,their travels or the circumstances in their home country.
86,26,"Some might start a family, get sick or get injured in their"
86,27,host country. These health needs transcend national
86,28,"boundaries, but many countries restrict health coverage"
86,29,"based on immigration status, limiting access to health"
86,30,"insurance and services, and the cost of non-emergency"
86,31,care may be an unaffordable out-of-pocket expense.
86,32,These factors leave millions in vulnerable situations
86,33,"globally, and they may encounter poorer health"
86,34,"outcomes, particularly in substandard living and working"
86,35,conditions (33).
86,36,"For instance, studies have found higher rates of anaemia"
86,37,in women and children among refugees and migrants
86,38,"compared with local populations, and there is an"
86,39,increased risk of both anaemia and malnutrition in some
86,40,camp-based settings (34–39). Migrant workers may face
86,41,"discrimination, exploitation, limited workplace rights"
86,42,"and social protection, as well as significant occupational"
86,43,"health problems, such as higher risk of occupational"
86,44,injuries documented particularly among male migrant
86,45,workers employed in high-risk industries (40–44). During
86,46,"the COVID-19 pandemic, migrant workers in some"
86,47,"countries, particularly those in low-skilled roles, faced"
86,48,heightened exposure risks due to overcrowded living
86,49,conditions (45–47). Those who were employed in essential
86,50,sectors such as health care and agriculture bore a
86,51,disproportionate burden of pandemic-related challenges
86,52,"(48–51). In addition, refugees and migrants may be"
86,53,particularly vulnerable to the effects of AMR during
86,54,"various phases of migration and displacement, due to"
86,55,"factors such as exposure to infections, limited access to"
86,56,diagnostics and therapeutics and inappropriate use of
86,57,antibiotics (52).
86,58,Figure 4.9 Distribution of access to government health services for refugees and migrants across 84
86,59,"countries, 2018–2021"
86,60,50
86,61,37
86,62,8
86,63,5
86,64,0
86,65,10
86,66,20
86,67,30
86,68,40
86,69,50
86,70,60
86,71,Access to all services
86,72,regardless of
86,73,migration status
86,74,Access to all services
86,75,dependent on
86,76,migration status
86,77,Access to
86,78,emergency health-
86,79,care services only
86,80,No access to any
86,81,health services
86,82,Proportion of countries (%)
86,83,"Source: WHO (32), based on unpublished data from the International Organization for Migration."
86,84,"World health statistics 2024: monitoring health for the SDGs, Sustainable Development Goals"
86,85,78
87,1,"Yet, data on health-care access policies from 84"
87,2,countries between 2018 and 2021 show that only half
87,3,of them provide refugees and migrants with access to
87,4,all government-funded health services under the same
87,5,"conditions as nationals, regardless of migratory status"
87,6,(see Fig. 4.9) (32).
87,7,Available evidence reveals mixed patterns of NCD burden
87,8,and risks among migrants and refugees compared with
87,9,"host populations. Taking cancer as an example, studies"
87,10,from three high-income countries in the Americas
87,11,"suggested better outcomes for migrants with cancer,"
87,12,whereas research from two high-income European
87,13,countries indicated that cancer was often diagnosed
87,14,at advanced stages among refugee and migrant
87,15,"populations, leading to poorer health outcomes than host"
87,16,populations (53–56). Studies from three African countries
87,17,underscored gaps in cervical cancer awareness among
87,18,"refugee and migrant women, stressing the importance"
87,19,of prevention and early detection interventions (57–59).
87,20,"These challenges are mirrored in other regions, with"
87,21,refugee and migrant women facing barriers to HPV
87,22,vaccination in settings where factors such as clinic
87,23,accessibility and physician recommendations play
87,24,"significant roles (60, 61). Box 4.6 presents an analysis on"
87,25,migration-related health inequalities based on data from
87,26,35 European countries.
87,27,Box 4.6 Migration-related health inequalities in European countries
87,28,"Based on data from 35 European countries collected between 2018 and 2022, migrants (based on country of"
87,29,"birth) tend to be more at risk of poverty, social exclusion and material deprivation – factors that increase risks of"
87,30,"ill health (Fig. 4.10). Overall, 18% of non-migrants were at risk of poverty or social exclusion, compared with 29%"
87,31,of migrants. Migrants were also 1.7 times as likely to have material and social deprivation (defined as not being
87,32,"able to afford certain goods, services and social activities), twice as likely to be overburdened by housing costs"
87,33,as a portion of their income and 2.6 times as likely to be living in overcrowded conditions. They were also less
87,34,"likely (0.8 times) to have social support. However, there was little difference overall between migrants and non-"
87,35,"migrants in terms of unmet needs for medical examination, though this varied across countries (18, 21) ."
87,36,Figure 4.10 Inequality in he alth determinants between migrant and non-migrant populations in 35
87,37,"European countries, 2018–2022"
87,38,Indicator
87,39,Diﬀerence
87,40,Ratio
87,41,Subgroup
87,42,0
87,43,5
87,44,10
87,45,15
87,46,20
87,47,25
87,48,30
87,49,35
87,50,40
87,51,45
87,52,50
87,53,55
87,54,60
87,55,65
87,56,70
87,57,75
87,58,Estimate (%)
87,59,People at risk of poverty or social exclusion (%)
87,60,10.7
87,61,1.6
87,62,Non-migrant
87,63,Migrant
87,64,Children at risk of poverty (%)
87,65,10.2
87,66,1.8
87,67,Non-migrant
87,68,Migrant
87,69,Self-reported unmet needs for medical examination
87,70,"because too expensive, too far to travel or"
87,71,waiting list (%)
87,72,0.5
87,73,1.3
87,74,Non-migrant
87,75,Migrant
87,76,Material and social deprivation rate (%)
87,77,6.2
87,78,1.7
87,79,Non-migrant
87,80,Migrant
87,81,Housing cost overburden rate (%)
87,82,7.0
87,83,2.0
87,84,Non-migrant
87,85,Migrant
87,86,Overcrowding rate (%)
87,87,13.1
87,88,2.6
87,89,Non-migrant
87,90,Migrant
87,91,Overall perceived strong social support (%)
87,92,-7.1
87,93,0.8
87,94,Non-migrant
87,95,Migrant
87,96,Notes: circles indicate countries – each country is represented by multiple circles (one for each indicator and each subgroup). Vertical black lines indicate the
87,97,median value (middle point of estimates). “Difference” is the difference between the median estimate values for people with severe disability and people with
87,98,no disability. “Ratio” is the ratio between the median estimate values for migrants and non-migrants.
87,99,Source: Authors’ analysis of data from the European Health Interview Survey 2019 and the European Union Statistics on Income and Living Conditions
87,100,"2018–2022 (18, 21)."
87,101,Key issues and trends in global health
87,102,79
88,1,Figure 4.11 Inequality in self-reported NCDs and select risk factors compared with national averages in
88,2,"25–34 European countries, 2018–2022"
88,3,0
88,4,10
88,5,20
88,6,30
88,7,40
88,8,50
88,9,National average (%)
88,10,-20
88,11,-10
88,12,0
88,13,10
88,14,20
88,15,Diﬀerence between migrants and non-migrants (percentage points)
88,16,No inequality
88,17,People having a long-standing illness or health problem (%)
88,18,0
88,19,10
88,20,20
88,21,30
88,22,40
88,23,National average (%)
88,24,-20
88,25,-10
88,26,0
88,27,10
88,28,20
88,29,Diﬀerence between migrants and non-migrants (percentage points)
88,30,No inequality
88,31,People with high blood pressure (%)
88,32,40
88,33,50
88,34,60
88,35,70
88,36,National average (%)
88,37,-20
88,38,-15
88,39,-10
88,40,-5
88,41,0
88,42,5
88,43,10
88,44,15
88,45,20
88,46,25
88,47,Diﬀerence between migrants and non-migrants (percentage points)
88,48,No inequality
88,49,People who are overweight (body mass index [BMI] equal to or greater than 25) (%)
88,50,0
88,51,10
88,52,20
88,53,30
88,54,National average (%)
88,55,-15
88,56,-10
88,57,-5
88,58,0
88,59,5
88,60,10
88,61,Diﬀerence between migrants and non-migrants (percentage points)
88,62,No inequality
88,63,Daily smoking of tobacco products (%)
88,64,Notes: circles indicate countries – each country is represented by multiple circles (one for each indicator). Orange lines indicate the median value (middle point of
88,65,"estimates). Positive difference values indicate a higher indicator estimate among migrants, while negative difference values indicator a higher indicator estimate among"
88,66,non-migrants. A difference of zero indicates no inequality. The indicators are based on self-reported chronic conditions or risk factors in the 12 months prior to the survey.
88,67,Source: Authors’ analysis of data from the European Health Interview Survey 2019 and the European Union Statistics on Income and Living Conditions 2018–2022
88,68,"(18, 21)."
88,69,Patterns of inequality in NCD burden and risk factors
88,70,between migrants and non-migrants varied greatly
88,71,"across European countries, reflecting the multifaceted"
88,72,"influence of genetic, social, environmental and other"
88,73,factors that contribute to NCD burden (Fig. 4.11).
88,74,"For example, the proportion of people reporting a"
88,75,long-standing illness or health problem is more than
88,76,10 percentage points higher among migrants compared
88,77,"with non-migrants in seven countries, but is more than"
88,78,10 percentage points higher among non-migrants in six
88,79,other countries. Reported high blood pressure prevalence
88,80,is more than 10 percentage points higher among
88,81,"migrant populations in three countries, but is more"
88,82,than 10 percentage points higher among non-migrant
88,83,"populations in seven other countries (18, 21)."
88,84,"Similarly, inequalities in the prevalence of NCD risk factors"
88,85,"varied across countries. For example, the prevalence of"
88,86,tobacco smoking was over 5 percentage points higher
88,87,"among migrants in four countries, but over 5 percentage"
88,88,points higher among non-migrants in six countries. In eight
88,89,"countries, reported overweight prevalence was at least"
88,90,"5 percentage points higher among migrant populations,"
88,91,while it was also at least 5 percentage points higher among
88,92,"non-migrant populations in eight countries (18, 21)."
88,93,"Therefore, inequalities in NCDs between migrants and"
88,94,"non-migrants vary significantly across European countries,"
88,95,"underscoring the imperative for tailored, country-specific"
88,96,"investigations into health inequalities and their drivers, to"
88,97,inform equity-oriented policies and programmes.
88,98,"World health statistics 2024: monitoring health for the SDGs, Sustainable Development Goals"
88,99,80
89,1,4.3.2 The need for quality
89,2,data on refugee and
89,3,migrant health
89,4,"There is a lack of timely, representative and"
89,5,systematically collected disaggregated data on refugee
89,6,and migrant health in national health information
89,7,systems. This makes it challenging to understand and
89,8,"address their health needs, develop inclusive public"
89,9,health approaches and track progress towards national
89,10,and global health goals. Data-driven approaches are vital
89,11,for fostering health equity and social inclusion. Box 4.7
89,12,shows how mixed-methods data generation provides
89,13,insights into the health status and needs of refugees from
89,14,Ukraine in Poland.
89,15,"Recognizing the urgency, the WHO Global Action Plan"
89,16,on promoting the health of refugees and migrants
89,17,"emphasizes the collection of high-quality, disaggregated"
89,18,data to monitor progress towards implementation of
89,19,the six priority areas (62). Since the Global Action Plan is
89,20,"founded on health issues for refugees and migrants, such"
89,21,data and the resulting monitoring will also contribute to
89,22,"the health-related SDGs for the population on the move,"
89,23,in particular refugees and migrants worldwide. SDG
89,24,target 17.18 specifically commits to enhancing capacity-
89,25,building support for countries to significantly increase
89,26,the availability of high-quality data disaggregated by
89,27,migratory status.
89,28,Box 4.7 Mixed-methods data-generation approach provides insights into health status
89,29,and needs of refugees from Ukraine in Poland
89,30,The outbreak of war in Ukraine in 2022 led to an immediate and unprecedented influx of millions of refugees
89,31,"fleeing from Ukraine to other countries in Europe and beyond, with Poland hosting up to 3.5 million refugees at"
89,32,"the height of the crisis. In response to the urgent need for evidence on the health status and needs of refugees,"
89,33,"Statistics Poland collaborated closely with WHO at country, regional and headquarters levels. A mixed-methods"
89,34,"approach was adopted in the border provinces of Poland, through a representative household survey and"
89,35,"behavioural insights research, initiated in 2022, and repeated in 2023."
89,36,"With the country’s population surging by over 4%, the Polish authorities prioritized understanding the health"
89,37,needs of the refugees. The results are illustrated in Fig. 4.12 (63) . Even though services were rapidly made
89,38,"available for them, the European Union directive that allowed such provision does not necessarily address"
89,39,"barriers to access, and hence barriers such as language and cultural differences and lack of information hindered"
89,40,"and continue to hinder health-care access. Mental health illness, though prevalent, was often underreported due"
89,41,to stigma and practical obstacles.
89,42,Key issues and trends in global health
89,43,81
90,1,"Figure 4.12 Health care needsa among Ukrainian refugees in Poland, 2022 and 2023"
90,2,0.4
90,3,1.2
90,4,1.2
90,5,5.2
90,6,18.2
90,7,38.7
90,8,43.9
90,9,0.6
90,10,0.7
90,11,2.0
90,12,5.0
90,13,7.0
90,14,20.2
90,15,26.2
90,16,58.4
90,17,0
90,18,10
90,19,20
90,20,30
90,21,40
90,22,50
90,23,60
90,24,70
90,25,0.9
90,26,0.3
90,27,Endocrinological problemsc
90,28,Alergological problemsc
90,29,Neurological problemsc
90,30,0.9
90,31,0.8
90,32,Ophthalmological problemsc
90,33,1.5
90,34,1.3
90,35,Sexual health
90,36,Orthopedic problemsc
90,37,Other
90,38,4.5
90,39,6.3
90,40,Mental health
90,41,Physical traumatic conditions
90,42,2.8
90,43,14.5
90,44,"Infectious diseases, COVID-19b"
90,45,Dental services
90,46,Chronic illness
90,47,Acute illness
90,48,2023
90,49,2022
90,50,Percentage of respondents (%)
90,51,a R efers to persons who needed health care in the 30 days prior to the interview. The respondent could give more than one answer.
90,52,"b In 2022, inf ectious diseases (HIV, TB, hepatitis) were a subcategory under “chronic diseases” , and “COVID-19” was a separate category. In 2023,"
90,53,"“infectious diseases” became a category encompassing (among others) influenza, COVID-19 and chronic infectious diseases (HIV, TB, hepatitis)."
90,54,c Most fr equent responses from “other” category.
90,55,Source: WHO and Statistics Poland (63).
90,56,"High cost of treatment, particularly for dental services, medication and accessing private health care with lower"
90,57,"waiting time, creates a significant barrier for refugees. Data showed that the percentage of refugees spending"
90,58,more than 25% of their income or savings on health care in 2023 was almost half that in 2022 (Fig. 4.13) (63). The
90,59,"majority of people interviewed utilized free medical care, though some used private services paid by cash or"
90,60,credit card.
90,61,"World health statistics 2024: monitoring health for the SDGs, Sustainable Development Goals"
90,62,82
91,1,"Figure 4.13 Share of income or savings spent on health-care costsa among Ukrainian refugees in Poland,"
91,2,2022 and 2023
91,3,58.0
91,4,39.1
91,5,29.2
91,6,23.9
91,7,12.9
91,8,25.0
91,9,12.0
91,10,0
91,11,20
91,12,40
91,13,60
91,14,80
91,15,100
91,16,2023
91,17,2022
91,18,Percentage (%)
91,19,Less than 10%
91,20,Between 10 and 25%
91,21,More than 25%
91,22,No answer
91,23,a R efers to persons who needed health care in the 30 days prior to the interview.
91,24,Source: WHO and Statistics Poland (63).
91,25,"Presented at the 54th Session of the Statistical Commission, this collaboration received recognition"
91,26,"for its innovative methodology, prompting a call for continued adoption of mixed-methods research in"
91,27,"humanitarian response efforts, ensuring alignment with existing definitions and statistical frameworks on"
91,28,"refugees and migrants, and ensuring coordination with the Expert Group on Refugee, Internally Displaced"
91,29,Persons and Statelessness Statistics and the United Nations Expert Group on Migration Statistics (64). Civil
91,30,"society organizations play a crucial role in providing support, particularly for specialized care and mental"
91,31,health services.
91,32,Key issues and trends in global health
91,33,83
92,1,References
92,2,1. Levels and trends in child malnutrition: UNICEF/WHO/World
92,3,Bank Group joint child malnutrition estimates: key findings
92,4,"of the 2023 edition. Geneva: World Health Organization,"
92,5,"United Nations Children’s Fund, International Bank for"
92,6,Reconstruction and Development/The World Bank; 2023
92,7,(https://iris.who.int/handle/10665/368038). Licence: CC BY-
92,8,NC-SA 3.0 IGO.
92,9,2. NCD Risk Factor Collaboration. Worldwide trends in
92,10,underweight and obesity from 1990 to 2022: a pooled
92,11,analysis of 3663 population-representative studies with
92,12,"222 million children, adolescents, and adults. Lancet."
92,13,2024;403(10431):1027-50 (https://doi.org/10.1016/S0140-
92,14,6736(23)02750-2).
92,15,3. WHO/UNICEF discussion paper: the extension of the 2025
92,16,"maternal, infant and young child nutrition targets to 2030."
92,17,"Geneva and New York: World Health Organization, United"
92,18,Nations Children’s Fund; 2017 (https://www.who.int/
92,19,docs/default-source/nutritionlibrary/global-targets-2025/
92,20,discussion-paper-extension-targets-2030.pdf).
92,21,"4. Huicho L, Vidal-Cárdenas E, Akseer N, Brar S, Conway K, Islam"
92,22,M et al. Drivers of stunting reduction in Peru: a country case
92,23,study. Am J Clin Nutr. 2020;112(Suppl 2):816S-29S (https://doi.
92,24,org/10.1093/ajcn/nqaa164).
92,25,5. Double-duty actions for nutrition: policy brief. Geneva: World
92,26,Health Organization; 2017 (WHO/NMH/NHD/17.2; https://iris.
92,27,who.int/handle/10665/255414). Licence: CC BY-NC-SA 3.0 IGO.
92,28,"6. Hawkes C, Ruel MT , Salm L, Sinclair B, Branca F. Double-"
92,29,duty actions: seizing programme and policy opportunities
92,30,to address malnutrition in all its forms. Lancet.
92,31,2020;395(10218):142-55 (https://doi.org/10.1016/S0140-
92,32,6736(19)32506-1).
92,33,7. World Health Organization. Double-duty actions to address
92,34,all forms of malnutrition: from evidence to programmes and
92,35,policy. Lancet. 2019;395(10218) (https://www.thelancet.com/
92,36,pb-assets/Lancet/stories/series/malnutrition-burden/DBM-
92,37,policy-briefing-1576256379383.pdf).
92,38,"8. Rogawski ET , Liu J, Platts-Mills JA, Kabir F, Lertsethtakarn"
92,39,"P , Siguas M et al. Use of quantitative molecular diagnostic"
92,40,methods to investigate the effect of enteropathogen
92,41,infections on linear growth in children in low-resource
92,42,settings: longitudinal analysis of results from the MAL-ED
92,43,cohort study. Lancet Glob Health. 2018;6(12):e1319-28
92,44,(https://doi.org/10.1016/S2214-109X(18)30351-6).
92,45,"9. Gong Y, Hounsa A, Egal S, Turner PC, Sutcliffe AE, Hall AJ et"
92,46,al. Postweaning exposure to aflatoxin results in impaired
92,47,"child growth: a longitudinal study in Benin, West Africa."
92,48,Environ Health Perspect. 2004;112(13):1334-8 (https://doi.
92,49,org/10.1289/ehp.6954).
92,50,"10. International classification of functioning, disability and"
92,51,health: ICF. Geneva: World Health Organization; 2001 (https://
92,52,iris.who.int/handle/10665/42407).
92,53,11. Global report on health equity for persons with disabilities.
92,54,Geneva: World Health Organization; 2022 (https://iris.who.int/
92,55,handle/10665/364834). Licence: CC BY-NC-SA 3.0 IGO.
92,56,"12. Smythe T , Kuper H. The association between disability"
92,57,and all-cause mortality in low-income and middle-income
92,58,countries: a systematic review and meta-analysis. Lancet Glob
92,59,Health. 2024;12(5):e756-70 (https://doi.org/10.1016/S2214-
92,60,109X(24)00042-1).
92,61,"13. Wahlbeck K, Westman J, Nordentoft M, Gissler M,"
92,62,Laursen TM. Outcomes of Nordic mental health systems:
92,63,life expectancy of patients with mental disorders. Br J
92,64,Psychiatry. 2011;199(6):453-8 (https://doi.org/10.1192/bjp.
92,65,bp.110.085100).
92,66,"14. Heslop P , Blair PS, Fleming P , Hoghton M, Marriott A, Russ L."
92,67,The confidential inquiry into premature deaths of people with
92,68,intellectual disabilities in the UK: a population-based study.
92,69,Lancet. 2014;383(9920):889-95 (https://doi.org/10.1016/
92,70,S0140-6736(13)62026-7).
92,71,"15. Hirvikoski T , Boman M, Tideman M, Lichtenstein P ,"
92,72,Butwicka A. Association of intellectual disability with
92,73,all-cause and cause-specific mortality in Sweden. JAMA
92,74,Netw Open. 2021;4(6):e2113014 (https://doi.org/10.1001/
92,75,jamanetworkopen.2021.13014).
92,76,"16. Arvio M, Salokivi T , Tiitinen A, Haataja L. Mortality in"
92,77,individuals with intellectual disabilities in Finland. Brain
92,78,Behav. 2016;6(2):e00431 (https://doi.org/10.1002/brb3.431).
92,79,"17. Kuper H, Smythe T . Are people with disabilities at higher"
92,80,risk of COVID-19-related mortality?: a systematic review and
92,81,meta-analysis. Public Health. 2023;222:115-24 (https://doi.
92,82,org/10.1016/j.puhe.2023.06.032).
92,83,18. European health interview survey: Luxembourg [website].
92,84,Eurostat; n.d. (https://ec.europa.eu/eurostat/web/microdata/
92,85,european-health-interview-survey
92,86,", accessed 14 July 2023)."
92,87,"19. Andiwijaya FR, Davey C, Bessame K, Ndong A, Kuper H."
92,88,Disability and participation in breast and cervical cancer
92,89,screening: a systematic review and meta-analysis. Int J
92,90,Environ Res Public Health. 2022;19(15):9465 (https://doi.
92,91,org/10.3390/ijerph19159465).
92,92,"20. Seen, counted, included: using data to shed light on the well-"
92,93,being of children with disabilities. New York: United Nations
92,94,Children’s Fund; 2021 (https://data.unicef.org/resources/
92,95,children-with-disabilities-report-2021/).
92,96,21. EU statistics on income and living conditions: Luxembourg
92,97,[website]. Eurostat; n.d. (https://ec.europa.eu/eurostat/web/
92,98,microdata/european-union-statistics-on-income-and-living-
92,99,conditions
92,100,", accessed 14 July 2023)."
92,101,22. Model disability survey [website]. Geneva: World Health
92,102,Organization; n.d. (https://www.who.int/activities/collection-
92,103,of-data-on-disability
92,104,", accessed 22 April 2024)."
92,105,"23. García-Cuéllar MM, Pastor-Moreno G, Ruiz-Pérez I, Henares-"
92,106,Montiel J. The prevalence of intimate partner violence against
92,107,women with disabilities: a systematic review of the literature.
92,108,Disabil Rehabil. 2023;45(1):1-8 (https://doi.org/10.1080/09638
92,109,288.2022.2025927).
92,110,"24. Chirwa E, Jewkes R, Van Der Heijden I, Dunkle K. Intimate"
92,111,partner violence among women with and without
92,112,disabilities: a pooled analysis of baseline data from
92,113,seven violence-prevention programmes. BMJ Glob
92,114,Health. 2020;5(11):e002156 (https://doi.org/10.1136/
92,115,bmjgh-2019-002156).
92,116,25. Measuring violence against women with disability: data
92,117,"availability, methodological issues and recommendations"
92,118,for good practice. Geneva: World Health Organization; 2024
92,119,(https://iris.who.int/handle/10665/376254). Licence: CC BY-
92,120,NC-SA 3.0 IGO.
92,121,"World health statistics 2024: monitoring health for the SDGs, Sustainable Development Goals"
92,122,84
93,1,26. Il Estudio Nacional de la Discapacidad 2015 [website].
93,2,Gobierno de Chile: Ministerio de Desarrollo Social; n.d.
93,3,(https://www.senadis.gob.cl/pag/355/1197/ii_estudio_
93,4,nacional_de_discapacidad
93,5,", accessed 22 April 2024)."
93,6,27. Libro Resultados II Estudio Nacional de la Discapacidad 2015.
93,7,Santiago: Servicio Nacional de la Discapacidad; 2016 (https://
93,8,www.senadis.gob.cl/pag/306/1570/publicaciones).
93,9,28. Encuesta de Discapacidad y Dependencia 2022 (ENDIDE)
93,10,[website]. Gobierno de Chile: Ministerio de Desarrollo Social y
93,11,Familia; n.d. (https://observatorio.ministeriodesarrollosocial.
93,12,gob.cl/endide-2022
93,13,", accessed 22 April 2024)."
93,14,29. International migrant stock 2020 [online database]. New
93,15,York: United Nations Population Division; 2020 (https://www.
93,16,un.org/development/desa/pd/content/international-migrant-
93,17,stock).
93,18,30. Cross-national comparisons of internal migration: an update
93,19,on global patterns and trends. Technical Paper No. 2013/1.
93,20,New York: United Nations Department of Economic and Social
93,21,"Affairs, Population Division; 2013 (https://www.un.org/en/"
93,22,development/desa/population/publications/pdf/technical/
93,23,TP2013-1.pdf).
93,24,31. Refugee data finder [online database]. Geneva: United
93,25,Nations High Commissioner for Refugees; n.d. (https://www.
93,26,unhcr.org/refugee-statistics/
93,27,", accessed 22 April 2024)."
93,28,32. World report on the health of refugees and migrants. Geneva:
93,29,World Health Organization; 2022 (https://iris.who.int/
93,30,handle/10665/360404). Licence: CC BY-NC-SA 3.0 IGO.
93,31,33. World report on the health of refugees and migrants:
93,32,summary. Geneva: World Health Organization; 2022 (https://
93,33,iris.who.int/handle/10665/360405). Licence: CC BY-NC-SA 3.0
93,34,IGO.
93,35,"34. Elmardi KA, Adam I, Malik EM, Abdelrahim TA, Elhag MS,"
93,36,Ibrahim AA et al. Prevalence and determinants of anaemia
93,37,in women of reproductive age in Sudan: analysis of a
93,38,cross-sectional household survey. BMC Public Health.
93,39,2020;20(1):1125 (https://doi.org/10.1186/s12889-020-
93,40,09252-w).
93,41,"35. Jemal Y, Haidar J, Kogi Makau W. The magnitude and"
93,42,determinants of anaemia among refugee preschool children
93,43,"from the Kebribeyah refugee camp, Somali region, Ethiopia. S"
93,44,Afr J Clin Nutr. 2017;30(1):1-6 (https://doi.org/10.1080/160706
93,45,58.2017.1237446).
93,46,"36. AbuKishk N, Turki Y, Saleg S, Albaik S, Hababeh M,"
93,47,el-Khatib Z et al. Anaemia prevalence in children newly
93,48,registered at UNRWA schools: a cross-sectional study.
93,49,BMJ Open. 2020;10(9):e034705 (https://doi.org/10.1136/
93,50,bmjopen-2019-034705).
93,51,"37. Asmar MK, Zablit CG, Daou R, Yéretzian JS, Daoud H, Rady"
93,52,A et al. Prevalence of anemia and associated factors in
93,53,women of childbearing age in rural Lebanon. J Public Health.
93,54,2018;26(1):39-49 (https://doi.org/10.1007/s10389-017-0853-9).
93,55,"38. Jablonka A, Wetzke M, Sogkas G, Dopfer C, Schmidt RE,"
93,56,Behrens GMN et al. Prevalence and types of anemia in a large
93,57,refugee cohort in Western Europe in 2015. J Immigr Minor
93,58,Health. 2018;20(6):1332-8 (https://doi.org/10.1007/s10903-
93,59,018-0725-6).
93,60,"39. Orbatu D, Alaygut D, Önder Siviş Z, Pakdemirli A, Malbora B."
93,61,Evaluation of nutritional anemia in Middle Eastern immigrant
93,62,and refugee children. Turk J Pediatr Dis. 2020;14(3):244-8
93,63,(https://doi.org/10.12956/tchd.718636).
93,64,40. ILO global estimates on international migrant workers: results
93,65,"and methodology, third edition. Geneva: International Labour"
93,66,Organization; 2021 (https://www.ilo.org/global/topics/labour-
93,67,migration/publications/WCMS_808935/lang--en/index.htm).
93,68,"41. Adhikary P , Keen S, van Teijlingen E. Workplace accidents"
93,69,among Nepali male workers in the Middle East and Malaysia:
93,70,a qualitative study. J Immigr Minor Health. 2019;21(5):1115-22
93,71,(https://doi.org/10.1007/s10903-018-0801-y).
93,72,"42. Öztaş D, Kurt B, Koç A, Akbaba M. Living conditions, access"
93,73,"to healthcare services, and occupational health and safety"
93,74,conditions of migrant seasonal agricultural workers in the
93,75,Çukurova region. J Agromedicine. 2018;23(3):262-9 (https://
93,76,doi.org/10.1080/1059924X.2018.1470048).
93,77,43. Bailey R. Health care management in Australia’s and New
93,78,Zealand’s seasonal worker schemes. Canberra: Australian
93,79,National University; 2020 (Working Paper 2020/2; https://apo.
93,80,org.au/node/302960).
93,81,"44. Simon J, Kiss N, Łaszewska A, Mayer S. Public health aspects"
93,82,of migrant health: a review of the evidence on health status
93,83,for labour migrants in the European Region. Copenhagen:
93,84,World Health Organization Regional Office for Europe; 2015
93,85,(Health Evidence Network synthesis report; 43; https://iris.
93,86,who.int/handle/10665/326345).
93,87,45. Measures to contain the COVID-19 outbreak in migrant worker
93,88,"dormitories [news release]. Ministry of Health, Singapore;"
93,89,2020 (https://www.moh.gov.sg/news-highlights/details/
93,90,measures-to-contain-the-covid-19-outbreak-in-migrant-
93,91,worker-dormitories).
93,92,"46. Tan IB, Tan C, Hsu LY, Dan YY, Aw A, Cook AR et al. Prevalence"
93,93,and outcomes of SARS-CoV-2 infection among migrant
93,94,workers in Singapore. JAMA. 2021;325(6):584-5
93,95,(https://doi.org/10.1001/jama.2020.24071).
93,96,"47. Alkhamis MA, Al Youha S, Khajah MM, Ben Haider N, Alhardan"
93,97,"S, Nabeel A et al. Spatiotemporal dynamics of the COVID-19"
93,98,pandemic in the State of Kuwait. Int J Infect Dis. 2020;98:153-
93,99,60 (https://doi.org/10.1016/j.ijid.2020.06.078).
93,100,48. The plight of essential workers during the COVID-19
93,101,pandemic. Editorial. Lancet. 2020;395(10237):1587
93,102,(https://doi.org/10.1016/S0140-6736(20)31200-9).
93,103,"49. Chersich MF, Gray G, Fairlie L, Eichbaum Q, Mayhew S, Allwood"
93,104,B et al. COVID-19 in Africa: care and protection for frontline
93,105,healthcare workers. Global Health. 2020;16:46
93,106,(https://doi.org/10.1186/s12992-020-00574-3).
93,107,"50. Kerwin D, Warren R. US foreign-born workers in"
93,108,the global pandemic: essential and marginalized.
93,109,J Migr Hum Secur. 2020;8(3):282-300 (https://doi.
93,110,org/10.1177/2331502420952752).
93,111,"51. Reid A, Ronda-Perez E, Schenker MB. Migrant workers,"
93,112,"essential work, and COVID-19. Am J Ind Med. 2020;64(2):73-7"
93,113,(https://doi.org/doi:10.1002/ajim.23209).
93,114,52. Capturing the evidence on access to essential antibiotics
93,115,in refugee and migrant populations. Geneva: World
93,116,Health Organization; 2022 (Global evidence review on
93,117,health and migration [GEHM] 4; https://iris.who.int/
93,118,handle/10665/362815). Licence: CC BY-NC-SA 3.0 IGO.
93,119,"53. Campari C, Fedato C, Iossa A, Petrelli A, Zorzi M, Anghinoni E"
93,120,et al. Cervical cancer screening in immigrant women in Italy:
93,121,"a survey on participation, cytology and histology results."
93,122,Eur J Cancer Prev. 2016;25(4):321-8 (https://doi.org/10.1097/
93,123,CEJ.0000000000000173).
93,124,"54. Cheung MC, Earle CC, Fischer HD, Camacho X, Liu N, Saskin"
93,125,R et al. Impact of immigration status on cancer outcomes in
93,126,"Ontario, Canada. J Oncol Pract. 2017;13(7):e602-12 (https://"
93,127,doi.org/10.1200/JOP .2016.019497).
93,128,"55. Oyarte M, Delgado I, Pedrero V, Agar L, Cabieses B."
93,129,Hospitalizations for cancer in international migrants versus
93,130,local population in Chile. Rev Saude Publica. 2018;52:36
93,131,(https://doi.org/10.11606/S1518-8787.2018052000222).
93,132,"56. Thøgersen H, Møller B, Åsli LM, Bhargava S, Kvåle R,"
93,133,Fjellbirkeland L et al. Waiting times and treatment following
93,134,cancer diagnosis: comparison between immigrants and the
93,135,Norwegian host population. Acta Oncol. 2020;59(4):376-83
93,136,(https://doi.org/10.1080/0284186X.2019.1711167).
93,137,Key issues and trends in global health
93,138,85
94,1,"57. Adoch W, Garimoi CO, Scott SE, Okeny GG, Moodley J,"
94,2,Komakech H et al. Knowledge of cervical cancer risk factors
94,3,and symptoms among women in a refugee settlement: a
94,4,cross-sectional study in northern Uganda. Confl Health.
94,5,2020;14:85 (https://doi.org/10.1186/s13031-020-00328-3).
94,6,"58. Hailemariam G, Gebreyesus H, Wubayehu T , Gebregyorgis"
94,7,"T , Gebrecherkos K, Teweldemedhin M et al. Magnitude and"
94,8,associated factors of VIA positive test results for cervical
94,9,cancer screening among refugee women aged 25–49 years
94,10,in North Ethiopia. BMC Cancer. 2020;20:858 (https://doi.
94,11,org/10.1186/s12885-020-07344-9).
94,12,"59. Lieber M, Afzal O, Shaia K, Mandelberger A, Du Preez C,"
94,13,Beddoe AM. Cervical cancer screening in HIV-positive farmers
94,14,in South Africa: mixed-method assessment. Ann Glob Health.
94,15,2019;85(1):58 (https://doi.org/10.5334/aogh.37).
94,16,"60. Allen EM, Lee HY, Pratt R, Vang H, Desai JR, Dube A et"
94,17,al. Facilitators and barriers of cervical cancer screening
94,18,and Human papillomavirus vaccination among Somali
94,19,refugee women in the United States: a qualitative
94,20,analysis. J Transcult Nurs. 2019;30(1):55-63 (https://doi.
94,21,org/10.1177/1043659618796909).
94,22,"61. Vamos CA, Kline N, Vázquez-Otero C, Lockhart EA, Lake PW,"
94,23,Wells KJ et al. Stakeholders’ perspectives on system-level
94,24,barriers to and facilitators of HPV vaccination among Hispanic
94,25,migrant farmworkers. Ethn Health. 2022;27(6):1442-64
94,26,(https://doi.org/10.1080/13557858.2021.1887820).
94,27,62. Promoting the health of refugees and migrants. Geneva:
94,28,World Health Organization; 2019 (WHA72(14); https://iris.who.
94,29,int/handle/10665/328432).
94,30,63. Health of refugees from Ukraine: a comparative analysis
94,31,of 2022–2023 surveys and data innovations. Geneva and
94,32,Warsaw: World Health Organization and Statistics Poland; (in
94,33,press).
94,34,"64. Statistical Commission, fifty-fifth session, 13 December 2023."
94,35,Report of the World Health Organization on health statistics:
94,36,strengthening statistical systems to track the health-related
94,37,Sustainable Development Goals. New York: United Nations
94,38,Economic and Social Council; 2023 (E/CN.3/2024/26;
94,39,https://unstats.un.org/UNSDWebsite/statcom/session_55/
94,40,documents/2024-26-HealthStats-E.pdf).
94,41,"World health statistics 2024: monitoring health for the SDGs, Sustainable Development Goals"
94,42,86
96,1,World Health Organization
96,2,Avenue Appia 20
96,3,1211 Geneva
96,4,Switzerland
96,5,http://www.who.int
