page,line,text
2,1,ThelCD-10
2,2,Classification
2,3,of Mental and
2,4,Behavioural
2,5,Disorders
2,6,Clinical
2,7,descriptions
2,8,and diagnostic
2,9,guidelines
2,10,| World Health Organization
2,11,I Geneva
2,12,I 1992
2,13,ICD-10
3,1,"Reprinted 1993, 1994, 1995, 1998, 2000, 2002, 2004"
3,2,WHO Library Cataloguing in Publication Data
3,3,The ICD-10 classification of mental and behavioural
3,4,disorders : clinical descriptions and diagnostic guidelines.
3,5,1.Mental disorders — classification 2.Mental disorders — diagnosis
3,6,ISBN 92 4 154422 8 (NLM Classification: WM 15)
3,7,© World Health Organization 1992
3,8,All rights reserved. Publications of the World Health Organization can be obtained from
3,9,"Marketing and Dissemination, World Health Organization, 20 Avenue Appia, 1211 Geneva 27,"
3,10,Switzerland (tel: +41 22 791 2476; fax: +41 22 791 4857; email: bookorders@who.int). Requests
3,11,for permission to reproduce or translate WHO publications — whether for sale or for
3,12,"noncommercial distribution — should be addressed to Publications, at the above address"
3,13,(fax: +41 22 791 4806; email: permissions@who.int).
3,14,The designations employed and the presentation of the material in this publication do not imply
3,15,the expression of any opinion whatsoever on the part of the World Health Organization
3,16,"concerning the legal status of any country, territory, city or area or of its authorities, or"
3,17,concerning the delimitation of its frontiers or boundaries. Dotted lines on maps represent
3,18,approximate border lines for which there may not yet be full agreement.
3,19,The mention of specific companies or of certain manufacturers' products does not imply that
3,20,they are endorsed or recommended by the World Health Organization in preference to others of
3,21,"a similar nature that are not mentioned. Errors and omissions excepted, the names of proprietary"
3,22,products are distinguished by initial capital letters.
3,23,The World Health Organization does not warrant that the information contained in this
3,24,publication is complete and correct and shall not be liable for any damages incurred as a result
3,25,of its use.
3,26,Printed in Switzerland
3,27,9057/9522/9928/10297/11833/12786/14450
3,28,— 33000
3,29,2003/15477 — Strategic — 2000
4,1,Contents
4,2,Preface v
4,3,Acknowledgements ix
4,4,Introduction 1
4,5,Notes on selected categories in the classification
4,6,of mental and behavioural disorders in ICD-10 8
4,7,List of categories 22
4,8,Clinical descriptions and diagnostic guidelines 41
4,9,Annex. Other conditions from ICD-10 often
4,10,associated with mental and behavioural disorders 292
4,11,List of principal investigators 312
4,12,Index 326
4,13,in
6,1,Preface
6,2,"In the early 1960s, the Mental Health Programme of the World Health Organiza-"
6,3,tion (WHO) became actively engaged in a programme aiming to improve the
6,4,"diagnosis and classification of mental disorders. At that time, WHO convened"
6,5,"a series of meetings to review knowledge, actively involving representatives"
6,6,"of different disciplines, various schools of thought in psychiatry, and all parts"
6,7,of
6,8,the world in the programme. It stimulated and conducted research on criteria
6,9,"for classification and for reliability of diagnosis, and produced and promulgated"
6,10,procedures for joint rating of videotaped interviews and other useful research
6,11,methods. Numerous proposals to improve the classification of mental disorders
6,12,"resulted from the extensive consultation process, and these were used in"
6,13,draf-
6,14,ting the Eighth Revision of the International Classification of Diseases (ICD-8).
6,15,A glossary defining each category of mental disorder in ICD-8 was also
6,16,developed. The programme activities also resulted in the establishment of a
6,17,network of individuals and centres who continued to work on issues related
6,18,"to the improvement of psychiatric classification (7, 2)."
6,19,The 1970s saw further growth of interest in improving psychiatric classifica-
6,20,"tion worldwide. Expansion of international contacts, the undertaking of several"
6,21,"international collaborative studies, and the availability of new treatments all"
6,22,contributed to this trend. Several national psychiatric bodies encouraged the
6,23,development of specific criteria for classification in order to improve diagnostic
6,24,"reliability. In particular, the American Psychiatric Association developed and"
6,25,"promulgated its Third Revision of the Diagnostic and Statistical Manual, which"
6,26,incorporated operational criteria into its classification system.
6,27,"In 1978, WHO entered into a long-term collaborative project with the Alcohol,"
6,28,"Drug Abuse and Mental Health Administration (ADAMHA) in the USA, aim-"
6,29,ing to facilitate further improvements in the classification and diagnosis of
6,30,"mental disorders, and alcohol- and drug-related problems (5). A series of"
6,31,workshops brought together scientists from a number of different psychiatric
6,32,"traditions and cultures, reviewed knowledge in specified areas, and developed"
6,33,recommendations for future research. A major international conference on
6,34,"classification and diagnosis was held in Copenhagen, Denmark, in 1982 to"
6,35,review the recommendations that emerged from these workshops and to outline
6,36,a research agenda and guidelines for future work (4).
6,37,v
7,1,MENTAL AND BEHAVIOURAL DISORDERS
7,2,Several major research efforts were undertaken to implement the recommen-
7,3,"dations of the Copenhagen conference. One of them, involving centres"
7,4,"in 17 countries, had as its aim the development of the Composite Inter-"
7,5,"national Diagnostic Interview, an instrument suitable for conducting"
7,6,epidemiological studies of mental disorders in general population groups
7,7,in different countries (5). Another major project focused on developing an
7,8,assessment instrument suitable for use by clinicians (Schedules for Clinical
7,9,Assessment in Neuropsychiatry) (6). Still another study was initiated to
7,10,develop an instrument for the assessment of personality disorders in different
7,11,countries (the International Personality Disorder Examination) (7).
7,12,"In addition, several lexicons have been, or are being, prepared to provide clear"
7,13,definitions of terms (8). A mutually beneficial relationship evolved between
7,14,these projects and the work on definitions of mental and behavioural disorders
7,15,in the Tenth Revision of
7,16,the International Classification of Diseases and Related
7,17,Health Problems (ICD-10) (9). Converting diagnostic criteria into diagnostic
7,18,algorithms incorporated in the assessment instruments was useful in uncover-
7,19,"ing inconsistencies, ambiguities and overlap and allowing their removal. The"
7,20,work on refining the ICD-10 also helped to shape the assessment instruments.
7,21,The final result was a clear set of criteria for ICD-10 and assessment instruments
7,22,which can produce data necessary for the classification of disorders according
7,23,to the criteria included in Chapter V(F) of ICD-10.
7,24,The Copenhagen conference also recommended that the viewpoints of the dif-
7,25,ferent psychiatric traditions be presented in publications describing the origins
7,26,"of the classification in the ICD-10. This resulted in several major publications,"
7,27,including a volume that contains a series of presentations highlighting the origins
7,28,of classification in contemporary psychiatry (10).
7,29,"The preparation and publication of this work, Clinical descriptions and"
7,30,"diagnostic guidelines, are the culmination of the efforts of numerous people"
7,31,who have contributed to it over many years. The work has gone through several
7,32,"major drafts, each prepared after extensive consultation with panels of ex-"
7,33,"perts, national and international psychiatric societies, and individual consultants."
7,34,The draft in use in 1987 was the basis of field trials conducted in some 40
7,35,"countries, which constituted the largest ever research effort of its type designed"
7,36,"to improve psychiatric diagnosis (11, 12). The results of the trials were used"
7,37,in finalizing these guidelines.
7,38,This work is the first of a series of publications developed from Chapter V(F)
7,39,"of ICD-10. Other texts will include diagnostic criteria for researchers, a ver-"
7,40,"sion for use by general health care workers, a multiaxial presentation, and"
7,41,vi
8,1,PREFACE
8,2,"'""crosswalks"" — allowing cross-reference between corresponding terms in"
8,3,"ICD-10, ICD-9 and ICD-8."
8,4,"Use of this publication is described in the Introduction, and a subsequent sec-"
8,5,tion of the book provides notes on some of the frequently discussed difficulties
8,6,of classification. The Acknowledgements section is of particular significance
8,7,"since it bears witness to the vast number of individual experts and institutions,"
8,8,"all over the world, who actively participated in the production of"
8,9,the classifica-
8,10,tion and the guidelines. All the major traditions and schools of psychiatry
8,11,"are represented, which gives this work its uniquely international character."
8,12,The classification and the guidelines were produced and tested in many
8,13,languages; it is hoped that the arduous process of ensuring equivalence of
8,14,"translations has resulted in improvements in the clarity, simplicity and logical"
8,15,structure of the texts in English and in other languages.
8,16,A classification is a way of seeing the world at a point in time. There is no
8,17,doubt that scientific progress and experience with the use of these guidelines
8,18,will ultimately require their revision and updating. I hope that such revisions
8,19,will be the product of the same cordial and productive worldwide scientific
8,20,collaboration as that which has produced the current text.
8,21,Norman Sartorius
8,22,"Director, Division of Mental Health"
8,23,World Health Organization
8,24,References
8,25,"1. Kramer, M. et al. The ICD-9 classification of mental disorders: a review"
8,26,"of its developments and contents. Acta psychiatrica scandinavica, 59:"
8,27,241-262 (1979).
8,28,"2. Sartorius, N. Classification: an international perspective. Psychiatric"
8,29,"annals, 6: 22-35 (1976)."
8,30,"3. Jablensky, A. et al. Diagnosis and classification of mental disorders and"
8,31,alcohol- and drug-related problems: a research agenda for the 1980s.
8,32,"Psychological medicine, 13: 907-921 (1983)."
8,33,"4. Mental disorders, alcohol-and drug-related problems: international perspec-"
8,34,"tives on their diagnosis and classification. Amsterdam, Excerpta Medica,"
8,35,"1985 (International Congress Series, No. 669)."
8,36,vii
9,1,MENTAL AND BEHAVIOURAL DISORDERS
9,2,"5. Robins, L. et al. The composite international diagnostic interview."
9,3,"Archives of general psychiatry, 45: 1069-1077 (1989)."
9,4,"6. Wing, J.K. et al. SCAN: schedules for clinical assessment in neuro-"
9,5,"psychiatry. Archives of general psychiatry, 47: 589-593 (1990)."
9,6,"7. Loranger, A.W. et al. The WHO/ADAMHA international pilot study"
9,7,of personality disorders: background and purpose. Journal of personality
9,8,"disorders, 5(3): 296-306 (1991)."
9,9,"8. Lexicon of psychiatric and mental health terms. Vol. 1. Geneva, World"
9,10,"Health Organization, 1989."
9,11,9. International Statistical Classification of Diseases and Related Health
9,12,"Problems. Tenth Revision. Vol. 1: Tabular list, 1992. Vol. 2: Instruction"
9,13,"Manual 1993. Vol. 3: Index, 1994. Geneva, World Health Organization."
9,14,"10. Sartorius, N. et al. (ed.) Sources and traditions in classification in psychiatry."
9,15,"Toronto, Hogrefe and Huber, 1990."
9,16,"11. Sartorius, N. et al. (ed.) Psychiatric classification in an international"
9,17,"perspective. British journal of psychiatry, 152 (Suppl. 1) (1988)."
9,18,"12. Sartorius, N. et al. Progress towards achieving a common language in"
9,19,psychiatry: results from the field trials of the clinical guidelines ac-
9,20,companying the WHO Classification of Mental and Behavioural Disorders
9,21,"in ICD-10. Archives of general psychiatry, 1993, 50: 115-124."
9,22,vin
10,1,Acknowledgements
10,2,Many individuals and organizations have contributed to the production of
10,3,the classification of mental and behavioural disorders in ICD-10 and to the
10,4,development of the texts that accompany it. The field trials of the ICD-10
10,5,"proposals, for example, involved researchers and clinicians in some 40"
10,6,countries; it is clearly impossible to present a complete list of all those who
10,7,participated in this effort. What follows is a mention of individuals and
10,8,agencies whose contributions were central to the creation of the documents
10,9,composing the ICD-10 family of classifications and guidelines.
10,10,The individuals who produced the initial drafts of the classification and
10,11,guidelines are included in the list of principal investigators on pages
10,12,312 - 325:
10,13,"their names are marked by an asterisk. Dr A. Jablensky, then Senior Medical"
10,14,"Officer in the Division of Mental Health of WHO, in Geneva, coordinated"
10,15,this part of the programme and thus made a major contribution to the pro-
10,16,posals. Once the proposals for the classification were assembled and circulated
10,17,"for comment to WHO expert panels and many other individuals, including"
10,18,"those listed below, an amended version of the classification was produced for"
10,19,field tests. These were conducted according to a protocol produced by WHO
10,20,"staff with the help of Dr J. Burke, Dr J.E. Cooper, and Dr J. Mezzich and"
10,21,"involved a large number of centres, whose work was coordinated by Field"
10,22,Trial Coordinating Centres (FTCCs). The FTCCs (listed on pages xi-xii)
10,23,also undertook the task of producing equivalent translations of the ICD in
10,24,the languages used in their countries.
10,25,Dr N. Sartorius had overall responsibility for the work on the classification
10,26,of mental and behavioural disorders in ICD-10 and for the production of ac-
10,27,companying documents.
10,28,"Throughout the phase of field testing and subsequently, Dr J.E. Cooper acted"
10,29,as chief consultant to the project and provided invaluable guidance and help
10,30,to the WHO coordinating team. Among the team members were Dr J. van
10,31,"Drimmelen, who has worked with WHO from the beginning of the process"
10,32,"of developing ICD-10 proposals, and Mrs J. Wilson, who conscientiously and"
10,33,efficiently handled the innumerable administrative tasks linked to the field
10,34,tests and other activities related to the projects. Mr A. L'Hours provided
10,35,ix
11,1,MENTAL AND BEHAVIOURAL DISORDERS
11,2,"generous support, ensuring compliance between the ICD-10 development in"
11,3,"general and the production of this classification, and Mr G. Gemert produced"
11,4,the index.
11,5,"A number of other consultants, including in particular Dr A. Bertelsen,"
11,6,"Dr H. Dilling, Dr J. Lopez-Ibor, Dr C. Pull, Dr D. Regier, Dr M. Rutter"
11,7,"and Dr N. Wig, were also closely involved in this work, functioning not only"
11,8,as heads of FTCCs for the field trials but also providing advice and guidance
11,9,about issues in their area of expertise and relevant to the psychiatric traditions
11,10,of the groups of countries about which they were particularly knowledgeable.
11,11,"Among the agencies whose help was of vital importance were the Alcohol,"
11,12,"Drug Abuse and Mental Health Administration in the USA, which provided"
11,13,"generous support to the activities preparatory to the drafting of ICD-10, and"
11,14,which ensured effective and productive consultation between groups working
11,15,on ICD-10 and those working on the fourth revision of the American Psychiatric
11,16,Association's Diagnostic and Statistical Manual (DSM-IV) classification; the
11,17,"WHO Advisory Committee on ICD-10, chaired by Dr E. Stromgren; and the"
11,18,"World Psychiatric Association which, through its President, Dr C. Stefanis,"
11,19,"and the special committee on classification, assembled comments of numerous"
11,20,psychiatrists in its member associations and gave most valuable advice
11,21,during both the field trials and the finalization of the proposals. Other
11,22,"nongovernmental organizations in official and working relations with WHO,"
11,23,"including the World Federation for Mental Health, the World Association"
11,24,"for Psychosocial Rehabilitation, the World Association of Social Psychiatry,"
11,25,"the World Federation of Neurology, and the International Union of"
11,26,"Psychological Societies, helped in many ways, as did the WHO Collaborating"
11,27,"Centres for Research and Training in Mental Health, located in some 40"
11,28,countries.
11,29,"Governments of WHO Member States, including in particular Belgium, Ger-"
11,30,"many, the Netherlands, Spain and the USA, also provided direct support to"
11,31,"the process of developing the classification of mental and behavioural disorders,"
11,32,both through their designated contributions to WHO and through contribu-
11,33,tions and financial support to the centres that participated in this work.
11,34,"The ICD-10 proposals are thus a product of collaboration, in the true sense"
11,35,"of the word, between very many individuals and agencies in numerous coun-"
11,36,tries. They were produced in the hope that they will serve as a strong support
11,37,to the work of the many who are concerned with caring for the mentally ill
11,38,"and their families, worldwide."
11,39,x
12,1,ACKNOWLEDGEMENTS
12,2,No classification is ever perfect: further improvements and simplifications should
12,3,become possible with increases in our knowledge and as experience with the
12,4,classification accumulates. The task of collecting and digesting comments and
12,5,results of tests of the classification will remain largely on the shoulders of
12,6,the centres that collaborated with WHO in the development of the classifica-
12,7,tion. Their addresses are listed below because it is hoped that they will con-
12,8,tinue to be involved in the improvement of the WHO classifications and
12,9,associated materials in the future and to assist the Organization in this work
12,10,as generously as they have so far.
12,11,Numerous publications have arisen from Field Trial Centres describing results
12,12,of their studies in connection with ICD-10. A full list of these publications
12,13,"and reprints of the articles can be obtained from Division of Mental Health,"
12,14,"World Health Organization, 1211 Geneva 27, Switzerland."
12,15,Field Trial Coordinating Centres and Directors
12,16,"Dr A. Bertelsen, Institute of Psychiatric Demography, Psychiatric Hospital,"
12,17,"University of Aarhus, Risskov, Denmark"
12,18,"Dr D. Caetano, Department of Psychiatry, State University of Campinas,"
12,19,"Campinas, Brazil"
12,20,"Dr S. Channabasavanna, National Institute of Mental Health and Neuro-"
12,21,"sciences, Bangalore, India"
12,22,"Dr H. Dilling, Psychiatric Clinic of the Medical School, Liibeck, Germany"
12,23,"Dr M. Gelder, Department of Psychiatry, Oxford University Hospital,"
12,24,"Warneford Hospital, Headington, England"
12,25,"Dr D. Kemali, University of Naples, First Faculty of Medicine and Surgery,"
12,26,"Institute of Medical Psychology and Psychiatry, Naples, Italy"
12,27,"Dr J.J. Lopez-Ibor Jr, Lopez-Ibor Clinic, Pierto de Hierro, Madrid, Spain"
12,28,"Dr G. Mellsop, The Wellington Clinical School, Wellington Hospital, Wel-"
12,29,"lington, New Zealand"
12,30,"Dr Y. Nakane, Department of Neuropsychiatry, Nagasaki University, School"
12,31,"of Medicine, Nagasaki, Japan"
12,32,xi
13,1,MENTAL AND BEHAVIOURAL DISORDERS
13,2,"Dr A. Okasha, Department of Psychiatry, Ain-Shams University, Cairo, Egypt"
13,3,"Dr C. Pull, Department of Neuropsychiatry, Centre Hospitalier de Lux-"
13,4,"embourg, Luxembourg, Luxembourg"
13,5,"Dr D. Regier, Director, Division of Clinical Research, National Institute of"
13,6,"Mental Health, Rockville, MD, USA"
13,7,"Dr S. Tzirkin, All Union Research Centre of Mental Health, Institute of"
13,8,"Psychiatry, Academy of Medical Sciences, Moscow, Russian Federation"
13,9,"Dr Xu Tao-Yuan, Department of Psychiatry, Shanghai Psychiatric Hospital,"
13,10,"Shanghai, China"
13,11,Former directors of field trial centres
13,12,"Dr J.E. Cooper, Department of Psychiatry, Queen's Medical Centre,"
13,13,"Nottingham, England"
13,14,"Dr R. Takahashi, Department of Psychiatry, Tokyo Medical and Dental Univer-"
13,15,"sity, Tokyo, Japan"
13,16,"Dr N. Wig, Regional Adviser for Mental Health, World Health Organization,"
13,17,"Regional Office for the Eastern Mediterranean, Alexandria, Egypt"
13,18,"Dr Yang De-sen, Hunan Medical College, Changsha, Hunan, China"
13,19,Xll
14,1,Introduction
14,2,"Chapter V, Mental and behavioural disorders, of ICD-10 is to be available"
14,3,"in several different versions for different purposes. This version, Clinical descrip-"
14,4,"tions and diagnostic guidelines, is intended for general clinical, educational"
14,5,and service use. Diagnostic criteria for research has been produced for research
14,6,purposes and is designed to be used in conjunction with this book. The much
14,7,shorter glossary provided by Chapter V(F) for ICD-10 itself is suitable for
14,8,"use by coders or clerical workers, and also serves as a reference point for"
14,9,compatibility with other classifications; it is not recommended for use by mental
14,10,health professionals. Shorter and simpler versions of the classifications for
14,11,"use by primary health care workers are now in preparation, as is a multiaxial"
14,12,scheme. Clinical descriptions and diagnostic guidelines has been the starting
14,13,"point for the development of the different versions, and the utmost care has"
14,14,been taken to avoid problems of incompatibility between them.
14,15,Layout
14,16,"It is important that users study this general introduction, and also read care-"
14,17,fully the additional introductory and explanatory texts at the beginning of
14,18,several of the individual categories. This is particularly important for
14,19,F23. -
14,20,"(Acute and transient psychotic disorders), and for the block F30-F39 (Mood"
14,21,[affective] disorders). Because of the long-standing and notoriously difficult
14,22,"problems associated with the description and classification of these disorders,"
14,23,special care has been taken to explain how the classification has been
14,24,approached.
14,25,"For each disorder, a description is provided of the main clinical features, and"
14,26,"also of any important but less specific associated features. ""Diagnostic"
14,27,"guidelines"" are then provided in most cases, indicating the number and balance"
14,28,of symptoms usually required before a confident diagnosis can be made. The
14,29,guidelines are worded so that a degree of flexibility is retained for diagnostic
14,30,"decisions in clinical work, particularly in the situation where provisional"
14,31,diagnosis may have to be made before the clinical picture is entirely clear or
14,32,"information is complete. To avoid repetition, clinical descriptions and some"
14,33,1
15,1,MENTAL AND BEHAVIOURAL DISORDERS
15,2,"general diagnostic guidelines are provided for certain groups of disorders, in"
15,3,addition to those that relate only to individual disorders.
15,4,"When the requirements laid down in the diagnostic guidelines are clearly fulfilled,"
15,5,"the diagnosis can be regarded as ""confident"". When the requirements are only"
15,6,"partially fulfilled, it is nevertheless useful to record a diagnosis for most pur-"
15,7,poses. It is then for the diagnostician and other users of the diagnostic statements
15,8,"to decide whether to record the lesser degrees of confidence (such as ""provi-"
15,9,"sional"" if more information is yet to come, or ""tentative"" if more information"
15,10,is unlikely to become available) that are implied in these circumstances.
15,11,Statements about the duration of symptoms are also intended as general
15,12,guidelines rather than strict requirements; clinicians should use their own judge-
15,13,ment about the appropriateness of choosing diagnoses when the duration of
15,14,particular symptoms is slightly longer or shorter than that specified.
15,15,The diagnostic guidelines should also provide a useful stimulus for clinical
15,16,"teaching, since they serve as a reminder about points of clinical practice that"
15,17,can be found in a fuller form in most textbooks of psychiatry. They may
15,18,"also be suitable for some types of research projects, where the greater precision"
15,19,(and therefore restriction) of
15,20,the diagnostic criteria for research are not required.
15,21,"These descriptions and guidelines carry no theoretical implications, and they"
15,22,do not pretend to be comprehensive statements about the current state of
15,23,knowledge of the disorders. They are simply a set of symptoms and comments
15,24,"that have been agreed, by a large number of advisors and consultants in many"
15,25,"different countries, to be a reasonable basis for defining the limits of categories"
15,26,in the classification of mental disorders.
15,27,Principal differences between Chapter V(F) of ICD-10
15,28,and Chapter V of ICD-9
15,29,General principles of ICD-10
15,30,ICD-10 is much larger than ICD-9. Numeric codes (001 -999) were used in
15,31,"ICD-9, whereas an alphanumeric coding scheme, based on codes with a single"
15,32,"letter followed by two numbers at the three-character level (A00-Z99), has"
15,33,been adopted in ICD-10. This has significantly enlarged the number of categories
15,34,available for the classification. Further detail is then provided by means of
15,35,decimal numeric subdivisions at the four-character level.
15,36,2
16,1,INTRODUCTION
16,2,The chapter that dealt with mental disorders in ICD-9 had only 30 three-character
16,3,categories (290-319); Chapter V(F) of ICD-10 has 100 such categories. A
16,4,"proportion of these categories has been left unused for the time being, so as"
16,5,to allow the introduction of changes into the classification without the need
16,6,to redesign the entire system.
16,7,"ICD-10 as a whole is designed to be a central (""core"") classification for a"
16,8,family of disease- and health-related classifications. Some members of the family
16,9,of classifications are derived by using a fifth or even sixth character to specify
16,10,"more detail. In others, the categories are condensed to give broad groups suitable"
16,11,"for use, for instance, in primary health care or general medical practice. There"
16,12,is a multiaxial presentation of Chapter V(F) of ICD-10 and a version for child
16,13,"psychiatric practice and research. The ""family"" also includes classifications"
16,14,"that cover information not contained in the ICD, but having important medical"
16,15,"or health implications, e.g. the classification of impairments, disabilities and"
16,16,"handicaps, the classification of procedures in medicine, and the classification"
16,17,of reasons for encounter between patients and health workers.
16,18,Neurosis and psychosis
16,19,The traditional division between neurosis and psychosis that was evident in
16,20,ICD-9 (although deliberately left without any attempt to define these concepts)
16,21,"has not been used in ICD-10. However, the term ""neurotic"" is still retained"
16,22,"for occasional use and occurs, for instance, in the heading of a major group"
16,23,"(or block) of disorders F40-F48, ""Neurotic, stress-related and somatoform"
16,24,"disorders"". Except for depressive neurosis, most of the disorders regarded"
16,25,"as neuroses by those who use the concept are to be found in this block,"
16,26,and the remainder are in the subsequent blocks. Instead of following the
16,27,"neurotic - psychotic dichotomy, the disorders are now arranged in groups"
16,28,"according to major common themes or descriptive likenesses, which makes"
16,29,"for increased convenience of use. For instance, cyclothymia (F34.0) is in the"
16,30,"block F30-F39, Mood [affective] disorders, rather than in F60-F69, Disorders"
16,31,"of adult personality and behaviour; similarly, all disorders associated with the"
16,32,"use of psychoactive substances are grouped together in F10-F19, regardless"
16,33,of their severity.
16,34,"""Psychotic"" has been retained as a convenient descriptive term, particularly"
16,35,in
16,36,"F23, Acute and transient psychotic disorders. Its use does not involve assump-"
16,37,"tions about psychodynamic mechanisms, but simply indicates the presence of"
16,38,"hallucinations, delusions, or a limited number of severe abnormalities of"
16,39,3
17,1,MENTAL AND BEHAVIOURAL DISORDERS
17,2,"behaviour, such as gross excitement and overactivity, marked psychomotor"
17,3,"retardation, and catatonic behaviour."
17,4,Other differences between ICD-9 and ICD-10
17,5,All disorders attributable to an organic cause are grouped together in the block
17,6,"F00-F09, which makes the use of this part of the classification easier than"
17,7,the arrangement in the ICD-9.
17,8,The new arrangement of mental and behavioural disorders due to psychoactive
17,9,substance use in the block F10-F19 has also been found more useful than
17,10,"the earlier system. The third character indicates the substance used, the fourth"
17,11,"and fifth characters the psychopathological syndrome, e.g. from acute intoxi-"
17,12,cation and residual states; this allows the reporting of all disorders related
17,13,to a substance even when only three-character categories are used.
17,14,"The block that covers schizophrenia, schizotypal states and delusional disorders"
17,15,(F20 - F29) has been expanded by the introduction of new categories such as
17,16,"undifferentiated schizophrenia, postschizophrenic depression, and schizotypal"
17,17,"disorder. The classification of acute short-lived psychoses, which are common-"
17,18,"ly seen in most developing countries, is considerably expanded compared with"
17,19,that in the ICD-9.
17,20,Classification of affective disorders has been particularly influenced by the
17,21,adoption of the principle of grouping together disorders with a common theme.
17,22,"Terms such as ""neurotic depression"" and ""endogenous depression"" are not"
17,23,"used, but their close equivalents can be found in the different types and severities"
17,24,of depression now specified (including dysthymia (F34.1)).
17,25,The behavioural syndromes and mental disorders associated with physiological
17,26,"dysfunction and hormonal changes, such as eating disorders, nonorganic sleep"
17,27,"disorders, and sexual dysfunctions, have been brought together in F50-F59"
17,28,"and described in greater detail than in ICD-9, because of the growing needs"
17,29,for such a classification in liaison psychiatry.
17,30,Block F60 - F69 contains a number of new disorders of adult behaviour such
17,31,"as pathological gambling, fire-setting, and stealing, as well as the more tradi-"
17,32,tional disorders of personality. Disorders of sexual preference are clearly dif-
17,33,"ferentiated from disorders of gender identity, and homosexuality in itself is"
17,34,no longer included as a category.
17,35,4
18,1,INTRODUCTION
18,2,Some further comments about changes between the provisions for the coding
18,3,of disorders specific to childhood and mental retardation can be found on
18,4,pages 18-20.
18,5,Problems of terminology
18,6,Disorder
18,7,"The term ""disorder"" is used throughout the classification, so as to avoid even"
18,8,"greater problems inherent in the use of terms such as ""disease"" and ""illness""."
18,9,"""Disorder"" is not an exact term, but it is used here to imply the existence"
18,10,of a clinically recognizable set of symptoms or behaviour associated in most
18,11,cases with distress and with interference with personal functions. Social de-
18,12,"viance or conflict alone, without personal dysfunction, should not be included"
18,13,in mental disorder as defined here.
18,14,Psychogenic and psychosomatic
18,15,"The term ""psychogenic"" has not been used in the titles of categories, in view"
18,16,of its different meanings in different languages and psychiatric traditions. It
18,17,"still occurs occasionally in the text, and should be taken to indicate that the"
18,18,diagnostician regards obvious life events or difficulties as playing an important
18,19,role in the genesis of the disorder.
18,20,"""Psychosomatic"" is not used for similar reasons and also because use of this"
18,21,term might be taken to imply that psychological factors play no role in the
18,22,"occurrence, course and outcome of other diseases that are not so described."
18,23,Disorders described as psychosomatic in other classifications can be found
18,24,here in
18,25,"F45. - (somatoform disorders), F50. - (eating disorders), F52. - (sexual"
18,26,"dysfunction), and F54. - (psychological or behavioural factors associated with"
18,27,disorders or diseases classified elsewhere). It is particularly important to note
18,28,category F54. - (category 316 in ICD-9) and to remember to use it for specify-
18,29,"ing the association of physical disorders, coded elsewhere in ICD-10, with an"
18,30,emotional causation. A common example would be the recording of psychogenic
18,31,asthma or eczema by means of both F54 from Chapter V(F) and the appropriate
18,32,code for the physical condition from other chapters in ICD-10.
18,33,5
19,1,MENTAL AND BEHAVIOURAL DISORDERS
19,2,"Impairment, disability, handicap and related terms"
19,3,"The terms ""impairment"", ""disability"" and ""handicap"" are used according"
19,4,"to the recommendations of the system adopted by WHO.1 Occasionally, where"
19,5,"justified by clinical tradition, the terms are used in a broader sense. See also"
19,6,"pages 8 and 9 regarding dementia and its relationships with impairment, disability"
19,7,and handicap.
19,8,Some specific points for users
19,9,Children and adolescents
19,10,Blocks F80-F89 (disorders of psychological development) and F90-F98
19,11,(behavioural and emotional disorders with onset usually occurring in childhood
19,12,and adolescence) cover only those disorders that are specific to childhood and
19,13,adolescence. A number of disorders placed in other categories can occur in
19,14,"persons of almost any age, and should be used for children and adolescents"
19,15,"when required. Examples are disorders of eating (F50.-), sleeping (F51.-)"
19,16,and gender identity (F64. -). Some types of phobia occurring in children pose
19,17,"special problems for classification, as noted in the description of F93.1 (phobic"
19,18,anxiety disorder of childhood).
19,19,Recording more than one diagnosis
19,20,It is recommended that clinicians should follow the general rule of recording
19,21,as many diagnoses as are necessary to cover the clinical picture. When record-
19,22,"ing more than one diagnosis, it is usually best to give one precedence over"
19,23,"the others by specifying it as the main diagnosis, and to label any others as"
19,24,subsidiary or additional diagnoses. Precedence should be given to that diagnosis
19,25,most relevant to the purpose for which the diagnoses are being collected; in
19,26,clinical work this is often the disorder that gave rise to the consultation or
19,27,contact with health services. In many cases it will be the disorder that necessitates
19,28,"admission to an inpatient, outpatient or day-care service. At other times, for"
19,29,"example when reviewing the patient's whole career, the most important diagnosis"
19,30,"may well be the ""life-time"" diagnosis, which could be different from the one"
19,31,"1 International classification of impairments, disabilities and handicaps. Geneva, World"
19,32,"Health Organization, 1980."
19,33,6
20,1,INTRODUCTION
20,2,most relevant to the immediate consultation (for instance a patient with chronic
20,3,schizophrenia presenting for an episode of care because of symptoms of acute
20,4,anxiety). If there is any doubt about the order in which to record several
20,5,"diagnoses, or the diagnostician is uncertain of the purpose for which informa-"
20,6,"tion will be used, a useful rule is to record the diagnoses in the numerical"
20,7,order in which they appear in the classification.
20,8,Recording diagnoses from other chapters of ICD-10
20,9,The use of other chapters of the ICD-10 system in addition to Chapter V(F)
20,10,is strongly recommended. The categories most relevant to mental health
20,11,services are listed in the Annex to this book.
20,12,7
21,1,Notes on selected categories
21,2,in the classification of mental and
21,3,behavioural disorders in ICD-10
21,4,"In the course of preparation of the ICD-10 chapter on mental disorder, certain"
21,5,categories attracted considerable interest and debate before a reasonable level
21,6,of consensus could be achieved among all concerned. Brief notes are presented
21,7,here on some of the issues that were raised.
21,8,Dementia (F01 - F03) and its relationships with
21,9,"impairment, disability and handicap"
21,10,Although a decline in cognitive abilities is essential for the diagnosis of demen-
21,11,"tia, no consequent interference with the performance of social roles, either"
21,12,"within the family or with regard to employment, is used as a diagnostic guideline"
21,13,or criterion. This is a particular instance of a general principle that applies
21,14,"to the definitions of all the disorders in Chapter V(F) of ICD-10, adopted"
21,15,"because of the wide variations between different cultures, religions, and na-"
21,16,"tionalities in terms of work and social roles that are available, or regarded"
21,17,"as appropriate. Nevertheless, once a diagnosis has been made using other"
21,18,"information, the extent to which an individual's work, family, or leisure"
21,19,activities are hindered or even prevented is often a useful indicator of the
21,20,severity of a disorder.
21,21,This is an opportune moment to refer to the general issue of the relationships
21,22,"between symptoms, diagnostic criteria, and the system adopted by WHO for"
21,23,"describing impairment, disability, and handicap"
21,24,"1. In terms of this system,"
21,25,"impairment (i.e. a ""loss or abnormality... of structure or function"") is manifest"
21,26,"psychologically by interference with mental functions such as memory, atten-"
21,27,"tion, and emotive functions. Many types of psychological impairment have"
21,28,"always been recognized as psychiatric symptoms. To a lesser degree, some"
21,29,"types of disability (defined in the WHO system as ""a restriction or lack..."
21,30,of ability to perform an activity in the manner or within the range considered
21,31,"normal for a human being"") have also conventionally been regarded as"
21,32,"1 International classification of impairments, disabilities and handicaps. Geneva, World"
21,33,"Health Organization, 1980."
21,34,8
22,1,NOTES ON SELECTED CATEGORIES
22,2,psychiatric symptoms. Examples of disability at the personal level include the
22,3,"ordinary, and usually necessary, activities of daily life involved in personal"
22,4,"care and survival related to washing, dressing, eating, and excretion. Interference"
22,5,"with these activities is often a direct consequence of psychological impairment,"
22,6,"and is influenced little, if at all, by culture. Personal disabilities can therefore"
22,7,"legitimately appear among diagnostic guidelines and criteria, particularly for"
22,8,dementia.
22,9,"In contrast, a handicap (""the disadvantage for an individual... that prevents"
22,10,"or limits the performance of a role that is normal...for that individual"")"
22,11,represents the effects of impairments or disabilities in a wide social context
22,12,that may be heavily influenced by culture. Handicaps should therefore not
22,13,be used as essential components of a diagnosis.
22,14,Duration of symptoms required for
22,15,schizophrenia (F20.-)
22,16,Prodromal states
22,17,"Before the appearance of typical schizophrenic symptoms, there is sometimes"
22,18,a period of weeks or months — particularly in young people — during which
22,19,"a prodrome of nonspecific symptoms appears (such as loss of interest, avoiding"
22,20,"the company of others, staying away from work, being irritable and oversen-"
22,21,"sitive). These symptoms are not diagnostic of any particular disorder, but neither"
22,22,are they typical of the healthy state of the individual. They are often just
22,23,as distressing to the family and as incapacitating to the patient as the more
22,24,"clearly morbid symptoms, such as delusions and hallucinations, which develop"
22,25,"later. Viewed retrospectively, such prodromal states seem to be an important"
22,26,"part of the development of the disorder, but little systematic information is"
22,27,available as to whether similar prodromes are common in other psychiatric
22,28,"disorders, or whether similar states appear and disappear from time to time"
22,29,in individuals who never develop any diagnosable psychiatric disorder.
22,30,"If a prodrome typical of and specific to schizophrenia could be identified,"
22,31,"described reliably, and shown to be uncommon in those with other psychiatric"
22,32,"disorders and those with no disorders at all, it would be justifiable to include"
22,33,a prodrome among the optional criteria for schizophrenia. For the purposes
22,34,"of ICD-10, it was considered that insufficient information is available on these"
22,35,points at present to justify the inclusion of a prodromal state as a contributor
22,36,"to this diagnosis. An additional, closely related, and still unsolved problem"
22,37,9
23,1,MENTAL AND BEHAVIOURAL DISORDERS
23,2,is the extent to which such prodromes can be distinguished from schizoid and
23,3,paranoid personality disorders.
23,4,Separation of acute and transient psychotic disorders
23,5,(F23.-) from schizophrenia (F20. -)
23,6,"In ICD-10, the diagnosis of schizophrenia depends upon the presence of typical"
23,7,"delusions, hallucinations or other symptoms (described on pages 86-89), and"
23,8,a minimum duration of 1 month is specified.
23,9,"Strong clinical traditions in several countries, based on descriptive though not"
23,10,"epidemiological studies, contribute towards the conclusion that, whatever the"
23,11,"nature of the dementia praecox of Kraepelin and the schizophrenias of Bleuler,"
23,12,"it, or they, are not the same as very acute psychoses that have an abrupt onset,"
23,13,"a short course of a few weeks or even days, and a favourable outcome. Terms"
23,14,"such as ""bouffee delirante"", ""psychogenic psychosis"", ""schizophreniform"
23,15,"psychosis"", ""cycloid psychosis"" and ""brief reactive psychosis"" indicate the"
23,16,widespread but diverse opinion and traditions that have developed. Opinions
23,17,and evidence also vary as to whether transient but typical schizophrenic symp-
23,18,"toms may occur with these disorders, and whether they are usually or always"
23,19,"associated with acute psychological stress (bouffee delirante, at least, was"
23,20,originally described as not usually associated with an obvious psychological
23,21,precipitant).
23,22,Given the present lack of knowledge about both schizophrenia and these more
23,23,"acute disorders, it was considered that the best option for ICD-10 would be"
23,24,"to allow sufficient time for the symptoms of the acute disorders to appear,"
23,25,"be recognized, and largely subside, before a diagnosis of schizophrenia was"
23,26,"made. Most clinical reports and authorities suggest that, in the large majority"
23,27,"of patients with these acute psychoses, onset of psychotic symptoms occurs"
23,28,"over a few days, or over 1-2 weeks at most, and that many patients recover"
23,29,with or without medication within 2-3 weeks. It therefore seems appropriate
23,30,to specify
23,31,1 month as the transition point between the acute disorders in which
23,32,symptoms of the schizophrenic type have been a feature and schizophrenia
23,33,"itself. For patients with psychotic, but non-schizophrenic, symptoms that per-"
23,34,"sist beyond the 1-month point, there is no need to change the diagnosis until"
23,35,"the duration requirement of delusional disorder (F22.0) is reached (3 months,"
23,36,as discussed below).
23,37,A similar duration suggests itself when acute symptomatic psychoses
23,38,(amfetamine psychosis is the best example) are considered. Withdrawal of the
23,39,10
24,1,NOTES ON SELECTED CATEGORIES
24,2,toxic agent is usually followed by disappearance of the symptoms over 8-10
24,3,"days, but since it often takes 7-10 days for the symptoms to become manifest"
24,4,"and troublesome (and for the patient to present to the psychiatric services),"
24,5,"the overall duration is often 20 days or more. About 30 days, or 1 month,"
24,6,would therefore seem an appropriate time to allow as an overall duration before
24,7,"calling the disorder schizophrenia, if the typical symptoms persist. To adopt"
24,8,a 1-month duration of typical psychotic symptoms as a necessary criterion
24,9,for the diagnosis of schizophrenia rejects the assumption that schizophrenia
24,10,must be of comparatively long duration. A duration of 6 months has been
24,11,"adopted in more than one national classification, but in the present state of"
24,12,ignorance there appear to be no advantages in restricting the diagnosis of
24,13,schizophrenia in this way. In two large international collaborative studies on
24,14,schizophrenia and related disorders
24,15,"1, the second of which was epidemi-"
24,16,"ologically based, a substantial proportion of patients were found whose clear"
24,17,and typical schizophrenic symptoms lasted for more than 1 month but less
24,18,"than 6 months, and who made good, if not complete, recoveries from the"
24,19,disorder. It therefore seems best for the purposes of ICD-10 to avoid any
24,20,"assumption about necessary chronicity for schizophrenia, and to regard the"
24,21,term as descriptive of a syndrome with a variety of causes (many of which
24,22,"are still unknown) and a variety of outcomes, depending upon the balance"
24,23,"of genetic, physical, social, and cultural influences."
24,24,There has also been considerable debate about the most appropriate duration
24,25,of symptoms to specify as necessary for the diagnosis of persistent delusional
24,26,disorder
24,27,(F22. -). Three months was finally chosen as being the least unsatisfac-
24,28,"tory, since to delay the decision point to 6 months or more makes it necessary"
24,29,to introduce another intermediate category between acute and transient psychotic
24,30,disorders (F23.-) and persistent delusional disorder. The whole subject of
24,31,the relationship between the disorders under discussion awaits more and better
24,32,"information than is at present available; a comparatively simple solution, which"
24,33,"gives precedence to the acute and transient states, seemed the best option,"
24,34,and perhaps one that will stimulate research.
24,35,"1 The international pilot study of schizophrenia. Geneva, World Health Organization,"
24,36,"1973 (Offset Publication, No. 2)."
24,37,"Sartorius, N. et al. Early manifestations and first contact incidence of schizophrenia"
24,38,in different cultures. A preliminary report on the initial evaluation phase of the WHO
24,39,Collaborative Study on Determinants of Outcome of Severe Mental Disorders.
24,40,"Psychological medicine, 16: 909-928 (1986)."
24,41,11
25,1,MENTAL AND BEHAVIOURAL DISORDERS
25,2,The principle of describing and classifying a disorder or group of disorders
25,3,"so as to display options rather than to use built-in assumptions, has been used"
25,4,for acute and transient psychotic disorders (F23. -); these and related points
25,5,are discussed briefly in the introduction to that category (pages 97-99).
25,6,"The term ""schizophreniform"" has not been used for a defined disorder in"
25,7,this classification. This is because it has been applied to several different clinical
25,8,"concepts over the last few decades, and associated with various mixtures of"
25,9,"characteristics such as acute onset, comparatively brief duration, atypical symp-"
25,10,"toms or mixtures of symptoms, and a comparatively good outcome. There"
25,11,"is no evidence to suggest a preferred choice for its usage, so the case for its"
25,12,"inclusion as a diagnostic term was considered to be weak. Moreover, the need"
25,13,for an intermediate category of this type is obviated by the use of F23.-
25,14,"(acute and transient psychotic disorders) and its subdivisions, together with"
25,15,the requirement of 1 month of psychotic symptoms for a diagnosis of
25,16,schizophrenia. As guidance for those who do use schizophreniform as a
25,17,"diagnostic term, it has been inserted in several places as an inclusion term"
25,18,relevant to those disorders that have the most overlap with the meanings it
25,19,has acquired. These
25,20,"are: ""schizophreniform attack or psychosis, NOS"" in F20.8"
25,21,"(other schizophrenia), and ""brief schizophreniform disorder or psychosis"""
25,22,in F23.2 (acute schizophrenia-like psychotic disorder).
25,23,Simple schizophrenia (F20.6)
25,24,"This category has been retained because of its continued use in some countries,"
25,25,and because of the uncertainty about its nature and its relationships to schizoid
25,26,"personality disorder and schizotypal disorder, which will require additional"
25,27,information for resolution. The criteria proposed for its differentiation highlight
25,28,the problems of defining the mutual boundaries of
25,29,this whole group of disorders
25,30,in practical terms.
25,31,Schizoaffective disorders (F25.-)
25,32,The evidence at present available as to whether schizoaffective disorders (F25. -)
25,33,"as defined in the ICD-10 should be placed in block F20-F29 (schizophrenia,"
25,34,schizotypal and delusional disorders) or in F30-F39 (mood [affective]
25,35,disorders) is fairly evenly balanced. The final decision to place it in F20-F29
25,36,"was influenced by feedback from the field trials of the 1987 draft, and by"
25,37,comments resulting from the worldwide circulation of the same draft to member
25,38,12
26,1,NOTES ON SELECTED CATEGORIES
26,2,societies of the World Psychiatric Association. It is clear that widespread and
26,3,strong clinical traditions exist that favour its retention among schizophrenia
26,4,"and delusional disorders. It is relevant to this discussion that, given a set of"
26,5,"affective symptoms, the addition of only mood-incongruent delusions is not"
26,6,sufficient to change the diagnosis to a schizoaffective category. At least one
26,7,typically schizophrenic symptom must be present with the affective symptoms
26,8,during the same episode of the disorder.
26,9,Mood [affective] disorders (F30-F39)
26,10,It seems likely that psychiatrists will continue to disagree about the classifica-
26,11,tion of disorders of mood until methods of dividing the clinical syndromes
26,12,are developed that rely at least in part upon physiological or biochemical
26,13,"measurement, rather than being limited as at present to clinical descriptions"
26,14,"of emotions and behaviour. As long as this limitation persists, one of the"
26,15,major choices lies between a comparatively simple classification with only a
26,16,"few degrees of severity, and one with greater details and more subdivisions."
26,17,"The 1987 draft of ICD-10 used in the field trials had the merit of simplicity,"
26,18,"containing, for example, only mild and severe depressive episodes, no separa-"
26,19,"tion of hypomania from mania, and no recommendation to specify the presence"
26,20,"or absence of familiarly clinical concepts, such as the '""somatic"" syndrome"
26,21,"or affective hallucinations and delusions. However, feedback from many of"
26,22,"the clinicians involved in the field trials, and other comments received from"
26,23,"a variety of sources, indicated a widespread demand for opportunities to specify"
26,24,"several grades of depression and the other features noted above. In addition,"
26,25,it is clear from the preliminary analysis of field trial data that in many centres
26,26,"the category of ""mild depressive episode"" often had a comparatively low inter-"
26,27,rater reliability.
26,28,It has also become evident that the views of clinicians on the required number
26,29,of subdivisions of depression are strongly influenced by the types of patient
26,30,"they encounter most frequently. Those working in primary care, outpatient"
26,31,clinics and liaison settings need ways of describing patients with mild but
26,32,"clinically significant states of depression, whereas those whose work is mainly"
26,33,with inpatients frequently need to use the more extreme categories.
26,34,Further consultations with experts on affective disorders resulted in the
26,35,present versions. Options for specifying several aspects of affective disorders
26,36,"have been included, which, although still some way from being scientifically"
26,37,13
27,1,MENTAL AND BEHAVIOURAL DISORDERS
27,2,"respectable, are regarded by psychiatrists in many parts of the world as clinically"
27,3,useful. It is hoped that their inclusion will stimulate further discussion and
27,4,research into their true clinical value.
27,5,Unsolved problems remain about how best to define and make diagnostic use
27,6,of the incongruence of delusions with mood. There would seem to be both
27,7,enough evidence and sufficient clinical demand for the inclusion of provisions
27,8,"for mood-congruent or mood-incongruent delusions to be included, at least"
27,9,"as an ""optional extra""."
27,10,Recurrent brief depressive disorder
27,11,"Since the introduction of ICD-9, sufficient evidence has accumulated to justify"
27,12,the provision of a special category for the brief episodes of depression that
27,13,meet the severity criteria but not the duration criteria for depressive episode
27,14,(F32.-). These recurrent states are of unclear nosological significance and
27,15,the provision of a category for their recording should encourage the collection
27,16,of information that will lead to a better understanding of their frequency and
27,17,long-term course.
27,18,Agoraphobia and panic disorder
27,19,There has been considerable debate recently as to which of agoraphobia and
27,20,panic disorder should be regarded as primary. From an international and cross-
27,21,"cultural perspective, the amount and type of evidence available does not ap-"
27,22,pear to justify rejection of the still widely accepted notion that the phobic
27,23,"disorder is best regarded as the prime disorder, with attacks of panic usually"
27,24,indicating its severity.
27,25,Mixed categories of anxiety and depression
27,26,"Psychiatrists and others, especially in developing countries, who see patients"
27,27,in primary health care services should find particular use for F41.2 (mixed
27,28,"anxiety and depressive disorder), F41.3 (other mixed disorders), the various"
27,29,"subdivisions of F43.2 (adjustment disorder), and F44.7 (mixed dissociative [con-"
27,30,version] disorder). The purpose of these categories is to facilitate the descrip-
27,31,tion of disorders manifest by a mixture of symptoms for which a simpler and
27,32,14
28,1,NOTES ON SELECTED CATEGORIES
28,2,more traditional psychiatric label is not appropriate but which nevertheless
28,3,"represent significantly common, severe states of distress and interference with"
28,4,"functioning. They also result in frequent referral to primary care, medical and"
28,5,psychiatric services. Difficulties in using these categories reliably may be en-
28,6,"countered, but it is important to test them and — if necessary — improve"
28,7,their definition.
28,8,"Dissociative and somatoform disorders, in relation"
28,9,to hysteria
28,10,"The term *'hysteria"" has not been used in the title for any disorder in Chapter"
28,11,"V(F) of ICD-10 because of its many and varied shades of meaning. Instead,"
28,12,"""dissociative"" has been preferred, to bring together disorders previously"
28,13,"termed hysteria, of both dissociative and conversion types. This is largely"
28,14,because patients with the dissociative and conversion varieties often share a
28,15,"number of other characteristics, and in addition they frequently exhibit both"
28,16,varieties at the same or different times. It also seems reasonable to presume
28,17,that the same (or very similar) psychological mechanisms are common to both
28,18,types of symptoms.
28,19,There appears to be widespread international acceptance of the usefulness of
28,20,grouping together several disorders with a predominantly physical or somatic
28,21,"mode of presentation under the term ""somatoform"". For the reasons already"
28,22,"given, however, this new concept was not considered to be an adequate reason"
28,23,for separating amnesias and fugues from dissociative sensory and motor loss.
28,24,If multiple personality disorder (F44.81) does exist as something other than
28,25,"a culture-specific or even iatrogenic condition, then it is presumably best"
28,26,placed among the dissociative group.
28,27,Neurasthenia
28,28,"Although omitted from some classification systems, neurasthenia has been"
28,29,"retained as a category in ICD-10, since this diagnosis is still regularly and"
28,30,widely used in a number of countries. Research carried out in various settings
28,31,has demonstrated that a significant proportion of cases diagnosed as neuras-
28,32,"thenia can also be classified under depression or anxiety: there are, however,"
28,33,cases in which the clinical syndrome does not match the description of any
28,34,15
29,1,MENTAL AND BEHAVIOURAL DISORDERS
29,2,other category but does meet all the criteria specified for a syndrome of
29,3,neurasthenia. It is hoped that further research on neurasthenia will be stimulated
29,4,by its inclusion as a separate category.
29,5,Culture-specific disorders
29,6,"The need for a separate category for disorders such as latah, amok, koro,"
29,7,and a variety of other possibly culture-specific disorders has been expressed
29,8,"less often in recent years. Attempts to identify sound descriptive studies,"
29,9,"preferably with an epidemiological basis, that would strengthen the case for"
29,10,these inclusions as disorders clinically distinguishable from others already in-
29,11,"the classification have failed, so they have not been separately classified. Descrip-"
29,12,tions of these disorders currently available in the literature suggest that they
29,13,"may be regarded as local variants of anxiety, depression, somatoform disorder,"
29,14,or adjustment disorder; the nearest equivalent code should therefore be used
29,15,"if required, together with an additional note of which culture-specific disorder"
29,16,is involved. There may also be prominent elements of attention-seeking
29,17,behaviour or adoption of the sick role akin to that described in F68.1 (inten-
29,18,"tional production or feigning of symptoms or disabilities), which can also be"
29,19,recorded.
29,20,Mental and behavioural disorders associated with the
29,21,puerperium (F53.-)
29,22,This category is unusual and apparently paradoxical in carrying a recommen-
29,23,dation that it should be used only when unavoidable. Its inclusion is a recogni-
29,24,tion of the very real practical problems in many developing countries that
29,25,make the gathering of details about many cases of puerperal illness virtually
29,26,"impossible. However, even in the absence of sufficient information to allow"
29,27,"a diagnosis of some variety of affective disorder (or, more rarely, schizophrenia),"
29,28,there will usually be enough known to allow diagnosis of a mild (F53.0) or
29,29,"severe (F53.1) disorder; this subdivision is useful for estimations of workload,"
29,30,and when decisions are to be made about provision of services.
29,31,"The inclusion of this category should not be taken to imply that, given ade-"
29,32,"quate information, a significant proportion of cases of postpartum mental"
29,33,illness cannot be classified in other categories. Most experts in this field are
29,34,of the opinion that a clinical picture of puerperal psychosis is so rarely (if
29,35,16
30,1,NOTES ON SELECTED CATEGORIES
30,2,ever) reliably distinguishable from affective disorder or schizophrenia that a
30,3,special category is not justified. Any psychiatrist who is of the minority opin-
30,4,"ion that special postpartum psychoses do indeed exist may use this category,"
30,5,but should be aware of its real purpose.
30,6,Disorders of adult personality (F60.-)
30,7,"In all current psychiatric classifications, disorders of adult personality include"
30,8,"a variety of severe problems, whose solution requires information that can"
30,9,come only from extensive and time-consuming investigations. The difference
30,10,between observations and interpretation becomes particularly troublesome when
30,11,attempts are made to write detailed guidelines or diagnostic criteria for these
30,12,disorders; and the number of criteria that must be fulfilled before a diagnosis
30,13,is regarded as confirmed remains an unsolved problem in the light of present
30,14,"knowledge. Nevertheless, the attempts that have been made to specify guidelines"
30,15,and criteria for this category may help to demonstrate that a new approach
30,16,to the description of personality disorders is required.
30,17,"After initial hesitation, a brief description of borderline personality disorder"
30,18,(F60.31) was finally included as a subcategory of emotionally unstable per-
30,19,"sonality disorder (F60.3), again in the hope of stimulating investigations."
30,20,Other disorders of adult personality and behaviour (F68)
30,21,Two categories that have been included here but were not present in ICD-9
30,22,"are F68.0, elaboration of physical symptoms for psychological reasons, and"
30,23,"F68.1, intentional production or feigning of symptoms or disabilities, either"
30,24,"physical or psychological [factitious disorder]. Since these are, strictly speak-"
30,25,"ing, disorders of role or illness behaviour, it should be convenient for"
30,26,psychiatrists to have them grouped with other disorders of adult behaviour.
30,27,"Together with malingering (Z76.5), which has always been outside Chapter V"
30,28,"of the ICD, the disorders from a trio of diagnoses often need to be considered"
30,29,together. The crucial difference between the first two and malingering is that
30,30,the motivation for malingering is obvious and usually confined to situations
30,31,"where personal danger, criminal sentencing, or large sums of money are involved."
30,32,17
31,1,MENTAL AND BEHAVIOURAL DISORDERS
31,2,Mental retardation (F70-F79)
31,3,The policy for Chapter V(F) of ICD-10 has always been to deal with mental
31,4,"retardation as briefly and as simply as possible, acknowledging that justice"
31,5,"can be done to this topic only by means of a comprehensive, possibly"
31,6,"multiaxial, system. Such a system needs to be developed separately, and work"
31,7,to produce appropriate proposals for international use is now in progress.
31,8,Disorders with onset specific to childhood
31,9,F80-F89 Disorders of psychological development
31,10,"Disorders of childhood such as infantile autism and disintegrative psychosis,"
31,11,"classified in ICD-9 as psychoses, are now more appropriately contained in"
31,12,"F84. -, pervasive developmental disorders. While some uncertainty remains"
31,13,"about their nosological status, it has been considered that sufficient informa-"
31,14,tion is now available to justify the inclusion of the syndromes of Rett and
31,15,Asperger in this group as specified disorders. Overactive disorder associated
31,16,with mental retardation and stereotyped movements (F84.4) has been included
31,17,"in spite of its mixed nature, because evidence suggests that this may have"
31,18,considerable practical utility.
31,19,F90-F98 Behavioural and emotional disorders with
31,20,onset usually occurring in childhood and adolescence
31,21,Differences in international opinion about the broadness of the concept of
31,22,"hyper kinetic disorder have been a well-known problem for many years, and"
31,23,were discussed in detail at the meetings between WHO advisors and other
31,24,experts held under the auspices of the WHO-ADAMHA joint project.
31,25,Hyper kinetic disorder is now defined more broadly in ICD-10 than it was in
31,26,ICD-9. The ICD-10 definition is also different in the relative emphasis given
31,27,to the constituent symptoms of the overall hyperkinetic syndrome; since recent
31,28,"empirical research was used as the basis for the definition, there are good"
31,29,reasons for believing that the definition in ICD-10 represents a significant im-
31,30,provement.
31,31,Hyperkinetic conduct disorder (F90.1) is one of the few examples of a com-
31,32,"bination category remaining in ICD-10, Chapter"
31,33,V(F). The use of this diagnosis
31,34,18
32,1,NOTES ON SELECTED CATEGORIES
32,2,indicates that the criteria for both hyperkinetic disorder (F90. -) and conduct
32,3,disorder (F91. -) are fulfilled. These few exceptions to the general rule were
32,4,considered justified on the grounds of clinical convenience in view of the fre-
32,5,quent coexistence of those disorders and the demonstrated later importance
32,6,"of the mixed syndrome. However, in The ICD-10"
32,7,Classification of Mental
32,8,and Behavioural Disorders: Diagnostic criteria for research (DCR-10) it is rec-
32,9,"ommended that, for research purposes, individual cases in these categories"
32,10,"be described in terms of hyperactivity, emotional disturbance, and severity"
32,11,of conduct disorder (in addition to the combination category being used as
32,12,an overall diagnosis).
32,13,"Oppositional defiant disorder (F91.3) was not in ICD-9, but has been included"
32,14,in ICD-10 because of evidence of its predictive potential for later conduct
32,15,"problems. There is, however, a cautionary note recommending its use mainly"
32,16,for younger children.
32,17,The ICD-9 category 313 (disturbances of emotion specific to childhood and
32,18,"adolescence) has been developed into two separate categories for ICD-10,"
32,19,namely emotional disorders with onset specific to childhood (F93.-) and
32,20,disorders of social functioning with onset specific to childhood and adolescence
32,21,(F94. -). This is because of the continuing need for a differentiation between
32,22,children and adults with respect to various forms of morbid anxiety and related
32,23,emotions. The frequency with which emotional disorders in childhood are
32,24,"followed by no significant similar disorder in adult life, and the frequent onset"
32,25,of neurotic disorders in adults are clear indicators of this need. The key
32,26,defining criterion used in ICD-10 is the appropriateness to the developmental
32,27,"stage of the child of the emotion shown, plus an unusual degree of persistence"
32,28,"with disturbance of function. In other words, these childhood disorders are"
32,29,significant exaggerations of emotional states and reactions that are regarded
32,30,as normal for the age in question when occurring in only a mild form. If
32,31,"the content of the emotional state is unusual, or if it occurs at an unusual"
32,32,"age, the general categories elsewhere in the classification should be used."
32,33,"In spite of its name, the new category F94. - (disorders of social functioning"
32,34,with onset specific to childhood and adolescence) does not go against the general
32,35,rule for ICD-10 of not using interference with social roles as a diagnostic
32,36,criterion. The abnormalities of social functioning involved in F94. - are of
32,37,a limited number and contained within the parent - child relationship and the
32,38,immediate family; these relationships do not have the same connotations or
32,39,show the same cultural variations as those formed in the context of work or
32,40,"of providing for the family, which are excluded from use as diagnostic criteria."
32,41,19
33,1,MENTAL AND BEHAVIOURAL DISORDERS
33,2,"A number of categories that will be used frequently by child psychiatrists,"
33,3,"such as eating disorders (F50.-), nonorganic sleep disorders (F51.-), and"
33,4,"gender identity disorders (F64. -), are to be found in the general sections of"
33,5,the classifications because of their frequent onset and occurrence in adults
33,6,"as well as children. Nevertheless, clinical features specific to childhood were"
33,7,thought to justify the additional categories of feeding disorder of infancy (F98.2)
33,8,and pica of infancy and childhood (F98.3).
33,9,Users of blocks F80 - F89 and F90 - F98 also need to be aware of the contents
33,10,of the neurological chapter of ICD-10 (Chapter VI(G)). This contains syn-
33,11,"dromes with predominantly physical manifestations and clear ""organic"""
33,12,"etiology, of which the Kleine - Levin syndrome (G47.8) is of particular interest"
33,13,to child psychiatrists.
33,14,Unspecified mental disorder (F99)
33,15,"There are practical reasons why a category for the recording of ""unspecified"
33,16,"mental disorder"" is required in ICD-10, but the subdivision of the whole"
33,17,"of the classificatory space available for Chapter V(F) into 10 blocks, each"
33,18,"covering a specific area, posed a problem for this requirement. It was decided"
33,19,that the least unsatisfactory solution was to use the last category in the numerical
33,20,"order of the classification, i.e. F99."
33,21,Deletion of categories proposed for earlier drafts
33,22,of ICD-10
33,23,The process of consultation and reviews of the literature that preceded the
33,24,drafting of Chapter V(F) of ICD-10 resulted in numerous proposals for
33,25,changes. Decisions on whether to accept or reject proposals were influenced
33,26,by a number of factors. These included the results of the field tests of the
33,27,"classification, consultations with heads of WHO collaborative centres, results"
33,28,"of collaboration with nongovernmental organizations, advice from members"
33,29,"of WHO expert advisory panels, results of translations of the classification,"
33,30,and the constraints of the rules governing the structure of the ICD as a whole.
33,31,It was normally easy to reject proposals that were idiosyncratic and unsup-
33,32,"ported by evidence, and to accept others that were accompanied by sound"
33,33,"justification. Some proposals, although reasonable when considered in"
33,34,20
34,1,NOTES ON SELECTED CATEGORIES
34,2,"isolation, could not be accepted because of the implications that even minor"
34,3,changes to one part of the classification would have for other parts. Some
34,4,"other proposals had clear merit, but more research would be necessary before"
34,5,they could be considered for international use. A number of these proposals
34,6,included in early versions of the general classification were omitted from the
34,7,"final version, including ""accentuation of personality traits"" and ""hazardous"
34,8,"use of psychoactive substances"". It is hoped that research into the status and"
34,9,usefulness of these and other innovative categories will continue.
34,10,21
35,1,List of categories
35,2,F00-F09
35,3,"Organic, including symptomatic, mental disorders"
35,4,F00 Dementia in Alzheimer's disease
35,5,FOO.O Dementia in Alzheimer's disease with early onset
35,6,F00.1 Dementia in Alzheimer's disease with late onset
35,7,"F00.2 Dementia in Alzheimer's disease, atypical or mixed type"
35,8,"F00.9 Dementia in Alzheimer's disease, unspecified"
35,9,F01 Vascular dementia
35,10,F01.0 Vascular dementia of acute onset
35,11,F01.1 Multi-infarct dementia
35,12,F01.2 Subcortical vascular dementia
35,13,F01.3 Mixed cortical and subcortical vascular dementia
35,14,F01.8 Other vascular dementia
35,15,"FO 1.9 Vascular dementia, unspecified"
35,16,F02 Dementia in other diseases classified elsewhere
35,17,F02.0 Dementia in Pick's disease
35,18,F02.1 Dementia in Creutzfeldt - Jakob disease
35,19,F02.2 Dementia in Huntington's disease
35,20,F02.3 Dementia in Parkinson's disease
35,21,F02.4 Dementia in human immunodeficiency virus [HIV] disease
35,22,F02.8 Dementia in other specified diseases classified elsewhere
35,23,F03 Unspecified dementia
35,24,"A fifth character may be added to specify dementia in F00-F03, as follows:"
35,25,.xO Without additional symptoms
35,26,".xl Other symptoms, predominantly delusional"
35,27,".x2 Other symptoms, predominantly hallucinatory"
35,28,".x3 Other symptoms, predominantly depressive"
35,29,.x4 Other mixed symptoms
35,30,22
36,1,LIST OF CATEGORIES
36,2,"F04 Organic amnesic syndrome, not induced by alcohol and other"
36,3,psychoactive substances
36,4,"F05 Delirium, not induced by alcohol and other psychoactive"
36,5,substances
36,6,"F05.0 Delirium, not superimposed on dementia, so described"
36,7,"F05.1 Delirium, superimposed on dementia"
36,8,F05.8 Other delirium
36,9,"F05.9 Delirium, unspecified"
36,10,F06 Other mental disorders due to brain damage and dysfunction and
36,11,to physical disease
36,12,F06.0 Organic hallucinosis
36,13,F06.1 Organic catatonic disorder
36,14,F06.2 Organic delusional [schizophrenia-like] disorder
36,15,F06.3 Organic mood [affective] disorders
36,16,.30 Organic manic disorder
36,17,.31 Organic bipolar affective disorder
36,18,.32 Organic depressive disorder
36,19,.33 Organic mixed affective disorder
36,20,F06.4 Organic anxiety disorder
36,21,F06.5 Organic dissociative disorder
36,22,F06.6 Organic emotionally labile [asthenic] disorder
36,23,F06.7 Mild cognitive disorder
36,24,F06.8 Other specified mental disorders due to brain damage and dysfunc-
36,25,tion and to physical disease
36,26,F06.9 Unspecified mental disorder due to brain damage and dysfunction
36,27,and to physical disease
36,28,"F07 Personality and behavioural disorders due to brain disease, damage"
36,29,and dysfunction
36,30,F07.0 Organic personality disorder
36,31,F07.1 Postencephalitic syndrome
36,32,F07.2 Postconcussional syndrome
36,33,F07.8 Other organic personality and behavioural disorders due to brain
36,34,"disease, damage and dysfunction"
36,35,F07.9 Unspecified organic personality and behavioural disorder due to
36,36,"brain disease, damage and dysfunction"
36,37,F09 Unspecified organic or symptomatic mental disorder
36,38,23
37,1,MENTAL AND BEHAVIOURAL DISORDERS
37,2,F10-F19
37,3,Mental and behavioural disorders due to
37,4,psychoactive substance use
37,5,F10.- Mental and behavioural disorders due to use of alcohol
37,6,F11.- Mental and behavioural disorders due to use of opioids
37,7,F12.- Mental and behavioural disorders due to use of cannabinoids
37,8,F13.- Mental and behavioural disorders due to use of sedatives or
37,9,hypnotics
37,10,F14.- Mental and behavioural disorders due to use of cocaine
37,11,"F15. - Mental and behavioural disorders due to use of other stimulants,"
37,12,including caffeine
37,13,F16. - Mental and behavioural disorders due to use of hallucinogens
37,14,F17. - Mental and behavioural disorders due to use of tobacco
37,15,F18. - Mental and behavioural disorders due to use of volatile solvents
37,16,F19. - Mental and behavioural disorders due to multiple drug use and
37,17,use of other psychoactive substances
37,18,Four- and five-character categories may be used to specify the clinical
37,19,"conditions, as follows:"
37,20,Flx.O Acute intoxication
37,21,.00 Uncomplicated
37,22,.01 With trauma or other bodily injury
37,23,.02 With other medical complications
37,24,.03 With delirium
37,25,.04 With perceptual distortions
37,26,.05 With coma
37,27,.06 With convulsions
37,28,.07 Pathological intoxication
37,29,24
38,1,LIST OF CATEGORIES
38,2,Flx.l Harmful use
38,3,Flx.2 Dependence syndrome
38,4,.20 Currently abstinent
38,5,".21 Currently abstinent, but in a protected environment"
38,6,.22 Currently on a clinically supervised maintenance or replace-
38,7,ment regime [controlled dependence]
38,8,".23 Currently abstinent, but receiving treatment with aversive"
38,9,or blocking drugs
38,10,.24 Currently using the substance [active dependence]
38,11,.25 Continuous use
38,12,.26 Episodic use [dipsomania]
38,13,Fix.3 Withdrawal state
38,14,.30 Uncomplicated
38,15,.31 With convulsions
38,16,Flx.4 Withdrawal state with delirium
38,17,.40 Without convulsions
38,18,.41 With convulsions
38,19,Fix.5 Psychotic disorder
38,20,.50 Schizophrenia-like
38,21,.51 Predominantly delusional
38,22,.52 Predominantly hallucinatory
38,23,.53 Predominantly polymorphic
38,24,.54 Predominantly depressive symptoms
38,25,.55 Predominantly manic symptoms
38,26,.56 Mixed
38,27,Fix.6 Amnesic syndrome
38,28,Fix.7 Residual and late-onset psychotic disorder
38,29,.70 Flashbacks
38,30,.71 Personality or behaviour disorder
38,31,.72 Residual affective disorder
38,32,.73 Dementia
38,33,.74 Other persisting cognitive impairment
38,34,.75 Late-onset psychotic disorder
38,35,Fix.8 Other mental and behavioural disorders
38,36,Fix.9 Unspecified mental and behavioural disorder
38,37,25
39,1,MENTAL AND BEHAVIOURAL DISORDERS
39,2,F20-F29
39,3,"Schizophrenia, schizotypal and delusional disorders"
39,4,F20 Schizophrenia
39,5,F20.0 Paranoid schizophrenia
39,6,F20.1 Hebephrenic schizophrenia
39,7,F20.2 Catatonic schizophrenia
39,8,F20.3 Undifferentiated schizophrenia
39,9,F20.4 Post-schizophrenic depression
39,10,F20.5 Residual schizophrenia
39,11,F20.6 Simple schizophrenia
39,12,F20.8 Other schizophrenia
39,13,"F20.9 Schizophrenia, unspecified"
39,14,A fifth character may be used to classify course:
39,15,.xO Continuous
39,16,.xl Episodic with progressive deficit
39,17,",x2 Episodic with stable deficit"
39,18,.x3 Episodic remittent
39,19,.x4 Incomplete remission
39,20,.x5 Complete remission
39,21,.xS Other
39,22,",x9 Course uncertain, period of observation too short"
39,23,F21 Schizotypal disorder
39,24,F22 Persistent delusional disorders
39,25,F22.0 Delusional disorder
39,26,F22.8 Other persistent delusional disorders
39,27,"F22.9 Persistent delusional disorder, unspecified"
39,28,F23 Acute and transient psychotic disorders
39,29,F23.0 Acute polymorphic psychotic disorder without symptoms of
39,30,schizophrenia
39,31,F23.1 Acute polymorphic psychotic disorder with symptoms of
39,32,schizophrenia
39,33,F23.2 Acute schizophrenia-like psychotic disorder
39,34,F23.3 Other acute predominantly delusional psychotic disorders
39,35,F23.8 Other acute and transient psychotic disorders
39,36,F23.9 Acute and transient psychotic disorders unspecified
39,37,26
40,1,LIST OF CATEGORIES
40,2,A fifth character may be used to identify the presence or absence of associated
40,3,acute stress:
40,4,.;tO Without associated acute stress
40,5,.x\ With associated acute stress
40,6,F24 Induced delusional disorder
40,7,F25 Schizoaffective disorders
40,8,"F25.0 Schizoaffective disorder, manic type"
40,9,"F25.1 Schizoaffective disorder, depressive type"
40,10,"F25.2 Schizoaffective disorder, mixed type"
40,11,F25.8 Other schizoaffective disorders
40,12,"F25.9 Schizoaffective disorder, unspecified"
40,13,F28 Other nonorganic psychotic disorders
40,14,F29 Unspecified nonorganic psychosis
40,15,27
41,1,MENTAL AND BEHAVIOURAL DISORDERS
41,2,F30-F39
41,3,Mood [affective] disorders
41,4,F30 Manic episode
41,5,F30.0 Hypomania
41,6,F30.1 Mania without psychotic symptoms
41,7,F30.2 Mania with psychotic symptoms
41,8,F3O.8 Other manic episodes
41,9,"F30.9 Manic episode, unspecified"
41,10,F31 Bipolar affective disorder
41,11,"F31.0 Bipolar affective disorder, current episode hypomanic"
41,12,"F31.1 Bipolar affective disorder, current episode manic without psychotic"
41,13,symptoms
41,14,"F31.2 Bipolar affective disorder, current episode manic with psychotic"
41,15,symptoms
41,16,"F31.3 Bipolar affective disorder, current episode mild or moderate"
41,17,depression
41,18,.30 Without somatic syndrome
41,19,.31 With somatic syndrome
41,20,"F31.4 Bipolar affective disorder, current episode severe depression without"
41,21,psychotic symptoms
41,22,"F31.5 Bipolar affective disorder, current episode severe depression with"
41,23,psychotic symptoms
41,24,"F31.6 Bipolar affective disorder, current episode mixed"
41,25,"F31.7 Bipolar affective disorder, currently in remission"
41,26,F31.8 Other bipolar affective disorders
41,27,"F31.9 Bipolar affective disorder, unspecified"
41,28,F32 Depressive episode
41,29,F32.0 Mild depressive episode
41,30,.00 Without somatic syndrome
41,31,.01 With somatic syndrome
41,32,F32.1 Moderate depressive episode
41,33,.10 Without somatic syndrome
41,34,.11 With somatic syndrome
41,35,F32.2 Severe depressive episode without psychotic symptoms
41,36,F32.3 Severe depressive episode with psychotic symptoms
41,37,F32.8 Other depressive episodes
41,38,"F32.9 Depressive episode, unspecified"
41,39,28
42,1,LIST OF CATEGORIES
42,2,F33 Recurrent depressive disorder
42,3,"F33.O Recurrent depressive disorder, current episode mild"
42,4,.00 Without somatic syndrome
42,5,.01 With somatic syndrome
42,6,"F33.1 Recurrent depressive disorder, current episode moderate"
42,7,.10 Without somatic syndrome
42,8,.11 With somatic syndrome
42,9,"F33.2 Recurrent depressive disorder, current episode severe without"
42,10,psychotic symptoms
42,11,"F33.3 Recurrent depressive disorder, current episode severe with psychotic"
42,12,symptoms
42,13,"F33.4 Recurrent depressive disorder, currently in remission"
42,14,F33.8 Other recurrent depressive disorders
42,15,"F33.9 Recurrent depressive disorder, unspecified"
42,16,F34 Persistent mood [affective] disorders
42,17,F34.0 Cyclothymia
42,18,F34.1 Dysthymia
42,19,F34.8 Other persistent mood [affective] disorders
42,20,"F34.9 Persistent mood [affective] disorder, unspecified"
42,21,F38 Other mood [affective] disorders
42,22,F38.O Other single mood [affective] disorders
42,23,.00 Mixed affective episode
42,24,F38.1 Other recurrent mood [affective] disorders
42,25,.10 Recurrent brief depressive disorder
42,26,F38.8 Other specified mood [affective] disorders
42,27,F39 Unspecified mood [affective] disorder
42,28,29
43,1,MENTAL AND BEHAVIOURAL DISORDERS
43,2,F40-F48
43,3,"Neurotic, stress-related and somatoform disorders"
43,4,F40 Phobic anxiety disorders
43,5,F40.0 Agoraphobia
43,6,.00 Without panic disorder
43,7,.01 With panic disorder
43,8,F40.1 Social phobias
43,9,F40.2 Specific (isolated) phobias
43,10,F40.8 Other phobic anxiety disorders
43,11,"F40.9 Phobic anxiety disorder, unspecified"
43,12,F41 Other anxiety disorders
43,13,F41.0 Panic disorder [episodic paroxysmal anxiety]
43,14,F41.1 Generalized anxiety disorder
43,15,F41.2 Mixed anxiety and depressive disorder
43,16,F41.3 Other mixed anxiety disorders
43,17,F41.8 Other specified anxiety disorders
43,18,"F41.9 Anxiety disorder, unspecified"
43,19,F42 Obsessive - compulsive disorder
43,20,F42.0 Predominantly obsessional thoughts or ruminations
43,21,F42.1 Predominantly compulsive acts [obsessional rituals]
43,22,F42.2 Mixed obsessional thoughts and acts
43,23,F42.8 Other obsessive - compulsive disorders
43,24,"F42.9 Obsessive-compulsive disorder, unspecified"
43,25,"F43 Reaction to severe stress, and adjustment disorders"
43,26,F43.0 Acute stress reaction
43,27,F43.1 Post-traumatic stress disorder
43,28,F43.2 Adjustment disorders
43,29,.20 Brief depressive reaction
43,30,.21 Prolonged depressive reaction
43,31,.22 Mixed anxiety and depressive reaction
43,32,.23 With predominant disturbance of other emotions
43,33,.24 With predominant disturbance of conduct
43,34,.25 With mixed disturbance of emotions and conduct
43,35,.28 With other specified predominant symptoms
43,36,F43.8 Other reactions to severe stress
43,37,"F43.9 Reaction to severe stress, unspecified"
43,38,30
44,1,LIST OF CATEGORIES
44,2,F44 Dissociative [conversion] disorders
44,3,F44.0 Dissociative amnesia
44,4,F44.1 Dissociative fugue
44,5,F44.2 Dissociative stupor
44,6,F44.3 Trance and possession disorders
44,7,F44.4 Dissociative motor disorders
44,8,F44.5 Dissociative convulsions
44,9,F44.6 Dissociative anaesthesia and sensory loss
44,10,F44.7 Mixed dissociative [conversion] disorders
44,11,F44.8 Other dissociative [conversion] disorders
44,12,.80 Ganser's syndrome
44,13,.81 Multiple personality disorder
44,14,.82 Transient dissociative [conversion] disorders occurring in child-
44,15,hood and adolescence
44,16,.88 Other specified dissociative [conversion] disorders
44,17,"F44.9 Dissociative [conversion] disorder, unspecified"
44,18,F45 Somatoform disorders
44,19,F45.0 Somatization disorder
44,20,F45.1 Undifferentiated somatoform disorder
44,21,F45.2 Hypochondriacal disorder
44,22,F45.3 Somatoform autonomic dysfunction
44,23,.30 Heart and cardiovascular system
44,24,.31 Upper gastrointestinal tract
44,25,.32 Lower gastrointestinal tract
44,26,.33 Respiratory system
44,27,.34 Genitourinary system
44,28,.38 Other organ or system
44,29,F45.4 Persistent somatoform pain disorder
44,30,F45.8 Other somatoform disorders
44,31,"F45.9 Somatoform disorder, unspecified"
44,32,F48 Other neurotic disorders
44,33,F48.0 Neurasthenia
44,34,F48.1 Depersonalization- derealization syndrome
44,35,F48.8 Other specified neurotic disorders
44,36,"F48.9 Neurotic disorder, unspecified"
44,37,31
45,1,MENTAL AND BEHAVIOURAL DISORDERS
45,2,F50-F59
45,3,Behavioural syndromes associated with physiological
45,4,disturbances and physical factors
45,5,F50 Eating disorders
45,6,F50.0 Anorexia nervosa
45,7,F50.1 Atypical anorexia nervosa
45,8,F50.2 Bulimia nervosa
45,9,F5O.3 Atypical bulimia nervosa
45,10,F50.4 Overeating associated with other psychological disturbances
45,11,F5O.5 Vomiting associated with other psychological disturbances
45,12,F50.8 Other eating disorders
45,13,"F50.9 Eating disorder, unspecified"
45,14,F51 Nonorganic sleep disorders
45,15,F51.0 Nonorganic insomnia
45,16,F51.1 Nonorganic hypersomnia
45,17,F51.2 Nonorganic disorder of the sleep-wake schedule
45,18,F51.3 Sleepwalking [somnambulism]
45,19,F51.4 Sleep terrors [night terrors]
45,20,F51.5 Nightmares
45,21,F51.8 Other nonorganic sleep disorders
45,22,"F51.9 Nonorganic sleep disorder, unspecified"
45,23,"F52 Sexual dysfunction, not caused by organic disorder or disease"
45,24,F52.0 Lack or loss of sexual desire
45,25,F52.1 Sexual aversion and lack of sexual enjoyment
45,26,.10 Sexual aversion
45,27,.11 Lack of sexual enjoyment
45,28,F52.2 Failure of genital response
45,29,F52.3 Orgasmic dysfunction
45,30,F52.4 Premature ejaculation
45,31,F52.5 Nonorganic vaginismus
45,32,F52.6 Nonorganic dyspareunia
45,33,F52.7 Excessive sexual drive
45,34,"F52.8 Other sexual dysfunction, not caused by organic disorders or disease"
45,35,"F52.9 Unspecified sexual dysfunction, not caused by organic disorder"
45,36,or disease
45,37,32
46,1,LIST OF CATEGORIES
46,2,"F53 Mental and behavioural disorders associated with the puerperium,"
46,3,not elsewhere classified
46,4,F53.0 Mild mental and behavioural disorders associated with the
46,5,"puerperium, not elsewhere classified"
46,6,F53.1 Severe mental and behavioural disorders associated with the
46,7,"puerperium, not elsewhere classified"
46,8,F53.8 Other mental and behavioural disorders associated with the
46,9,"puerperium, not elsewhere classified"
46,10,"F53.9 Puerperal mental disorder, unspecified"
46,11,F54 Psychological and behavioural factors associated with disorders
46,12,or diseases classified elsewhere
46,13,F55 Abuse of non-dependence-producing substances
46,14,F55.0 Antidepressants
46,15,F55.1 Laxatives
46,16,F55.2 Analgesics
46,17,F55.3 Antacids
46,18,F55.4 Vitamins
46,19,F55.5 Steroids or hormones
46,20,F55.6 Specific herbal or folk remedies
46,21,F55.8 Other substances that do not produce dependence
46,22,F55.9 Unspecified
46,23,F59 Unspecified behavioural syndromes associated with physiological
46,24,disturbances and physical factors
46,25,33
47,1,MENTAL AND BEHAVIOURAL DISORDERS
47,2,F60-F69
47,3,Disorders of adult personality and behaviour
47,4,F60 Specific personality disorders
47,5,F60.0 Paranoid personality disorder
47,6,F60.1 Schizoid personality disorder
47,7,F60.2 Dissocial personality disorder
47,8,F60.3 Emotionally unstable personality disorder
47,9,.30 Impulsive type
47,10,.31 Borderline type
47,11,F60.4 Histrionic personality disorder
47,12,F60.5 Anankastic personality disorder
47,13,F60.6 Anxious [avoidant] personality disorder
47,14,F60.7 Dependent personality disorder
47,15,F60.8 Other specific personality disorders
47,16,"F60.9 Personality disorder, unspecified"
47,17,F61 Mixed and other personality disorders
47,18,F61.0 Mixed personality disorders
47,19,F61.1 Troublesome personality changes
47,20,"F62 Enduring personality changes, not attributable to brain damage"
47,21,and disease
47,22,F62.0 Enduring personality change after catastrophic experience
47,23,F62.1 Enduring personality change after psychiatric illness
47,24,F62.8 Other enduring personality changes
47,25,"F62.9 Enduring personality change, unspecified"
47,26,F63 Habit and impulse disorders
47,27,F63.0 Pathological gambling
47,28,F63.1 Pathological fire-setting [pyromania]
47,29,F63.2 Pathological stealing [kleptomania]
47,30,F63.3 Trichotillomania
47,31,F63.8 Other habit and impulse disorders
47,32,"F63.9 Habit and impulse disorder, unspecified"
47,33,F64 Gender identity disorders
47,34,F64.0 Transsexualism
47,35,F64.1 Dual-role transvestism
47,36,F64.2 Gender identity disorder of childhood
47,37,34
48,1,LIST OF CATEGORIES
48,2,F64.8 Other gender identity disorders
48,3,"F64.9 Gender identity disorder, unspecified"
48,4,F65 Disorders of sexual preference
48,5,F65.0 Fetishism
48,6,F65.1 Fetishistic transvestism
48,7,F65.2 Exhibitionism
48,8,F65.3 Voyeurism
48,9,F65.4 Paedophilia
48,10,F65.5 Sadomasochism
48,11,F65.6 Multiple disorders of sexual preference
48,12,F65.8 Other disorders of sexual preference
48,13,"F65.9 Disorder of sexual preference, unspecified"
48,14,F66 Psychological and behavioural disorders associated with sexual
48,15,development and orientation
48,16,F66.0 Sexual maturation disorder
48,17,F66.1 Egodystonic sexual orientation
48,18,F66.2 Sexual relationship disorder
48,19,F66.8 Other psychosexual development disorders
48,20,"F66.9 Psychosexual development disorder, unspecified"
48,21,A fifth character may be used to indicate association with:
48,22,.xO Heterosexuality
48,23,.xl Homosexuality
48,24,",xl Bisexuality"
48,25,".x$ Other, including prepubertal"
48,26,F68 Other disorders of adult personality and behaviour
48,27,F68.0 Elaboration of physical symptoms for psychological reasons
48,28,"F68.1 Intentional production or feigning of symptoms or disabilities,"
48,29,either physical or psychological [factitious disorder]
48,30,F68.8 Other specified disorders of adult personality and behaviour
48,31,F69 Unspecified disorder of adult personality and behaviour
48,32,35
49,1,MENTAL AND BEHAVIOURAL DISORDERS
49,2,F70-F79
49,3,Mental retardation
49,4,F70 Mild mental retardation
49,5,F71 Moderate mental retardation
49,6,F72 Severe mental retardation
49,7,F73 Profound mental retardation
49,8,F78 Other mental retardation
49,9,F79 Unspecified mental retardation
49,10,A fourth character may be used to specify the extent of associated behaviowal
49,11,impairment:
49,12,"Flx.O No, or minimal, impairment of behaviour"
49,13,Fix. 1 Significant impairment of behaviour requiring attention or treatment
49,14,F7x.8 Other impairments of behaviour
49,15,Fix.9 Without mention of impairment of behaviour
49,16,36
50,1,LIST OF CATEGORIES
50,2,F80-F89
50,3,Disorders of psychological development
50,4,F80 Specific developmental disorders of speech and language
50,5,F80.0 Specific speech articulation disorder
50,6,F80.1 Expressive language disorder
50,7,F80.2 Receptive language disorder
50,8,F8O.3 Acquired aphasia with epilepsy [Landau - Kieffner syndrome]
50,9,F80.8 Other developmental disorders of speech and language
50,10,"F80.9 Developmental disorder of speech and language, unspecified"
50,11,F81 Specific developmental disorders of scholastic skills
50,12,F81.0 Specific reading disorder
50,13,F81.1 Specific spelling disorder
50,14,F81.2 Specific disorder of arithmetical skills
50,15,F81.3 Mixed disorder of scholastic skills
50,16,F81.8 Other developmental disorders of scholastic skills
50,17,"F81.9 Developmental disorder of scholastic skills, unspecified"
50,18,F82 Specific developmental disorder of motor function
50,19,F83 Mixed specific developmental disorders
50,20,F84 Pervasive developmental disorders
50,21,F84.0 Childhood autism
50,22,F84.1 Atypical autism
50,23,F84.2 Rett's syndrome
50,24,F84.3 Other childhood disintegrative disorder
50,25,F84.4 Over active disorder associated with mental retardation and
50,26,stereotyped movements
50,27,F84.5 Asperger's syndrome
50,28,F84.8 Other pervasive developmental disorders
50,29,"F84.9 Pervasive developmental disorder, unspecified"
50,30,F88 Other disorders of psychological development
50,31,F89 Unspecified disorder of psychological development
50,32,37
51,1,MENTAL AND BEHAVIOURAL DISORDERS
51,2,F90-F98
51,3,Behavioural and emotional disorders with onset
51,4,usually occurring in childhood and adolescence
51,5,F90 Hyperkinetic disorders
51,6,F90.0 Disturbance of activity and attention
51,7,F90.1 Hyperkinetic conduct disorder
51,8,F90.8 Other hyperkinetic disorders
51,9,"F90.9 Hyperkinetic disorder, unspecified"
51,10,F91 Conduct disorders
51,11,F91.0 Conduct disorder confined to the family context
51,12,F91.1 Unsocialized conduct disorder
51,13,F91.2 Socialized conduct disorder
51,14,F91.3 Oppositional defiant disorder
51,15,F91.8 Other conduct disorders
51,16,"F91.9 Conduct disorder, unspecified"
51,17,F92 Mixed disorders of conduct and emotions
51,18,F92.0 Depressive conduct disorder
51,19,F92.8 Other mixed disorders of conduct and emotions
51,20,"F92.9 Mixed disorder of conduct and emotions, unspecified"
51,21,F93 Emotional disorders with onset specific to childhood
51,22,F93.0 Separation anxiety disorder of childhood
51,23,F93.1 Phobic anxiety disorder of childhood
51,24,F93.2 Social anxiety disorder of childhood
51,25,F93.3 Sibling rivalry disorder
51,26,F93.8 Other childhood emotional disorders
51,27,"F93.9 Childhood emotional disorder, unspecified"
51,28,F94 Disorders of social functioning with onset specific to childhood
51,29,and adolescence
51,30,F94.0 Elective mutism
51,31,F94.1 Reactive attachment disorder of childhood
51,32,F94.2 Disinhibited attachment disorder of childhood
51,33,F94.8 Other childhood disorders of social functioning
51,34,"F94.9 Childhood disorders of social functioning, unspecified"
51,35,38
52,1,LIST OF CATEGORIES
52,2,F95 Tic disorders
52,3,F95.0 Transient tic disorder
52,4,F95.1 Chronic motor or vocal tic disorder
52,5,F95.2 Combined vocal and multiple motor tic disorder [de la Tourette's
52,6,syndrome]
52,7,F95.8 Other tic disorders
52,8,"F95.9 Tic disorder, unspecified"
52,9,F98 Other behavioural and emotional disorders with onset usually
52,10,occurring in childhood and adolescence
52,11,F98.0 Nonorganic enuresis
52,12,F98.1 Nonorganic encopresis
52,13,F98.2 Feeding disorder of infancy and childhood
52,14,F98.3 Pica of infancy and childhood
52,15,F98.4 Stereotyped movement disorders
52,16,F98.5 Stuttering [stammering]
52,17,F98.6 Cluttering
52,18,F98.8 Other specified behavioural and emotional disorders with onset
52,19,usually occurring in childhood and adolescence
52,20,F98.9 Unspecified behavioural and emotional disorders with onset usually
52,21,occurring in childhood and adolescence
52,22,39
53,1,MENTAL AND BEHAVIOURAL DISORDERS
53,2,F99
53,3,Unspecified mental disorder
53,4,"F99 Mental disorder, not otherwise specified"
53,5,40
54,1,Clinical descriptions
54,2,and
54,3,diagnostic guidelines
55,1,MENTAL AND BEHAVIOURAL DISORDERS
55,2,F00-F09
55,3,"Organic, including symptomatic, mental disorders"
55,4,Overview of this block
55,5,F00 Dementia in Alzheimer's disease
55,6,FOO.O Dementia in Alzheimer's disease with early onset
55,7,F00.1 Dementia in Alzheimer's disease with late onset
55,8,"F00.2 Dementia in Alzheimer's disease, atypical or mixed type"
55,9,"F00.9 Dementia in Alzheimer's disease, unspecified"
55,10,F01 Vascular dementia
55,11,F01.0 Vascular dementia of acute onset
55,12,F01.1 Multi-infarct dementia
55,13,F01.2 Subcortical vascular dementia
55,14,F01.3 Mixed cortical and subcortical vascular dementia
55,15,F01.8 Other vascular dementia
55,16,"F01.9 Vascular dementia, unspecified"
55,17,F02 Dementia in other diseases classified elsewhere
55,18,F02.0 Dementia in Pick's disease
55,19,F02.1 Dementia in Creutzfeldt - Jakob disease
55,20,F02.2 Dementia in Huntington's disease
55,21,F02.3 Dementia in Parkinson's disease
55,22,F02.4 Dementia in human immunodeficiency virus [HIV] disease
55,23,F02.8 Dementia in other specified diseases classified elsewhere
55,24,F03 Unspecified dementia
55,25,"A fifth character may be used to specifiy dementia in F00-F03, as follows:"
55,26,.xO Without additional symptoms
55,27,".xl Other symptoms, predominantly delusional"
55,28,".x2 Other symptoms, predominantly hallucinatory"
55,29,".x3 Other symptoms, predominantly depressive"
55,30,",x4 Other mixed symptoms"
55,31,"F04 Organic amnesic syndrome, not induced by alcohol and other psycho-"
55,32,active substances
55,33,42
56,1,F00-F09 ORGANIC MENTAL DISORDERS
56,2,"F05 Delirium, not induced by alcohol and other psychoactive substances"
56,3,"F05.0 Delirium, not superimposed on dementia, so described"
56,4,"F05.1 Delirium, superimposed on dementia"
56,5,F05.8 Other delirium
56,6,"F05.9 Delirium, unspecified"
56,7,F06 Other mental disorders due to brain damage and dysfunction and to
56,8,physical disease
56,9,F06.0 Organic hallucinosis
56,10,F06.1 Organic catatonic disorder
56,11,F06.2 Organic delusional [schizophrenia-like] disorder
56,12,F06.3 Organic mood [affective] disorders
56,13,.30 Organic manic disorder
56,14,.31 Organic bipolar affective disorder
56,15,.32 Organic depressive disorder
56,16,.33 Organic mixed affective disorder
56,17,F06.4 Organic anxiety disorder
56,18,F06.5 Organic dissociative disorder
56,19,F06.6 Organic emotionally labile [asthenic] disorder
56,20,F06.7 Mild cognitive disorder
56,21,F06.8 Other specified mental disorders due to brain damage and
56,22,dysfunction and to physical disease
56,23,F06.9 Unspecified mental disorder due to brain damage and dysfunction
56,24,and to physical disease
56,25,"F07 Personality and behavioural disorders due to brain disease, damage and"
56,26,dysfunction
56,27,F07.0 Organic personality disorder
56,28,F07.1 Postencephalitic syndrome
56,29,F07.2 Postconcussional syndrome
56,30,F07.8 Other organic personality and behavioural disorders due to brain
56,31,"disease, damage and dysfunction"
56,32,F07.9 Unspecified organic personality and behavioural disorders due to
56,33,"brain disease, damage and dysfunction"
56,34,F09 Unspecified organic or symptomatic mental disorder
56,35,43
57,1,MENTAL AND BEHAVIOURAL DISORDERS
57,2,Introduction
57,3,This block comprises a range of mental disorders grouped together on the
57,4,"basis of their common, demonstrable etiology in cerebral disease, brain injury,"
57,5,"or other insult leading to cerebral dysfunction. The dysfunction may be primary,"
57,6,"as in diseases, injuries, and insults that affect the brain directly or with predilec-"
57,7,"tion; or secondary, as in systemic diseases and disorders that attack the brain"
57,8,only as one of the multiple organs or systems of the body involved. Alcohol-
57,9,"and drug-caused brain disorders, though logically belonging to this group,"
57,10,are classified under F10-F19 because of practical advantages in keeping all
57,11,disorders due to psychoactive substance use in a single block.
57,12,Although the spectrum of psychopathological manifestations of the conditions
57,13,"included here is broad, the essential features of the disorders form two main"
57,14,"clusters. On the one hand, there are syndromes in which the invariable and"
57,15,"most prominent features are either disturbances of cognitive functions, such"
57,16,"as memory, intellect, and learning, or disturbances of the sensorium, such"
57,17,"as disorders of consciousness and attention. On the other hand, there are"
57,18,syndromes of which the most conspicuous manifestations are in the areas
57,19,"of perception (hallucinations), thought contents (delusions), or mood and"
57,20,"emotion (depression, elation, anxiety), or in the overall pattern of personality"
57,21,"and behaviour, while cognitive or sensory dysfunction is minimal or difficult"
57,22,to ascerta in. The latter group of disorders has less secure footing in this block
57,23,than the former because it contains many disorders that are symptomatically
57,24,similar to conditions classified in other blocks
57,25,"(F20 - F29, F30 - F39, F40 - F49,"
57,26,F60 - F69) and are known to occur without gross cerebral pathological change
57,27,"or dysfunction. However, the growing evidence that a variety of cerebral and"
57,28,systemic diseases are causally related to the occurrence of such syndromes pro-
57,29,vides sufficient justification for their inclusion here in a clinically oriented
57,30,classification.
57,31,"The majority of the disorders in this block can, at least theoretically, have"
57,32,"their onset at any age, except perhaps early childhood. In practice, most tend"
57,33,to start in adult life or old age. While some of these disorders are seemingly
57,34,"irreversible and progressive, others are transient or respond to currently available"
57,35,treatments.
57,36,"Use of the term ""organic"" does not imply that conditions elsewhere in this"
57,37,"classification are ""nonorganic"" in the sense of having no cerebral substrate."
57,38,"In the present context, the term ""organic"" means simply that the syndrome"
57,39,so classified can be attributed to an independently diagnosable cerebral or
57,40,44
58,1,F00-F09 ORGANIC MENTAL DISORDERS
58,2,"systemic disease or disorder. The term ""symptomatic"" is used for those organic"
58,3,mental disorders in which cerebral involvement is secondary to a systemic
58,4,extracerebral disease or disorder.
58,5,"It follows from the foregoing that, in the majority of cases, the recording"
58,6,of a diagnosis of any one of the disorders in this block will require the use
58,7,of two codes: one for the psychopathological syndrome and another for the
58,8,underlying disorder. The etiological code should be selected from the relevant
58,9,chapter of the overall ICD-10 classification.
58,10,Dementia
58,11,"A general description of dementia is given here, to indicate the minimum"
58,12,"requirement for the diagnosis of dementia of any type, and is followed by"
58,13,the criteria that govern the diagnosis of more specific types.
58,14,"Dementia is a syndrome due to disease of the brain, usually of a chronic or"
58,15,"progressive nature, in which there is disturbance of multiple higher cortical"
58,16,"functions, including memory, thinking, orientation, comprehension, cal-"
58,17,"culation, learning capacity, language, and judgement. Consciousness is not"
58,18,"clouded. Impairments of cognitive function are commonly accompanied,"
58,19,"and occasionally preceded, by deterioration in emotional control, social"
58,20,"behaviour, or motivation. This syndrome occurs in Alzheimer's disease, in"
58,21,"cerebrovascular disease, and in other conditions primarily or secondarily"
58,22,affecting the brain.
58,23,"In assessing the presence or absence of a dementia, special care should be"
58,24,"taken to avoid false-positive identification: motivational or emotional factors,"
58,25,"particularly depression, in addition to motor slowness and general physical"
58,26,"frailty, rather than loss of intellectual capacity, may account for failure to"
58,27,perform.
58,28,"Dementia produces an appreciable decline in intellectual functioning, and usually"
58,29,"some interference with personal activities of daily living, such as washing, dress-"
58,30,"ing, eating, personal hygiene, excretory and toilet activities. How such a decline"
58,31,manifests itself will depend largely on the social and cultural setting in which
58,32,"the patient lives. Changes in role performance, such as lowered ability to keep"
58,33,"or find a job, should not be used as criteria of dementia because of the large"
58,34,"cross-cultural differences that exist in what is appropriate, and because there"
58,35,"may be frequent, externally imposed changes in the availability of work within"
58,36,a particular culture.
58,37,45
59,1,MENTAL AND BEHAVIOURAL DISORDERS
59,2,If depressive symptoms are present but the criteria for depressive episode
59,3,"(F32.0-F32.3) are not fulfilled, they can be recorded by means of a fifth"
59,4,character. The presence of hallucinations or delusions may be treated similarly.
59,5,.xO Without additional symptoms
59,6,",x\ Other symptoms, predominantly delusional"
59,7,".x2 Other symptoms, predominantly hallucinatory"
59,8,".x3 Other symptoms, predominantly depressive"
59,9,.x4 Other mixed symptoms
59,10,Diagnostic guidelines
59,11,The primary requirement for diagnosis is evidence of a decline in both memory
59,12,"and thinking which is sufficient to impair personal activities of daily living,"
59,13,as described above. The impairment of memory typically affects the registra-
59,14,"tion, storage, and retrieval of new information, but previously learned and"
59,15,"familiar material may also be lost, particularly in the later stages. Dementia"
59,16,is more than dysmnesia: there is also impairment of thinking and of reasoning
59,17,"capacity, and a reduction in the flow of ideas. The processing of incoming"
59,18,"information is impaired, in that the individual finds it increasingly difficult"
59,19,"to attend to more than one stimulus at a time, such as taking part in a conver-"
59,20,"sation with several persons, and to shift the focus of attention from one topic"
59,21,"to another. If dementia is the sole diagnosis, evidence of clear consciousness"
59,22,"is required. However, a double diagnosis of delirium superimposed upon"
59,23,dementia is common (F05.1). The above symptoms and impairments should
59,24,have been evident for at least 6 months for a confident clinical diagnosis of
59,25,dementia to be made.
59,26,"Differential diagnosis. Consider: a depressive disorder (F30-F39), which"
59,27,"may exhibit many of the features of an early dementia, especially memory"
59,28,"impairment, slowed thinking, and lack of spontaneity; delirium (F05); mild"
59,29,or moderate mental retardation (F70-F71); states of subnormal cognitive
59,30,functioning attributable to a severely impoverished social environment and
59,31,limited education; iatrogenic mental disorders due to medication (F06.-).
59,32,"Dementia may follow any other organic mental disorder classified in this block,"
59,33,"or coexist with some of them, notably delirium (see F05.1)."
59,34,46
60,1,F00-F09 ORGANIC MENTAL DISORDERS
60,2,•ami Dementia in Alzheimer's disease
60,3,Alzheimer's disease is a primary degenerative cerebral disease of
60,4,"unknown etiology, with characteristic neuropathological and"
60,5,neurochemical features. It is usually insidious in onset and develops
60,6,slowly but steadily over a period of years. This period can be as
60,7,"short as 2 or 3 years, but can occasionally be considerably longer."
60,8,The onset can be in middle adult life or even earlier (Alzheimer's
60,9,"disease with early onset), but the incidence is higher in later life"
60,10,(Alzheimer's disease with late onset). In cases with onset before the
60,11,"age of 65 - 70, there is the likelihood of a family history of a similar"
60,12,"dementia, a more rapid course, and prominence of features of tem-"
60,13,"poral and parietal lobe damage, including dysphasia or dyspraxia."
60,14,"In cases with a later onset, the course tends to be slower and to be"
60,15,characterized by more general impairment of higher cortical func-
60,16,tions. Patients with Down's syndrome are at high risk of developing
60,17,Alzheimer's disease.
60,18,There are characteristic changes in the brain: a marked reduction
60,19,"in the population of neurons, particularly in the hippocampus,"
60,20,"substantia innominata, locus ceruleus, and temporoparietal and fron-"
60,21,tal cortex; appearance of neurofibrillary tangles made of paired helical
60,22,"filaments; neuritic (argentophil) plaques, which consist largely of"
60,23,amyloid and show a definite progression in their development
60,24,(although plaques without amyloid are also known to exist); and
60,25,granulovacuolar bodies. Neurochemical changes have also been
60,26,"found, including a marked reduction in the enzyme choline acetyl-"
60,27,"transferase, in acetylcholine itself, and in other neurotransmitters"
60,28,and neuromodulators.
60,29,"As originally described, the clinical features are accompanied by the"
60,30,"above brain changes. However, it now appears that the two do not"
60,31,always progress in parallel: one may be indisputably present with
60,32,"only minimal evidence of the other. Nevertheless, the clinical features"
60,33,of Alzheimer's disease are such that it is often possible to make a
60,34,presumptive diagnosis on clinical grounds alone.
60,35,Dementia in Alzheimer's disease is at present irreversible.
60,36,47
61,1,MENTAL AND BEHAVIOURAL DISORDERS
61,2,Diagnostic guidelines
61,3,The following features are essential for a definite diagnosis:
61,4,(a) Presence of a dementia as described above.
61,5,(b) Insidious onset with slow deterioration. While the onset usually
61,6,"seems difficult to pinpoint in time, realization by others that"
61,7,the defects exist may come suddenly. An apparent plateau may
61,8,occur in the progression.
61,9,"(c) Absence of clinical evidence, or findings from special investiga-"
61,10,"tions, to suggest that the mental state may be due to other systemic"
61,11,or brain disease which can induce a dementia (e.g. hypo-
61,12,"thyroidism, hypercalcaemia, vitamin B 12 deficiency, niacin"
61,13,"deficiency, neurosyphilis, normal pressure hydrocephalus, or"
61,14,subdural haematoma).
61,15,"(d) Absence of a sudden, apoplectic onset, or of neurological signs"
61,16,"of focal damage such as hemiparesis, sensory loss, visual field"
61,17,"defects, and incoordination occurring early in the illness (although"
61,18,these phenomena may be superimposed later).
61,19,"In a certain proportion of cases, the features of Alzheimer's disease"
61,20,"and vascular dementia may both be present. In such cases, double"
61,21,diagnosis (and coding) should be made. When the vascular dementia
61,22,"precedes the Alzheimer's disease, it may be impossible to diagnose"
61,23,the latter on clinical grounds.
61,24,Includes: primary degenerative dementia of the Alzheimer's type
61,25,Differential diagnosis. Consider: a depressive disorder (F30 - F39);
61,26,delirium (F05. -); organic amnesic syndrome (F04); other primary
61,27,"dementias, such as in Pick's, Creutzfeldt-Jakob or Huntington's"
61,28,disease (F02. -); secondary dementias associated with a variety of
61,29,"physical diseases, toxic states, etc. (F02.8); mild, moderate or severe"
61,30,mental retardation (F70 - F72).
61,31,Dementia in Alzheimer's disease may coexist with vascular dementia
61,32,"(to be coded F00.2), as when cerebrovascular episodes (multi-infarct"
61,33,phenomena) are superimposed on a clinical picture and history
61,34,suggesting Alzheimer's disease. Such episodes may result in sudden
61,35,exacerbations of the manifestations of dementia. According to
61,36,"postmortem findings, both types may coexist in as many as"
61,37,10 - 15%
61,38,of all dementia cases.
61,39,48
62,1,F00-F09 ORGANIC MENTAL DISORDERS
62,2,FOO.O Dementia in Alzheimer's disease with early onset
62,3,Dementia in Alzheimer's disease beginning before the age of 65. There
62,4,"is relatively rapid deterioration, with marked multiple disorders of"
62,5,"the higher cortical functions. Aphasia, agraphia, alexia, and apraxia"
62,6,occur relatively early in the course of the dementia in most cases.
62,7,Diagnostic guidelines
62,8,"As for dementia, described above, with onset before the age of"
62,9,"65 years, and usually with rapid progression of symptoms. Family"
62,10,history of Alzheimer's disease is a contributory but not necessary
62,11,"factor for the diagnosis, as is a family history of Down's syndrome"
62,12,or of lymphoma.
62,13,"Includes: Alzheimer's disease, type 2"
62,14,"presenile dementia, Alzheimer's type"
62,15,F00.1 Dementia in Alzheimer's disease with late onset
62,16,Dementia in Alzheimer's disease where the clinically observable onset
62,17,"is after the age of 65 years and usually in the late 70s or thereafter,"
62,18,"with a slow progression, and usually with memory impairment as"
62,19,the principal feature.
62,20,Diagnostic guidelines
62,21,"As for dementia, described above, with attention to the presence"
62,22,or absence of features differentiating the disorder from the early-
62,23,onset subtype (FOO.O).
62,24,"Includes: Alzheimer's disease, type 1"
62,25,"senile dementia, Alzheimer's type"
62,26,"F00.2 Dementia in Alzheimer's disease, atypical or mixed type"
62,27,Dementias that do not fit the descriptions and guidelines for either
62,28,FOO.O or F00.1 should be classified here; mixed Alzheimer's and
62,29,vascular dementias are also included here.
62,30,"F00.9 Dementia in Alzheimer's disease, unspecified"
62,31,49
63,1,MENTAL AND BEHAVIOURAL DISORDERS
63,2,|gifj| Vascular dementia
63,3,"Vascular (formerly arteriosclerotic) dementia, which includes multi-"
63,4,"infarct dementia, is distinguished from dementia in Alzheimer's"
63,5,"disease by its history of onset, clinical features, and subsequent course."
63,6,"Typically, there is a history of transient ischaemic attacks with brief"
63,7,"impairment of consciousness, fleeting pareses, or visual loss. The"
63,8,dementia may also follow a succession of acute cerebrovascular
63,9,"accidents or, less commonly, a single major stroke. Some impair-"
63,10,"ment of memory and thinking then becomes apparent. Onset, which"
63,11,"is usually in later life, can be abrupt, following one particular"
63,12,"ischaemic episode, or there may be more gradual emergence. The"
63,13,dementia
63,14,is usually the result of infarction of the brain due to vascular
63,15,"diseases, including hypertensive cerebrovascular disease. The infarcts"
63,16,are usually small but cumulative in their effect.
63,17,Diagnostic guidelines
63,18,The diagnosis presupposes the presence of a dementia as described
63,19,"above. Impairment of cognitive function is commonly uneven, so"
63,20,"that there may be memory loss, intellectual impairment, and focal"
63,21,neurological signs. Insight and judgement may be relatively well
63,22,"preserved. An abrupt onset or a stepwise deterioration, as well as"
63,23,"the presence of focal neurological signs and symptoms, increases the"
63,24,"probability of the diagnosis; in some cases, confirmation can be"
63,25,"provided only by computerized axial tomography or, ultimately,"
63,26,neuropathological examination.
63,27,"Associated features are: hypertension, carotid bruit, emotional lability"
63,28,"with transient depressive mood, weeping or explosive laughter, and"
63,29,"transient episodes of clouded consciousness or delirium, often pro-"
63,30,voked by further infarction. Personality is believed to be relatively
63,31,"well preserved, but personality changes may be evident in a propor-"
63,32,"tion of cases with apathy, disinhibition, or accentuation of previous"
63,33,"traits such as egocentricity, paranoid attitudes, or irritability."
63,34,Includes: arteriosclerotic dementia
63,35,Differential
63,36,"diagnosis. Consider: delirium (F05. -); other dementia,"
63,37,particularly in Alzheimer's disease (F00. -); mood [affective] disorders
63,38,(F30-F39); mild or moderate mental retardation (F70-F71); sub-
63,39,"dural haemorrhage (traumatic (S06.5), nontraumatic (162.0))."
63,40,50
64,1,F00-F09 ORGANIC MENTAL DISORDERS
64,2,Vascular dementia may coexist with dementia in Alzheimer's disease
64,3,"(to be coded F00.2), as when evidence of a vascular episode is superim-"
64,4,posed on a clinical picture and history suggesting Alzheimer's disease.
64,5,F01.0 Vascular dementia of acute onset
64,6,Usually develops rapidly after a succession of strokes from
64,7,"cerebrovascular thrombosis, embolism, or haemorrhage. In rare cases,"
64,8,a single large infarction may be the cause.
64,9,F01.1 Multi-infarct dementia
64,10,"This is more gradual in onset than the acute form, following a number"
64,11,of minor ischaemic episodes which produce an accumulation of in-
64,12,farcts in the cerebral parenchyma.
64,13,Includes: predominantly cortical dementia
64,14,F01.2 Subcortical vascular dementia
64,15,There may be a history of hypertension and foci of ischaemic destruc-
64,16,"tion in the deep white matter of the cerebral hemispheres, which can"
64,17,be suspected on clinical grounds and demonstrated on computerized
64,18,axial tomography scans. The cerebral cortex is usually preserved and
64,19,"this contrasts with the clinical picture, which may closely resemble"
64,20,that of dementia in Alzheimer's disease. (Where diffuse demyelination
64,21,"of white matter can be demonstrated, the term ""Binswanger's"
64,22,"encephalopathy"" may be used.)"
64,23,F01.3 Mixed cortical and subcortical vascular dementia
64,24,Mixed cortical and subcortical components of the vascular dementia
64,25,"may be suspected from the clinical features, the results of investiga-"
64,26,"tions (including autopsy), or both."
64,27,F01.8 Other vascular dementia
64,28,"F01.9 Vascular dementia, unspecified"
64,29,|gi£| Dementia in other diseases classified elsewhere
64,30,"Cases of dementia due, or presumed to be due, to causes other than"
64,31,Alzheimer's disease or cerebrovascular disease. Onset may be at any
64,32,"time in life, though rarely in old age."
64,33,51
65,1,MENTAL AND BEHAVIOURAL DISORDERS
65,2,Diagnostic guidelines
65,3,Presence of a dementia as described above; presence of features
65,4,"characteristic of one of the specified syndromes, as set out in the"
65,5,following categories.
65,6,F02.0 Dementia in Pick's disease
65,7,"A progressive dementia, commencing in middle life (usually between"
65,8,"50 and 60 years), characterized by slowly progressing changes of"
65,9,"character and social deterioration, followed by impairment of"
65,10,"intellect, memory, and language functions, with apathy, euphoria,"
65,11,and (occasionally) extrapyramidal phenomena. The neuropathological
65,12,"picture is one of selective atrophy of the frontal and temporal lobes,"
65,13,but without the occurrence of neuritic plaques and neurofibrillary
65,14,tangles in excess of that seen in normal aging. Cases with early onset
65,15,tend to exhibit a more malignant course. The social and behavioural
65,16,manifestations often precede frank memory impairment.
65,17,Diagnostic guidelines
65,18,The following features are required for a definite diagnosis:
65,19,(a) a progressive dementia;
65,20,"(b) a predominance of frontal lobe features with euphoria, emotional"
65,21,"blunting, and coarsening of social behaviour, disinhibition, and"
65,22,either apathy or restlessness;
65,23,"(c) behavioural manifestations, which commonly precede frank"
65,24,memory impairment.
65,25,"Frontal lobe features are more marked than temporal and parietal,"
65,26,unlike Alzheimer's disease.
65,27,Differential
65,28,diagnosis. Consider: dementia in Alzheimer's disease
65,29,(F00); vascular dementia (F01); dementia secondary to other disorders
65,30,such as neurosyphilis (F02.8); normal pressure hydrocephalus
65,31,"(characterized by extreme psychomotor slowing, and gait and sphincter"
65,32,disturbances) (G91.2); other neurological or metabolic disorders.
65,33,F02.1 Dementia in Creutzfeldt - Jakob disease
65,34,"A progressive dementia with extensive neurological signs, due to"
65,35,specific neuropathological changes (subacute spongiform
65,36,encephalopathy) that are presumed to be caused by a transmissible
65,37,"agent. Onset is usually in middle or later life, typically in the fifth"
65,38,52
66,1,F00-F09 ORGANIC MENTAL DISORDERS
66,2,"decade, but may be at any adult age. The course is subacute, leading"
66,3,to death within 1-2 years.
66,4,Diagnostic guidelines
66,5,Creutzfeldt - Jakob disease should be suspected in all cases of a
66,6,dementia that progresses fairly rapidly over months to 1 or 2 years
66,7,and that is accompanied or followed by multiple neurological
66,8,"symptoms. In some cases, such as the so-called amyotrophic form,"
66,9,the neurological signs may precede the onset of the dementia.
66,10,"There is usually a progressive spastic paralysis of the limbs, accom-"
66,11,"panied by extrapyramidal signs with tremor, rigidity, and"
66,12,"choreoathetoid movements. Other variants may include ataxia, visual"
66,13,"failure, or muscle fibrillation and atrophy of the upper motor neuron"
66,14,type. The triad consisting of
66,15,"— rapidly progressing, devastating dementia,"
66,16,"— pyramidal and extrapyramidal disease with myoclonus, and"
66,17,— a characteristic (triphasic) electroencephalogram
66,18,is thought to be highly suggestive of this disease.
66,19,Differential diagnosis. Consider: Alzheimer's disease (F00.-) or
66,20,Pick's disease (F02.0); Parkinson's disease (F02.3); postencephalitic
66,21,parkinsonism (G21.3).
66,22,The rapid course and early motor involvement should suggest
66,23,Creutzfeldt - Jakob disease.
66,24,F02.2 Dementia in Huntington's disease
66,25,A dementia occurring as part of a widespread degeneration of the
66,26,brain. Huntington's disease is transmitted by a single autosomal
66,27,dominant gene. Symptoms typically emerge in the third and fourth
66,28,"decade, and the sex incidence is probably equal. In a proportion"
66,29,"of cases, the earliest symptoms may be depression, anxiety, or frank"
66,30,"paranoid illness, accompanied by a personality change. Progression"
66,31,"is slow, leading to death usually within 10 to 15 years."
66,32,Diagnostic guidelines
66,33,"The association of choreiform movement disorder, dementia, and"
66,34,family history of Huntington's disease is highly suggestive of the
66,35,"diagnosis, though sporadic cases undoubtedly occur."
66,36,53
67,1,MENTAL AND BEHAVIOURAL DISORDERS
67,2,"Involuntary choreiform movements, typically of the face, hands, and"
67,3,"shoulders, or in the gait, are early manifestations. They usually precede"
67,4,the dementia and only rarely remain absent until the dementia is
67,5,very advanced. Other motor phenomena may predominate when the
67,6,onset is at an unusually young age (e.g. striatal rigidity) or at a late
67,7,age (e.g. intention tremor).
67,8,The dementia is characterized by the predominant involvement of
67,9,"frontal lobe functions in the early stage, with relative preservation"
67,10,of memory until later.
67,11,Includes: dementia in Huntington's chorea
67,12,Differential diagnosis. Consider: other cases of choreic movements;
67,13,"Alzheimer's, Pick's or Creutzfeldt - Jakob disease (F00. - , F02.0,"
67,14,F02.1).
67,15,F02.3 Dementia in Parkinson's disease
67,16,A dementia developing in the course of established Parkinson's disease
67,17,(especially its severe forms). No particular distinguishing clinical
67,18,features have yet been demonstrated. The dementia may be different
67,19,"from that in either Alzheimer's disease or vascular dementia; however,"
67,20,there is also evidence that it may be the manifestation of a co-
67,21,occurrence of one of these conditions with Parkinson's disease. This
67,22,justifies the identification of cases of Parkinson's disease with
67,23,dementia for research until the issue is resolved.
67,24,Diagnostic guidelines
67,25,"Dementia developing in an individual with advanced, usually severe,"
67,26,Parkinson's disease.
67,27,Includes: dementia in paralysis agitans
67,28,dementia in parkinsonism
67,29,Differential diagnosis. Consider: other secondary dementias (F02.8);
67,30,multi-infarct dementia (FOl. 1) associated with hypertensive or diabetic
67,31,vascular disease; brain tumour (C70 - C72); normal pressure
67,32,hydrocephalus (G91.2).
67,33,54
68,1,F00-F09 ORGANIC MENTAL DISORDERS
68,2,F02.4 Dementia in human immunodeficiency virus [HIV] disease
68,3,A disorder characterized by cognitive deficits meeting the clinical
68,4,"diagnostic criteria for dementia, in the absence of a concurrent"
68,5,illness or condition other than HIV infection that could explain the
68,6,findings.
68,7,"HIV dementia typically presents with complaints of forgetfulness,"
68,8,"slowness, poor concentration, and difficulties with problem-solving"
68,9,"and reading. Apathy, reduced spontaneity, and social withdrawal"
68,10,"are common, and in a significant minority of affected individuals"
68,11,"the illness may present atypically as an affective disorder, psychosis,"
68,12,"or seizures. Physical examination often reveals tremor, impaired rapid"
68,13,"repetitive movements, imbalance, ataxia, hypertonia, generalized"
68,14,"hyperreflexia, positive frontal release signs, and impaired pursuit and"
68,15,saccadic eye movements.
68,16,Children also develop an HIV-associated neurodevelopmental disorder
68,17,"characterized by developmental delay, hypertonia, microcephaly, and"
68,18,basal ganglia calcification. The neurological involvement most often
68,19,"occurs in the absence of opportunistic infections and neoplasms, which"
68,20,is not the case for adults.
68,21,"HIV dementia generally, but not invariably, progresses quickly (over"
68,22,"weeks or months) to severe global dementia, mutism, and death."
68,23,Includes: AIDS - dementia complex
68,24,HIV encephalopathy or subacute encephalitis
68,25,F02.8 Dementia in other specified diseases classified elsewhere
68,26,Dementia can occur as a manifestation or consequence of a variety
68,27,"of cerebral and somatic conditions. To specify the etiology, the ICD-10"
68,28,code for the underlying condition should be added.
68,29,Parkinsonism - dementia complex of Guam should also be coded
68,30,"here (identified by a fifth character, if necessary). It is a rapidly"
68,31,"progressing dementia followed by extrapyramidal dysfunction and,"
68,32,"in some cases, amyotrophic lateral sclerosis. The disease was originally"
68,33,described on the island of Guam where it occurs with high frequency
68,34,"in the indigenous population, affecting twice as many males as"
68,35,females; it is now known to occur also in Papua New Guinea and
68,36,Japan.
68,37,55
69,1,MENTAL AND BEHAVIOURAL DISORDERS
69,2,Includes: dementia in:
69,3,carbon monoxide poisoning (T58)
69,4,cerebral lipidosis (E75.-)
69,5,epilepsy (G40.-)
69,6,general paralysis of the insane (A52.1)
69,7,hepatolenticular degeneration (Wilson's disease) (E83.0)
69,8,hypercalcaemia (E83.5)
69,9,"hypothyroidism, acquired (E00. - , E02)"
69,10,intoxications
69,11,(T36 — T65)
69,12,multiple sclerosis (G35)
69,13,neurosyphilis (A52.1)
69,14,niacin deficiency [pellagra] (E52)
69,15,polyarteritis nodosa (M30.0)
69,16,systemic lupus erythematosus (M32.-)
69,17,"trypanosomiasis (African B56.-, American B57.-)"
69,18,vitamin B
69,19,12 deficiency (E53.8)
69,20,|g£] Unspecified dementia
69,21,This category should be used when the general criteria for the diagnosis
69,22,"of dementia are satisfied, but when it is not possible to identify one"
69,23,of the specific types (F00.0-F02.9).
69,24,Includes: presenile or senile dementia NOS
69,25,presenile or senile psychosis NOS
69,26,primary degenerative dementia NOS
69,27,"E3 Organic amnesic syndrome, not induced by alcohol"
69,28,and other psychoactive substances
69,29,A syndrome of prominent impairment of recent and remote memory.
69,30,"While immediate recall is preserved, the ability to learn new material"
69,31,is markedly reduced and this results in anterograde amnesia and
69,32,disorientation in time. Retrograde amnesia of varying intensity is
69,33,also present but its extent may lessen over time if the underlying
69,34,lesion or pathological process has a tendency to recover. Confabula-
69,35,tion may be a marked feature but is not invariably present. Percep-
69,36,"tion and other cognitive functions, including the intellect, are usually"
69,37,intact and provide a background against which the memory distur-
69,38,56
70,1,F00-F09 ORGANIC MENTAL DISORDERS
70,2,bance appears as particularly striking. The prognosis depends on
70,3,the course of the underlying lesion (which typically affects the
70,4,hypothalamic - diencephalic system or the hippocampal region);
70,5,"almost complete recovery is, in principle, possible."
70,6,Diagnostic guidelines
70,7,For a definitive diagnosis it is necessary to establish:
70,8,(a) presence of a memory impairment manifest in a defect of recent
70,9,memory (impaired learning of new material); anterograde and
70,10,"retrograde amnesia, and a reduced ability to recall past experiences"
70,11,in reverse order of their occurrence;
70,12,"(b) history or objective evidence of an insult to, or a disease of,"
70,13,the brain (especially with bilateral involvement of
70,14,the diencephalic
70,15,and medial temporal structures);
70,16,"(c) absence of a defect in immediate recall (as tested, for example,"
70,17,"by the digit span), of disturbances of attention and consciousness,"
70,18,and of global intellectual impairment.
70,19,"Confabulations, lack of insight, and emotional changes (apathy, lack"
70,20,"of initiative) are additional, though not in every case necessary,"
70,21,pointers to the diagnosis.
70,22,"Includes: Korsakov's syndrome or psychosis, nonalcoholic"
70,23,Differential
70,24,diagnosis. This disorder should be distinguished from
70,25,other organic syndromes in which memory impairment is prominent
70,26,"(e.g. dementia or delirium), from dissociative amnesia (F44.0), from"
70,27,"impaired memory function in depressive disorders (F30-F39), and"
70,28,from malingering presenting with a complaint of memory loss (Z76.5).
70,29,Korsakov's syndrome induced by alcohol or drugs should not be
70,30,coded here but in the appropriate section (Fix.6).
70,31,"123 Delirium, not induced by alcohol and other"
70,32,psychoactive substances
70,33,An etiologically nonspecific syndrome characterized by concurrent
70,34,"disturbances of consciousness and attention, perception, thinking,"
70,35,"memory, psychomotor behaviour, emotion, and the sleep-wake"
70,36,cycle. It may occur at any age but is most common after the age
70,37,of 60 years. The delirious state is transient and of fluctuating
70,38,57
71,1,MENTAL AND BEHAVIOURAL DISORDERS
71,2,"intensity; most cases recover within 4 weeks or less. However, delirium"
71,3,"lasting, with fluctuations, for up to 6 months is not uncommon,"
71,4,"especially when arising in the course of chronic liver disease,"
71,5,"carcinoma, or subacute bacterial endocarditis. The distinction that"
71,6,is sometimes made between acute and subacute delirium is of little
71,7,clinical relevance; the condition should be seen as a unitary syndrome
71,8,of variable duration and severity ranging from mild to very severe.
71,9,"A delirious state may be superimposed on, or progress into, dementia."
71,10,This category should not be used for states of delirium associated
71,11,with the use of psychoactive drugs specified in F10-F19. Delirious
71,12,states due to prescribed medication (such as acute confusional states
71,13,in elderly patients due to antidepressants) should be coded here.
71,14,"In such cases, the medication concerned should also be recorded by"
71,15,means of an additional T code from Chapter XIX of ICD-10.
71,16,Diagnostic guidelines
71,17,"For a definite diagnosis, symptoms, mild or severe, should be present"
71,18,in each one of the following areas:
71,19,(a) impairment of consciousness and attention (on a continuum from
71,20,"clouding to coma; reduced ability to direct, focus, sustain, and"
71,21,shift attention);
71,22,"(b) global disturbance of cognition (perceptual distortions, illusions"
71,23,and hallucinations
71,24,— most often visual; impairment of abstract
71,25,"thinking and comprehension, with or without transient delusions,"
71,26,but typically with some degree of incoherence; impairment of
71,27,immediate recall and of recent memory but with relatively intact
71,28,"remote memory; disorientation for time as well as, in more severe"
71,29,"cases, for place and person);"
71,30,(c) psychomotor disturbances (hypo- or hyperactivity and unpre-
71,31,dictable shifts from one to the other; increased reaction time;
71,32,increased or decreased flow of speech; enhanced startle reaction);
71,33,"(d) disturbance of the sleep - wake cycle (insomnia or, in severe cases,"
71,34,total sleep loss or reversal of the sleep-wake cycle; daytime
71,35,drowsiness; nocturnal worsening of symptoms; disturbing dreams
71,36,"or nightmares, which may continue as hallucinations after"
71,37,awakening);
71,38,"(e) emotional disturbances, e.g. depression, anxiety or fear, irri-"
71,39,"tability, euphoria, apathy, or wondering perplexity."
71,40,58
72,1,F00-F09 ORGANIC MENTAL DISORDERS
72,2,"The onset is usually rapid, the course diurnally fluctuating, and the"
72,3,total duration of the condition less than 6 months. The above clinical
72,4,picture is so characteristic that a fairly confident diagnosis of delirium
72,5,can be made even if the underlying cause is not clearly established.
72,6,"In addition to a history of an underlying physical or brain disease,"
72,7,evidence of cerebral dysfunction (e.g. an abnormal electroen-
72,8,"cephalogram, usually but not invariably showing a slowing of the"
72,9,background activity) may be required if the diagnosis is in doubt.
72,10,Includes: acute brain syndrome
72,11,acute confusional state (nonalcoholic)
72,12,acute infective psychosis
72,13,acute organic reaction
72,14,acute psycho-organic syndrome
72,15,Differential
72,16,diagnosis. Delirium should be distinguished from other
72,17,"organic syndromes, especially dementia (F00-F03), from acute and"
72,18,"transient psychotic disorders (F23.-), and from acute states in"
72,19,schizophrenia (F20. -) or mood [affective] disorders (F30-F39) in
72,20,"which confusional features may be present. Delirium, induced by"
72,21,"alcohol and other psychoactive substances, should be coded in the"
72,22,appropriate section (Flx.4).
72,23,"F05.0 Delirium, not superimposed on dementia, so described"
72,24,This code should be used for delirium that is not superimposed upon
72,25,pre-existing dementia.
72,26,"F05.1 Delirium, superimposed on dementia"
72,27,This code should be used for conditions meeting the above criteria
72,28,but developing in the course of a dementia (F00-F03).
72,29,F05.8 Other delirium
72,30,Includes: delirium of mixed origin
72,31,subacute confusional state or delirium
72,32,"F05.9 Delirium, unspecified"
72,33,59
73,1,MENTAL AND BEHAVIOURAL DISORDERS
73,2,•at in Other mental disorders due to brain damage
73,3,and dysfunction and to physical disease
73,4,This category includes miscellaneous conditions causally related to
73,5,"brain dysfunction due to primary cerebral disease, to systemic disease"
73,6,"affecting the brain secondarily, to endocrine disorders such as"
73,7,"Cushing's syndrome or other somatic illnesses, and to some exogenous"
73,8,toxic substances (but excluding alcohol and drugs classified under
73,9,F10-F19) or hormones. These conditions have in common clinical
73,10,features that do not by themselves allow a presumptive diagnosis
73,11,"of an organic mental disorder, such as dementia or delirium. Rather,"
73,12,"the clinical manifestations resemble, or are identical with, those of"
73,13,"disorders not regarded as ""organic"" in the specific sense restricted"
73,14,to this block of the classification. Their inclusion here is based on
73,15,the hypothesis that they are directly caused by cerebral disease or
73,16,dysfunction rather than resulting from either a fortuitous associa-
73,17,"tion with such disease or dysfunction, or a psychological reaction"
73,18,"to its symptoms, such as schizophrenia-like disorders associated with"
73,19,long-standing epilepsy.
73,20,The decision to classify a clinical syndrome here is supported by
73,21,the following:
73,22,"(a) evidence of cerebral disease, damage or dysfunction, or of"
73,23,"systemic physical disease, known to be associated with one of"
73,24,the listed syndromes;
73,25,(b) a temporal relationship (weeks or a few months) between the
73,26,development of the underlying disease and the onset of the
73,27,mental syndrome;
73,28,(c) recovery from the mental disorder following removal or improve-
73,29,ment of the underlying presumed cause;
73,30,(d) absence of evidence to suggest an alternative cause of the mental
73,31,syndrome (such as a strong family history or precipitating stress).
73,32,Conditions (a) and (b) justify a provisional diagnosis; if all four are
73,33,"present, the certainty of diagnostic classification is significantly in-"
73,34,creased.
73,35,The following are among the conditions known to increase the relative
73,36,risk for the syndromes classified here: epilepsy; limbic encephalitis;
73,37,Huntington's disease; head trauma; brain neoplasms; extracranial
73,38,neoplasms with remote CNS effects (especially carcinoma of the
73,39,60
74,1,F00-F09 ORGANIC MENTAL DISORDERS
74,2,"pancreas); vascular cerebral disease, lesions, or malformations;"
74,3,lupus erythematosus and other collagen diseases; endocrine disease
74,4,"(especially hypo- and hyperthyroidism, Cushing's disease); metabolic"
74,5,"disorders (e.g. hypoglycaemia, porphyria, hypoxia); tropical infec-"
74,6,tious and parasitic diseases (e.g. trypanosomiasis); toxic effects of
74,7,"nonpsychotropic drugs (propranolol, levodopa, methyldopa, steroids,"
74,8,"antihypertensives, antimalarials)."
74,9,Excludes: mental disorders associated with delirium (F05.-)
74,10,mental disorders associated with dementia as classified
74,11,in F00-F03
74,12,F06.0 Organic hallucinosis
74,13,"A disorder of persistent or recurrent hallucinations, usually visual"
74,14,"or auditory, that occur in clear consciousness and may or may not"
74,15,be recognized by the subject as such. Delusional elaboration of the
74,16,"hallucinations may occur, but insight is not infrequently preserved."
74,17,Diagnostic guidelines
74,18,"In addition to the general criteria in the introduction to F06 above,"
74,19,there should be evidence of persistent or recurrent hallucinations in
74,20,any modality; no clouding of consciousness; no significant intellec-
74,21,tual decline; no predominant disturbance of mood; and no
74,22,predominance of delusions.
74,23,Includes: Dermatozoenwahn
74,24,organic hallucinatory state (nonalcoholic)
74,25,Excludes: alcoholic hallucinosis (F10.52)
74,26,schizophrenia (F20. -)
74,27,F06.1 Organic catatonic disorder
74,28,A disorder of diminished (stupor) or increased (excitement)
74,29,psychomotor activity associated with catatonic symptoms. The
74,30,extremes of psychomotor disturbance may alternate. It is not known
74,31,whether the full range of catatonic disturbances described in
74,32,"schizophrenia occurs in such organic states, nor has it been con-"
74,33,clusively determined whether an organic catatonic state may occur
74,34,in clear consciousness or whether it is always a manifestation of
74,35,"delirium, with subsequent partial or total amnesia. This calls for"
74,36,caution in making this diagnosis and for a careful delimitation of
74,37,61
75,1,MENTAL AND BEHAVIOURAL DISORDERS
75,2,the condition from delirium. Encephalitis and carbon monoxide
75,3,poisoning are presumed to be associated with this syndrome more
75,4,often than other organic causes.
75,5,Diagnostic guidelines
75,6,"The general criteria for assuming organic etiology, laid down in the"
75,7,"introduction to F06, must be met. In addition, there should be one"
75,8,of the following:
75,9,(a) stupor (diminution or complete absence of spontaneous move-
75,10,"ment with partial or complete mutism, negativism, and rigid"
75,11,posturing);
75,12,(b) excitement (gross hypermotility with or without a tendency to
75,13,assaultiveness);
75,14,(c) both (shifting rapidly and unpredictably from hypo- to hyper-
75,15,activity).
75,16,Other catatonic phenomena that increase confidence in the diagnosis
75,17,"are: stereotypies, waxy flexibility, and impulsive acts."
75,18,Excludes: catatonic schizophrenia (20.2)
75,19,dissociative stupor (F44.2)
75,20,stupor NOS (R40.1)
75,21,F06.2 Organic delusional [schizophrenia-like] disorder
75,22,A disorder in which persistent or recurrent delusions dominate the
75,23,clinical picture. The delusions may be accompanied by hallucina-
75,24,tions but are not confined to their content. Features suggestive of
75,25,"schizophrenia, such as bizarre delusions, hallucinations, or thought"
75,26,"disorder, may also be present."
75,27,Diagnostic guidelines
75,28,"The general criteria for assuming an organic etiology, laid down in"
75,29,"the introduction to F06, must be met. In addition, there should be"
75,30,"delusions (persecutory, of bodily change, jealousy, disease, or death"
75,31,"of the subject or another person). Hallucinations, thought disorder,"
75,32,or isolated catatonic phenomena may be present. Consciousness and
75,33,memory must not be affected. This diagnosis should not be made
75,34,if
75,35,the presumed evidence of organic causation is nonspecific or limited
75,36,to findings such as enlarged cerebral ventricles (visualized on
75,37,"computerized axial tomography) or ""soft"" neurological signs."
75,38,62
76,1,F00-F09 ORGANIC MENTAL DISORDERS
76,2,Includes: paranoid and paranoid-hallucinatory organic states
76,3,schizophrenia-like psychosis in epilepsy
76,4,Excludes: acute and transient psychotic disorders (F23.-)
76,5,drug-induced psychotic disorders (Fix.5)
76,6,persistent delusional disorder (F22.-)
76,7,schizophrenia (F20. -)
76,8,F06.3 Organic mood [affective] disorders
76,9,"Disorders characterized by a change in mood or affect, usually"
76,10,accompanied by a change in the overall level of activity. The only
76,11,criterion for inclusion of
76,12,these disorders in this block is their presumed
76,13,direct causation by a cerebral or other physical disorder whose
76,14,presence must either be demonstrated independently (e.g. by means
76,15,of appropriate physical and laboratory investigations) or assumed
76,16,on the basis of adequate history information. The affective disorder
76,17,must follow the presumed organic factor and be judged not to
76,18,represent an emotional response to the patient's knowledge of
76,19,"having, or having the symptoms of, a concurrent brain disorder."
76,20,Postinfective depression (e.g. following influenza) is a common
76,21,example and should be coded here. Persistent mild euphoria not
76,22,"amounting to hypomania (which is sometimes seen, for instance,"
76,23,in association with steroid therapy or antidepressants) should not
76,24,be coded here but under F06.8.
76,25,Diagnostic guidelines
76,26,"In addition to the general criteria for assuming organic etiology,"
76,27,"laid down in the introduction to F06, the condition must meet"
76,28,the requirements for a diagnosis of one of the disorders listed
76,29,under F3O-F33.
76,30,"Excludes: mood [affective] disorders, nonorganic or unspecified"
76,31,(F30-F39)
76,32,right hemispheric affective disorder (F07.8)
76,33,The following five-character codes might be used to specify the clinical
76,34,disorder:
76,35,F06.30 Organic manic disorder
76,36,F06.31 Organic bipolar affective disorder
76,37,63
77,1,MENTAL AND BEHAVIOURAL DISORDERS
77,2,F06.32 Organic depressive disorder
77,3,F06.33 Organic mixed affective disorder
77,4,F06.4 Organic anxiety disorder
77,5,A disorder characterized by the essential descriptive features of a
77,6,"generalized anxiety disorder (F41.1), a panic disorder (F41.0), or a"
77,7,"combination of both, but arising as a consequence of an organic"
77,8,disorder capable of causing cerebral dysfunction (e.g. temporal lobe
77,9,"epilepsy, thyrotoxicosis, or phaechromocytoma)."
77,10,"Excludes: anxiety disorders, nonorganic or unspecified (F41.-)"
77,11,F06.5 Organic dissociative disorder
77,12,A disorder that meets the requirements for one of the disorders in
77,13,F44. - (dissociative [conversion] disorder) and for which the general
77,14,criteria for organic etiology are also fulfilled (as described in the
77,15,introduction to this block).
77,16,"Excludes: dissociative [conversion] disorders, nonorganic or"
77,17,unspecified (F44.-)
77,18,F06.6 Organic emotionally labile [asthenic] disorder
77,19,A disorder characterized by marked and persistent emotional
77,20,"incontinence or lability, fatiguability, or a variety of unpleasant"
77,21,physical sensations (e.g. dizziness) and pains regarded as being due
77,22,to the presence of an organic disorder. This disorder is thought to
77,23,occur in association with cerebrovascular disease or hypertension more
77,24,often than with other causes.
77,25,"Excludes: somatoform disorders, nonorganic or unspecified"
77,26,(F45. -)
77,27,F06.7 Mild cognitive disorder
77,28,"This disorder may precede, accompany, or follow a wide variety"
77,29,"of infections and physical disorders, both cerebral and systemic"
77,30,(including HIV infection). Direct neurological evidence of cerebral
77,31,"involvement is not necessarily present, but there may nevertheless"
77,32,be distress and interference with usual activities. The boundaries of
77,33,this category are still to be firmly established. When associated with
77,34,"a physical disorder from which the patient recovers, mild cognitive"
77,35,disorder does not last for more than a few additional weeks. This
77,36,diagnosis should not be made if the condition is clearly attributable
77,37,64
78,1,F00-F09 ORGANIC MENTAL DISORDERS
78,2,to a mental or behavioural disorder classified in any of the remaining
78,3,blocks in this book.
78,4,Diagnostic guidelines
78,5,The main feature is a decline in cognitive performance. This may
78,6,"include memory impairment, learning or concentration difficulties."
78,7,Objective tests usually indicate abnormality. The symptoms are such
78,8,"that a diagnosis of dementia (F00-F03), organic amnesic syndrome"
78,9,(F04) or delirium (F05.-) cannot be made.
78,10,Differential diagnosis. The disorder can be differentiated from
78,11,postencephalitic syndrome (F07.1) and postconcussional syndrome
78,12,"(F07.2) by its different etiology, more restricted range of generally"
78,13,"milder symptoms, and usually shorter duration."
78,14,F06.8 Other specified mental disorders due to brain damage and
78,15,dysfunction and to physical disease
78,16,Examples are abnormal mood states occurring during treatment with
78,17,steroids or antidepressants.
78,18,Includes: epileptic psychosis NOS
78,19,F06.9 Unspecified mental disorder due to brain damage and dysfunc-
78,20,tion and to physical disease
78,21,Igifjfl Personality and behavioural disorders due to
78,22,"brain disease, damage and dysfunction"
78,23,Alteration of personality and behaviour can be a residual or con-
78,24,"comitant disorder of brain disease, damage, or dysfunction. In some"
78,25,"instances, differences in the manifestation of such residual or con-"
78,26,comitant personality and behavioural syndromes may be suggestive
78,27,"of the type and/or localization of the intracerebral problem, but"
78,28,the reliability of this kind of diagnostic inference should not be
78,29,overestimated. Thus the underlying etiology should always be sought
78,30,"by independent means and, if known, recorded."
78,31,65
79,1,MENTAL AND BEHAVIOURAL DISORDERS
79,2,F07.0 Organic personality disorder
79,3,This disorder is characterized by a significant alteration of the habitual
79,4,"patterns of premorbid behaviour. The expression of emotions, needs,"
79,5,and impulses is particularly affected. Cognitive functions may be
79,6,defective mainly or even exclusively in the areas of planning and
79,7,"anticipating the likely personal and social consequences, as in the"
79,8,"so-called frontal lobe syndrome. However, it is now known that this"
79,9,syndrome occurs not only with frontal lobe lesions but also with
79,10,lesions to other circumscribed areas of the brain.
79,11,Diagnostic guidelines
79,12,"In addition to an established history or other evidence of brain disease,"
79,13,"damage, or dysfunction, a definitive diagnosis requires the presence"
79,14,of two or more of the following features:
79,15,(a) consistently reduced ability to persevere with goal-directed
79,16,"activities, especially those involving longer periods of time and"
79,17,postponed gratification;
79,18,"(b) altered emotional behaviour, characterized by emotional labili-"
79,19,"ty, shallow and unwarranted cheerfulness (euphoria, inappropriate"
79,20,"jocularity), and easy change to irritability or short-lived outbursts"
79,21,of anger and aggression; in some instances apathy may be a more
79,22,prominent feature;
79,23,(c) expression of needs and impulses without consideration of con-
79,24,sequences or social convention (the patient may engage in dissocial
79,25,"acts, such as stealing, inappropriate sexual advances, or voracious"
79,26,"eating, or may exhibit disregard for personal hygiene);"
79,27,"(d) cognitive disturbances, in the form of suspiciousness or paranoid"
79,28,"ideation, and/or excessive preoccupation with a single, usually"
79,29,"abstract, theme (e.g. religion, ""right"" and ""wrong"");"
79,30,"(e) marked alteration of the rate and flow of language production,"
79,31,"with features such as circumstantiality, over-inclusiveness,"
79,32,"viscosity, and hypergraphia;"
79,33,(f) altered sexual behaviour (hyposexuality or change of sexual
79,34,preference).
79,35,Includes: frontal lobe syndrome
79,36,limbic epilepsy personality syndrome
79,37,lobotomy syndrome
79,38,organic pseudopsychopathic personality
79,39,organic pseudoretarded personality
79,40,postleucotomy syndrome
79,41,66
80,1,F00-F09 ORGANIC MENTAL DISORDERS
80,2,Excludes: enduring personality change after catastrophic experience
80,3,(F62.0)
80,4,enduring personality change after psychiatric illness (F62.1)
80,5,postconcussional syndrome (F07.2)
80,6,postencephalitic syndrome (F07.1)
80,7,specific personality disorder (F60.-)
80,8,F07.1 Postencephalitic syndrome
80,9,The syndrome includes residual behavioural change following recovery
80,10,from either viral or bacterial encephalitis. Symptoms are nonspecific
80,11,"and vary from individual to individual, from one infectious agent"
80,12,"to another, and, most consistently, with the age of the individual"
80,13,at the time of infection. The principal difference between this disorder
80,14,and the organic personality disorders is that it is often reversible.
80,15,Diagnostic guidelines
80,16,"The manifestations may include general malaise, apathy or irritability,"
80,17,"some lowering of cognitive functioning (learning difficulties), altered"
80,18,"sleep and eating patterns, and changes in sexuality and in social"
80,19,judgement. There may be a variety of residual neurological dysfunc-
80,20,"tions such as paralysis, deafness, aphasia, constructional apraxia,"
80,21,and acalculia.
80,22,Excludes: organic personality disorder (F07.0)
80,23,F07.2 Postconcussional syndrome
80,24,The syndrome occurs following head trauma (usually sufficiently
80,25,severe to result in loss of consciousness) and includes a number of
80,26,"disparate symptoms such as headache, dizziness (usually lacking"
80,27,"the features of true vertigo), fatigue, irritability, difficulty in"
80,28,"concentrating and performing mental tasks, impairment of memory,"
80,29,"insomnia, and reduced tolerance to stress, emotional excitement,"
80,30,or alcohol. These symptoms may be accompanied by feelings of
80,31,"depression or anxiety, resulting from some loss of self-esteem and"
80,32,fear of permanent brain damage. Such feelings enhance the original
80,33,symptoms and a vicious circle results. Some patients become
80,34,"hypochondriacal, embark on a search for diagnosis and cure, and"
80,35,may adopt a permanent sick role. The etiology of these symptoms
80,36,"is not always clear, and both organic and psychological factors have"
80,37,been proposed to account for them. The nosological status of this
80,38,condition
80,39,"is thus somewhat uncertain. There is little doubt, however,"
80,40,that this syndrome is common and distressing to the patient.
80,41,67
81,1,MENTAL AND BEHAVIOURAL DISORDERS
81,2,Diagnostic guidelines
81,3,At least three of the features described above should be present for
81,4,a definite diagnosis. Careful evaluation with laboratory techniques
81,5,"(electroencephalography, brain stem evoked potentials, brain"
81,6,"imaging, oculonystagmography) may yield objective evidence to"
81,7,substantiate the symptoms but results are often negative. The
81,8,complaints are not necessarily associated with compensation motives.
81,9,Includes: postcontusional syndrome (encephalopathy)
81,10,"post-traumatic brain syndrome, nonpsychotic"
81,11,F07.8 Other organic personality and behavioural disorders due to
81,12,"brain disease, damage and dysfunction"
81,13,"Brain disease, damage, or dysfunction may produce a variety of"
81,14,"cognitive, emotional, personality, and behavioural disorders, not all"
81,15,"of which are classifiable under the preceding rubrics. However, since"
81,16,the nosological status of the tentative syndromes in this area is
81,17,"uncertain, they should be coded as ""other"". A fifth character may"
81,18,"be added, if necessary, to identify presumptive individual entities"
81,19,such as:
81,20,Right
81,21,hemispheric organic affective disorder (changes in the ability
81,22,to express or comprehend emotion in individuals with right hemisphere
81,23,disorder). Although the patient may superficially appear to be
81,24,"depressed, depression is not usually present: it is the expression of"
81,25,emotion that is restricted.
81,26,Also code here:
81,27,(a) any other specified but presumptive syndromes of personality
81,28,"or behavioural change due to brain disease, damage, or dysfunc-"
81,29,tion other than those listed under F07.0-F07.2; and
81,30,(b) conditions with mild degrees of cognitive impairment not yet
81,31,amounting to dementia in progressive mental disorders such as
81,32,"Alzheimer's disease, Parkinson's disease, etc. The diagnosis"
81,33,should be changed when the criteria for dementia are fulfilled.
81,34,Excludes: delirium (F05.-)
81,35,68
82,1,F00-F09 ORGANIC MENTAL DISORDERS
82,2,F07.9 Unspecified organic personality and behavioural disorder
82,3,"due to brain disease, damage and dysfunction"
82,4,Includes: organic psychosyndrome
82,5,•am Unspecified organic or symptomatic mental disorder
82,6,This category should only be used for recording mental disorders
82,7,of known organic etiology.
82,8,Includes: organic psychosis NOS
82,9,symptomatic psychosis NOS
82,10,Excludes: psychosis NOS (F29)
82,11,69
83,1,MENTAL AND BEHAVIOURAL DISORDERS
83,2,F10-F19
83,3,Mental and behavioural disorders due to psychoactive
83,4,substance use
83,5,Overview of this block
83,6,F10. - Mental and behavioural disorders due to use of alcohol
83,7,Fll.- Mental and behavioural disorders due to use of opioids
83,8,F12. - Mental and behavioural disorders due to use of cannabinoids
83,9,F13. - Mental and behavioural disorders due to use of sedatives or hypnotics
83,10,F14. — Mental and behavioural disorders due to use of cocaine
83,11,"F15.- Mental and behavioural disorders due to use of other stimulants,"
83,12,including caffeine
83,13,F16. - Mental and behavioural disorders due to use of hallucinogens
83,14,F17. - Mental and behavioural disorders due to use of tobacco
83,15,F18. - Mental and behavioural disorders due to use of volatile solvents
83,16,F19. - Mental and behavioural disorders due to multiple drug use and use
83,17,of other psychoactive substances
83,18,"Four- and five-character codes may be used to specify the clinical conditions,"
83,19,as follows:
83,20,Flx.O Acute intoxication
83,21,.00 Uncomplicated
83,22,.01 With trauma or other bodily injury
83,23,.02 With other medical complications
83,24,.03 With delirium
83,25,.04 With perceptual distortions
83,26,.05 With coma
83,27,.06 With convulsions
83,28,.07 Pathological intoxication
83,29,Flx.l Harmful use
83,30,Fix.2 Dependence syndrome
83,31,.20 Currently abstinent
83,32,".21 Currently abstinent, but in a protected environment"
83,33,.22 Currently on a clinically supervised maintenance or replacement
83,34,regime [controlled dependence]
83,35,70
84,1,F10-F19 DISORDERS DUE TO PSYCHOACTIVE SUBSTANCE USE
84,2,".23 Currently abstinent, but receiving treatment with aversive or blocking"
84,3,drugs
84,4,.24 Currently using the substance [active dependence]
84,5,.25 Continuous use
84,6,.26 Episodic use [dipsomania]
84,7,Fix.3 Withdrawal state
84,8,.30 Uncomplicated
84,9,.31 With convulsions
84,10,Flx.4 Withdrawal state with delirium
84,11,.40 Without convulsions
84,12,.41 With convulsions
84,13,Fix.5 Psychotic disorder
84,14,.50 Schizophrenia-like
84,15,.51 Predominantly delusional
84,16,.52 Predominantly hallucinatory
84,17,.53 Predominantly polymorphic
84,18,.54 Predominantly depressive symptoms
84,19,.55 Predominantly manic symptoms
84,20,.56 Mixed
84,21,Fix.6 Amnesic syndrome
84,22,Flx.7 Residual and late-onset psychotic disorder
84,23,.70 Flashbacks
84,24,.71 Personality or behaviour disorder
84,25,.72 Residual affective disorder
84,26,.73 Dementia
84,27,.74 Other persisting cognitive impairment
84,28,.75 Late-onset psychotic disorder
84,29,Fix.8 Other mental and behavioural disorders
84,30,Fix.9 Unspecified mental and behavioural disorder
84,31,71
85,1,MENTAL AND BEHAVIOURAL DISORDERS
85,2,Introduction
85,3,This block contains a wide variety of disorders that differ in severity (from
85,4,uncomplicated intoxication and harmful use to obvious psychotic disorders
85,5,"and dementia), but that are all attributable to the use of one or more psycho-"
85,6,active substances (which may or may not have been medically prescribed).
85,7,The substance involved is indicated by means of the second and third characters
85,8,"(i.e. the first two digits after the letter F), and the fourth and fifth characters"
85,9,"specify the clinical states. To save space, all the psychoactive substances are"
85,10,"listed first, followed by the four-character codes; these should be used, as"
85,11,"required, for each substance specified, but it should be noted that not all four-"
85,12,character codes are applicable to all substances.
85,13,Diagnostic guidelines
85,14,Identification of the psychoactive substance used may be made on the basis
85,15,"of self-report data, objective analysis of specimens of urine, blood, etc., or"
85,16,"other evidence (presence of drug samples in the patient's possession, clinical"
85,17,"signs and symptoms, or reports from informed third parties). It is always"
85,18,advisable to seek corroboration from more than one source of evidence relating
85,19,to substance use.
85,20,Objective analyses provide the most compelling evidence of present or recent
85,21,"use, though these data have limitations with regard to past use and current"
85,22,levels of use.
85,23,"Many drug users take more than one type of drug, but the diagnosis of the"
85,24,"disorder should be classified, whenever possible, according to the most impor-"
85,25,tant single substance (or class of substances) used. This may usually be done
85,26,"with regard to the particular drug, or type of drug, causing the presenting"
85,27,"disorder. When in doubt, code the drug or type of drug most frequently"
85,28,"misused, particularly in those cases involving continuous or daily use."
85,29,Only in cases in which patterns of psychoactive substance taking are chaotic
85,30,"and indiscriminate, or in which the contributions of different drugs are inex-"
85,31,"tricably mixed, should code F19. - be used (disorders resulting from multiple"
85,32,drug use).
85,33,"Misuse of other than psychoactive substances, such as laxatives or aspirin,"
85,34,should be coded by means of F55.- (abuse of non-dependence-producing
85,35,"substances), with a fourth character to specify the type of substance involved."
85,36,72
86,1,F10-F19 DISORDERS DUE TO PSYCHOACTIVE SUBSTANCE USE
86,2,Cases in which mental disorders (particularly delirium in the elderly) are due
86,3,"to psychoactive substances, but without the presence of one of the disorders"
86,4,"in this block (e.g. harmful use or dependence syndrome), should be coded"
86,5,in F00-F09. Where a state of delirium is superimposed upon such a disorder
86,6,"in this block, it should be coded by means of F1JC.3 or Flx.4."
86,7,The level of alcohol involvement can be indicated by means of a supplemen-
86,8,tary code from Chapter XX of ICD-10: Y90. - (evidence of alcohol involve-
86,9,ment determined by blood alcohol content) or Y91.- (evidence of alcohol
86,10,involvement determined by level of intoxication).
86,11,F1A\0 Acute intoxication
86,12,A transient condition following the administration of alcohol or other
86,13,"psychoactive substance, resulting in disturbances in level of con-"
86,14,"sciousness, cognition, perception, affect or behaviour, or other"
86,15,psychophysiological functions and responses.
86,16,This should be a main diagnosis only in cases where intoxication
86,17,occurs without more persistent alcohol- or drug-related problems be-
86,18,"ing concomitantly present. Where there are such problems, precedence"
86,19,"should be given to diagnoses of harmful use (Flx.l), dependence"
86,20,"syndrome (Flx.2), or psychotic disorder (Flx.5)."
86,21,Diagnostic guidelines
86,22,"Acute intoxication is usually closely related to dose levels (see ICD-10,"
86,23,Chapter XX). Exceptions to this may occur in individuals with
86,24,certain underlying organic conditions (e.g. renal or hepatic insuffi-
86,25,ciency) in whom small doses of a substance may produce a dispropor-
86,26,tionately severe intoxicating effect. Disinhibition due to social context
86,27,should also be taken into account (e.g. behavioural disinhibition at
86,28,parties or carnivals). Acute intoxication is a transient phenomenon.
86,29,"Intensity of intoxication lessens with time, and effects eventually"
86,30,disappear in the absence of further use of the substance. Recovery
86,31,is therefore complete except where tissue damage or another com-
86,32,plication has arisen.
86,33,Symptoms of intoxication need not always reflect primary actions
86,34,"of the substance: for instance, depressant drugs may lead to"
86,35,"symptoms of agitation or hyperactivity, and stimulant drugs may"
86,36,lead to socially withdrawn and introverted behaviour. Effects of
86,37,substances such as cannabis and hallucinogens may be particularly
86,38,73
87,1,MENTAL AND BEHAVIOURAL DISORDERS
87,2,"unpredictable. Moreover, many psychoactive substances are capable"
87,3,of producing different types of effect at different dose levels. For
87,4,"example, alcohol may have apparently stimulant effects on behaviour"
87,5,"at lower dose levels, lead to agitation and aggression with increasing"
87,6,"dose levels, and produce clear sedation at very high levels."
87,7,Includes: acute drunkenness in alcoholism
87,8,"""bad trips"" (due to hallucinogenic drugs)"
87,9,drunkenness NOS
87,10,Differential diagnosis. Consider acute head injury and hypoglycaemia.
87,11,Consider also the possibilities of intoxication as the result of mixed
87,12,substance use.
87,13,The following five-character codes may be used to indicate whether
87,14,the acute intoxication was associated with any complications:
87,15,F1A\00 Uncomplicated
87,16,"Symptoms of varying severity, usually dose-dependent,"
87,17,particularly at high dose levels.
87,18,F1A\01 With trauma or other bodily injury
87,19,F1A\02 With other medical complications
87,20,"Complications such as haematemesis, inhalation of vomitus."
87,21,Fix.03 With delirium
87,22,F1x.O4 With perceptual distortions
87,23,F1;r.O5 With coma
87,24,F1A\06 With convulsions
87,25,F1x.O7 Pathological intoxication
87,26,Applies only to alcohol. Sudden onset of aggression and often violent
87,27,"behaviour that is not typical of the individual when sober, very soon"
87,28,after drinking amounts of alcohol that would not produce intoxica-
87,29,tion in most people.
87,30,F1X.1 Harmful use
87,31,A pattern of psychoactive substance use that is causing damage to
87,32,health. The damage may be physical (as in cases of hepatitis from
87,33,74
88,1,F10-F19 DISORDERS DUE TO PSYCHOACTIVE SUBSTANCE USE
88,2,the self-administration of injected drugs) or mental (e.g. episodes
88,3,of depressive disorder secondary to heavy consumption of alcohol).
88,4,Diagnostic guidelines
88,5,The diagnosis requires that actual damage should have been caused
88,6,to the mental or physical health of the user.
88,7,Harmful patterns of use are often criticized by others and frequently
88,8,associated with adverse social consequences of various kinds. The
88,9,fact that a pattern of use or a particular substance is disapproved
88,10,"of by another person or by the culture, or may have led to socially"
88,11,negative consequences such as arrest or marital arguments is not in
88,12,itself evidence of harmful use.
88,13,"Acute intoxication (see Flx.O), or ""hangover"" is not in itself"
88,14,sufficient evidence of the damage to health required for coding
88,15,harmful use.
88,16,"Harmful use should not be diagnosed if dependence syndrome (Flx.2),"
88,17,"a psychotic disorder (Fix.5), or another specific form of drug- or"
88,18,alcohol-related disorder is present.
88,19,F1A\2 Dependence syndrome
88,20,"A cluster of physiological, behavioural, and cognitive phenomena"
88,21,in which the use of a substance or a class of substances takes on
88,22,a much higher priority for a given individual than other behaviours
88,23,that once had greater value. A central descriptive characteristic of
88,24,"the dependence syndrome is the desire (often strong, sometimes"
88,25,overpowering) to take psychoactive drugs (which may or may not
88,26,"have been medically prescribed), alcohol, or tobacco. There may be"
88,27,evidence that return to substance use after a period of abstinence
88,28,leads to a more rapid reappearance of other features of the
88,29,syndrome than occurs with nondependent individuals.
88,30,Diagnostic guidelines
88,31,A definite diagnosis of dependence should usually be made only if
88,32,three or more of the following have been present together at some
88,33,time during the previous year:
88,34,(a) a strong desire or sense of compulsion to take the substance;
88,35,(b) difficulties in controlling substance-taking behaviour in terms of
88,36,"its onset, termination, or levels of use;"
88,37,75
89,1,MENTAL AND BEHAVIOURAL DISORDERS
89,2,(c) a physiological withdrawal state (see Fix. 3 and Fix A) when
89,3,"substance use has ceased or been reduced, as evidenced by: the"
89,4,characteristic withdrawal syndrome for the substance; or use of
89,5,the same (or a closely related) substance with the intention of
89,6,relieving or avoiding withdrawal symptoms;
89,7,"(d) evidence of tolerance, such that increased doses of the psycho-"
89,8,active substance are required in order to achieve effects originally
89,9,produced by lower doses (clear examples of this are found in
89,10,alcohol- and opiate-dependent individuals who may take daily
89,11,doses sufficient to incapacitate or kill nontolerant users);
89,12,(e) progressive neglect of alternative pleasures or interests because
89,13,"of psychoactive substance use, increased amount of"
89,14,time necessary
89,15,to obtain or take the substance or to recover from its effects;
89,16,(f) persisting with substance use despite clear evidence of overtly
89,17,"harmful consequences, such as harm to the liver through excessive"
89,18,"drinking, depressive mood states consequent to periods of heavy"
89,19,"substance use, or drug-related impairment of cognitive function-"
89,20,ing; efforts should be made to determine that the user was ac-
89,21,"tually, or could be expected to be, aware of the nature and extent"
89,22,of the harm.
89,23,Narrowing of the personal repertoire of patterns of psychoactive
89,24,substance use has also been described as a characteristic feature (e.g.
89,25,a tendency to drink alcoholic drinks in the same way on weekdays
89,26,"and weekends, regardless of social constraints that determine"
89,27,appropriate drinking behaviour).
89,28,It is an essential characteristic of the dependence syndrome that either
89,29,psychoactive substance taking or a desire to take a particular substance
89,30,should be present; the subjective awareness of compulsion to use
89,31,drugs is most commonly seen during attempts to stop or control
89,32,"substance use. This diagnostic requirement would exclude, for"
89,33,"instance, surgical patients given opioid drugs for the relief of pain,"
89,34,who may show signs of an opioid withdrawal state when drugs are
89,35,not given but who have no desire to continue taking drugs.
89,36,The dependence syndrome may be present for a specific substance
89,37,"(e.g. tobacco or diazepam), for a class of substances (e.g. opioid"
89,38,"drugs), or for a wider range of different substances (as for those"
89,39,individuals who feel a sense of compulsion regularly to use whatever
89,40,"drugs are available and who show distress, agitation, and/or physical"
89,41,signs of a withdrawal state upon abstinence).
89,42,76
90,1,F10-F19 DISORDERS DUE TO PSYCHOACTIVE SUBSTANCE USE
90,2,Includes: chronic alcoholism
90,3,dipsomania
90,4,drug addiction
90,5,The diagnosis of the dependence syndrome may be further specified
90,6,by the following five-character codes:
90,7,F1x.2O Currently abstinent
90,8,"F1x.21 Currently abstinent, but in a protected environment"
90,9,"(e.g. in hospital, in a therapeutic community, in prison, etc.)"
90,10,F1x.22 Currently on a clinically supervised maintenance or
90,11,replacement regime [controlled dependence]
90,12,(e.g. with methadone; nicotine gum or nicotine patch)
90,13,"F1x.23 Currently abstinent, but receiving treatment with aversive"
90,14,or blocking drugs
90,15,(e.g. naltrexone or disulfiram)
90,16,F1x.24 Currently using the substance [active dependence]
90,17,F1x.25 Continuous use
90,18,F1x.26 Episodic use [dipsomania]
90,19,F1x.3 Withdrawal state
90,20,A group of symptoms of variable clustering and severity occurring
90,21,"on absolute or relative withdrawal of a substance after repeated,"
90,22,"and usually prolonged and/or high-dose, use of that substance. Onset"
90,23,and course of the withdrawal state are time-limited and are related
90,24,to the type of substance and the dose being used immediately before
90,25,abstinence. The withdrawal state may be complicated by convulsions.
90,26,Diagnostic guidelines
90,27,Withdrawal state is one of the indicators of dependence syndrome
90,28,(see Fix.2) and this latter diagnosis should also be considered.
90,29,Withdrawal state should be coded as the main diagnosis if it is
90,30,the reason for referral and sufficiently severe to require medical
90,31,attention in its own right.
90,32,77
91,1,MENTAL AND BEHAVIOURAL DISORDERS
91,2,Physical symptoms vary according to the substance being used.
91,3,"Psychological disturbances (e.g. anxiety, depression, and sleep"
91,4,"disorders) are also common features of withdrawal. Typically, the"
91,5,patient is likely to report that withdrawal symptoms are relieved by
91,6,further substance use.
91,7,It should be remembered that withdrawal symptoms can be induced
91,8,by conditioned/learned stimuli in the absence of immediately
91,9,preceding substance use. In such cases a diagnosis of withdrawal
91,10,state should be made only if it is warranted in terms of severity.
91,11,Differential diagnosis. Many symptoms present in drug withdrawal
91,12,"state may also be caused by other psychiatric conditions, e.g. anxiety"
91,13,"states and depressive disorders. Simple ""hangover"" or tremor due"
91,14,to other conditions should not be confused with the symptoms of
91,15,a withdrawal state.
91,16,The diagnosis of withdrawal state may be further specified by using
91,17,the following five-character codes:
91,18,F1x.3O Uncomplicated
91,19,F1x.31 With convulsions
91,20,F1A\4 Withdrawal state with delirium
91,21,A condition in which the withdrawal state (see Fix.3) is complicated
91,22,by delirium (see criteria for F05.-).
91,23,Alcohol-induced delirium tremens should be coded here. Delirium
91,24,"tremens is a short-lived, but occasionally life-threatening, toxic-"
91,25,confusional state with accompanying somatic disturbances. It is
91,26,usually a consequence of absolute or relative withdrawal of alcohol
91,27,in severely dependent users with a long history of
91,28,use. Onset usually
91,29,occurs after withdrawal of alcohol. In some cases the disorder
91,30,"appears during an episode of heavy drinking, in which case it should"
91,31,be coded here.
91,32,"Prodromal symptoms typically include insomnia, tremulousness, and"
91,33,fear. Onset may also be preceded by withdrawal convulsions. The
91,34,classical triad of symptoms includes clouding of consciousness and
91,35,"confusion, vivid hallucinations and illusions affecting any sensory"
91,36,78
92,1,F10-F19 DISORDERS DUE TO PSYCHOACTIVE SUBSTANCE USE
92,2,"modality, and marked tremor. Delusions, agitation, insomnia or sleep-"
92,3,"cycle reversal, and autonomic over activity are usually also present."
92,4,"Excludes: delirium, not induced by drugs and alcohol (F05.-)"
92,5,The diagnosis of withdrawal state with delirium may be further
92,6,specified by using the following five-character codes:
92,7,Fix.40 Without convulsions
92,8,F1A\41 With convulsions
92,9,Fix.5 Psychotic disorder
92,10,A cluster of psychotic phenomena that occur during or immediately
92,11,after psychoactive substance use and are characterized by vivid
92,12,"hallucinations (typically auditory, but often in more than one"
92,13,"sensory modality), misidentifications, delusions and/or ideas of"
92,14,"reference (often of a paranoid or persecutory nature), psychomotor"
92,15,"disturbances (excitement or stupor), and an abnormal affect, which"
92,16,may range from intense fear to ecstasy. The sensorium is usually
92,17,"clear but some degree of clouding of consciousness, though not severe"
92,18,"confusion, may be present. The disorder typically resolves at least"
92,19,partially within 1 month and fully within 6 months.
92,20,Diagnostic guidelines
92,21,A psychotic disorder occurring during or immediately after drug use
92,22,(usually within 48 hours) should be recorded here provided that
92,23,it is not a manifestation of drug withdrawal state with delirium
92,24,(see Fix.4) or of late onset. Late-onset psychotic disorders (with onset
92,25,"more than 2 weeks after substance use) may occur, but should be"
92,26,coded as Flx.75.
92,27,Psychoactive substance-induced psychotic disorders may present with
92,28,varying patterns of symptoms. These variations will be influenced
92,29,by the type of substance involved and the personality of the user.
92,30,"For stimulant drugs such as cocaine and amfetamines, drug-induced"
92,31,psychotic disorders are generally closely related to high dose levels
92,32,and/or prolonged use of the substance.
92,33,A diagnosis of a psychotic disorder should not be made merely on
92,34,the basis of perceptual distortions or hallucinatory experiences when
92,35,"substances having primary hallucinogenic effects (e.g. lysergide (LSD),"
92,36,79
93,1,MENTAL AND BEHAVIOURAL DISORDERS
93,2,"mescaline, cannabis at high doses) have been taken. In such cases,"
93,3,"and also for confusional states, a possible diagnosis of acute"
93,4,intoxication (Flx.O) should be considered.
93,5,Particular care should also be taken to avoid mistakenly diagnosing
93,6,a more serious condition (e.g. schizophrenia) when a diagnosis of
93,7,psychoactive substance-induced psychosis is appropriate. Many
93,8,psychoactive substance-induced psychotic states are of short dura-
93,9,tion provided that no further amounts of the drug are taken (as in
93,10,the case of amfetamine and cocaine psychoses). False diagnosis in
93,11,such cases may have distressing and costly implications for the
93,12,patient and for the health services.
93,13,Includes: alcoholic hallucinosis
93,14,alcoholic jealousy
93,15,alcoholic paranoia
93,16,alcoholic psychosis NOS
93,17,Differential
93,18,diagnosis. Consider the possibility of another mental
93,19,disorder being aggravated or precipitated by psychoactive substance
93,20,use (e.g. schizophrenia (F20.-); mood [affective] disorder
93,21,"(F30 - F39); paranoid or schizoid personality disorder (F60.0, F60.1))."
93,22,"In such cases, a diagnosis of psychoactive substance-induced psychotic"
93,23,state may be inappropriate.
93,24,The diagnosis of psychotic state may be further specified by the
93,25,following five-character codes:
93,26,F1A-.50 Schizophrenia-like
93,27,F1x.51 Predominantly delusional
93,28,F1A\52 Predominantly hallucinatory
93,29,(includes alcoholic hallucinosis)
93,30,F1A\53 Predominantly polymorphic
93,31,F1x.54 Predominantly depressive symptoms
93,32,F1A\55 Predominantly manic symptoms
93,33,Fix.56 Mixed
93,34,80
94,1,F10-F19 DISORDERS DUE TO PSYCHOACTIVE SUBSTANCE USE
94,2,F1A\6 Amnesic syndrome
94,3,A syndrome associated with chronic prominent impairment of
94,4,"recent memory; remote memory is sometimes impaired, while"
94,5,immediate recall is preserved. Disturbances of time sense and
94,6,"ordering of events are usually evident, as are difficulties in learning"
94,7,new material. Confabulation may be marked but is not invariably
94,8,present. Other cognitive functions are usually relatively well
94,9,preserved and amnesic defects are out of proportion to other
94,10,disturbances.
94,11,Diagnostic guidelines
94,12,Amnesic syndrome induced by alcohol or other psychoactive
94,13,substances coded here should meet the general criteria for organic
94,14,amnesic syndrome (see F04). The primary requirements for this
94,15,diagnosis are:
94,16,(a) memory impairment as shown in impairment of recent memory
94,17,(learning of new material); disturbances of time sense (rearrange-
94,18,"ments of chronological sequence, telescoping of repeated events"
94,19,"into one, etc.);"
94,20,"(b) absence of defect in immediate recall, of impairment of con-"
94,21,"sciousness, and of generalized cognitive impairment;"
94,22,(c) history or objective evidence of chronic (and particularly high-
94,23,dose) use of alcohol or drugs.
94,24,"Personality changes, often with apparent apathy and loss of initiative,"
94,25,"and a tendency towards self-neglect may also be present, but should"
94,26,not be regarded as necessary conditions for diagnosis.
94,27,Although confabulation may be marked it should not be regarded
94,28,as a necessary prerequisite for diagnosis.
94,29,"Includes: Korsakov's psychosis or syndrome, alcohol- or other"
94,30,psychoactive substance-induced
94,31,Differential diagnosis. Consider: organic amnesic syndrome
94,32,(nonalcoholic) (see F04); other organic syndromes involving marked
94,33,impairment of memory (e.g. dementia or delirium) (F00-F03;
94,34,F05.-); a depressive disorder (F31-F33).
94,35,81
95,1,MENTAL AND BEHAVIOURAL DISORDERS
95,2,V\x.l Residual and late-onset psychotic disorder
95,3,A disorder in which alcohol- or psychoactive substance-induced
95,4,"changes of cognition, affect, personality, or behaviour persist beyond"
95,5,the period during which a direct psychoactive substance-related
95,6,effect might reasonably be assumed to be operating.
95,7,Diagnostic guidelines
95,8,Onset of the disorder should be directly related to the use of alcohol
95,9,or a psychoactive substance. Cases in which initial onset occurs later
95,10,than episode(s) of substance use should be coded here only where
95,11,clear and strong evidence is available to attribute the state to the
95,12,residual effect of the substance. The disorder should represent a
95,13,change from or marked exaggeration of prior and normal state of
95,14,functioning.
95,15,The disorder should persist beyond any period of time during which
95,16,direct effects of the psychoactive substance might be assumed to be
95,17,"operative (see Flx.O, acute intoxication). Alcohol- or psychoactive"
95,18,substance-induced dementia is not always irreversible; after an
95,19,"extended period of total abstinence, intellectual functions and memory"
95,20,may improve.
95,21,The disorder should be carefully distinguished from withdrawal-
95,22,related conditions (see Flx.3 and Flx.4). It should be remembered
95,23,"that, under certain conditions and for certain substances, withdrawal"
95,24,state phenomena may be present for a period of many days or weeks
95,25,after discontinuation of the substance.
95,26,"Conditions induced by a psychoactive substance, persisting after its"
95,27,"use, and meeting the criteria for diagnosis of psychotic disorder should"
95,28,"not be diagnosed here (use Fix.5, psychotic disorder). Patients who"
95,29,show the chronic end-state of Korsakov's syndrome should be coded
95,30,under Flx.6.
95,31,Differential diagnosis. Consider: pre-existing mental disorder
95,32,masked by substance use and re-emerging as psychoactive substance-
95,33,"related effects fade (for example, phobic anxiety, a depressive disorder,"
95,34,"schizophrenia, or schizotypal disorder). In the case of flashbacks,"
95,35,consider acute and transient psychotic disorders (F23. -). Consider
95,36,also organic injury and mild or moderate mental retardation
95,37,"(F70-F71), which may coexist with psychoactive substance misuse."
95,38,82
96,1,F10-F19 DISORDERS DUE TO PSYCHOACTIVE SUBSTANCE USE
96,2,This diagnostic rubric may be further subdivided by using the follow-
96,3,ing five-character codes:
96,4,F1A-.70 Flashbacks
96,5,May be distinguished from psychotic disorders partly by their episodic
96,6,"nature, frequently of very short duration (seconds or minutes) and"
96,7,by their duplication (sometimes exact) of previous drug-related
96,8,experiences.
96,9,Fix.71 Personality or behaviour disorder
96,10,Meeting the criteria for organic personality disorder (F07.0).
96,11,F1x.72 Residual affective disorder
96,12,Meeting the criteria for organic mood [affective] disorders (F06.3).
96,13,F1A\73 Dementia
96,14,Meeting the general criteria for dementia as outlined in the introduc-
96,15,tion to F00-F09.
96,16,F1A\74 Other persisting cognitive impairment
96,17,A residual category for disorders with persisting cognitive impair-
96,18,"ment, which do not meet the criteria for psychoactive substance-"
96,19,induced amnesic syndrome (Fix.6) or dementia (Fix.73).
96,20,F1A\75 Late-onset psychotic disorder
96,21,F1x.8 Other mental and behavioural disorders
96,22,Code here any other disorder in which the use of a substance can
96,23,"be identified as contributing directly to the condition, but which does"
96,24,not meet the criteria for inclusion in any of the above disorders.
96,25,F1jr.9 Unspecified mental and behavioural disorder
96,26,83
97,1,MENTAL AND BEHAVIOURAL DISORDERS
97,2,F20-F29
97,3,"Schizophrenia, schizotypal and delusional disorders"
97,4,Overview of this block
97,5,F20 Schizophrenia
97,6,F20.0 Paranoid schizophrenia
97,7,F20.1 Hebephrenic schizophrenia
97,8,F20.2 Catatonic schizophrenia
97,9,F20.3 Undifferentiated schizophrenia
97,10,F20.4 Post-schizophrenic depression
97,11,F20.5 Residual schizophrenia
97,12,F20.6 Simple schizophrenia
97,13,F20.8 Other schizophrenia
97,14,"F20.9 Schizophrenia, unspecified"
97,15,A fifth character may be used to classify course:
97,16,F20.X0 Continuous
97,17,F20.xl Episodic with progressive deficit
97,18,F20.x2 Episodic with stable deficit
97,19,F20.x3 Episodic remittent
97,20,F20.x4 Incomplete remission
97,21,F20.;t5 Complete remission
97,22,F20.x8 Other
97,23,"F20.x9 Course uncertain, period of observation too short"
97,24,F21 Schizotypal disorder
97,25,F22 Persistent delusional disorders
97,26,F22.0 Delusional disorder
97,27,F22.8 Other persistent delusional disorders
97,28,"F22.9 Persistent delusional disorder, unspecified"
97,29,F23 Acute and transient psychotic disorders
97,30,F23.0 Acute polymorphic psychotic disorder without symptoms of
97,31,schizophrenia
97,32,F23.1 Acute polymorphic psychotic disorder with symptoms of
97,33,schizophrenia
97,34,F23.2 Acute schizophrenia-like psychotic disorder
97,35,F23.3 Other acute predominantly delusional psychotic disorder
97,36,84
98,1,"F20-F29 SCHIZOPHRENIA, SCHIZOTYPAL AND DELUSIONAL DISORDERS"
98,2,F23.8 Other acute and transient psychotic disorders
98,3,"F23.9 Acute and transient psychotic disorder, unspecified"
98,4,A fifth character may be used to identify the presence or absence of associated
98,5,acute stress:
98,6,F23.xO Without associated acute stress
98,7,F23.xl With associated acute stress
98,8,F24 Induced delusional disorder
98,9,F25 Schizoaffective disorders
98,10,"F25.0 Schizoaffective disorder, manic type"
98,11,"F25.1 Schizoaffective disorder, depressive type"
98,12,"F25.2 Schizoaffective disorder, mixed type"
98,13,F25.8 Other schizoaffective disorders
98,14,"F25.9 Schizoaffective disorder, unspecified"
98,15,F28 Other nonorganic psychotic disorders
98,16,F29 Unspecified nonorganic psychosis
98,17,85
99,1,MENTAL AND BEHAVIOURAL DISORDERS
99,2,Introduction
99,3,Schizophrenia is the commonest and most important disorder of this group.
99,4,Schizotypal disorder possesses many of the characteristic features of
99,5,"schizophrenic disorders and is probably genetically related to them; however,"
99,6,"the hallucinations, delusions, and gross behavioural disturbances of"
99,7,schizophrenia itself are absent and so this disorder does not always come to
99,8,medical attention. Most of the delusional disorders are probably unrelated
99,9,"to schizophrenia, although they may be difficult to distinguish clinically, par-"
99,10,ticularly in their early
99,11,stages. They form a heterogeneous and poorly understood
99,12,"collection of disorders, which can conveniently be divided according to their"
99,13,typical duration into a group of persistent delusional disorders and a larger
99,14,group of acute and transient psychotic disorders. The latter appear to be par-
99,15,ticularly common in developing countries. The subdivisions listed here should
99,16,be regarded as provisional. Schizoaffective disorders have been retained in
99,17,this section in spite of their controversial nature.
99,18,•ami Schizophrenia
99,19,The schizophrenic disorders are characterized in general by fundamen-
99,20,"tal and characteristic distortions of thinking and perception, and by"
99,21,inappropriate or blunted affect. Clear consciousness and intellectual
99,22,"capacity are usually maintained, although certain cognitive deficits"
99,23,may evolve in the course of time. The disturbance involves the
99,24,most basic functions that give the normal person a feeling of
99,25,"individuality, uniqueness, and self-direction. The most intimate"
99,26,"thoughts, feelings, and acts are often felt to be known to or shared"
99,27,"by others, and explanatory delusions may develop, to the effect that"
99,28,natural or supernatural forces are at work to influence the afflicted
99,29,individual's thoughts and actions in ways that are often bizarre. The
99,30,individual may see himself or herself
99,31,as the pivot of all that happens.
99,32,"Hallucinations, especially auditory, are common and may comment"
99,33,on the individual's behaviour or thoughts. Perception is frequently
99,34,disturbed in other ways: colours or sounds may seem unduly vivid
99,35,"or altered in quality, and irrelevant features of ordinary things"
99,36,may appear more important than the whole object or situation.
99,37,Perplexity is also common early on and frequently leads to a belief
99,38,"that everyday situations possess a special, usually sinister, meaning"
99,39,intended uniquely for the individual. In the characteristic schizo-
99,40,"phrenic disturbance of thinking, peripheral and irrelevant features"
99,41,86
100,1,"F20-F29 SCHIZOPHRENIA, SCHIZOTYPAL AND DELUSIONAL DISORDERS"
100,2,"of a total concept, which are inhibited in normal directed mental"
100,3,"activity, are brought to the fore and utilized in place of those that"
100,4,are relevant and appropriate to the situation. Thus thinking becomes
100,5,"vague, elliptical, and obscure, and its expression in speech sometimes"
100,6,incomprehensible. Breaks and interpolations in the train of thought
100,7,"are frequent, and thoughts may seem to be withdrawn by some"
100,8,"outside agency. Mood is characteristically shallow, capricious, or"
100,9,incongruous. Ambivalence and disturbance of volition may appear
100,10,"as inertia, negativism, or stupor. Catatonia may be present. The onset"
100,11,"may be acute, with seriously disturbed behaviour, or insidious, with"
100,12,a gradual development of odd ideas and conduct. The course of the
100,13,disorder shows equally great variation and is by no means inevitably
100,14,chronic or deteriorating (the course is specified by five-character
100,15,"categories). In a proportion of cases, which may vary in different"
100,16,"cultures and populations, the outcome is complete, or nearly com-"
100,17,"plete, recovery. The sexes are approximately equally affected but"
100,18,the onset tends to be later in women.
100,19,"Although no strictly pathognomonic symptoms can be identified,"
100,20,for practical purposes it is useful to divide the above symptoms into
100,21,groups that have special importance for the diagnosis and often
100,22,"occur together, such as:"
100,23,"(a) thought echo, thought insertion or withdrawal, and thought"
100,24,broadcasting;
100,25,"(b) delusions of control, influence, or passivity, clearly referred"
100,26,"to body or limb movements or specific thoughts, actions, or"
100,27,sensations; delusional perception;
100,28,(c) hallucinatory voices giving a running commentary on the patient's
100,29,"behaviour, or discussing the patient among themselves, or other"
100,30,types of hallucinatory voices coming from some part of
100,31,the body;
100,32,(d) persistent delusions of other kinds that are culturally inappropriate
100,33,"and completely impossible, such as religious or political identity,"
100,34,or superhuman powers and abilities (e.g. being able to control
100,35,"the weather, or being in communication with aliens from another"
100,36,world);
100,37,"(e) persistent hallucinations in any modality, when accompanied"
100,38,either by fleeting or half-formed delusions without clear
100,39,"affective content, or by persistent over-valued ideas, or when"
100,40,occurring every day for weeks or months on end;
100,41,"(f) breaks or interpolations in the train of thought, resulting in"
100,42,"incoherence or irrelevant speech, or neologisms;"
100,43,87
101,1,MENTAL AND BEHAVIOURAL DISORDERS
101,2,"(g) catatonic behaviour, such as excitement, posturing, or waxy"
101,3,"flexibility, negativism, mutism, and stupor;"
101,4,"(h) ""negative"" symptoms such as marked apathy, paucity of speech,"
101,5,"and blunting or incongruity of emotional responses, usually"
101,6,resulting in social withdrawal and lowering of social performance;
101,7,it must be clear that these are not due to depression or to
101,8,neuroleptic medication;
101,9,(i) a significant and consistent change in the overall quality of some
101,10,"aspects of personal behaviour, manifest as loss of interest,"
101,11,"aimlessness, idleness, a self-absorbed attitude, and social"
101,12,withdrawal.
101,13,Diagnostic guidelines
101,14,The normal requirement for a diagnosis of schizophrenia is that a
101,15,minimum of one very clear symptom (and usually two or more if
101,16,less clear-cut) belonging to any one of the groups listed as (a) to
101,17,"(d) above, or symptoms from at least two of the groups referred"
101,18,"to as (e) to (h), should have been clearly present for most of the"
101,19,time during a period of 1 month or more. Conditions meeting
101,20,such symptomatic requirements but of duration less than 1 month
101,21,(whether treated or not) should be diagnosed in the first instance
101,22,as acute schizophrenia-like psychotic disorder (F23.2) and reclassified
101,23,as schizophrenia if the symptoms persist for longer periods. Symp-
101,24,tom (i) in the above list applies only to a diagnosis of simple
101,25,"schizophrenia (F20.6), and a duration of at least one year is required."
101,26,"Viewed retrospectively, it may be clear that a prodromal phase in"
101,27,"which symptoms and behaviour, such as loss of interest in work,"
101,28,"social activities, and personal appearance and hygiene, together with"
101,29,generalized anxiety and mild degrees of depression and preoccupa-
101,30,"tion, preceded the onset of psychotic symptoms by weeks or even"
101,31,"months. Because of the difficulty in timing onset, the"
101,32,1-month
101,33,duration criterion applies only to the specific symptoms listed above
101,34,and not to any prodromal nonpsychotic phase.
101,35,The diagnosis of schizophrenia should not be made in the presence
101,36,of extensive depressive or manic symptoms unless it is clear that
101,37,schizophrenic symptoms antedated the affective disturbance. If both
101,38,schizophrenic and affective symptoms develop together and are evenly
101,39,"balanced, the diagnosis of schizoaffective disorder (F25.-) should"
101,40,"be made, even if the schizophrenic symptoms by themselves would"
101,41,88
102,1,"F20-F29 SCHIZOPHRENIA, SCHIZOTYPAL AND DELUSIONAL DISORDERS"
102,2,have justified the diagnosis of schizophrenia. Schizophrenia should
102,3,not be diagnosed in the presence of overt brain disease or during
102,4,states of drug intoxication or withdrawal. Similar disorders develop-
102,5,ing in the presence of epilepsy or other brain disease should be coded
102,6,under F06.2 and those induced by drugs under Fix.5.
102,7,Pattern of course
102,8,The course of schizophrenic disorders can be classified by using the
102,9,following five-character codes:
102,10,F20.x0 Continuous
102,11,F20.x1 Episodic with progressive deficit
102,12,F20.x2 Episodic with stable deficit
102,13,F20.x3 Episodic remittent
102,14,F20.x4 Incomplete remission
102,15,F20.x5 Complete remission
102,16,F20.x8 Other
102,17,"F20.x9 Course uncertain, period of observation too short"
102,18,F20.0 Paranoid schizophrenia
102,19,This is the commonest type of schizophrenia in most parts of
102,20,"the world. The clinical picture is dominated by relatively stable,"
102,21,"often paranoid, delusions, usually accompanied by hallucinations,"
102,22,"particularly of the auditory variety, and perceptual disturbances."
102,23,"Disturbances of affect, volition, and speech, and catatonic symp-"
102,24,"toms, are not prominent."
102,25,Examples of the most common paranoid symptoms are:
102,26,"(a) delusions of persecution, reference, exalted birth, special"
102,27,"mission, bodily change, or jealousy;"
102,28,"(b) hallucinatory voices that threaten the patient or give commands,"
102,29,"or auditory hallucinations without verbal form, such as whis-"
102,30,"tling, humming, or laughing;"
102,31,"(c) hallucinations of smell or taste, or of sexual or other bodily"
102,32,sensations; visual hallucinations may occur but are rarely
102,33,predominant.
102,34,"Thought disorder may be obvious in acute states, but if so it"
102,35,does not prevent the typical delusions or hallucinations from being
102,36,described clearly. Affect is usually less blunted than in other varieties
102,37,"of schizophrenia, but a minor degree of incongruity is common, as"
102,38,89
103,1,MENTAL AND BEHAVIOURAL DISORDERS
103,2,"are mood disturbances such as irritability, sudden anger, fearfulness,"
103,3,"and suspicion. ""Negative"" symptoms such as blunting of affect and"
103,4,impaired volition are often present but do not dominate the clinical
103,5,picture.
103,6,"The course of paranoid schizophrenia may be episodic, with partial"
103,7,"or complete remissions, or chronic. In chronic cases, the florid"
103,8,symptoms persist over years and it is difficult to distinguish discrete
103,9,episodes. The onset tends to be later than in the hebephrenic and
103,10,catatonic forms.
103,11,Diagnostic guidelines
103,12,The general criteria for a diagnosis of schizophrenia (see introduc-
103,13,"tion to F20 above) must be satisfied. In addition, hallucinations and/or"
103,14,"delusions must be prominent, and disturbances of affect, volition"
103,15,"and speech, and catatonic symptoms must be relatively inconspicuous."
103,16,The hallucinations will usually be of the kind described in (b) and
103,17,(c) above. Delusions can be of almost any kind but delusions of
103,18,"control, influence, or passivity, and persecutory beliefs of various"
103,19,kinds are the most characteristic.
103,20,Includes: paraphrenic schizophrenia
103,21,Differential
103,22,diagnosis. It is important to exclude epileptic and drug-
103,23,"induced psychoses, and to remember that persecutory delusions might"
103,24,carry little diagnostic weight in people from certain countries or
103,25,cultures.
103,26,Excludes: involutional paranoid state (F22.8)
103,27,paranoia (F22.0)
103,28,F20.1 Hebephrenic schizophrenia
103,29,"A form of schizophrenia in which affective changes are prominent,"
103,30,"delusions and hallucinations fleeting and fragmentary, behaviour"
103,31,"irresponsible and unpredictable, and mannerisms common. The mood"
103,32,is shallow and inappropriate and often accompanied by giggling or
103,33,"self-satisfied, self-absorbed smiling, or by a lofty manner, grimaces,"
103,34,"mannerisms, pranks, hypochondriacal complaints, and reiterated"
103,35,phrases. Thought is disorganized and speech rambling and incoherent.
103,36,"There is a tendency to remain solitary, and behaviour seems empty"
103,37,of purpose and feeling. This form of schizophrenia usually starts
103,38,between the ages of 15 and 25 years and tends to have a poor
103,39,90
104,1,"F20--F29 SCHIZOPHRENIA, SCHIZOTYPAL AND DELUSIONAL DISORDERS"
104,2,"prognosis because of the rapid development of '""negative"" symp-"
104,3,"toms, particularly flattening of affect and loss of volition."
104,4,"In addition, disturbances of affect and volition, and thought disorder"
104,5,are usually prominent. Hallucinations and delusions may be present
104,6,but are not usually prominent. Drive and determination are lost and
104,7,"goals abandoned, so that the patient's behaviour becomes"
104,8,characteristically aimless and empty of purpose. A superficial and
104,9,"manneristic preoccupation with religion, philosophy, and other"
104,10,abstract themes may add to the listener's difficulty in following the
104,11,train of thought.
104,12,Diagnostic guidelines
104,13,The general criteria for a diagnosis of schizophrenia (see introduc-
104,14,tion to F20 above) must be satisfied. Hebephrenia should normally
104,15,be diagnosed for the first time only in adolescents or young adults.
104,16,"The premorbid personality is characteristically, but not necessarily,"
104,17,"rather shy and solitary. For a confident diagnosis of hebephrenia,"
104,18,a period of 2 or 3 months of continuous observation is usually
104,19,"necessary, in order to ensure that the characteristic behaviours"
104,20,described above are sustained.
104,21,Includes: disorganized schizophrenia
104,22,hebephrenia
104,23,F20.2 Catatonic schizophrenia
104,24,Prominent psychomotor disturbances are essential and dominant
104,25,features and may alternate between extremes such as hyperkinesis
104,26,"and stupor, or automatic obedience and negativism. Constrained"
104,27,attitudes and postures may be maintained for long periods. Episodes
104,28,of violent excitement may be a striking feature of the condition.
104,29,"For reasons that are poorly understood, catatonic schizophrenia is"
104,30,"now rarely seen in industrial countries, though it remains common"
104,31,elsewhere. These catatonic phenomena may be combined with a
104,32,dream-like (oneiroid) state with vivid scenic hallucinations.
104,33,Diagnostic guidelines
104,34,The general criteria for a diagnosis of schizophrenia (see introduc-
104,35,tion to F20 above) must be satisfied. Transitory and isolated catatonic
104,36,symptoms may occur in the context of any other subtype of
104,37,91
105,1,MENTAL AND BEHAVIOURAL DISORDERS
105,2,"schizophrenia, but for a diagnosis of catatonic schizophrenia one"
105,3,or more of the following behaviours should dominate the clinical
105,4,picture:
105,5,(a) stupor (marked decrease in reactivity to the environment and
105,6,in spontaneous movements and activity) or mutism;
105,7,"(b) excitement (apparently purposeless motor activity, not influenced"
105,8,by external stimuli);
105,9,(c) posturing (voluntary assumption and maintenance of inap-
105,10,propriate or bizarre postures);
105,11,(d) negativism (an apparently motiveless resistance to all instructions
105,12,"or attempts to be moved, or movement in the opposite direction);"
105,13,(e) rigidity (maintenance of a rigid posture against efforts to be
105,14,moved);
105,15,(f) waxy flexibility (maintenance of limbs and body in externally
105,16,imposed positions); and
105,17,(g) other symptoms such as command automatism (automatic
105,18,"compliance with instructions), and perseveration of words and"
105,19,phrases.
105,20,In uncommunicative patients with behavioural manifestations of
105,21,"catatonic disorder, the diagnosis of schizophrenia may have to"
105,22,be provisional until adequate evidence of the presence of other
105,23,symptoms is obtained. It is also vital to appreciate that catatonic
105,24,symptoms are not diagnostic of schizophrenia. A catatonic symptom
105,25,"or symptoms may also be provoked by brain disease, metabolic distur-"
105,26,"bances, or alcohol and drugs, and may also occur in mood disorders."
105,27,Includes: catatonic stupor
105,28,schizophrenic catalepsy
105,29,schizophrenic catatonia
105,30,schizophrenic flexibilitas cerea
105,31,F20.3 Undifferentiated schizophrenia
105,32,Conditions meeting the general diagnostic criteria for schizophrenia
105,33,(see introduction to F20 above) but not conforming to any of the
105,34,"above subtypes (F20.0-F20.2), or exhibiting the features of more"
105,35,than one of them without a clear predominance of a particular set
105,36,of diagnostic characteristics. This rubric should be used only for
105,37,"psychotic conditions (i.e. residual schizophrenia, F20.5, and post-"
105,38,"schizophrenic depression, F20.4, are excluded) and after an attempt"
105,39,92
106,1,"F20-F29 SCHIZOPHRENIA, SCHIZOTYPAL AND DELUSIONAL DISORDERS"
106,2,has been made to classify the condition into one of the three preceding
106,3,categories.
106,4,Diagnostic guidelines
106,5,This category should be reserved for disorders that:
106,6,(a) meet the general criteria for schizophrenia;
106,7,(b) are either without sufficient symptoms to meet the criteria for
106,8,"only one of the subtypes F20.1, F20.2, F20.4, or F20.5, or with"
106,9,"so many symptoms that more than one of the paranoid (F20.0),"
106,10,"hebephrenic (F20.1), or catatonic (F20.4) subtypes are met."
106,11,Includes: atypical schizophrenia
106,12,F20.4 Post-schizophrenic depression
106,13,"A depressive episode, which may be prolonged, arising in the"
106,14,aftermath of a schizophrenic illness. Some schizophrenic symptoms
106,15,must still be present but no longer dominate the clinical picture. These
106,16,"persisting schizophrenic symptoms may be ""positive"" or ""negative"","
106,17,"though the latter are more common. It is uncertain, and immaterial"
106,18,"to the diagnosis, to what extent the depressive symptoms have"
106,19,merely been uncovered by the resolution of earlier psychotic
106,20,symptoms (rather than being a new development) or are an intrinsic
106,21,part of schizophrenia rather than a psychological reaction to it. They
106,22,are rarely sufficiently severe or extensive to meet criteria for a severe
106,23,"depressive episode (F32.2 and F32.3), and it is often difficult to decide"
106,24,which of the patient's symptoms are due to depression and which
106,25,to neuroleptic medication or to the impaired volition and affective
106,26,flattening of schizophrenia itself. This depressive disorder is associated
106,27,with an increased risk of suicide.
106,28,Diagnostic guidelines
106,29,The diagnosis should be made only if:
106,30,(a) the patient has had a schizophrenic illness meeting the general
106,31,criteria for schizophrenia (see introduction to F20 above) within
106,32,the past 12 months;
106,33,(b) some schizophrenic symptoms are still present; and
106,34,"(c) the depressive symptoms are prominent and distressing, fulfil-"
106,35,"ling at least the criteria for a depressive episode (F32.-), and"
106,36,have been present for at least 2 weeks.
106,37,93
107,1,MENTAL AND BEHAVIOURAL DISORDERS
107,2,"If the patient no longer has any schizophrenic symptoms, a depressive"
107,3,episode should be diagnosed (F32.-). If schizophrenic symptoms
107,4,"are still florid and prominent, the diagnosis should remain that of"
107,5,"the appropriate schizophrenic subtype (F20.0, F20.1, F20.2, or F20.3)."
107,6,F20.5 Residual schizophrenia
107,7,A chronic stage in the development of a schizophrenic disorder
107,8,in which there has been a clear progression from an early stage
107,9,(comprising one or more episodes with psychotic symptoms meeting
107,10,the general criteria for schizophrenia described above) to a later stage
107,11,"characterized by long-term, though not necessarily irreversible,"
107,12,"""negative"" symptoms."
107,13,Diagnostic guidelines
107,14,"For a confident diagnosis, the following requirements should be met:"
107,15,"(a) prominent ""negative"" schizophrenic symptoms, i.e. psychomotor"
107,16,"slowing, underactivity, blunting of affect, passivity and lack"
107,17,"of initiative, poverty of quantity or content of speech, poor"
107,18,"nonverbal communication by facial expression, eye contact, voice"
107,19,"modulation, and posture, poor self-care and social performance;"
107,20,(b) evidence in the past of at least one clear-cut psychotic episode
107,21,meeting the diagnostic criteria for schizophrenia;
107,22,(c) a period of at least 1 year during which the intensity and
107,23,frequency of florid symptoms such as delusions and hallucina-
107,24,tions have been minimal or substantially reduced and the
107,25,"""negative"" schizophrenic syndrome has been present;"
107,26,"(d) absence of dementia or other organic brain disease or disorder,"
107,27,and of chronic depression or institutionalism sufficient to
107,28,explain the negative impairments.
107,29,If adequate information about the patient's previous history cannot
107,30,"be obtained, and it therefore cannot be established that criteria for"
107,31,"schizophrenia have been met at some time in the past, it may be"
107,32,necessary to make a provisional diagnosis of residual schizophrenia.
107,33,Includes: chronic undifferentiated schizophrenia
107,34,"""Restzustand"""
107,35,schizophrenic residual state
107,36,94
108,1,"F20-F29 SCHIZOPHRENIA, SCHIZOTYPAL AND DELUSIONAL DISORDERS"
108,2,F20.6 Simple schizophrenia
108,3,An uncommon disorder in which there is an insidious but progressive
108,4,"development of oddities of conduct, inability to meet the demands"
108,5,"of society, and decline in total performance. Delusions and hallucina-"
108,6,"tions are not evident, and the disorder is less obviously psychotic"
108,7,"than the hebephrenic, paranoid, and catatonic subtypes of"
108,8,"schizophrenia. The characteristic ""negative"" features of residual"
108,9,"schizophrenia (e.g. blunting of affect, loss of volition) develop without"
108,10,being preceded by any overt psychotic symptoms. With increasing
108,11,"social impoverishment, vagrancy may ensue and the individual may"
108,12,"then become self-absorbed, idle, and aimless."
108,13,Diagnostic guidelines
108,14,Simple schizophrenia is a difficult diagnosis to make with any
108,15,confidence because it depends on establishing the slowly progressive
108,16,"development of the characteristic ""negative"" symptoms of residual"
108,17,schizophrenia (see F20.5 above) without any history of hallucina-
108,18,"tions, delusions, or other manifestations of an earlier psychotic"
108,19,"episode, and with significant changes in personal behaviour, manifest"
108,20,"as a marked loss of interest, idleness, and social withdrawal over"
108,21,a period of at least one year.
108,22,Includes: schizophrenia simplex
108,23,F20.8 Other schizophrenia
108,24,Includes: cenesthopathic schizophrenia
108,25,schizophreniform disorder NOS
108,26,Excludes: acute schizophrenia-like disorder (F23.2)
108,27,cyclic schizophrenia (F25.2)
108,28,latent schizophrenia (F23.2)
108,29,"F20.9 Schizophrenia, unspecified"
108,30,|2U Schizotypal disorder
108,31,A disorder characterized by eccentric behaviour and anomalies of
108,32,"thinking and affect which resemble those seen in schizophrenia, though"
108,33,no definite and characteristic schizophrenic anomalies have occurred
108,34,"at any stage. There is no dominant or typical disturbance, but any"
108,35,of the following may be present:
108,36,95
109,1,MENTAL AND BEHAVIOURAL DISORDERS
109,2,(a) inappropriate or constricted affect (the individual appears cold
109,3,and aloof);
109,4,"(b) behaviour or appearance that is odd, eccentric, or peculiar;"
109,5,(c) poor rapport with others and a tendency to social withdrawal;
109,6,"(d) odd beliefs or magical thinking, influencing behaviour and"
109,7,inconsistent with subcultural norms;
109,8,(e) suspiciousness or paranoid ideas;
109,9,"(f) obsessive ruminations without inner resistance, often with"
109,10,"dysmorphophobic, sexual or aggressive contents;"
109,11,(g) unusual perceptual experiences including somatosensory (bodily)
109,12,"or other illusions, depersonalization or derealization;"
109,13,"(h) vague, circumstantial, metaphorical, over elaborate, or stereotyped"
109,14,"thinking, manifested by odd speech or in other ways, without"
109,15,gross incoherence;
109,16,(i) occasional transient quasi-psychotic episodes with intense
109,17,"illusions, auditory or other hallucinations, and delusion-like ideas,"
109,18,usually occurring without external provocation.
109,19,The disorder runs a chronic course with fluctuations of intensity.
109,20,Occasionally it evolves into overt schizophrenia. There is no definite
109,21,onset and its evolution and course are usually those of a personality
109,22,disorder. It is more common in individuals related to schizophrenics
109,23,"and is believed to be part of the genetic ""spectrum"" of schizophrenia."
109,24,Diagnostic guidelines
109,25,This diagnostic rubric is not recommended for general use because
109,26,it is not clearly demarcated either from simple schizophrenia or from
109,27,"schizoid or paranoid personality disorders. If the term is used, three"
109,28,"or four of the typical features listed above should have been present,"
109,29,"continuously or episodically, for at"
109,30,least 2 years. The individual must
109,31,never have met criteria for schizophrenia itself. A history of
109,32,schizophrenia in a first-degree relative gives additional weight to the
109,33,diagnosis but is not a prerequisite.
109,34,Includes: borderline schizophrenia
109,35,latent schizophrenia
109,36,latent schizophrenic reaction
109,37,prepsychotic schizophrenia
109,38,prodromal schizophrenia
109,39,pseudoneurotic schizophrenia
109,40,96
110,1,"F20-F29 SCHIZOPHRENIA, SCHIZOTYPAL AND DELUSIONAL DISORDERS"
110,2,pseudopsychopathic schizophrenia
110,3,schizotypal personality disorder
110,4,Excludes: Asperger's syndrome (F84.5)
110,5,schizoid personality disorder (F60.1)
110,6,|2£l Persistent delusional disorders
110,7,This group includes a variety of disorders in which long-standing
110,8,"delusions constitute the only, or the most conspicuous, clinical"
110,9,"characteristic and which cannot be classified as organic, schizophrenic,"
110,10,"or affective. They are probably heterogeneous, and have uncertain"
110,11,relationships to schizophrenia. The relative importance of genetic
110,12,"factors, personality characteristics, and life circumstances in their"
110,13,genesis is uncertain and probably variable.
110,14,F22.0 Delusional disorder
110,15,This group of disorders is characterized by the development either
110,16,of a single delusion or of a set of related delusions which are usually
110,17,persistent and sometimes lifelong. The delusions are highly variable
110,18,"in content. Often they are persecutory, hypochondriacal, or gran-"
110,19,"diose, but they may be concerned with litigation or jealousy, or"
110,20,"express a conviction that the individual's body is misshapen, or that"
110,21,others think that he or she smells or is homosexual. Other
110,22,"psychopathology is characteristically absent, but depressive symp-"
110,23,"toms may be present intermittently, and olfactory and tactile hallucina-"
110,24,tions may develop in some cases. Clear and persistent auditory
110,25,"hallucinations (voices), schizophrenic symptoms such as delusions"
110,26,"of control and marked blunting of affect, and definite evidence of"
110,27,"brain disease are all incompatible with this diagnosis. However,"
110,28,"occasional or transitory auditory hallucinations, particularly in elderly"
110,29,"patients, do not rule out this diagnosis, provided that they are not"
110,30,typically schizophrenic and form only a small part of the overall
110,31,"clinical picture. Onset is commonly in middle age but sometimes,"
110,32,"particularly in the case of beliefs about having a misshapen body,"
110,33,"in early adult life. The content of the delusion, and the timing of"
110,34,"its emergence, can often be related to the individual's life situation,"
110,35,e.g. persecutory delusions in members of minorities. Apart from
110,36,actions and attitudes directly related to the delusion or delusional
110,37,"system, affect, speech, and behaviour are normal."
110,38,97
111,1,MENTAL AND BEHAVIOURAL DISORDERS
111,2,Diagnostic guidelines
111,3,Delusions constitute the most conspicuous or the only clinical
111,4,characteristic. They must be present for at least 3 months and
111,5,be clearly personal rather than subcultural. Depressive symptoms
111,6,or even a full-blown depressive episode (F32.-) may be present
111,7,"intermittently, provided that the delusions persist at times when there"
111,8,is no disturbance of
111,9,"mood. There must be no evidence of brain disease,"
111,10,"no or only occasional auditory hallucinations, and no history of"
111,11,"schizophrenic symptoms (delusions of control, thought broadcasting,"
111,12,etc.).
111,13,Includes: paranoia
111,14,paranoid psychosis
111,15,paranoid state
111,16,paraphrenia (late)
111,17,sensitiver Beziehungswahn
111,18,Excludes: paranoid personality disorder (F60.0)
111,19,psychogenic paranoid psychosis (F23.3)
111,20,paranoid reaction (F23.3)
111,21,paranoid schizophrenia (F20.0)
111,22,F22.8 Other persistent delusional disorders
111,23,This is a residual category for persistent delusional disorders that
111,24,do not meet the criteria for delusional disorder (F22.0). Disorders
111,25,in which delusions are accompanied by persistent hallucinatory voices
111,26,or by schizophrenic symptoms that are insufficient to meet criteria
111,27,for schizophrenia (F20. -) should be coded here. Delusional disorders
111,28,"that have lasted for less than 3 months should, however, be coded,"
111,29,"at least temporarily, under F23.-."
111,30,Includes: delusional dysmorphophobia
111,31,involutional paranoid state
111,32,paranoia querulans
111,33,"F22.9 Persistent delusional disorder, unspecified"
111,34,98
112,1,"F20-F29 SCHIZOPHRENIA, SCHIZOTYPAL AND DELUSIONAL DISORDERS"
112,2,|£g| Acute and transient psychotic disorders
112,3,Systematic clinical information that would provide definitive guidance
112,4,"on the classification of acute psychotic disorders is not yet available,"
112,5,and the limited data and clinical tradition that must therefore be
112,6,used instead do not give rise to concepts that can be clearly defined
112,7,and separated from each other. In the absence of a tried and tested
112,8,"multiaxial system, the method used here to avoid diagnostic con-"
112,9,fusion is to construct a diagnostic sequence that reflects the order
112,10,of priority given to selected key features of the disorder. The order
112,11,of priority used here is:
112,12,(a) an acute onset (within 2 weeks) as the defining feature of the
112,13,whole group;
112,14,(b) the presence of typical syndromes;
112,15,(c) the presence of associated acute stress.
112,16,The classification is nevertheless arranged so that those who do not
112,17,agree with this order of priority can still identify acute psychotic
112,18,disorders with each of these specified features.
112,19,It is also recommended that whenever possible a further subdivision
112,20,"of onset be used, if applicable, for all the disorders of this group."
112,21,Acute onset is defined as a change from a state without psychotic
112,22,"features to a clearly abnormal psychotic state, within a period of"
112,23,2 weeks or less. There is some evidence that acute onset is associated
112,24,"with a good outcome, and it may be that the more abrupt the onset,"
112,25,"the better the outcome. It is therefore recommended that, whenever"
112,26,"appropriate, abrupt onset (within 48 hours or less) be specified."
112,27,The
112,28,"typical syndromes that have been selected are first, the rapidly"
112,29,"changing and variable state, called here ""polymorphic"", that has"
112,30,"been given prominence in acute psychotic states in several countries,"
112,31,"and second, the presence of typical schizophrenic symptoms."
112,32,"Associated acute stress can also be specified, with a fifth character"
112,33,"if desired, in view of its traditional linkage with acute psychosis."
112,34,"The limited evidence available, however, indicates that a substantial"
112,35,"proportion of acute psychotic disorders arise without associated stress,"
112,36,and provision has therefore been made for the presence or the absence
112,37,of stress to be recorded. Associated acute stress is taken to mean
112,38,99
113,1,MENTAL AND BEHAVIOURAL DISORDERS
113,2,that the first psychotic symptoms occur within about 2 weeks of
113,3,one or more events that would be regarded as stressful to most
113,4,"people in similar circumstances, within the culture of the person"
113,5,"concerned. Typical events would be bereavement, unexpected loss"
113,6,"of partner or job, marriage, or the psychological trauma of combat,"
113,7,"terrorism, and torture. Long-standing difficulties or problems should"
113,8,not be included as a source of stress in this context.
113,9,Complete recovery usually occurs within
113,10,"2 to 3 months, often within"
113,11,"a few weeks or even days, and only a small proportion of patients"
113,12,with these disorders develop persistent and disabling states. Unfor-
113,13,"tunately, the present state of knowledge does not allow the early"
113,14,prediction of that small proportion of patients who will not recover
113,15,rapidly.
113,16,These clinical descriptions and diagnostic guidelines are written on
113,17,the assumption that they will be used by clinicians who may need
113,18,to make a diagnosis when having to assess and treat patients within
113,19,"a few days or weeks of the onset of the disorder, not knowing how"
113,20,long the disorder will last. A number of reminders about the time
113,21,limits and transition from one disorder to another have therefore
113,22,"been included, so as to alert those recording the diagnosis to the"
113,23,need to keep them up to date.
113,24,The nomenclature of these acute disorders is as uncertain as their
113,25,"nosological status, but an attempt has been made to use simple"
113,26,"and familiar terms. ""Psychotic disorder"" is used as a term of"
113,27,convenience for all the members of this group (psychotic is defined
113,28,"in the general introduction, page 3) with an additional qualifying"
113,29,term indicating the major defining feature of each separate type as
113,30,it appears in the sequence noted above.
113,31,Diagnostic guidelines
113,32,None of the disorders in the group satisfies the criteria for either
113,33,"manic (F30. -) or depressive (F32. -) episodes, although emotional"
113,34,changes and individual affective symptoms may be prominent from
113,35,time to time.
113,36,"These disorders are also defined by the absence of organic causation,"
113,37,"such as states of concussion, delirium, or dementia. Perplexity,"
113,38,"preoccupation, and inattention to the immediate conversation are"
113,39,100
114,1,"F20-F29 SCHIZOPHRENIA, SCHIZOTYPAL AND DELUSIONAL DISORDERS"
114,2,"often present, but if they are so marked or persistent as to suggest"
114,3,"delirium or dementia of organic cause, the diagnosis should be delayed"
114,4,"until investigation or observation has clarified this point. Similarly,"
114,5,disorders in F23.- should not be diagnosed in the presence of
114,6,"obvious intoxication by drugs or alcohol. However, a recent minor"
114,7,"increase in the consumption of, for instance, alcohol or marijuana,"
114,8,"with no evidence of severe intoxication or disorientation, should not"
114,9,rule out the diagnosis of one of these acute psychotic disorders.
114,10,It is important to note that the 48-hour and the 2-week criteria are
114,11,"not put forward as the times of maximum severity and disturbance,"
114,12,but as times by which the psychotic symptoms have become obvious
114,13,and disruptive of at least some aspects of daily life and work.
114,14,The peak disturbance may be reached later in both instances;
114,15,the symptoms and disturbance have only to be obvious by the
114,16,"stated times, in the sense that they will usually have brought the"
114,17,patient into contact with some form of helping or medical agency.
114,18,Prodromal periods of
114,19,"anxiety, depression, social withdrawal, or mildly"
114,20,abnormal behaviour do not qualify for inclusion in these periods
114,21,of time.
114,22,A fifth character may be used to indicate whether or nor the acute
114,23,psychotic disorder is associated with acute stress:
114,24,F23.xO Without associated acute stress
114,25,F23.x1 With associated acute stress
114,26,F23.0 Acute polymorphic psychotic disorder without symptoms of
114,27,schizophrenia
114,28,"An acute psychotic disorder in which hallucinations, delusions,"
114,29,"and perceptual disturbances are obvious but markedly variable,"
114,30,changing from day to day or even from hour to hour. Emotional
114,31,"turmoil, with intense transient feelings of happiness and ecstasy or"
114,32,"anxieties and irritability, is also frequently present. This polymorphic"
114,33,"and unstable, changing clinical picture is characteristic, and even"
114,34,though individual affective or psychotic symptoms may at times be
114,35,"present, the criteria for manic episode (F30.-), depressive episode"
114,36,"(F32.-), or schizophrenia (F20.-) are not fulfilled. This disorder"
114,37,is particularly likely to have an abrupt onset (within 48 hours) and
114,38,a rapid resolution of symptoms; in a large proportion of cases there
114,39,is no obvious precipitating stress.
114,40,101
115,1,MENTAL AND BEHAVIOURAL DISORDERS
115,2,"If the symptoms persist for more than 3 months, the diagnosis should"
115,3,be changed. (Persistent delusional disorder (F22.-) or other
115,4,nonorganic psychotic disorder (F28) is likely to be the most
115,5,appropriate.)
115,6,Diagnostic guidelines
115,7,For a definite diagnosis:
115,8,(a) the onset must be acute (from a nonpsychotic state to a clearly
115,9,psychotic state within 2 weeks or less);
115,10,"(b) there must be several types of hallucination or delusion, changing"
115,11,in both type and intensity from day to day or within the same day;
115,12,(c) there should be a similarly varying emotional state; and
115,13,"(d) in spite of the variety of symptoms, none should be present with"
115,14,sufficient consistency to fulfil the criteria for schizophrenia
115,15,(F20. -) or for manic or depressive episode (F30. - or F32. -).
115,16,Includes: bouffee delirante without symptoms of schizophrenia or
115,17,unspecified
115,18,cycloid psychosis without symptoms of schizophrenia or
115,19,unspecified
115,20,F23.1 Acute polymorphic psychotic disorder with symptoms of
115,21,schizophrenia
115,22,An acute psychotic disorder which meets the descriptive criteria for
115,23,acute polymorphic psychotic disorder (F23.0) but in which typically
115,24,schizophrenic symptoms are also consistently present.
115,25,Diagnostic guidelines
115,26,"For a definite diagnosis, criteria (a), (b), and (c) specified for"
115,27,acute polymorphic psychotic disorder (F23.0) must be fulfilled;
115,28,"in addition, symptoms that fulfil the criteria for schizophrenia"
115,29,(F20. -) must have been present for the majority of the time since
115,30,the establishment of an obviously psychotic clinical picture.
115,31,"If the schizophrenic symptoms persist for more than 1 month, the"
115,32,diagnosis should be changed to schizophrenia (F20.-).
115,33,Includes: bouffee delirante with symptoms of schizophrenia
115,34,cycloid psychosis with symptoms of schizophrenia
115,35,102
116,1,"F20-F29 SCHIZOPHRENIA, SCHIZOTYPAL AND DELUSIONAL DISORDERS"
116,2,F23.2 Acute schizophrenia-like psychotic disorder
116,3,An acute psychotic disorder in which the psychotic symptoms are
116,4,comparatively stable and fulfil the criteria for schizophrenia (F20. -)
116,5,but have lasted for less than 1 month. Some degree of emotional
116,6,"variability or instability may be present, but not to the extent described"
116,7,in acute polymorphic psychotic disorder (F23.0).
116,8,Diagnostic guidelines
116,9,For a definite diagnosis:
116,10,(a) the onset of psychotic symptoms must be acute (2 weeks or less
116,11,from a nonpsychotic to a clearly psychotic state);
116,12,(b) symptoms that fulfil the criteria for schizophrenia (F20. -)
116,13,must have been present for the majority of the time since the
116,14,establishment of an obviously psychotic clinical picture;
116,15,(c) the criteria for acute polymorphic psychotic disorder are not
116,16,fulfilled.
116,17,"If the schizophrenic symptoms last for more than 1 month, the"
116,18,diagnosis should be changed to schizophrenia (F20.-).
116,19,Includes: acute (undifferentiated) schizophrenia
116,20,brief schizophreniform disorder
116,21,brief schizophreniform psychosis
116,22,oneirophrenia
116,23,schizophrenic reaction
116,24,Excludes: organic delusional [schizophrenia-like] disorder (F06.2)
116,25,schizophreniform disorder NOS (F20.8)
116,26,F23.3 Other acute predominantly delusional psychotic disorders
116,27,Acute psychotic disorders in which comparatively stable delusions
116,28,"or hallucinations are the main clinical features, but do not fulfil the"
116,29,criteria for schizophrenia (F20.-). Delusions of persecution or
116,30,"reference are common, and hallucinations are usually auditory (voices"
116,31,talking directly to the patient).
116,32,Diagnostic guidelines
116,33,For a definite diagnosis:
116,34,(a) the onset of psychotic symptoms must be acute (2 weeks or less
116,35,from a nonpsychotic to a clearly psychotic state);
116,36,103
117,1,MENTAL AND BEHAVIOURAL DISORDERS
117,2,(b) delusions or hallucinations must have been present for the
117,3,majority of the time since the establishment of an obviously
117,4,psychotic state; and
117,5,(c) the criteria for neither schizophrenia (F20.-) nor acute poly-
117,6,morphic psychotic disorder (F23.0) are fulfilled.
117,7,"If delusions persist for more than 3 months, the diagnosis should"
117,8,be changed to persistent delusional disorder (F22.-). If only
117,9,"hallucinations persist for more than 3 months, the diagnosis should"
117,10,be changed to other nonorganic psychotic disorder (F28).
117,11,Includes: paranoid reaction
117,12,psychogenic paranoid psychosis
117,13,F23.8 Other acute and transient psychotic disorders
117,14,Any other acute psychotic disorders that are unclassifiable under
117,15,any other category in F23 (such as acute psychotic states in which
117,16,definite delusions or hallucinations occur but persist for only
117,17,small proportions of the time) should be coded here. States of
117,18,undifferentiated excitement should also be coded here if more
117,19,"detailed information about the patient's mental state is not available,"
117,20,provided that there is no evidence of an organic cause.
117,21,"F23.9 Acute and transient psychotic disorder, unspecified"
117,22,Includes: (brief) reactive psychosis NOS
117,23,•am Induced delusional disorder
117,24,A rare delusional disorder shared by two or occasionally more
117,25,people with close emotional links. Only one person suffers from
117,26,a genuine psychotic disorder; the delusions are induced in the other(s)
117,27,and usually disappear when the people are separated. The psychotic
117,28,"illness of the dominant person is most commonly schizophrenic, but"
117,29,this is not necessarily or invariably so. Both the original delusions
117,30,in the dominant person and the induced delusions are usually chronic
117,31,and either persecutory or grandiose in nature. Delusional beliefs are
117,32,transmitted this way only in uncommon circumstances. Almost
117,33,"invariably, the people concerned have an unusually close relationship"
117,34,"and are isolated from others by language, culture, or geography."
117,35,The individual in whom the delusions are induced is usually
117,36,dependent on or subservient to the person with the genuine psychosis.
117,37,104
118,1,"F20-F29 SCHIZOPHRENIA, SCHIZOTYPAL AND DELUSIONAL DISORDERS"
118,2,Diagnostic guidelines
118,3,A diagnosis of induced delusional disorder should be made only if:
118,4,(a) two or more people share the same delusion or delusional system
118,5,and support one another in this belief;
118,6,(b) they have an unusually close relationship of the kind described
118,7,above;
118,8,(c) there is temporal or other contextual evidence that the delusion
118,9,was induced in the passive member(s) of the pair or group by
118,10,contact with the active member.
118,11,Induced hallucinations are unusual but do not negate the diagnosis.
118,12,"However, if there are reasons for believing that two people living"
118,13,together have independent psychotic disorders neither should be coded
118,14,"here, even if some of the delusions are shared."
118,15,Includes: folie a deux
118,16,induced paranoid or psychotic disorder
118,17,symbiotic psychosis
118,18,Excludes: folie simultanee
118,19,|2£] Schizoaffective disorders
118,20,These are episodic disorders in which both affective and schizophrenic
118,21,"symptoms are prominent within the same episode of illness, preferably"
118,22,"simultaneously, but at least within a few days of each other. Their"
118,23,relationship to typical mood [affective] disorders (F30-F39) and
118,24,to schizophrenic disorders (F20-F24) is uncertain. They are given
118,25,a separate category because they are too common to be ignored.
118,26,Other conditions in which affective symptoms are superimposed upon
118,27,"or form part of a pre-existing schizophrenic illness, or in which they"
118,28,"coexist or alternate with other types of persistent delusional disorders,"
118,29,are classified under the appropriate category in F20-F29. Mood-
118,30,"incongruent delusions or hallucinations in affective disorders (F30.2,"
118,31,"F31.2, F31.5, F32.3, or F33.3) do not by themselves justify a diagnosis"
118,32,of schizoaffective disorder.
118,33,"Patients who suffer from recurrent schizoaffective episodes, par-"
118,34,ticularly those whose symptoms are of the manic rather than the
118,35,105
119,1,MENTAL AND BEHAVIOURAL DISORDERS
119,2,"depressive type, usually make a full recovery and only rarely develop"
119,3,a defect state.
119,4,Diagnostic guidelines
119,5,A diagnosis of schizoaffective disorder should be made only when
119,6,both definite schizophrenic and definite affective symptoms are
119,7,"prominent simultaneously, or within a few days of each other, within"
119,8,"the same episode of illness, and when, as a consequence of this,"
119,9,the episode of illness does not meet criteria for either schizophrenia
119,10,or a depressive or manic episode. The term should not be applied
119,11,to patients who exhibit schizophrenic symptoms and affective
119,12,"symptoms only in different episodes of illness. It is common, for"
119,13,"example, for a schizophrenic patient to present with depressive"
119,14,symptoms in the aftermath of a psychotic episode (see post-
119,15,schizophrenic depression (F20.4)). Some patients have recurrent
119,16,"schizoaffective episodes, which may be of the manic or depressive"
119,17,type or a mixture of the two. Others have one or two schizoaffective
119,18,episodes interspersed between typical episodes of mania or depression.
119,19,"In the former case, schizoaffective disorder is the appropriate"
119,20,"diagnosis. In the latter, the occurrence of an occasional schizoaffec-"
119,21,tive episode does not invalidate a diagnosis of bipolar affective
119,22,disorder or recurrent depressive disorder if
119,23,the clinical picture is typical
119,24,in other respects.
119,25,"F25.0 Schizoaffective disorder, manic type"
119,26,A disorder in which schizophrenic and manic symptoms are both
119,27,prominent in the same episode of illness. The abnormality of mood
119,28,"usually takes the form of elation, accompanied by increased self-"
119,29,"esteem and grandiose ideas, but sometimes excitement or irritability"
119,30,are more obvious and accompanied by aggressive behaviour and
119,31,"persecutory ideas. In both cases there is increased energy, overactiv-"
119,32,"ity, impaired concentration, and a loss of normal social inhibition."
119,33,"Delusions of reference, grandeur, or persecution may be present,"
119,34,but other more typically schizophrenic symptoms are required to
119,35,"establish the diagnosis. People may insist, for example, that their"
119,36,"thoughts are being broadcast or interfered with, or that alien forces"
119,37,"are trying to control them, or they may report hearing voices of"
119,38,varied kinds or express bizarre delusional ideas that are not merely
119,39,grandiose or persecutory. Careful questioning is often required to
119,40,establish that an individual really is experiencing these morbid
119,41,"phenomena, and not merely joking or talking in metaphors."
119,42,106
120,1,"F20-F29 SCHIZOPHRENIA, SCHIZOTYPAL AND DELUSIONAL DISORDERS"
120,2,"Schizoaffective disorders, manic type, are usually florid psychoses"
120,3,"with an acute onset; although behaviour is often grossly disturbed,"
120,4,full recovery generally occurs within a few weeks.
120,5,Diagnostic guidelines
120,6,"There must be a prominent elevation of mood, or a less obvious"
120,7,elevation of mood combined with increased irritability or excitement.
120,8,"Within the same episode, at least one and preferably two typically"
120,9,"schizophrenic symptoms (as specified for schizophrenia (F20.-),"
120,10,diagnostic guidelines (a)-(d)) should be clearly present.
120,11,This category should be used both for a single schizoaffective episode
120,12,of the manic type and for a recurrent disorder in which the majority
120,13,"of episodes are schizoaffective, manic type."
120,14,"Includes: schizoaffective psychosis, manic type"
120,15,"schizophreniform psychosis, manic type"
120,16,"F25.1 Schizoaffective disorder, depressive type"
120,17,A disorder in which schizophrenic and depressive symptoms are both
120,18,prominent in the same episode of illness. Depression of mood is
120,19,usually accompanied by several characteristic depressive symptoms
120,20,"or behavioural abnormalities such as retardation, insomnia, loss"
120,21,"of energy, appetite or weight, reduction of normal interests,"
120,22,"impairment of concentration, guilt, feelings of hopelessness, and"
120,23,"suicidal thoughts. At the same time, or within the same episode,"
120,24,other more typically schizophrenic symptoms are present; patients
120,25,"may insist, for example, that their thoughts are being broadcast or"
120,26,"interfered with, or that alien forces are trying to control them. They"
120,27,may be convinced that they are being spied upon or plotted against
120,28,and this is not justified by their own behaviour. Voices may be heard
120,29,that are not merely disparaging or condemnatory but that talk of
120,30,killing the patient or discuss this behaviour between themselves.
120,31,Schizoaffective episodes of the depressive type are usually less florid
120,32,"and alarming than schizoaffective episodes of the manic type, but"
120,33,they tend to last longer and the prognosis is less favourable. Although
120,34,"the majority of patients recover completely, some eventually develop"
120,35,a schizophrenic defect.
120,36,107
121,1,MENTAL AND BEHAVIOURAL DISORDERS
121,2,Diagnostic guidelines
121,3,"There must be prominent depression, accompanied by at least"
121,4,two characteristic depressive symptoms or associated behavioural
121,5,abnormalities as listed for depressive episode (F32.-); within the
121,6,"same episode, at least one and preferably two typically schizophrenic"
121,7,"symptoms (as specified for schizophrenia (F20.-), diagnostic"
121,8,guidelines (a)-(d)) should be clearly present.
121,9,"This category should be used both for a single schizoaffective episode,"
121,10,"depressive type, and for a recurrent disorder in which the majority"
121,11,"of episodes are schizoaffective, depressive type."
121,12,"Includes: schizoaffective psychosis, depressive type"
121,13,"schizophreniform psychosis, depressive type"
121,14,"F25.2 Schizoaffective disorder, mixed type"
121,15,Disorders in which symptoms of schizophrenia (F20. - ) coexist
121,16,with those of a mixed bipolar affective disorder (F31.6) should be
121,17,coded here.
121,18,Includes: cyclic schizophrenia
121,19,mixed schizophrenic and affective psychosis
121,20,F25.8 Other schizoaffective disorders
121,21,"F25.9 Schizoaffective disorder, unspecified"
121,22,Includes: schizoaffective psychosis NOS
121,23,|2£] Other nonorganic psychotic disorders
121,24,Psychotic disorders that do not meet the criteria for schizophrenia
121,25,(F20.-) or for psychotic types of mood [affective] disorders
121,26,"(F30 - F39), and psychotic disorders that do not meet the symptomatic"
121,27,criteria for persistent delusional disorder (F22.-) should be coded
121,28,here.
121,29,Includes: chronic hallucinatory psychosis NOS
121,30,108
122,1,"F20-F29 SCHIZOPHRENIA, SCHIZOTYPAL AND DELUSIONAL DISORDERS"
122,2,•a*i Unspecified nonorganic psychosis
122,3,This category should also be used for psychosis of unknown etiology.
122,4,Includes: psychosis NOS
122,5,Excludes: mental disorder NOS (F99)
122,6,organic or symptomatic psychosis NOS (F09)
122,7,109
123,1,MENTAL AND BEHAVIOURAL DISORDERS
123,2,F30-F39
123,3,Mood [affective] disorders
123,4,Overview of this block
123,5,F30 Manic episode
123,6,F30.0 Hypomania
123,7,F30.1 Mania without psychotic symptoms
123,8,F30.2 Mania with psychotic symptoms
123,9,F30.8 Other manic episodes
123,10,"F30.9 Manic episode, unspecified"
123,11,F31 Bipolar affective disorder
123,12,"F31.0 Bipolar affective disorder, current episode hypomanic"
123,13,"F31.1 Bipolar affective disorder, current episode manic without psychotic"
123,14,symptoms
123,15,"F31.2 Bipolar affective disorder, current episode manic with psychotic"
123,16,symptoms
123,17,"F31.3 Bipolar affective disorder, current episode mild or moderate"
123,18,depression
123,19,.30 Without somatic syndrome
123,20,.31 With somatic syndrome
123,21,"F31.4 Bipolar affective disorder, current episode severe depression without"
123,22,psychotic symptoms
123,23,"F31.5 Bipolar affective disorder, current episode severe depression with"
123,24,psychotic symptoms
123,25,"F31.6 Bipolar affective disorder, current episode mixed"
123,26,"F31.7 Bipolar affective disorder, currently in remission"
123,27,F31.8 Other bipolar affective disorders
123,28,"F31.9 Bipolar affective disorder, unspecified"
123,29,F32 Depressive episode
123,30,F32.0 Mild depressive episode
123,31,.00 Without somatic syndrome
123,32,.01 With somatic syndrome
123,33,F32.1 Moderate depressive episode
123,34,.10 Without somatic syndrome
123,35,.11 With somatic syndrome
123,36,F32.2 Severe depressive episode without psychotic symptoms
123,37,F32.3 Severe depressive episode with psychotic symptoms
123,38,110
124,1,F30-F39 MOOD [AFFECTIVE] DISORDERS
124,2,F32.8 Other depressive episodes
124,3,"F32.9 Depressive episode, unspecified"
124,4,F33 Recurrent depressive disorder
124,5,"F33.O Recurrent depressive disorder, current episode mild"
124,6,.00 Without somatic syndrome
124,7,.01 With somatic syndrome
124,8,"F33.1 Recurrent depressive disorder, current episode moderate"
124,9,.10 Without somatic syndrome
124,10,.11 With somatic syndrome
124,11,"F33.2 Recurrent depressive disorder, current episode severe without"
124,12,psychotic symptoms
124,13,"F33.3 Recurrent depressive disorder, current episode severe with psychotic"
124,14,symptoms
124,15,"F33.4 Recurrent depressive disorder, currently in remission"
124,16,F33.8 Other recurrent depressive disorders
124,17,"F33.9 Recurrent depressive disorder, unspecified"
124,18,F34 Persistent mood [affective] disorders
124,19,F34.0 Cyclothymia
124,20,F34.1 Dysthymia
124,21,F34.8 Other persistent mood [affective] disorders
124,22,"F34.9 Persistent mood [affective] disorder, unspecified"
124,23,F38 Other mood [affective] disorders
124,24,F38.O Other single mood [affective] disorders
124,25,.00 Mixed affective episode
124,26,F38.1 Other recurrent mood [affective] disorders
124,27,.10 Recurrent brief depressive disorder
124,28,F38.8 Other specified mood [affective] disorders
124,29,F39 Unspecified mood [affective] disorder
124,30,111
125,1,MENTAL AND BEHAVIOURAL DISORDERS
125,2,Introduction
125,3,"The relationship between etiology, symptoms, underlying biochemical pro-"
125,4,"cesses, response to treatment, and outcome of mood [affective] disorders is"
125,5,not yet sufficiently well understood to allow their classification in a way that
125,6,"is likely to meet with universal approval. Nevertheless, a classification must"
125,7,"be attempted, and that presented here is put forward in the hope that it will"
125,8,"at least be acceptable, since it is the result of widespread consultation."
125,9,"In these disorders, the fundamental disturbance is a change in mood or affect,"
125,10,usually to depression (with or without associated anxiety) or to elation. This
125,11,mood change is normally accompanied by a change in the overall level of
125,12,"activity, and most other symptoms are either secondary"
125,13,"to, or easily understood"
125,14,"in the context of, such changes. Most of these disorders tend to be recurrent,"
125,15,and the onset of individual episodes is often related to stressful events or situa-
125,16,tions. This block deals with mood disorders in all age groups; those arising
125,17,in childhood and adolescence should therefore be coded here.
125,18,The main criteria by which the affective disorders have been classified have
125,19,"been chosen for practical reasons, in that they allow common clinical disorders"
125,20,to be easily identified. Single episodes have been distinguished from bipolar
125,21,and other multiple episode disorders because substantial proportions of
125,22,"patients have only one episode of illness, and severity is given prominence"
125,23,because of implications for treatment and for provision of different levels of
125,24,"service. It is acknowledged that the symptoms referred to here as ""somatic"""
125,25,"could also have been called ""melancholic"", ""vital"", ""biological"", or ""endogeno-"
125,26,"morphic"", and that the scientific status of this syndrome is in any case"
125,27,somewhat questionable. It is to be hoped that the result of its inclusion here
125,28,will be widespread critical appraisal of the usefulness of its separate identifi-
125,29,cation. The classification is arranged so that this somatic syndrome can be
125,30,"recorded by those who so wish, but can also be ignored without loss of any"
125,31,other information.
125,32,Distinguishing between different grades of severity remains a problem; the
125,33,"three grades of mild, moderate, and severe have been specified here because"
125,34,many clinicians wish to have them available.
125,35,"The terms ""mania"" and ""severe depression"" are used in this classification"
125,36,"to denote the opposite ends of the affective spectrum; ""hypomania"" is used"
125,37,"to denote an intermediate state without delusions, hallucinations, or complete"
125,38,"disruption of normal activities, which is often (but not exclusively) seen as"
125,39,patients develop or recover from mania.
125,40,112
126,1,F30-F39 MOOD [AFFECTIVE] DISORDERS
126,2,QJj] Manic episode
126,3,"Three degrees of severity are specified here, sharing the common"
126,4,"underlying characteristics of elevated mood, and an increase in the"
126,5,quantity and speed of physical and mental activity. All the subdivi-
126,6,sions of this category should be used only for a single manic episode.
126,7,"If previous or subsequent affective episodes (depressive, manic, or"
126,8,"hypomanic), the disorder should be coded under bipolar affective"
126,9,disorder (F31.-).
126,10,"Includes: bipolar disorder, single manic episode"
126,11,F30.0 Hypomania
126,12,"Hypomania is a lesser degree of mania (F30.1), in which abnormalities"
126,13,of mood and behaviour are too persistent and marked to be included
126,14,under cyclothymia (F34.0) but are not accompanied by hallucina-
126,15,tions or delusions. There is a persistent mild elevation of mood (for
126,16,at least several days on
126,17,"end), increased energy and activity, and usually"
126,18,marked feelings of well-being and both physical and mental efficiency.
126,19,"Increased sociability, talkativeness, overfamiliarity, increased sexual"
126,20,"energy, and a decreased need for sleep are often present but not"
126,21,to the extent that they lead to severe disruption of work or result
126,22,"in social rejection. Irritability, conceit, and boorish behaviour may"
126,23,take the place of the more usual euphoric sociability.
126,24,"Concentration and attention may be impaired, thus diminishing the"
126,25,"ability to settle down to work or to relaxation and leisure, but this"
126,26,may not prevent the appearance of interests in quite new ventures
126,27,"and activities, or mild over-spending."
126,28,Diagnostic guidelines
126,29,"Several of the features mentioned above, consistent with elevated"
126,30,"or changed mood and increased activity, should be present for at"
126,31,"least several days on end, to a degree and with a persistence greater"
126,32,than described for cyclothymia (F34.0). Considerable interference
126,33,with work or social activity is consistent with a diagnosis of
126,34,"hypomania, but if disruption of these is severe or complete, mania"
126,35,(F30.1 or F30.2) should be diagnosed.
126,36,Differential
126,37,diagnosis. Hypomania covers the range of disorders of
126,38,mood and level of activities between cyclothymia (F34.0) and mania
126,39,113
127,1,MENTAL AND BEHAVIOURAL DISORDERS
127,2,(F30.1 and F30.2). The increased activity and restlessness (and often
127,3,weight loss) must be distinguished from the same symptoms occurr-
127,4,"ing in hyperthyroidism and anorexia nervosa; early states of ""agitated"
127,5,"depression"", particularly in late middle-age, may bear a superficial"
127,6,resemblance to hypomania of the irritable variety. Patients with severe
127,7,obsessional symptoms may be active part of the night completing
127,8,"their domestic cleaning rituals, but their affect will usually be the"
127,9,opposite of that described here.
127,10,When a short period of hypomania occurs as a prelude to or after-
127,11,"math of mania (F30.1 and F30.2), it is usually not worth specifying"
127,12,the hypomania separately.
127,13,F30.1 Mania without psychotic symptoms
127,14,Mood is elevated out of keeping with the individual's circumstances
127,15,and may vary from carefree joviality to almost uncontrollable
127,16,"excitement. Elation is accompanied by increased energy, resulting"
127,17,"in overactivity, pressure of speech, and a decreased need for sleep."
127,18,"Normal social inhibitions are lost, attention cannot be sustained,"
127,19,"and there is often marked distractability. Self-esteem is inflated, and"
127,20,grandiose or over-optimistic ideas are freely expressed.
127,21,"Perceptual disorders may occur, such as the appreciation of colours"
127,22,"as especially vivid (and usually beautiful), a preoccupation with fine"
127,23,"details of surfaces or textures, and subjective hyperacusis. The"
127,24,"individual may embark on extravagant and impractical schemes, spend"
127,25,"money recklessly, or become aggressive, amorous, or facetious in"
127,26,inappropriate circumstances. In some manic episodes the mood is
127,27,irritable and suspicious rather than elated. The first attack occurs
127,28,most commonly between the ages of
127,29,"15 and 30 years, but may occur"
127,30,at any age from late childhood to the seventh or eighth decade.
127,31,Diagnostic guidelines
127,32,The episode should last for at least 1 week and should be severe
127,33,enough to disrupt ordinary work and social activities more or less
127,34,completely. The mood change should be accompanied by increased
127,35,energy and several of the symptoms referred to above (particularly
127,36,"pressure of speech, decreased need for sleep, grandiosity, and ex-"
127,37,cessive optimism).
127,38,114
128,1,F30-F39 MOOD [AFFECTIVE] DISORDERS
128,2,F30.2 Mania with psychotic symptoms
128,3,The clinical picture is that of a more severe form of mania as described
128,4,in F30.1. Inflated self-esteem and grandiose ideas may develop into
128,5,"delusions, and irritability and suspiciousness into delusions of per-"
128,6,"secution. In severe cases, grandiose or religious delusions of identity"
128,7,"or role may be prominent, and flight of ideas and pressure of speech"
128,8,may result in the individual becoming incomprehensible. Severe and
128,9,sustained physical activity and excitement may result in aggression
128,10,"or violence, and neglect of eating, drinking, and personal hygiene"
128,11,may result in dangerous states of dehydration and self-neglect. If
128,12,"required, delusions or hallucinations can be specified as congruent"
128,13,"or incongruent with the mood. ""Incongruent"" should be taken"
128,14,as including affectively neutral delusions and hallucinations; for
128,15,"example, delusions of reference with no guilty or accusatory"
128,16,"content, or voices speaking to the individual about events that have"
128,17,no special emotional significance.
128,18,Differential
128,19,diagnosis. One of the commonest problems is differen-
128,20,"tiation of this disorder from schizophrenia, particularly if the stages"
128,21,of development through hypomania have been missed and the
128,22,patient is seen only at the height of the illness when widespread
128,23,"delusions, incomprehensible speech, and violent excitement may"
128,24,obscure the basic disturbance of affect. Patients with mania that
128,25,is responding to neuroleptic medication may present a similar
128,26,diagnostic problem at the stage when they have returned to normal
128,27,levels of physical and mental activity but still have delusions or
128,28,hallucinations. Occasional hallucinations or delusions as specified
128,29,for schizophrenia
128,30,"(F20. -) may also be classed as mood-incongruent,"
128,31,"but if these symptoms are prominent and persistent, the diagnosis"
128,32,of schizoaffective disorder (F25. -) is more likely to be appropriate
128,33,(see also page 14).
128,34,Includes: manic stupor
128,35,F30.8 Other manic episodes
128,36,"F30.9 Manic episode, unspecified"
128,37,Includes: mania NOS
128,38,115
129,1,MENTAL AND BEHAVIOURAL DISORDERS
129,2,•ac« Bipolar affective disorder
129,3,This disorder is characterized by repeated (i.e. at least two) episodes
129,4,in which the patient's mood and activity levels are significantly
129,5,"disturbed, this disturbance consisting on some occasions of an"
129,6,elevation of mood and increased energy and activity (mania or
129,7,"hypomania), and on others of a lowering of mood and decreased"
129,8,"energy and activity (depression). Characteristically, recovery"
129,9,is usually
129,10,"complete between episodes, and the incidence in the two sexes is"
129,11,more nearly equal than in other mood disorders. As patients who
129,12,"suffer only from repeated episodes of mania are comparatively rare,"
129,13,"and resemble (in their family history, premorbid personality, age"
129,14,"of onset, and long-term prognosis) those who also have at least"
129,15,"occasional episodes of depression, such patients are classified as"
129,16,bipolar.
129,17,Manic episodes usually begin abruptly and last for between 2 weeks
129,18,and 4-5 months (median duration about 4 months). Depressions
129,19,"tend to last longer (median length about 6 months), though rarely"
129,20,"for more than a year, except in the elderly. Episodes of both kinds"
129,21,"often follow stressful life events or other mental trauma, but the"
129,22,presence of such stress is not essential for the diagnosis. The first
129,23,episode may occur at any age from childhood to old age. The
129,24,frequency of episodes and the pattern of remissions and relapses
129,25,"are both very variable, though remissions tend to get shorter as time"
129,26,goes on and depressions to become commoner and longer lasting
129,27,after middle age.
129,28,"Although the original concept of ""manic - depressive psychosis"" also"
129,29,"included patients who suffered only from depression, the term"
129,30,"""manic-depressive disorder or psychosis"" is now used mainly as"
129,31,a synonym for bipolar disorder.
129,32,"Includes: manic-depressive illness, psychosis or reaction"
129,33,"Excludes: bipolar disorder, single manic episode (F30.-)"
129,34,cyclothymia (F34.0)
129,35,116
130,1,F30-F39 MOOD [AFFECTIVE] DISORDERS
130,2,"F31.0 Bipolar affective disorder, current episode hypomanic"
130,3,Diagnostic guidelines
130,4,For a definite diagnosis:
130,5,(a) the current episode must fulfil the criteria for hypomania (F30.0);
130,6,and
130,7,(b) there must have been at least one other affective episode
130,8,"(hypomanic, manic, depressive, or mixed) in the past."
130,9,"F31.1 Bipolar affective disorder, current episode manic without"
130,10,psychotic symptoms
130,11,Diagnostic guidelines
130,12,For a definite diagnosis:
130,13,(a) the current episode must fulfil the criteria for mania without
130,14,psychotic symptoms (F30.1); and
130,15,(b) there must have been at least one other affective episode
130,16,"(hypomanic, manic, depressive, or mixed) in the past."
130,17,"F31.2 Bipolar affective disorder, current episode manic with"
130,18,psychotic symptoms
130,19,Diagnostic guidelines
130,20,For a definite diagnosis:
130,21,(a) the current episode must fulfil the criteria for mania with psychotic
130,22,symptoms (F30.2); and
130,23,(b) there must have been at least one other affective episode
130,24,"(hypomanic, manic, depressive, or mixed) in the past."
130,25,"If required, delusions or hallucinations may be specified as congruent"
130,26,or incongruent with mood (see F30.2).
130,27,"F31.3 Bipolar affective disorder, current episode mild or moderate"
130,28,depression
130,29,Diagnostic guidelines
130,30,For a definite diagnosis:
130,31,(a) the current episode must fulfil the criteria for a depressive episode
130,32,of either mild (F32.0) or moderate (F32.1) severity; and
130,33,"(b) there must have been at least one hypomanic, manic, or mixed"
130,34,affective episode in the past.
130,35,117
131,1,MENTAL AND BEHAVIOURAL DISORDERS
131,2,A fifth character may be used to specify the presence or absence
131,3,of a somatic syndrome in the current episode of depression:
131,4,F31.30 Without somatic syndrome
131,5,F31.31 With somatic syndrome
131,6,"F31.4 Bipolar affective disorder, current episode severe depression"
131,7,without psychotic symptoms
131,8,Diagnostic guidelines
131,9,For a definite diagnosis:
131,10,(a) the current episode must fulfil the criteria for a severe depressive
131,11,episode without psychotic symptoms (F32.2); and
131,12,"(b) there must have been at least one hypomanic, manic, or mixed"
131,13,affective episode in the past.
131,14,"F31.5 Bipolar affective disorder, current episode severe depression"
131,15,with psychotic symptoms
131,16,Diagnostic guidelines
131,17,For a definite diagnosis:
131,18,(a) the current episode must fulfil the criteria for a severe depressive
131,19,episode with psychotic symptoms (F32.3); and
131,20,"(b) there must have been at least one hypomanic, manic, or mixed"
131,21,affective episode in the past.
131,22,"If required, delusions or hallucinations may be specified as congruent"
131,23,or incongruent with mood (see F30.2).
131,24,"F31.6 Bipolar affective disorder, current episode mixed"
131,25,"The patient has had at least one manic, hypomanic, or mixed"
131,26,affective episode in the past and currently exhibits either a mixture
131,27,"or a rapid alternation of manic, hypomanic, and depressive symptoms."
131,28,Diagnostic guidelines
131,29,Although the most typical form of bipolar disorder consists of
131,30,alternating manic and depressive episodes separated by periods
131,31,"of normal mood, it is not uncommon for depressive mood to be"
131,32,accompanied for days or weeks on end by overactivity and pressure
131,33,"of speech, or for a manic mood and grandiosity to be accompanied"
131,34,by agitation and loss of energy and libido. Depressive symptoms
131,35,118
132,1,F30-F39 MOOD [AFFECTIVE] DISORDERS
132,2,"and symptoms of hypomania or mania may also alternate rapidly,"
132,3,from day to day or even from hour to hour. A diagnosis of mixed
132,4,bipolar affective disorder should be made only if the two sets of
132,5,symptoms are both prominent for the greater part of the current
132,6,"episode of illness, and if that episode has lasted for at least 2 weeks."
132,7,Excludes: single mixed affective episode (F38.0)
132,8,"F31.7 Bipolar affective disorder, currently in remission"
132,9,"The patient has had at least one manic, hypomanic, or mixed"
132,10,affective episode in the past and in addition at least one other
132,11,"affective episode of hypomanic, manic, depressive, or mixed type,"
132,12,"but is not currently suffering from any significant mood disturbance,"
132,13,"and has not done so for several months. The patient may, however,"
132,14,be receiving treatment to reduce the risk of future episodes.
132,15,F31.8 Other bipolar affective disorders
132,16,Includes: bipolar II disorder
132,17,recurrent manic episodes NOS
132,18,"F31.9 Bipolar affective disorder, unspecified"
132,19,|2g] Depressive episode
132,20,In typical depressive episodes of all three varieties described below
132,21,"(mild (F32.0), moderate (F32.1), and severe (F32.2 and F32.3)), the"
132,22,"individual usually suffers from depressed mood, loss of interest and"
132,23,"enjoyment, and reduced energy leading to increased fatiguability and"
132,24,diminished activity. Marked tiredness after only slight effort is com-
132,25,mon. Other common symptoms are:
132,26,(a) reduced concentration and attention;
132,27,(b) reduced self-esteem and self-confidence;
132,28,(c) ideas of guilt and unworthiness (even in a mild type of episode);
132,29,(d) bleak and pessimistic views of the future;
132,30,(e) ideas or acts of self-harm or suicide;
132,31,(f) disturbed sleep;
132,32,(g) diminished appetite.
132,33,"The lowered mood varies little from day to day, and is often"
132,34,"unresponsive to circumstances, yet may show a characteristic diurnal"
132,35,119
133,1,MENTAL AND BEHAVIOURAL DISORDERS
133,2,"variation as the day goes on. As with manic episodes, the clinical"
133,3,"presentation shows marked individual variations, and atypical"
133,4,"presentations are particularly common in adolescence. In some cases,"
133,5,"anxiety, distress, and motor agitation may be more prominent at"
133,6,"times than the depression, and the mood change may also be masked"
133,7,"by added features such as irritability, excessive consumption of"
133,8,"alcohol, histrionic behaviour, and exacerbation of pre-existing phobic"
133,9,"or obsessional symptoms, or by hypochondriacal preoccupations."
133,10,"For depressive episodes of all three grades of severity, a duration"
133,11,of at least
133,12,"2 weeks is usually required for diagnosis, but shorter periods"
133,13,may be reasonable if symptoms are unusually severe and of rapid
133,14,onset.
133,15,Some of the above symptoms may be marked and develop
133,16,characteristic features that are widely regarded as having special
133,17,"clinical significance. The most typical examples of these ""somatic"""
133,18,"symptoms (see introduction to this block, page 112) are: loss of"
133,19,interest or pleasure in activities that are normally enjoyable; lack
133,20,of emotional reactivity to normally pleasurable surroundings and
133,21,events; waking in the morning 2 hours or more before the usual
133,22,time; depression worse in the morning; objective evidence of definite
133,23,psychomotor retardation or agitation (remarked on or reported by
133,24,other people); marked loss of appetite; weight loss (often defined
133,25,as 5% or more of body weight in the past month); marked loss of
133,26,"libido. Usually, this somatic syndrome is not regarded as present"
133,27,unless about four of these symptoms are definitely present.
133,28,"The categories of mild (F32.0), moderate (F32.1) and severe (F32.2"
133,29,and F32.3) depressive episodes described in more detail below should
133,30,be used only for a single (first) depressive episode. Further depressive
133,31,episodes should be classified under one of the subdivisions of
133,32,recurrent depressive disorder (F33.-).
133,33,These grades of severity are specified to cover a wide range of clinical
133,34,states that are encountered in different types of psychiatric practice.
133,35,Individuals with mild depressive episodes are common in primary
133,36,"care and general medical settings, whereas psychiatric inpatient units"
133,37,deal largely with patients suffering from the severe grades.
133,38,"Acts of self-harm associated with mood [affective] disorders, most"
133,39,"commonly self-poisoning by prescribed medication, should be"
133,40,120
134,1,F30-F39 MOOD [AFFECTIVE] DISORDERS
134,2,recorded by means of an additional code from Chapter XX of ICD-10
134,3,(X60-X84). These codes do not involve differentiation between
134,4,"attempted suicide and ""parasuicide"", since both are included in the"
134,5,general category of self-harm.
134,6,"Differentiation between mild, moderate, and severe depressive"
134,7,episodes rests upon a complicated clinical judgement that involves
134,8,"the number, type, and severity of symptoms present. The extent of"
134,9,ordinary social and work activities is often a useful general guide
134,10,"to the likely degree of severity of the episode, but individual, social,"
134,11,and cultural influences that disrupt a smooth relationship between
134,12,severity of symptoms and social performance are sufficiently common
134,13,and powerful to make it unwise to include social performance amongst
134,14,the essential criteria of severity.
134,15,The presence of dementia (F00-F03) or mental retardation
134,16,(F70 - F79) does not rule out the diagnosis of a treatable depressive
134,17,"episode, but communication difficulties are likely to make it necessary"
134,18,to rely more than usual for the diagnosis upon objectively observed
134,19,"somatic symptoms, such as psychomotor retardation, loss of appetite"
134,20,"and weight, and sleep disturbance."
134,21,"Includes: single episodes of depressive reaction, major depression"
134,22,"(without psychotic symptoms), psychogenic depression"
134,23,"or reactive depression (F32.0, F32.1 or F32.2)"
134,24,F32.0 Mild depressive episode
134,25,Diagnostic guidelines
134,26,"Depressed mood, loss of interest and enjoyment, and increased"
134,27,fatiguability are usually regarded as the most typical symptoms of
134,28,"depression, and at least two of these, plus at least two of the other"
134,29,symptoms described on page 119 (for F32.-) should usually be
134,30,present for a definite diagnosis. None of the symptoms should be
134,31,present to an intense degree. Minimum duration of the whole episode
134,32,is about 2 weeks.
134,33,An individual with a mild depressive episode is usually distressed
134,34,by the symptoms and has some difficulty in continuing with ordinary
134,35,"work and social activities, but will probably not cease to function"
134,36,completely.
134,37,121
135,1,MENTAL AND BEHAVIOURAL DISORDERS
135,2,A fifth character may be used to specify the presence of a somatic
135,3,syndrome:
135,4,F32.00 Without somatic syndrome
135,5,"The criteria for mild depressive episode are fulfilled, and there are"
135,6,few or none of the somatic symptoms present.
135,7,F32.01 With somatic syndrome
135,8,"The criteria for mild depressive episode are fulfilled, and four or"
135,9,more of the somatic symptoms are also present. (If only two or three
135,10,"somatic symptoms are present but they are unusually severe, use of"
135,11,this category may be justified.)
135,12,F32.1 Moderate depressive episode
135,13,Diagnostic guidelines
135,14,At least two of the three most typical symptoms noted for mild
135,15,"depressive episode (F32.0) should be present, plus at least three (and"
135,16,preferably four) of the other symptoms. Several symptoms are likely
135,17,"to be present to a marked degree, but this is not essential if a"
135,18,particularly wide variety of symptoms is present overall. Minimum
135,19,duration of the whole episode is about 2 weeks.
135,20,An individual with a moderately severe depressive episode will
135,21,"usually have considerable difficulty in continuing with social, work"
135,22,or domestic activities.
135,23,A fifth character may be used to specify the occurrence of a somatic
135,24,syndrome:
135,25,F32.10 Without somatic syndrome
135,26,"The criteria for moderate depressive episode are fulfilled, and few"
135,27,if any of the somatic symptoms are present.
135,28,F32.11 With somatic syndrome
135,29,"The criteria for moderate depressive episode are fulfilled, and four"
135,30,or more or the somatic symptoms are present. (If only two or three
135,31,"somatic symptoms are present but they are unusually severe, use of"
135,32,this category may be justified.)
135,33,F32.2 Severe depressive episode without psychotic symptoms
135,34,"In a severe depressive episode, the sufferer usually shows considerable"
135,35,"distress or agitation, unless retardation is a marked feature. Loss"
135,36,122
136,1,F30-F39 MOOD [AFFECTIVE] DISORDERS
136,2,of self-esteem or feelings of uselessness or guilt are likely to be pro-
136,3,"minent, and suicide is a distinct danger in particularly severe cases."
136,4,It is presumed here that the somatic syndrome will almost always
136,5,be present in a severe depressive episode.
136,6,Diagnostic guidelines
136,7,All three of the typical symptoms noted for mild and moderate
136,8,"depressive episodes (F32.0, F32.1) should be present, plus at least"
136,9,"four other symptoms, some of which should be of severe intensity."
136,10,"However, if important symptoms such as agitation or retardation"
136,11,"are marked, the patient may be unwilling or unable to describe many"
136,12,symptoms in detail. An overall grading of severe episode may still
136,13,be justified in such instances. The depressive episode should usually
136,14,"last at least 2 weeks, but if the symptoms are particularly severe"
136,15,"and of very rapid onset, it may be justified to make this diagnosis"
136,16,after less than 2 weeks.
136,17,During a severe depressive episode it is very unlikely that the sufferer
136,18,"will be able to continue with social, work, or domestic activities,"
136,19,except to a very limited extent.
136,20,This category should be used only for single episodes of severe
136,21,"depression without psychotic symptoms; for further episodes, a"
136,22,subcategory of recurrent depressive disorder (F33. -) should be used.
136,23,Includes: single episodes of agitated depression
136,24,melancholia or vital depression without psychotic symptoms
136,25,F32.3 Severe depressive episode with psychotic symptoms
136,26,Diagnostic guidelines
136,27,A severe depressive episode which meets the criteria given for F32.2
136,28,"above and in which delusions, hallucinations, or depressive stupor"
136,29,"are present. The delusions usually involve ideas of sin, poverty, or"
136,30,"imminent disasters, responsibility for which may be assumed by the"
136,31,patient. Auditory or olfactory hallucinations are usually of defamatory
136,32,or accusatory voices or of rotting filth or decomposing flesh. Severe
136,33,"psychomotor retardation may progress to stupor. If required,"
136,34,delusions or hallucinations may be specified as mood-congruent or
136,35,mood-incongruent (see F30.2).
136,36,123
137,1,MENTAL AND BEHAVIOURAL DISORDERS
137,2,Differential diagnosis. Depressive stupor must be differentiated
137,3,"from catatonic schizophrenia (F20.2), from dissociative stupor"
137,4,"(F44.2), and from organic forms of stupor. This category should"
137,5,be used only for single episodes of severe depression with psychotic
137,6,symptoms; for further episodes a subcategory of recurrent depressive
137,7,disorder (F33.-) should be used.
137,8,Includes: single episodes of major depression with psychotic symp-
137,9,"toms, psychotic depression, psychogenic depressive"
137,10,"psychosis, reactive depressive psychosis"
137,11,F32.8 Other depressive episodes
137,12,Episodes should be included here which do not fit the descriptions
137,13,"given for depressive episodes described in F32.0-F32.3, but for which"
137,14,the overall diagnostic impression indicates that they are depressive
137,15,in nature. Examples include fluctuating mixtures of depressive
137,16,symptoms (particularly the somatic variety) with non-diagnostic
137,17,"symptoms such as tension, worry, and distress, and mixtures of"
137,18,somatic depressive symptoms with persistent pain or fatigue not due
137,19,to organic causes (as sometimes seen in general hospital services).
137,20,Includes: atypical depression
137,21,"single episodes of ""masked"" depression NOS"
137,22,"F32.9 Depressive episode, unspecified"
137,23,Includes: depression NOS
137,24,depressive disorder NOS
137,25,|2£] Recurrent depressive disorder
137,26,The disorder is characterized by repeated episodes of depression as
137,27,"specified in depressive episode (mild (F32.0), moderate (F32.1)), or"
137,28,"severe (F32.2 and F32.3)), without any history of independent episodes"
137,29,of mood elevation and overactivity that fulfil the criteria of mania
137,30,"(F30.1 and F30.2). However, the category should still be used if there"
137,31,is evidence of brief episodes of mild mood elevation and overactivity
137,32,which fulfil the criteria of hypomania (F30.0) immediately after a
137,33,depressive episode (sometimes apparently precipitated by treatment
137,34,"of a depression). The age of onset and the severity, duration, and"
137,35,frequency of the episodes of depression are all highly variable. In
137,36,124
138,1,F30-F39 MOOD [AFFECTIVE] DISORDERS
138,2,"general, the first episode occurs later than in bipolar disorder, with"
138,3,a mean age of onset in the fifth decade. Individual episodes also
138,4,last between 3 and 12 months (median duration about 6 months)
138,5,but recur less frequently. Recovery is usually complete between
138,6,"episodes, but a minority of patients may develop a persistent"
138,7,"depression, mainly in old age (for which this category should still"
138,8,be used). Individual episodes of any severity are often precipitated
138,9,"by stressful life events; in many cultures, both individual episodes"
138,10,and persistent depression are twice as common in women as in men.
138,11,The risk that a patient with recurrent depressive disorder will have
138,12,"an episode of mania never disappears completely, however many"
138,13,depressive episodes he or she has experienced. If a manic episode
138,14,"does occur, the diagnosis should change to bipolar affective disorder."
138,15,"Recurrent depressive episode may be subdivided, as below, by"
138,16,specifying first the type of the current episode and then (if sufficient
138,17,information
138,18,is available) the type that predominates in all the episodes.
138,19,"Includes: recurrent episodes of depressive reaction, psychogenic"
138,20,"depression, reactive depression, seasonal affective"
138,21,disorder (F33.O or F33.1)
138,22,"recurrent episodes of endogenous depression, major"
138,23,"depression, manic depressive psychosis (depressed type),"
138,24,"psychogenic or reactive depressive psychosis, psychotic"
138,25,"depression, vital depression (F33.2 or F33.3)"
138,26,Excludes: recurrent brief depressive episodes (F38.1)
138,27,"F33.0 Recurrent depressive disorder, current episode mild"
138,28,Diagnostic guidelines
138,29,For a definite diagnosis:
138,30,(a) the criteria for recurrent depressive disorder (F33. -) should be
138,31,"fulfilled, and the current episode should fulfil the criteria for"
138,32,"depressive episode, mild severity (F32.0); and"
138,33,(b) at least two episodes should have lasted a minimum of 2 weeks
138,34,and should have been separated by several months without
138,35,significant mood disturbance.
138,36,"Otherwise, the diagnosis should be other recurrent mood [affective]"
138,37,disorder (F38.1).
138,38,125
139,1,MENTAL AND BEHAVIOURAL DISORDERS
139,2,A fifth character may be used to specify the presence of a somatic
139,3,syndrome in the current episode:
139,4,F33.00 Without somatic syndrome
139,5,(see F32.00)
139,6,F33.01 With somatic syndrome
139,7,(see F32.01)
139,8,"If required, the predominant type of previous episodes (mild or"
139,9,"moderate, severe, uncertain) may be specified."
139,10,"F33.1 Recurrent depressive disorder, current episode moderate"
139,11,Diagnostic guidelines
139,12,For a definite diagnosis:
139,13,(a) the criteria for recurrent depressive disorder (F33. -) should be
139,14,"fulfilled, and the current episode should fulfil the criteria for"
139,15,"depressive episode, moderate severity (F32.1); and"
139,16,(b) at least two episodes should have lasted a minimum of 2 weeks
139,17,and should have been separated by several months without
139,18,significant mood disturbance.
139,19,Otherwise the diagnosis should be other recurrent mood [affective]
139,20,disorder (F38.1).
139,21,A fifth character may be used to specify the presence of a somatic
139,22,syndrome in the current episode:
139,23,F33.10 Without somatic syndrome
139,24,(see F32.10)
139,25,F33.11 With somatic syndrome
139,26,(see F32.ll)
139,27,"If required, the predominant type of previous episodes (mild,"
139,28,"moderate, severe, uncertain) may be specified."
139,29,126
140,1,F30-F39 MOOD [AFFECTIVE] DISORDERS
140,2,"F33.2 Recurrent depressive disorder, current episode severe without"
140,3,psychotic symptoms
140,4,Diagnostic guidelines
140,5,For a definite diagnosis:
140,6,(a) the criteria for recurrent depressive disorder (F32. -) should be
140,7,"fulfilled, and the current episode should fulfil the criteria for"
140,8,severe depressive episode without psychotic symptoms (F32.2);
140,9,and
140,10,(b) at least two episodes should have lasted a minimum of 2 weeks
140,11,and should have been separated by several months without
140,12,significant mood disturbance.
140,13,Otherwise the diagnosis should be other recurrent mood [affective]
140,14,disorder (F38.1).
140,15,"If required, the predominant type of previous episodes (mild,"
140,16,"moderate, severe, uncertain) may be specified."
140,17,"F33.3 Recurrent depressive disorder, current episode severe with"
140,18,psychotic symptoms
140,19,Diagnostic guidelines
140,20,For a definite diagnosis:
140,21,(a) the criteria for recurrent depressive disorder (F33. -) should be
140,22,"fulfilled, and the current episode should fulfil the criteria for"
140,23,severe depressive episode with psychotic symptoms (F32.3); and
140,24,(b) at least two episodes should have lasted a minimum of 2 weeks
140,25,and should have been separated by several months without
140,26,significant mood disturbance.
140,27,Otherwise the diagnosis should be other recurrent mood [affective]
140,28,disorder (F38.1).
140,29,"If required, delusions or hallucinations may be specified as mood-"
140,30,congruent or mood-incongruent (see F30.2).
140,31,"If required, the predominant type of previous episodes (mild,"
140,32,"moderate, severe, uncertain) may be specified."
140,33,127
141,1,MENTAL AND BEHAVIOURAL DISORDERS
141,2,"F33.4 Recurrent depressive disorder, currently in remission"
141,3,Diagnostic guidelines
141,4,For a definite diagnosis:
141,5,(a) the criteria for recurrent depressive disorder (F33. -) should have
141,6,"been fulfilled in the past, but the current state should not fulfil"
141,7,the criteria for depressive episode of any degree of severity or
141,8,for any other disorder in F30-F39; and
141,9,(b) at least two episodes should have lasted a minimum of 2 weeks
141,10,and should have been separated by several months without
141,11,significant mood disturbance.
141,12,Otherwise the diagnosis should be other recurrent mood [affective]
141,13,disorder (F38.1).
141,14,This category can still be used if the patient is receiving treatment
141,15,to reduce the risk of further episodes.
141,16,F33.8 Other recurrent depressive disorders
141,17,"F33.9 Recurrent depressive disorder, unspecified"
141,18,Includes: monopolar depression NOS
141,19,|2£| Persistent mood [affective] disorders
141,20,These are persistent and usually fluctuating disorders of mood in
141,21,which individual episodes are rarely if ever sufficiently severe to
141,22,warrant being described as hypomanic or even mild depressive
141,23,"episodes. Because they last for years at a time, and sometimes"
141,24,"for the greater part of the individual's adult life, they involve"
141,25,"considerable subjective distress and disability. In some instances,"
141,26,"however, recurrent or single episodes of manic disorder, or mild"
141,27,"or severe depressive disorder, may become superimposed on a"
141,28,persistent affective disorder. The persistent affective disorders are
141,29,classified here rather than with the personality disorders because of
141,30,evidence from family studies that they are genetically related to the
141,31,"mood disorders, and because they are sometimes amenable to the"
141,32,same treatments as mood disorders. Both early- and late-onset varieties
141,33,"of cyclothymia and dysthymia are described, and should be specified"
141,34,as such if required.
141,35,128
142,1,F30-F39 MOOD [AFFECTIVE] DISORDERS
142,2,F34.0 Cyclothymia
142,3,"A persistent instability of mood, involving numerous periods of mild"
142,4,depression and mild elation. This instability usually develops early
142,5,"in adult life and pursues a chronic course, although at times the"
142,6,mood may be normal and stable for months at a time. The mood
142,7,swings are usually perceived by the individual as being unrelated to
142,8,life events. The diagnosis is difficult to establish without a prolonged
142,9,period of observation or an unusually good account of the individual's
142,10,past behaviour. Because the mood swings are relatively mild and
142,11,"the periods of mood elevation may be enjoyable, cyclothymia"
142,12,frequently fails to come to medical attention. In some cases this may
142,13,"be because the mood change, although present, is less prominent"
142,14,"than cyclical changes in activity, self-confidence, sociability, or"
142,15,"appetitive behaviour. If required, age of onset may be specified as"
142,16,early (in late teenage or the twenties) or late.
142,17,Diagnostic guidelines
142,18,"The essential feature is a persistent instability of mood, involving"
142,19,"numerous periods of mild depression and mild elation, none of which"
142,20,has been sufficiently severe or prolonged to fulfil the criteria for
142,21,bipolar affective disorder
142,22,(F31. -) or recurrent depressive disorder
142,23,(F33. -). This implies that individual episodes of mood swings do
142,24,not fulfil the criteria for any of the categories described under manic
142,25,episode (F30.-) or depressive episode (F32.-).
142,26,Includes: affective personality disorder
142,27,cycloid personality
142,28,cyclothymic personality
142,29,Differential diagnosis. This disorder is common in the relatives of
142,30,patients with bipolar affective disorder (F31. -) and some individuals
142,31,with cyclothymia eventually develop bipolar affective disorder
142,32,"themselves. It may persist throughout adult life, cease temporarily"
142,33,"or permanently, or develop into more severe mood swings meeting"
142,34,the criteria for bipolar affective disorder (F31.-) or recurrent
142,35,depressive disorder (F33.-)
142,36,F34.1 Dysthymia
142,37,A chronic depression of mood which does not currently fulfil the
142,38,"criteria for recurrent depressive disorder, mild or moderate severity"
142,39,"(F33.O or F33.1), in terms of either severity or duration of individual"
142,40,129
143,1,MENTAL AND BEHAVIOURAL DISORDERS
143,2,"episodes, although the criteria for mild depressive episode may have"
143,3,"been fulfilled in the past, particularly at the onset of the disorder."
143,4,The balance between individual phases of mild depression and
143,5,intervening periods of comparative normality is very variable.
143,6,Sufferers usually have periods of days or weeks when they describe
143,7,"themselves as well, but most of the time (often for months at a"
143,8,time) they feel tired and depressed; everything is an effort and
143,9,"nothing is enjoyed. They brood and complain, sleep badly and feel"
143,10,"inadequate, but are usually able to cope with the basic demands of"
143,11,everyday life. Dysthymia therefore has much in common with the
143,12,"concepts of depressive neurosis and neurotic depression. If required,"
143,13,age of onset may be specified as early (in late teenage or the twenties)
143,14,or late.
143,15,Diagnostic guidelines
143,16,The essential feature is a very long-standing depression of mood which
143,17,"is never, or only very rarely, severe enough to fulfil the criteria for"
143,18,"recurrent depressive disorder, mild or moderate severity (F33.O or"
143,19,F33.1). It usually begins early in adult life and lasts for at least several
143,20,"years, sometimes indefinitely. When the onset is later in life, the"
143,21,disorder is often the aftermath of a discrete depressive episode (F32. -)
143,22,and associated with bereavement or other obvious stress.
143,23,Includes: depressive neurosis
143,24,depressive personality disorder
143,25,neurotic depression (with more than 2 years' duration)
143,26,persistent anxiety depression
143,27,Excludes: anxiety depression (mild or not persistent) (F41.2)
143,28,"bereavement reaction, lasting less than 2 years"
143,29,"(F43.21,"
143,30,prolonged depressive reaction)
143,31,residual schizophrenia (F20.5)
143,32,F34.8 Other persistent mood [affective] disorders
143,33,A residual category for persistent affective disorders that are not
143,34,sufficiently severe or long-lasting to fulfil the criteria for cyclothymia
143,35,(F34.0) or dysthymia (F34.1) but that are nevertheless clinically
143,36,"significant. Some types of depression previously called ""neurotic"""
143,37,"are included here, provided that they do not meet the criteria for"
143,38,either cyclothymia (F34.0) or dysthymia (F34.1) or for depressive
143,39,episode of mild (F32.0) or moderate (F32.1) severity.
143,40,130
144,1,F30-F39 MOOD [AFFECTIVE] DISORDERS
144,2,"F34.9 Persistent mood [affective] disorder, unspecified"
144,3,|2£] Other mood [affective] disorders
144,4,F38.0 Other single mood [affective] disorders
144,5,F38.00 Mixed affective episode
144,6,"An affective episode lasting for at least 2 weeks, characterized by"
144,7,either a mixture or a rapid alternation (usually within a few hours)
144,8,"of hypomanic, manic, and depressive symptoms."
144,9,F38.1 Other recurrent mood [affective] disorders
144,10,F38.10 Recurrent brief depressive disorder
144,11,"Recurrent brief depressive episodes, occurring about once a month"
144,12,over the past year. The individual depressive episodes all last less
144,13,"than 2 weeks (typically 2-3 days, with complete recovery) but fulfil"
144,14,"the symptomatic criteria for mild, moderate, or severe depressive"
144,15,"episode (F32.0, F32.1, F32.2)."
144,16,"Differential diagnosis. In contrast to those with dysthymia (F34.1),"
144,17,patients are not depressed for the majority of the time. If the
144,18,"depressive episodes occur only in relation to the menstrual cycle,"
144,19,F38.8 should be used with a second code for the underlying cause
144,20,"(N94.8, other specified conditions associated with female genital"
144,21,organs and menstrual cycle).
144,22,F38.8 Other specified mood [affective] disorders
144,23,This is a residual category for affective disorders that do not meet
144,24,the criteria for any other categories F30-F38.1 above.
144,25,|2£i Unspecified mood [affective] disorder
144,26,"To be used only as a last resort, when no other term can be used."
144,27,Includes: affective psychosis NOS
144,28,Excludes: mental disorder NOS (F99)
144,29,131
145,1,MENTAL AND BEHAVIOURAL DISORDERS
145,2,F40-F48
145,3,"Neurotic, stress-related and somatoform disorders"
145,4,Overview of this block
145,5,F40 Phobic anxiety disorders
145,6,F40.0 Agoraphobia
145,7,.00 Without panic disorder
145,8,.01 With panic disorder
145,9,F40.1 Social phobias
145,10,F40.2 Specific (isolated) phobias
145,11,F40.8 Other phobic anxiety disorders
145,12,"F40.9 Phobic anxiety disorder, unspecified"
145,13,F41 Other anxiety disorders
145,14,F41.0 Panic disorder [episodic paroxysmal anxiety]
145,15,F41.1 Generalized anxiety disorder
145,16,F41.2 Mixed anxiety and depressive disorder
145,17,F41.3 Other mixed anxiety disorders
145,18,F41.8 Other specified anxiety disorders
145,19,"F41.9 Anxiety disorder, unspecified"
145,20,F42 Obsessive - compulsive disorder
145,21,F42.0 Predominantly obsessional thoughts or ruminations
145,22,F42.1 Predominantly compulsive acts [obsessional rituals]
145,23,F42.2 Mixed obsessional thoughts and acts
145,24,F42.8 Other obsessive - compulsive disorders
145,25,"F42.9 Obsessive-compulsive disorder, unspecified"
145,26,"F43 Reaction to severe stress, and adjustment disorders"
145,27,F43.0 Acute stress reaction
145,28,F43.1 Post-traumatic stress disorder
145,29,F43.2 Adjustment disorders
145,30,.20 Brief depressive reaction
145,31,.21 Prolonged depressive reaction
145,32,.22 Mixed anxiety and depressive reaction
145,33,.23 With predominant disturbance of other emotions
145,34,.24 With predominant disturbance of conduct
145,35,.25 With mixed disturbance of emotions and conduct
145,36,.28 With other specified predominant symptoms
145,37,132
146,1,"F40-F48 NEUROTIC, STRESS-RELATED AND SOMATOFORM DISORDERS"
146,2,F43.8 Other reactions to severe stress
146,3,"F43.9 Reaction to severe stress, unspecified"
146,4,F44 Dissociative [conversion] disorders
146,5,F44.0 Dissociative amnesia
146,6,F44.1 Dissociative fugue
146,7,F44.2 Dissociative stupor
146,8,F44.3 Trance and possession disorders
146,9,F44.4 Dissociative motor disorders
146,10,F44.5 Dissociative convulsions
146,11,F44.6 Dissociative anaesthesia and sensory loss
146,12,F44.7 Mixed dissociative [conversion] disorders
146,13,F44.8 Other dissociative [conversion] disorders
146,14,.80 Ganser's syndrome
146,15,.81 Multiple personality disorder
146,16,.82 Transient dissociative [conversion] disorders occurring in
146,17,childhood and adolescence
146,18,.88 Other specified dissociative [conversion] disorders
146,19,"F44.9 Dissociative [conversion] disorder, unspecified"
146,20,F45 Somatoform disorders
146,21,F45.0 Somatization disorder
146,22,F45.1 Undifferentiated somatoform disorder
146,23,F45.2 Hypochondriacal disorder
146,24,F45.3 Somatoform autonomic dysfunction
146,25,.30 Heart and cardiovascular system
146,26,.31 Upper gastrointestinal tract
146,27,.32 Lower gastrointestinal tract
146,28,.33 Respiratory system
146,29,.34 Genitourinary system
146,30,.38 Other organ or system
146,31,F45.4 Persistent somatoform pain disorder
146,32,F45.8 Other somatoform disorders
146,33,"F45.9 Somatoform disorder, unspecified"
146,34,F48 Other neurotic disorders
146,35,F48.0 Neurasthenia
146,36,F48.1 Depersonalization- derealization syndrome
146,37,F48.8 Other specified neurotic disorders
146,38,"F48.9 Neurotic disorder, unspecified"
146,39,133
147,1,MENTAL AND BEHAVIOURAL DISORDERS
147,2,Introduction
147,3,"Neurotic, stress-related, and somatoform disorders have been brought together"
147,4,in one large overall group because of their historical association with the
147,5,concept of neurosis and the association of a substantial (though uncertain)
147,6,proportion of these disorders with psychological causation. As noted in the
147,7,"general introduction to this classification, the concept of neurosis has not been"
147,8,"retained as a major organizing principle, but care has been taken to allow"
147,9,the easy identification of disorders that some users still might wish to regard
147,10,as neurotic in their own usage of the term (see note on neurosis in the general
147,11,introduction (page 3).
147,12,Mixtures of symptoms are common (coexistent depression and anxiety being
147,13,"by far the most frequent), particularly in the less severe varieties of these"
147,14,disorders often seen in primary
147,15,care. Although efforts should be made to decide
147,16,"which is the predominant syndrome, a category is provided for those cases"
147,17,of mixed depression and anxiety in which it would be artificial to force a
147,18,decision (F41.2).
147,19,•ani Phobic anxiety disorders
147,20,"In this group of disorders, anxiety is evoked only, or predominantly,"
147,21,by certain well-defined situations or objects (external to the individual)
147,22,"which are not currently dangerous. As a result, these situations or"
147,23,objects are characteristically avoided or endured with dread. Phobic
147,24,"anxiety is indistinguishable subjectively, physiologically, and"
147,25,behaviourally from other types of anxiety and may vary in severity
147,26,from mild unease to terror. The individual's concern may focus on
147,27,individual symptoms such as palpitations or feeling faint and is often
147,28,"associated with secondary fears of dying, losing control, or going"
147,29,mad. The anxiety is not relieved by the knowledge that other people
147,30,do not regard the situation in question as dangerous or threatening.
147,31,Mere contemplation of entry to the phobic situation usually generates
147,32,anticipatory anxiety.
147,33,The adoption of the criterion that the phobic object or situation
147,34,is external to the subject implies that many of the fears relating to
147,35,the presence of disease (nosophobia) and disfigurement (dysmor-
147,36,phobia) are now classified under F45.2 (hypochondriacal disorder).
147,37,"However, if the fear of"
147,38,disease arises predominantly and repeatedly
147,39,134
148,1,"F40-F48 NEUROTIC, STRESS-RELATED AND SOMATOFORM DISORDERS"
148,2,"from possible exposure to infection or contamination, or is simply"
148,3,"a fear of medical procedures (injections, operations, etc.) or medical"
148,4,"establishments (dentists' surgeries, hospitals, etc.), a category from"
148,5,"F40. - will be appropriate (usually F 40.2, specific phobia)."
148,6,Phobic anxiety often coexists with depression. Pre-existing phobic
148,7,anxiety almost invariably gets worse during an intercurrent depressive
148,8,episode. Some depressive episodes are accompanied by temporary
148,9,phobic anxiety and a depressive mood often accompanies some
148,10,"phobias, particularly agoraphobia. Whether two diagnoses, phobic"
148,11,"anxiety and depressive episode, are needed or only one is determined"
148,12,by whether one disorder developed clearly before the other and by
148,13,whether one is clearly predominant at the time of diagnosis. If
148,14,the criteria for depressive disorder were met before the phobic
148,15,"symptoms first appeared, the former should be given diagnostic"
148,16,"precedence (see note in Introduction, pages 6 and 7)."
148,17,Most phobic disorders other than social phobias are more common
148,18,in women than in men.
148,19,"In this classification, a panic attack (F41.0) occurring in an established"
148,20,phobic situation is regarded as an expression of the severity of the
148,21,"phobia, which should be given diagnostic precedence. Panic disorder"
148,22,as a main diagnosis should be diagnosed only in the absence of any
148,23,of the phobias listed in F40. -.
148,24,F40.0 Agoraphobia
148,25,"The term "" agoraphobia"" is used here with a wider meaning than"
148,26,it had when originally introduced and as it is still used in some
148,27,countries. It is now taken to include fears not only of open spaces
148,28,but also of related aspects such as the presence of crowds and the
148,29,difficulty of immediate easy escape to a safe place (usually home).
148,30,The term therefore refers to an interrelated and often overlapping
148,31,cluster of phobias embracing fears of leaving home: fear of entering
148,32,"shops, crowds, and public places, or of travelling alone in trains,"
148,33,"buses, or planes. Although the severity of the anxiety and the extent"
148,34,"of avoidance behaviour are variable, this is the most incapacitating"
148,35,of the phobic disorders and some sufferers become completely
148,36,housebound; many are terrified by the thought of collapsing and
148,37,being left helpless in public. The lack of an immediately available
148,38,exit is one of the key features of many of these agoraphobic
148,39,135
149,1,MENTAL AND BEHAVIOURAL DISORDERS
149,2,situations. Most sufferers are women and the onset is usually early
149,3,in adult life. Depressive and obsessional symptoms and social phobias
149,4,may also be present but do not dominate the clinical picture. In the
149,5,"absence of effective treatment, agoraphobia often becomes chronic,"
149,6,though usually fluctuating.
149,7,Diagnostic guidelines
149,8,All of the following criteria should be fulfilled for a definite diagnosis:
149,9,(a) the psychological or autonomic symptoms must be primarily
149,10,"manifestations of anxiety and not secondary to other symptoms,"
149,11,such as delusions or obsessional thoughts;
149,12,(b) the anxiety must be restricted to (or occur mainly in) at least
149,13,"two of the following situations: crowds, public places, travelling"
149,14,"away from home, and travelling alone; and"
149,15,"(c) avoidance of the phobic situation must be, or have been, a"
149,16,prominent feature.
149,17,Differential diagnosis. It must be remembered that some agoraphobics
149,18,experience little anxiety because they are consistently able to avoid
149,19,their phobic situations. The presence of other symptoms such as
149,20,"depression, depersonalization, obsessional symptoms, and social"
149,21,"phobias does not invalidate the diagnosis, provided that these"
149,22,"symptoms do not dominate the clinical picture. However, if the"
149,23,patient was already significantly depressed when the phobic
149,24,"symptoms first appeared, depressive episode may be a more"
149,25,appropriate main diagnosis; this is more common in late-onset cases.
149,26,The presence or absence of panic disorder (F41.0) in the agoraphobic
149,27,situation on a majority of occasions may be recorded by means of
149,28,a fifth character:
149,29,F40.00 Without panic disorder
149,30,F40.01 With panic disorder
149,31,Includes: panic disorder with agoraphobia
149,32,F40.1 Social phobias
149,33,Social phobias often start in adolescence and are centred around a
149,34,fear of scrutiny by other people in comparatively small groups (as
149,35,"opposed to crowds), usually leading to avoidance of social situations."
149,36,"Unlike most other phobias, social phobias are equally common in"
149,37,136
150,1,"F40-F48 NEUROTIC, STRESS-RELATED AND SOMATOFORM DISORDERS"
150,2,men and women. They may be discrete (i.e. restricted to eating in
150,3,"public, to public speaking, or to encounters with the opposite sex)"
150,4,"or diffuse, involving almost all social situations outside the family"
150,5,circle. A fear of vomiting in public may be important. Direct eye-to-
150,6,eye confrontation may be particularly stressful in some cultures. Social
150,7,phobias are usually associated with low self-esteem and fear of
150,8,"criticism. They may present as a complaint of blushing, hand tremor,"
150,9,"nausea, or urgency of micturition, the individual sometimes being"
150,10,convinced that one of these secondary manifestations of anxiety is
150,11,the primary problem; symptoms may progress to panic attacks.
150,12,"Avoidance is often marked, and in extreme cases may result in almost"
150,13,complete social isolation.
150,14,Diagnostic guidelines
150,15,All of the following criteria should be fulfilled for a definite diagnosis:
150,16,"(a) the psychological, behavioural, or autonomic symptoms must"
150,17,be primariryxmanifestations of anxiety and not secondary to other
150,18,symptoms such as delusions or obsessional thoughts;
150,19,(b) the anxiety must be restricted to or predominate in particular
150,20,social situations; and
150,21,(c) the phobic situation is avoided whenever possible.
150,22,Includes: anthropophobia
150,23,social neurosis
150,24,Differential diagnosis. Agoraphobia and depressive disorders are
150,25,"often prominent, and may both contribute to sufferers becoming"
150,26,''housebound' \ If the distinction between social phobia and agora-
150,27,"phobia is very difficult, precedence should be given to agoraphobia;"
150,28,a depressive diagnosis should not be made unless a full depressive
150,29,syndrome can be identified clearly.
150,30,F40.2 Specific (isolated) phobias
150,31,These are phobias restricted to highly specific situations such as
150,32,"proximity to particular animals, heights, thunder, darkness, flying,"
150,33,"closed spaces, urinating or defecating in public toilets, eating certain"
150,34,"foods, dentistry, the sight of blood or injury, and the fear of"
150,35,exposure to specific diseases. Although the triggering situation is
150,36,"discrete, contact with it can evoke panic as in agoraphobia or social"
150,37,phobias. Specific phobias usually arise in childhood or early adult
150,38,137
151,1,MENTAL AND BEHAVIOURAL DISORDERS
151,2,life and can persist for decades if they remain untreated. The
151,3,seriousness of the resulting handicap depends on how easy it is for
151,4,the sufferer to avoid the phobic situation. Fear of the phobic
151,5,"situation tends not to fluctuate, in contrast to agoraphobia. Radia-"
151,6,"tion sickness and venereal infections and, more recently, AIDS are"
151,7,common subjects of disease phobias.
151,8,Diagnostic guidelines
151,9,All of the following should be fulfilled for a definite diagnosis:
151,10,(a) the psychological or autonomic symptoms must be primary
151,11,"manifestations of anxiety, and not secondary to other symptoms"
151,12,such as delusion or obsessional thought;
151,13,(b) the anxiety must be restricted to the presence of the particular
151,14,phobic object or situation; and
151,15,(c) the phobic situation is avoided whenever possible.
151,16,Includes: acrophobia
151,17,animal phobias
151,18,claustrophobia
151,19,examination phobia
151,20,simple phobia
151,21,Differential diagnosis. It is usual for there to be no other psychiatric
151,22,"symptoms, in contrast to agoraphobia and social phobias. Blood-"
151,23,injury phobias differ from others in leading to bradycardia and
151,24,"sometimes syncope, rather than tachycardia. Fears of specific diseases"
151,25,"such as cancer, heart disease, or venereal infection should be classified"
151,26,"under hypochondriacal disorder (F45.2), unless they relate to specific"
151,27,situations where the disease might be acquired. If the conviction
151,28,"of disease reaches delusional intensity, the diagnosis should be"
151,29,delusional disorder (F22.0). Individuals who are convinced that they
151,30,have an abnormality or disfigurement of a specific bodily (often facial)
151,31,"part, which is not objectively noticed by others (sometimes termed"
151,32,"dysmorphophobia), should be classified under hypochondriacal"
151,33,"disorder (F45.2) or delusional disorder (F22.0), depending upon the"
151,34,strength and persistence of their conviction.
151,35,F40.8 Other phobic anxiety disorders
151,36,138
152,1,"F40-F48 NEUROTIC, STRESS-RELATED AND SOMATOFORM DISORDERS"
152,2,"F40.9 Phobic anxiety disorder, unspecified"
152,3,Includes: phobia NOS
152,4,phobic states NOS
152,5,•aiB Other anxiety disorders
152,6,Manifestations of anxiety are the major symptoms of these disorders
152,7,and are not restricted to any particular environmental situation.
152,8,"Depressive and obsessional symptoms, and even some elements of"
152,9,"phobic anxiety, may also be present, provided that they are clearly"
152,10,secondary or less severe.
152,11,F41.0 Panic disorder [episodic paroxysmal anxiety]
152,12,The essential features are recurrent attacks of severe anxiety (panic)
152,13,which are not restricted to any particular situation or set of
152,14,"circumstances, and which are therefore unpredictable. As in other"
152,15,"anxiety disorders, the dominant symptoms vary from person to"
152,16,"person, but sudden onset of palpitations, chest pain, choking"
152,17,"sensations, dizziness, and feelings of unreality (depersonalization or"
152,18,"derealization) are common. There is also, almost invariably, a"
152,19,"secondary fear of dying, losing control, or going mad. Individual"
152,20,"attacks usually last for minutes only, though sometimes longer; their"
152,21,frequency and the course of the disorder are both rather variable.
152,22,An individual in a panic attack often experiences a crescendo of fear
152,23,"and autonomic symptoms which results in an exit, usually hurried,"
152,24,from wherever he or she may
152,25,"be. If this occurs in a specific situation,"
152,26,"such as on a bus or in a crowd, the patient may subsequently avoid"
152,27,"that situation. Similarly, frequent and unpredictable panic attacks"
152,28,produce fear of being alone or going into public places. A panic
152,29,attack is often followed by a persistent fear of having another attack.
152,30,Diagnostic guidelines
152,31,"In this classification, a panic attack that occurs in an established"
152,32,phobic situation is regarded as an expression of the severity of the
152,33,"phobia, which should be given diagnostic precedence. Panic disorder"
152,34,should be the main diagnosis only in the absence of any of the phobias
152,35,in F40. -.
152,36,"For a definite diagnosis, several severe attacks of autonomic anxiety"
152,37,should have occurred within a period of about 1 month:
152,38,139
153,1,MENTAL AND BEHAVIOURAL DISORDERS
153,2,(a) in circumstances where there is no objective danger;
153,3,(b) without being confined to known or predictable situations; and
153,4,(c) with comparative freedom from anxiety symptoms between
153,5,attacks (although anticipatory anxiety is common).
153,6,Includes: panic attack
153,7,panic state
153,8,Differential diagnosis. Panic disorder must be distinguished from
153,9,panic attacks occurring as part of established phobic disorders as
153,10,"already noted. Panic attacks may be secondary to depressive disorders,"
153,11,"particularly in men, and if the criteria for a depressive disorder are"
153,12,"fulfilled at the same time, the panic disorder should not be given"
153,13,as the main diagnosis.
153,14,F41.1 Generalized anxiety disorder
153,15,"The essential feature is anxiety, which is generalized and persistent"
153,16,"but not restricted to, or even strongly predominating in, any"
153,17,"particular environmental circumstances (i.e. it is ""free-floating"")."
153,18,As in other anxiety disorders the dominant symptoms are highly
153,19,"variable, but complaints of continuous feelings of nervousness,"
153,20,"trembling, muscular tension, sweating, lightheadedness, palpitations,"
153,21,"dizziness, and epigastric discomfort are common. Fears that the"
153,22,sufferer or a relative will shortly become ill or have an accident are
153,23,"often expressed, together with a variety of other worries and"
153,24,"forebodings. This disorder is more common in women, and often"
153,25,related to chronic environmental stress. Its course is variable but
153,26,tends to be fluctuating and chronic.
153,27,Diagnostic guidelines
153,28,The sufferer must have primary symptoms of anxiety most days for
153,29,at least several weeks at a
153,30,"time, and usually for several months. These"
153,31,symptoms should usually involve elements of:
153,32,"(a) apprehension (worries about future misfortunes, feeling ""on"
153,33,"edge"", difficulty in concentrating, etc.);"
153,34,"(b) motor tension (restless fidgeting, tension headaches, trembling,"
153,35,inability to relax); and
153,36,"(c) autonomic overactivity (lightheadedness, sweating, tachycardia"
153,37,"or tachypnoea, epigastric discomfort, dizziness, dry mouth, etc.)."
153,38,140
154,1,"F40-F48 NEUROTIC, STRESS-RELATED AND SOMATOFORM DISORDERS"
154,2,"In children, frequent need for reassurance and recurrent somatic"
154,3,complaints may be prominent.
154,4,The transient appearance (for a few days at a time) of other
154,5,"symptoms, particularly depression, does not rule out generalized"
154,6,"anxiety disorder as a main diagnosis, but the sufferer must not meet"
154,7,"the full criteria for depressive episode (F32. -), phobic anxiety disorder"
154,8,"(F40. -), panic disorder (F41.0), or obsessive - compulsive disorder"
154,9,(F42.-)
154,10,Includes: anxiety neurosis
154,11,anxiety reaction
154,12,anxiety state
154,13,Excludes: neurasthenia (F48.0)
154,14,F41.2 Mixed anxiety and depressive disorder
154,15,This mixed category should be used when symptoms of both anxiety
154,16,"and depression are present, but neither set of symptoms, considered"
154,17,"separately, is sufficiently severe to justify a diagnosis. If severe"
154,18,"anxiety is present with a lesser degree of depression, one of the"
154,19,other categories for anxiety or phobic disorders should be used. When
154,20,both depressive and anxiety syndromes are present and severe enough
154,21,"to justify individual diagnoses, both disorders should be recorded"
154,22,"and this category should not be used; if, for practical reasons of"
154,23,"recording, only one diagnosis can be made, depression should be"
154,24,"given precedence. Some autonomic symptoms (tremor, palpitations,"
154,25,"dry mouth, stomach churning, etc.) must be present, even if only"
154,26,"intermittently; if only worry or over-concern is present, without"
154,27,"autonomic symptoms, this category should not be used. If symptoms"
154,28,that fulfil the criteria for this disorder occur in close association with
154,29,"significant life changes or stressful life events, category F43.2,"
154,30,"adjustment disorders, should be used."
154,31,Individuals with this mixture of comparatively mild symptoms are
154,32,"frequently seen in primary care, but many more cases exist among"
154,33,the population at large which never come to medical or psychiatric
154,34,attention.
154,35,Includes: anxiety depression (mild or not persistent)
154,36,Excludes: persistent anxiety depression (dysthymia) (F34.1)
154,37,141
155,1,MENTAL AND BEHAVIOURAL DISORDERS
155,2,F41.3 Other mixed anxiety disorders
155,3,This category should be used for disorders that meet the criteria for
155,4,generalized anxiety disorder (F41.1) and that also have prominent
155,5,"(although often short-lasting) features of other disorders in F40 - F49,"
155,6,although the full criteria for these additional disorders are not met.
155,7,The commonest examples are obsessive - compulsive disorder
155,8,"(F42.-), dissociative disorders (F44.-), somatization disorder"
155,9,"(F45.0), undifferentiated somatoform disorder (F45.1), and hypochon-"
155,10,driacal disorder (F45.2). If symptoms that fulfil the criteria for this
155,11,disorder occur in close association with significant life changes or
155,12,"stressful life events, category F43.2, adjustment disorders, should"
155,13,be used.
155,14,F41.8 Other specified anxiety disorders
155,15,Includes: anxiety hysteria
155,16,"F41.9 Anxiety disorder, unspecified"
155,17,Includes: anxiety NOS
155,18,123 Obsessive-compulsive disorder
155,19,The essential feature of this disorder is recurrent obsessional thoughts
155,20,"or compulsive acts. (For brevity, ""obsessional"" will be used"
155,21,"subsequently in place of ""obsessive-compulsive"" when referring"
155,22,"to symptoms.) Obsessional thoughts are ideas, images or impulses"
155,23,that enter the individual's mind again and again in a stereotyped
155,24,form. They are almost invariably distressing (because they are violent
155,25,"or obscene, or simply because they are perceived as senseless) and"
155,26,"the sufferer often tries, unsuccessfully, to resist them. They are,"
155,27,"however, recognized as the individual's own thoughts, even though"
155,28,they are involuntary and often repugnant. Compulsive acts or rituals
155,29,are stereotyped behaviours that are repeated again and again. They
155,30,"are not inherently enjoyable, nor do they result in the completion"
155,31,of inherently useful tasks. The individual often views them as
155,32,"preventing some objectively unlikely event, often involving harm to"
155,33,or caused by himself or
155,34,"herself. Usually, though not invariably, this"
155,35,behaviour is recognized by the individual as pointless or ineffectual
155,36,and repeated attempts are made to resist it; in very long-standing
155,37,"cases, resistance may be minimal. Autonomic anxiety symptoms are"
155,38,"often present, but distressing feelings of internal or psychic tension"
155,39,142
156,1,"F40-F48 NEUROTIC, STRESS-RELATED AND SOMATOFORM DISORDERS"
156,2,without obvious autonomic arousal are also common. There is
156,3,"a close relationship between obsessional symptoms, particularly"
156,4,"obsessional thoughts, and depression. Individuals with obsessive-"
156,5,"compulsive disorder often have depressive symptoms, and patients"
156,6,suffering from recurrent depressive disorder (F33.-) may develop
156,7,obsessional thoughts during their episodes of depression. In either
156,8,"situation, increases or decreases in the severity of the depressive"
156,9,symptoms are generally accompanied by parallel changes in the
156,10,severity of the obsessional symptoms.
156,11,Obsessive - compulsive disorder is equally common in men and
156,12,"women, and there are often prominent anankastic features in the"
156,13,underlying personality. Onset is usually in childhood or early adult
156,14,life. The course is variable and more likely to be chronic in the absence
156,15,of significant depressive symptoms.
156,16,Diagnostic guidelines
156,17,"For a definite diagnosis, obsessional symptoms or compulsive acts,"
156,18,"or both, must be present on most days for at least 2 successive"
156,19,weeks and be a source of distress or interference with activities. The
156,20,obsessional symptoms should have the following characteristics:
156,21,(a) they must be recognized as the individual's own thoughts or
156,22,impulses;
156,23,(b) there must be at least one thought or act that is still resisted
156,24,"unsuccessfully, even though others may be present which the"
156,25,sufferer no longer resists;
156,26,(c) the thought of carrying out the act must not in itself be pleasurable
156,27,(simple relief of tension or anxiety is not regarded as pleasure
156,28,in this sense);
156,29,"(d) the thoughts, images, or impulses must be unpleasantly repetitive."
156,30,Includes: anankastic neurosis
156,31,obsessional neurosis
156,32,obsessive - compulsive neurosis
156,33,Differential diagnosis. Differentiating between obsessive - compulsive
156,34,disorder and a depressive disorder may be difficult because these
156,35,two types of symptoms so frequently occur together. In an acute
156,36,"episode of disorder, precedence should be given to the symptoms"
156,37,that developed first; when both types are present but neither
156,38,"predominates, it is usually best to regard the depression as primary."
156,39,143
157,1,MENTAL AND BEHAVIOURAL DISORDERS
157,2,In chronic disorders the symptoms that most frequently persist in
157,3,the absence of the other should be given priority.
157,4,Occasional panic attacks or mild phobic symptoms are no bar to
157,5,"the diagnosis. However, obsessional symptoms developing in the"
157,6,"presence of schizophrenia, Tourette's syndrome, or organic mental"
157,7,disorder should be regarded as part of these conditions.
157,8,Although obsessional thoughts and compulsive acts commonly
157,9,"coexist, it is useful to be able to specify one set of symptoms"
157,10,"as predominant in some individuals, since they may respond to"
157,11,different treatments.
157,12,F42.0 Predominantly obsessional thoughts or ruminations
157,13,"These may take the form of ideas, mental images, or impulses to"
157,14,act. They are very variable in content but nearly always distressing
157,15,"to the individual. A woman may be tormented, for example, by a"
157,16,fear that she might eventually be unable to resist an impulse to kill
157,17,"the child she loves, or by the obscene or blasphemous and ego-alien"
157,18,quality of a recurrent mental image. Sometimes the ideas are merely
157,19,"futile, involving an endless and quasi-philosophical consideration of"
157,20,imponderable alternatives. This indecisive consideration of alternatives
157,21,is an important element in many other obsessional ruminations and
157,22,is often associated with an inability to make trivial but necessary
157,23,decisions in day-to-day living.
157,24,The relationship between obsessional ruminations and depression is
157,25,particularly close: a diagnosis of obsessive - compulsive disorder
157,26,should be preferred only if ruminations arise or persist in the absence
157,27,of a depressive disorder.
157,28,F42.1 Predominantly compulsive acts [obsessional rituals]
157,29,The majority of compulsive acts are concerned with cleaning
157,30,"(particularly hand-washing), repeated checking to ensure that a"
157,31,"potentially dangerous situation has not been allowed to develop, or"
157,32,"orderliness and tidiness. Underlying the overt behaviour is a fear,"
157,33,"usually of danger either to or caused by the patient, and the ritual"
157,34,act is an ineffectual or symbolic attempt to avert that danger.
157,35,Compulsive ritual acts may occupy many hours every day and are
157,36,sometimes associated with marked indecisiveness and slowness.
157,37,"Overall, they are equally common in the two sexes but hand-washing"
157,38,144
158,1,"F40-F48 NEUROTIC, STRESS-RELATED AND SOMATOFORM DISORDERS"
158,2,rituals are more common in women and slowness without repetition
158,3,is more common in men.
158,4,Compulsive ritual acts are less closely associated with depression than
158,5,obsessional thoughts and are more readily amenable to behavioural
158,6,therapies.
158,7,F42.2 Mixed obsessional thoughts and acts
158,8,Most obsessive - compulsive individuals have elements of both
158,9,obsessional thinking and compulsive behaviour. This subcategory
158,10,"should be used if the two are equally prominent, as is often the case,"
158,11,"but it is useful to specify only one if it is clearly predominant, since"
158,12,thoughts and acts may respond to different treatments.
158,13,F42.8 Other obsessive-compulsive disorders
158,14,"F42.9 Obsessive-compulsive disorder, unspecified"
158,15,"•atci Reaction to severe stress, and adjustment disorders"
158,16,This category differs from others in that it includes disorders
158,17,identifiable not only on grounds of symptomatology and course but
158,18,also on the basis of one or other of two causative influences — an
158,19,"exceptionally stressful life event producing an acute stress reaction,"
158,20,or a significant life change leading to continued unpleasant cir-
158,21,cumstances that result in an adjustment disorder. Less severe
158,22,psychosocial stress
158,23,"(""life events"") may precipitate the onset or"
158,24,contribute to the presentation of a very wide range of disorders
158,25,"classified elsewhere in this work, but the etiological importance of"
158,26,such stress is not always clear and in each case will be found to
158,27,"depend on individual, often idiosyncratic, vulnerability. In other"
158,28,"words, the stress is neither necessary nor sufficient to explain the"
158,29,occurrence and form of
158,30,"the disorder. In contrast, the disorders brought"
158,31,together in this category are thought to arise always as a direct
158,32,consequence of the acute severe stress or continued trauma. The
158,33,stressful event or the continuing unpleasantness of circumstances is
158,34,"the primary and overriding causal factor, and the disorder would"
158,35,not have occurred without its impact. Reactions to severe stress and
158,36,"adjustment disorders in all age groups, including children and"
158,37,"adolescents, are included in this category."
158,38,145
159,1,MENTAL AND BEHAVIOURAL DISORDERS
159,2,Although each individual symptom of which both the acute stress
159,3,reaction and the adjustment disorder are composed may occur in
159,4,"other disorders, there are some special features in the way the"
159,5,symptoms are manifest that justify the inclusion of these states as
159,6,a clinical entity. The third condition in this section
159,7,— post-traumatic
159,8,stress disorder — has relatively specific and characteristic clinical
159,9,features.
159,10,These disorders can thus be regarded as maladaptive responses to
159,11,"severe or continued stress, in that they interfere with successful"
159,12,coping mechanisms and thus lead to problems in social functioning.
159,13,"Acts of self-harm, most commonly self-poisoning by prescribed"
159,14,"medication, that are associated closely in time with the onset of either"
159,15,a stress reaction or an adjustment disorder should be recorded by
159,16,"means of an additional X code from ICD-10, Chapter XX. These"
159,17,codes do not allow differentiation between attempted suicide and
159,18,"""parasuicide"", both being included in the general category of"
159,19,self-harm.
159,20,F43.0 Acute stress reaction
159,21,A transient disorder of significant severity which develops in an
159,22,individual without any other apparent mental disorder in response
159,23,to exceptional physical and/or mental stress and which usually
159,24,subsides within hours or days. The stressor may be an overwhelming
159,25,traumatic experience involving serious threat to the security or physical
159,26,integrity of the individual or of a loved person(s) (e.g. natural
159,27,"catastrophe, accident, battle, criminal assault, rape), or an unusually"
159,28,sudden and threatening change in the social position and/or network
159,29,"of the individual, such as multiple bereavement or domestic fire."
159,30,The risk of this disorder developing is increased if physical exhaustion
159,31,or organic factors (e.g. in the elderly) are also present.
159,32,Individual vulnerability and coping capacity play a role in the
159,33,"occurrence and severity of acute stress reactions, as evidenced by"
159,34,the fact that not all people exposed to exceptional stress develop
159,35,the disorder. The symptoms show great variation but typically they
159,36,"include an initial state of ""daze"", with some constriction of the field"
159,37,"of consciousness and narrowing of attention, inability to comprehend"
159,38,"stimuli, and disorientation. This state may be followed either by"
159,39,further withdrawal from the surrounding situation (to the extent
159,40,146
160,1,"F40-F48 NEUROTIC, STRESS-RELATED AND SOMATOFORM DISORDERS"
160,2,"of a dissociative stupor — see F44.2), or by agitation and over-"
160,3,activity (flight reaction or fugue). Autonomic signs of panic anxiety
160,4,"(tachycardia, sweating, flushing) are commonly present. The symp-"
160,5,toms usually appear within minutes of the impact of the stressful
160,6,"stimulus or event, and disappear within 2-3 days (often within hours)."
160,7,Partial or complete amnesia
160,8,(see F44.0) for the episode may be present.
160,9,Diagnostic guidelines
160,10,There must be an immediate and clear temporal conn ction between
160,11,the impact of an exceptional stressor and the onset of symptoms;
160,12,"onset is usually within a few minutes, if not immediate. In addition,"
160,13,the symptoms:
160,14,(a) show a mixed and usually changing picture; in addition to the
160,15,"initial state of ""daze"", depression, anxiety, anger, despair,"
160,16,"overactivity, and withdrawal may all be seen, but no one type"
160,17,of symptom predominates for long;
160,18,(b) resolve rapidly (within a few hours at the most) in those cases
160,19,where removal from the stressful environment is possible; in cases
160,20,"where the stress continues or cannot by its nature be reversed,"
160,21,the symptoms usually begin to diminish after
160,22,24 - 48 hours and
160,23,are usually minimal after about 3 days.
160,24,This diagnosis should not be used to cover sudden exacerbations
160,25,of symptoms in individuals already showing symptoms that fulfil
160,26,"the criteria of any other psychiatric disorder, except for those in"
160,27,"F60. - (personality disorders). However, a history of previous"
160,28,psychiatric disorder does not invalidate the use of this diagnosis.
160,29,Includes: acute crisis reaction
160,30,combat fatigue
160,31,crisis state
160,32,psychic shock
160,33,F43.1 Post-traumatic stress disorder
160,34,This arises as a delayed and/or protracted response to a stressful
160,35,event or situation (either short- or long-lasting) of an exceptionally
160,36,"threatening or catastrophic nature, which is likely to cause pervasive"
160,37,"distress in almost anyone (e.g. natural or man-made disaster,"
160,38,"combat, serious accident, witnessing the violent death of others,"
160,39,"or being the victim of torture, terrorism, rape, or other crime)."
160,40,147
161,1,MENTAL AND BEHAVIOURAL DISORDERS
161,2,"Predisposing factors such as personality traits (e.g. compulsive,"
161,3,asthenic) or previous history of neurotic illness may lower the
161,4,"threshold for the development of the syndrome or aggravate its course,"
161,5,but they are neither necessary nor sufficient to explain its occurrence.
161,6,Typical symptoms include episodes of repeated reliving of the trauma
161,7,"in intrusive memories (''flashbacks"") or dreams, occurring against"
161,8,"the persisting background of a sense of ' 'numbness"" and emotional"
161,9,"blunting, detachment from other people, unresponsiveness to"
161,10,"surroundings, anhedonia, and avoidance of activities and situations"
161,11,reminiscent of the trauma. Commonly there is fear and avoidance
161,12,"of cues that remind the sufferer of the original trauma. Rarely, there"
161,13,"may be dramatic, acute bursts of fear, panic or aggression, triggered"
161,14,by stimuli arousing a sudden recollection and/or re-enactment of
161,15,the trauma or of the original reaction to it.
161,16,There
161,17,"is usually a state of autonomic hyperarousal with hypervigilance,"
161,18,"an enhanced startle reaction, and insomnia. Anxiety and depression"
161,19,"are commonly associated with the above symptoms and signs, and"
161,20,suicidal ideation is not infrequent. Excessive use of alcohol or drugs
161,21,may be a complicating factor.
161,22,The onset follows the trauma with a latency period which may range
161,23,from a few weeks to months (but rarely exceeds 6 months). The
161,24,course is fluctuating but recovery can be expected in the majority
161,25,of cases. In a small proportion of patients the condition may show
161,26,a chronic course over many years and a transition to an enduring
161,27,personality change (see F62.0).
161,28,Diagnostic guidelines
161,29,This disorder should not generally be diagnosed unless there is evidence
161,30,that it arose within 6 months of a traumatic event of exceptional
161,31,"severity. A ""probable"" diagnosis might still be possible if the delay"
161,32,"between the event and the onset was longer than 6 months, provided"
161,33,that the clinical manifestations are typical and no alternative iden-
161,34,tification of the disorder (e.g. as an anxiety or obsessive - compulsive
161,35,disorder or depressive episode) is plausible. In addition to evidence
161,36,"of trauma, there must be a repetitive, intrusive recollection or re-"
161,37,"enactment of the event in memories, daytime imagery, or dreams."
161,38,"Conspicuous emotional detachment, numbing of feeling, and"
161,39,avoidance of stimuli that might arouse recollection of the trauma
161,40,148
162,1,"F40-F48 NEUROTIC, STRESS-RELATED AND SOMATOFORM DISORDERS"
162,2,are often present but are not essential for the diagnosis. The autonomic
162,3,"disturbances, mood disorder, and behavioural abnormalities all"
162,4,contribute to the diagnosis but are not of prime importance.
162,5,"The late chronic sequelae of devastating stress, i.e. those manifest"
162,6,"decades after the stressful experience, should be classified under F62.0."
162,7,Includes: traumatic neurosis
162,8,F43.2 Adjustment disorders
162,9,"States of subjective distress and emotional disturbance, usually"
162,10,"interfering with social functioning and performance, and arising"
162,11,in the period of adaptation to a significant life change or to the
162,12,consequences of a stressful life event (including the presence or
162,13,possibility of serious physical illness). The stressor may have affected
162,14,the integrity of an individual's social network (through bereavement
162,15,or separation experiences) or the wider system of social supports
162,16,and values (migration or refugee status). The stressor may involve
162,17,only the individual or also his or her group or community.
162,18,Individual predisposition or vulnerability plays a greater role in
162,19,the risk of occurrence and the shaping of the manifestations of
162,20,adjustment disorders than it does in the other conditions in
162,21,"F43. - ,"
162,22,but it is nevertheless assumed that the condition would not have arisen
162,23,"without the stressor. The manifestations vary, and include depressed"
162,24,"mood, anxiety, worry (or a mixture of these), a feeling of inability"
162,25,"to cope, plan ahead, or continue in the present situation, and some"
162,26,degree of disability in the performance of daily routine. The individual
162,27,"may feel liable to dramatic behaviour or outbursts of violence, but"
162,28,"these rarely occur. However, conduct disorders (e.g. aggressive or"
162,29,"dissocial behaviour) may be an associated feature, particularly in"
162,30,adolescents. None of the symptoms is of sufficient severity or
162,31,prominence in its own right to justify a more specific diagnosis. In
162,32,"children, regressive phenomena such as return to bed-wetting, babyish"
162,33,"speech, or thumb-sucking are frequently part of the symptom"
162,34,"pattern. If these features predominate, F43.23 should be used."
162,35,The onset is usually within
162,36,1 month of the occurrence of the stressful
162,37,"event or life change, and the duration of symptoms does not usually"
162,38,"exceed 6 months, except in the case of prolonged depressive reaction"
162,39,"(F43.21). If the symptoms persist beyond this period, the diagnosis"
162,40,149
163,1,MENTAL AND BEHAVIOURAL DISORDERS
163,2,"should be changed according to the clinical picture present, and any"
163,3,continuing stress can be coded by means of one of the Z codes in
163,4,Chapter XXI of ICD-10.
163,5,Contacts with medical and psychiatric services because of normal
163,6,"bereavement reactions, appropriate to the culture of the individual"
163,7,"concerned and not usually exceeding 6 months in duration, should"
163,8,not be recorded by means of the codes in this book but by a code
163,9,from Chapter XXI of ICD-10 such as Z63.4 (disappearance or death
163,10,of family member) plus for example Z71.9 (counselling) or Z73.3
163,11,"(stress not elsewhere classified). Grief reactions of any duration,"
163,12,"considered to be abnormal because of their form or content, should"
163,13,"be coded as F43.22, F43.23, F43.24 or F43.25, and those that are"
163,14,still intense and last longer than 6 months as F43.21 (prolonged
163,15,depressive reaction).
163,16,Diagnostic guidelines
163,17,Diagnosis depends on a careful evaluation of
163,18,the relationship between:
163,19,"(a) form, content, and severity of symptoms;"
163,20,(b) previous history and personality; and
163,21,"(c) stressful event, situation, or life crisis."
163,22,The presence of this third factor should be clearly established and
163,23,"there should be strong, though perhaps presumptive, evidence that"
163,24,the disorder would not have arisen without it. If the stressor is
163,25,"relatively minor, or if a temporal connection (less than 3 months)"
163,26,"cannot be demonstrated, the disorder should be classified elsewhere,"
163,27,according to its presenting features.
163,28,Includes: culture shock
163,29,grief reaction
163,30,hospitalism in children
163,31,Excludes: separation anxiety disorder of childhood (F93.0)
163,32,"If the criteria for adjustment disorder are satisfied, the clinical form"
163,33,or predominant features can be specified by a fifth character:
163,34,F43.20 Brief depressive reaction
163,35,"A transient, mild depressive state of duration not exceeding 1 month."
163,36,150
164,1,"F40-F48 NEUROTIC, STRESS-RELATED AND SOMATOFORM DISORDERS"
164,2,F43.21 Prolonged depressive reaction
164,3,A mild depressive state occurring in response to a prolonged exposure
164,4,to a stressful situation but of duration not exceeding 2 years.
164,5,F43.22 Mixed anxiety and depressive reaction
164,6,"Both anxiety and depressive symptoms are prominent, but at levels"
164,7,no greater than specified in mixed anxiety and depressive disorder
164,8,(F41.2) or other mixed anxiety disorder (F41.3).
164,9,F43.23 With predominant disturbance of other emotions
164,10,"The symptoms are usually of several types of emotion, such as"
164,11,"anxiety, depression, worry, tensions, and anger. Symptoms of"
164,12,anxiety and depression may fulfil the criteria for mixed anxiety and
164,13,"depressive disorder (F41.2) or other mixed anxiety disorder (F41.3),"
164,14,but they are not so predominant that other more specific depressive
164,15,or anxiety disorders can be diagnosed. This category should also
164,16,be used for reactions in children in which regressive behaviour such
164,17,as bed-wetting or thumb-sucking are also present.
164,18,F43.24 With predominant disturbance of conduct
164,19,"The main disturbance is one involving conduct, e.g. an adolescent"
164,20,grief reaction resulting in aggressive or dissocial behaviour.
164,21,F43.25 With mixed disturbance of emotions and conduct
164,22,Both emotional symptoms and disturbance of conduct are prominent
164,23,features.
164,24,F43.28 With other specified predominant symptoms
164,25,F43.8 Other reactions to severe stress
164,26,"F43.9 Reaction to severe stress, unspecified"
164,27,|£J Dissociative [conversion] disorders
164,28,The common theme shared by dissociative (or conversion) disorders
164,29,is a partial or complete loss of the normal integration between
164,30,"memories of the past, awareness of identity and immediate sensa-"
164,31,"tions, and control of bodily movements. There is normally a"
164,32,considerable degree of conscious control over the memories and
164,33,151
165,1,MENTAL AND BEHAVIOURAL DISORDERS
165,2,"sensations that can be selected for immediate attention, and the"
165,3,movements that are to be carried out. In the dissociative disorders
165,4,it is presumed that this ability to exercise a conscious and selective
165,5,"control is impaired, to a degree that can vary from day to day or"
165,6,even from hour to hour. It is usually very difficult to assess the
165,7,extent to which some of the loss of functions might be under
165,8,voluntary control.
165,9,These disorders have previously been classified as various types of
165,10,"""conversion hysteria"", but it now seems best to avoid the term"
165,11,"' 'hysteria'' as far as possible, in view of its many and varied"
165,12,meanings. Dissociative disorders as described here are presumed to
165,13,"be ""psychogenic"" in origin, being associated closely in time with"
165,14,"traumatic events, insoluble and intolerable problems, or disturbed"
165,15,relationships. It is therefore often possible to make interpretations
165,16,and presumptions about the individual's means of dealing with
165,17,"intolerable stress, but concepts derived from any one particular theory,"
165,18,"such as ""unconscious motivation"" and ""secondary gain"", are not"
165,19,included among the guidelines or criteria for diagnosis.
165,20,"The term ""conversion"" is widely applied to some of these disorders,"
165,21,"and implies that the unpleasant affect, engendered by the problems"
165,22,"and conflicts that the individual cannot solve, is somehow transformed"
165,23,into the symptoms.
165,24,The onset and termination of dissociative states are often reported
165,25,"as being sudden, but they are rarely observed except during contrived"
165,26,interactions or procedures such as hypnosis or abreaction. Change
165,27,in or disappearance of a dissociative state may be limited to the
165,28,duration of such procedures. All types of dissociative state tend to
165,29,"remit after a few weeks or months, particularly if their onset was"
165,30,"associated with a traumatic life event. More chronic states, particularly"
165,31,"paralyses and anaesthesias, may develop (sometimes more slowly)"
165,32,if they are associated with insoluble problems or interpersonal
165,33,difficulties. Dissociative states that have endured for more than
165,34,1-2 years before coming to psychiatric attention are often resistant
165,35,to therapy.
165,36,Individuals with dissociative disorders often show a striking denial
165,37,of problems or difficulties that may be obvious to others. Any
165,38,problems that they themselves recognize may be attributed by
165,39,patients to the dissociative symptoms.
165,40,152
166,1,"F40-F48 NEUROTIC, STRESS-RELATED AND SOMATOFORM DISORDERS"
166,2,"Depersonalization and derealization are not included here, since in"
166,3,these syndromes only limited aspects of personal identity are usually
166,4,"affected, and there is no associated loss of performance in terms"
166,5,"of sensations, memories, or movements."
166,6,Diagnostic guidelines
166,7,For a definite diagnosis the following should be present:
166,8,(a) the clinical features as specified for the individual disorders in
166,9,F44. -;
166,10,(b) no evidence of a physical disorder that might explain the
166,11,symptoms;
166,12,"(c) evidence for psychological causation, in the form of clear"
166,13,association in time with stressful events and problems or
166,14,disturbed relationships (even if denied by the individual).
166,15,Convincing evidence of psychological causation may be difficult to
166,16,"find, even though strongly suspected. In the presence of known"
166,17,"disorders of the central or peripheral nervous system, the diagnosis"
166,18,of dissociative disorder should be made with great caution. In the
166,19,"absence of evidence for psychological causation, the diagnosis should"
166,20,"remain provisional, and enquiry into both physical and psychological"
166,21,aspects should continue.
166,22,Includes: conversion hysteria
166,23,conversion reaction
166,24,hysteria
166,25,hysterical psychosis
166,26,Excludes: malingering [conscious simulation] (Z76.5)
166,27,F44.0 Dissociative amnesia
166,28,"The main feature is loss of memory, usually of important recent"
166,29,"events, which is not due to organic mental disorder and is too"
166,30,extensive to be explained by ordinary forgetfulness or fatigue. The
166,31,"amnesia is usually centred on traumatic events, such as accidents"
166,32,"or unexpected bereavements, and is usually partial and selective. The"
166,33,extent and completeness of the amnesia often vary from day to
166,34,"day and between investigators, but there is a persistent common"
166,35,core that cannot be recalled in the waking state. Complete and
166,36,"generalized amnesia is rare; it is usually part of a fugue (F44.1) and,"
166,37,"if so, should be classified as such."
166,38,153
167,1,MENTAL AND BEHAVIOURAL DISORDERS
167,2,"The affective states that accompany amnesia are very varied, but"
167,3,"severe depression is rare. Perplexity, distress, and varying degrees"
167,4,"of attention-seeking behaviour may be evident, but calm acceptance"
167,5,"is also sometimes striking. Young adults are most commonly affected,"
167,6,the most extreme instances usually occurring in men subject to battle
167,7,stress. Nonorganic dissociative states are rare in the elderly.
167,8,Purposeless local wandering may occur; it is usually accompanied
167,9,by self-neglect and rarely lasts more than a day or two.
167,10,Diagnostic guidelines
167,11,A definite diagnosis requires:
167,12,"(a) amnesia, either partial or complete, for recent events that are"
167,13,of a traumatic or stressful nature (these aspects may emerge only
167,14,when other informants are available);
167,15,"(b) absence of organic brain disorders, intoxication, or excessive"
167,16,fatigue.
167,17,"Differential diagnosis. In organic mental disorders, there are usually"
167,18,"other signs of disturbance in the nervous system, plus obvious and"
167,19,"consistent signs of clouding of consciousness, disorientation, and"
167,20,fluctuating awareness. Loss of very recent memory is more typical
167,21,"of organic states, irrespective of any possibly traumatic events or"
167,22,"problems. ""Blackouts"" due to abuse of alcohol or drugs are closely"
167,23,"associated with the time of abuse, and the lost memories can never"
167,24,be regained. The short-term memory loss of the amnesic state
167,25,"(Korsakov's syndrome), in which immediate recall"
167,26,is normal but recall
167,27,"after only 2-3 minutes is lost, is not found in dissociative amnesia."
167,28,Amnesia following concussion or serious head injury is usually
167,29,"retrograde, although in severe cases it may be anterograde also;"
167,30,dissociative amnesia is usually predominantly retrograde. Only
167,31,dissociative amnesia can be modified by hypnosis or abreaction.
167,32,"Postictal amnesia in epileptics, and other states of stupor or mutism"
167,33,occasionally found in schizophrenic or depressive illnesses can
167,34,usually be differentiated by other characteristics of the underlying
167,35,illness.
167,36,The most difficult differentiation is from conscious simulation of
167,37,"amnesia (malingering), and repeated and detailed assessment of"
167,38,premorbid personality and motivation may be required. Conscious
167,39,154
168,1,"F40-F48 NEUROTIC, STRESS-RELATED AND SOMATOFORM DISORDERS"
168,2,simulation of amnesia is usually associated with obvious problems
168,3,"concerning money, danger of death in wartime, or possible prison"
168,4,or death sentences.
168,5,Excludes: alcohol- or other psychoactive substance-induced amnesic
168,6,disorder (F10-F19 with common fourth character .6)
168,7,amnesia NOS (R41.3)
168,8,anterograde amnesia (R41.1)
168,9,nonalcoholic organic amnesic syndrome (F04)
168,10,postictal amnesia in epilepsy (G40. -)
168,11,retrograde amnesia (R41.2)
168,12,F44.1 Dissociative fugue
168,13,"Dissociative fugue has all the features of dissociative amnesia, plus"
168,14,an apparently purposeful journey away from home or place of work
168,15,"during which self-care is maintained. In some cases, a new identity"
168,16,"may be assumed, usually only for a few days but occasionally for"
168,17,long periods of time and to a surprising degree of completeness.
168,18,Organized travel may be to places previously known and of
168,19,emotional significance. Although there is amnesia for the period of
168,20,"the fugue, the individual's behaviour during this time may appear"
168,21,completely normal to independent observers.
168,22,Diagnostic guidelines
168,23,For a definite diagnosis there should be:
168,24,(a) the features of dissociative amnesia (F44.0);
168,25,(b) purposeful travel beyond the usual everyday range (the differentia-
168,26,tion between travel and wandering must be made by those with
168,27,local knowledge); and
168,28,"(c) maintenance of basic self-care (eating, washing, etc.) and simple"
168,29,"social interaction with strangers (such as buying tickets or petrol,"
168,30,"asking directions, ordering meals)."
168,31,"Differential diagnosis. Differentiation from postictal fugue, seen"
168,32,"particularly after temporal lobe epilepsy, is usually clear because of"
168,33,"the history of epilepsy, the lack of stressful events or problems, and"
168,34,the less purposeful and more fragmented activities and travel of the
168,35,epileptic.
168,36,"As with dissociative amnesia, differentiation from conscious simula-"
168,37,tion of a fugue may be very difficult.
168,38,155
169,1,MENTAL AND BEHAVIOURAL DISORDERS
169,2,F44.2 Dissociative stupor
169,3,"The individual's behaviour fulfils the criteria for stupor, but examina-"
169,4,tion and investigation reveal no evidence of a physical cause. In
169,5,"addition, as in other dissociative disorders, there is positive evidence"
169,6,of psychogenic causation in the form of either recent stressful events
169,7,or prominent interpersonal or social problems.
169,8,Stupor is diagnosed on the basis of a profound diminution or absence
169,9,of voluntary movement and normal responsiveness to external stimuli
169,10,"such as light, noise, and touch. The individual lies or sits largely"
169,11,motionless for long periods of time. Speech and spontaneous and
169,12,purposeful movement are completely or almost completely absent.
169,13,Although some degree of disturbance of consciousness may be
169,14,"present, muscle tone, posture, breathing, and sometimes eye-opening"
169,15,and coordinated eye movements are such that it is clear that the
169,16,individual is neither asleep nor unconscious.
169,17,Diagnostic guidelines
169,18,For a definite diagnosis there should be:
169,19,"(a) stupor, as described above;"
169,20,(b) absence of a physical or other psychiatric disorder that might
169,21,explain the stupor; and
169,22,(c) evidence of recent stressful events or current problems.
169,23,Differential diagnosis. Dissociative stupor must be differentiated from
169,24,catatonic stupor and depressive or manic stupor. The stupor of
169,25,catatonic schizophrenia is often preceded by symptoms or behaviour
169,26,suggestive of schizophrenia. Depressive and manic stupor usually
169,27,"develop comparatively slowly, so a history from another informant"
169,28,should be decisive. Both depressive and manic stupor are increasingly
169,29,rare in many countries as early treatment of affective illness becomes
169,30,more widespread.
169,31,F44.3 Trance and possession disorders
169,32,Disorders in which there is a temporary loss of both the sense of
169,33,personal identity and full awareness of the surroundings; in some
169,34,"instances the individual acts as if taken over by another personality,"
169,35,"spirit, deity, or ""force"". Attention and awareness may be limited"
169,36,to or concentrated upon only one or two aspects of the immediate
169,37,"environment, and there is often a limited but repeated set of"
169,38,"movements, postures, and utterances. Only trance disorders that are"
169,39,156
170,1,"F40-F48 NEUROTIC, STRESS-RELATED AND SOMATOFORM DISORDERS"
170,2,"involuntary or unwanted, and that intrude into ordinary activities"
170,3,by occurring outside (or being a prolongation of) religious or other
170,4,culturally accepted situations should be included here.
170,5,Trance disorders occurring during the course of schizophrenic or
170,6,"acute psychoses with hallucinations or delusions, or multiple"
170,7,"personality should not be included here, nor should this category"
170,8,be used if the trance disorder is judged to be closely associated with
170,9,any physical disorder (such as temporal lobe epilepsy or head injury)
170,10,or with psychoactive substance intoxication.
170,11,F44.4-F44.7 Dissociative disorders of movement and sensation
170,12,In these disorders there is a loss of or interference with movements
170,13,or loss of sensations (usually cutaneous). The patient therefore presents
170,14,"as having a physical disorder, although none can be found that would"
170,15,explain the symptoms. The symptoms can often be seen to represent
170,16,"the patient's concept of physical disorder, which may be at variance"
170,17,"with physiological or anatomical principles. In addition, assessment"
170,18,of the patient's mental state and social situation usually suggests
170,19,that the disability resulting from the loss of functions is helping
170,20,"the patient to escape from an unpleasant conflict, or to express"
170,21,dependency or resentment indirectly. Although problems or conflicts
170,22,"may be evident to others, the patient often denies their presence and"
170,23,attributes any distress to the symptoms or the resulting disability.
170,24,The degree of disability resulting from all these types of symptom
170,25,"may vary from occasion to occasion, depending upon the number"
170,26,"and type of other people present, and upon the emotional state of"
170,27,"the patient. In other words, a variable amount of attention-seeking"
170,28,behaviour may be present in addition to a central and unvarying
170,29,core of loss of movement or sensation which is not under voluntary
170,30,control.
170,31,"In some patients, the symptoms usually develop in close relationship"
170,32,"to psychological stress, but in others this link does not emerge."
170,33,"Calm acceptance (""belle indifference"") of serious disability may be"
170,34,"striking, but is not universal; it is also found in well-adjusted"
170,35,individuals facing obvious and serious physical illness.
170,36,Premorbid abnormalities of personal relationships and personality
170,37,"are usually found, and close relatives and friends may have suffered"
170,38,157
171,1,MENTAL AND BEHAVIOURAL DISORDERS
171,2,from physical illness with symptoms resembling those of the patient.
171,3,Mild and transient varieties of these disorders are often seen in
171,4,"adolescence, particularly in girls, but the chronic varieties are"
171,5,usually found in young adults. A few individuals establish a repetitive
171,6,"pattern of reaction to stress by the production of these disorders,"
171,7,and may still manifest this in middle and old age.
171,8,Disorders involving only loss of sensations are included here; disorders
171,9,"involving additional sensations such as pain, and other complex"
171,10,sensations mediated by the autonomic nervous system are included
171,11,in somatoform disorders (F45.-).
171,12,Diagnostic guidelines
171,13,The diagnosis should be made with great caution in the presence
171,14,"of physical disorders of the nervous system, or in a previously well-"
171,15,adjusted individual with normal family and social relationships.
171,16,For a definite diagnosis:
171,17,(a) there should be no evidence of physical disorder; and
171,18,(b) sufficient must be known about the psychological and social
171,19,setting and personal relationships of the patient to allow a
171,20,convincing formulation to be made of the reasons for the
171,21,appearance of the disorder.
171,22,The diagnosis should remain probable or provisional if there is any
171,23,"doubt about the contribution of actual or possible physical disorders,"
171,24,or if it is impossible to achieve an understanding of why the disorder
171,25,"has developed. In cases that are puzzling or not clear-cut, the"
171,26,possibility of the later appearance of serious physical or psychiatric
171,27,disorders should always be kept in mind.
171,28,Differential
171,29,diagnosis. The early stages of progressive neurological
171,30,"disorders, particularly multiple sclerosis and systemic lupus"
171,31,"erythematosus, may be confused with dissociative disorders of"
171,32,movement and sensation. Patients reacting to early multiple sclerosis
171,33,with distress and attention-seeking behaviour pose especially difficult
171,34,problems; comparatively long periods of assessment and observation
171,35,may be needed before the diagnostic probabilities become clear.
171,36,Multiple and ill-defined somatic complaints should be classified
171,37,"elsewhere, under somatoform disorders (F45.-) or neurasthenia"
171,38,(F48.0).
171,39,158
172,1,"F40-F48 NEUROTIC, STRESS-RELATED AND SOMATOFORM DISORDERS"
172,2,Isolated dissociative symptoms may occur during major mental
172,3,"disorders such as schizophrenia or severe depression, but these"
172,4,disorders are usually obvious and should take precedence over the
172,5,dissociative symptoms for diagnostic and coding purposes.
172,6,Conscious simulation of loss of movement and sensation is often
172,7,very difficult to distinguish from dissociation; the decision will rest
172,8,"upon detailed observation, and upon obtaining an understanding of"
172,9,"the personality of the patient, the circumstances surrounding the onset"
172,10,"of the disorder, and the consequences of recovery versus continued"
172,11,disability.
172,12,F44.4 Dissociative motor disorders
172,13,The commonest varieties of dissociative motor disorder are loss of
172,14,ability to move the whole or a part of a limb or limbs. Paralysis
172,15,"may be partial, with movements being weak or slow, or complete."
172,16,Various forms and variable degrees of incoordination (ataxia) may
172,17,"be evident, particularly in the"
172,18,"legs, resulting in bizarre gait or inabili-"
172,19,ty to stand unaided (astasia-abasia). There may also be exaggerated
172,20,trembling or shaking of one or more extremities or the whole body.
172,21,"There may be close resemblance to almost any variety of ataxia,"
172,22,"apraxia, akinesia, aphonia, dysarthria, dyskinesia, or paralysis."
172,23,Includes: psychogenic aphonia
172,24,psychogenic dysphonia
172,25,F44.5 Dissociative convulsions
172,26,Dissociative convulsions (pseudoseizures) may mimic epileptic seizures
172,27,"very closely in terms of movements, but tongue-biting, serious"
172,28,"bruising due to falling, and incontinence of urine are rare in"
172,29,"dissociative convulsion, and loss of consciousness is absent or replaced"
172,30,by a state of stupor or trance.
172,31,F44.6 Dissociative anaesthesia and sensory loss
172,32,Anaesthetic areas of skin often have boundaries which make it
172,33,clear that they are associated more with the patient's ideas about
172,34,bodily functions than with medical knowledge. There may also be
172,35,differential loss between the sensory modalities which cannot be due
172,36,to a neurological lesion. Sensory loss may be accompanied by
172,37,complaints of paraesthesia.
172,38,159
173,1,MENTAL AND BEHAVIOURAL DISORDERS
173,2,"Loss of vision is rarely total in dissociative disorders, and visual"
173,3,"disturbances are more often a loss of acuity, general blurring of"
173,4,"vision, or ""tunnel vision"". In spite of complaints of visual loss,"
173,5,the patient's general mobility and motor performance are often
173,6,surprisingly well preserved.
173,7,Dissociative deafness and anosmia are far less common than loss
173,8,of sensation or vision.
173,9,Includes: psychogenic deafness
173,10,F44.7 Mixed dissociative [conversion] disorders
173,11,Mixtures of the disorders specified above (F44.0-F44.6) should be
173,12,coded here.
173,13,F44.8 Other dissociative [conversion] disorders
173,14,F44.80 Ganser's syndrome
173,15,"The complex disorder described by Ganser, which is characterized"
173,16,"by ""approximate answers"", usually accompanied by several other"
173,17,"dissociative symptoms, often in circumstances that suggest a"
173,18,"psychogenic etiology, should be coded here."
173,19,F44.81 Multiple personality disorder
173,20,"This disorder is rare, and controversy exists about the extent to which"
173,21,it is iatrogenic or culture-specific. The essential feature is the
173,22,apparent existence of two or more distinct personalities within an
173,23,"individual, with only one of them being evident at a time. Each"
173,24,"personality is complete, with its own memories, behaviour, and"
173,25,preferences; these may be in marked contrast to the single premorbid
173,26,personality.
173,27,"In the common form with two personalities, one personality is"
173,28,usually dominant but neither has access to the memories of the other
173,29,and the two are almost always unaware of each other's existence.
173,30,Change from one personality to another in the first instance is
173,31,usually sudden and closely associated with traumatic events.
173,32,"Subsequent changes are often limited to dramatic or stressful events,"
173,33,"or occur during sessions with a therapist that involve relaxation,"
173,34,"hypnosis, or abreaction."
173,35,160
174,1,"F40-F48 NEUROTIC, STRESS-RELATED AND SOMATOFORM DISORDERS"
174,2,F44.82 Transient dissociative [conversion] disorders occurring in
174,3,childhood and adolescence
174,4,F44.88 Other specified dissociative [conversion] disorders
174,5,Includes: psychogenic confusion
174,6,twilight state
174,7,"F44.9 Dissociative [conversion] disorder, unspecified"
174,8,mZikm Somatoform disorders
174,9,The main feature of somatoform disorders is repeated presentation
174,10,"of physical symptoms, together with persistent requests for medical"
174,11,"investigations, in spite of repeated negative findings and reassurances"
174,12,by doctors that the symptoms have no physical basis. If any physical
174,13,"disorders are present, they do not explain the nature and extent of"
174,14,the symptoms or the distress and preoccupation of the patient. Even
174,15,when the onset and continuation of the symptoms bear a close
174,16,relationship with unpleasant life events or with difficulties or
174,17,"conflicts, the patient usually resists attempts to discuss the possibility"
174,18,of psychological causation; this may even be the case in the
174,19,presence of obvious depressive and anxiety symptoms. The degree
174,20,"of understanding, either physical or psychological, that can be"
174,21,achieved about the cause of the symptoms is often disappointing
174,22,and frustrating for both patient and doctor.
174,23,In these disorders there is often a degree of attention-seeking
174,24,"(histrionic) behaviour, particularly in patients who are resentful"
174,25,of their failure to persuade doctors of the essentially physical
174,26,nature of their illness and of the need for further investigations or
174,27,examinations.
174,28,Differential diagnosis. Differentiation from hypochondriacal delusions
174,29,usually depends upon close acquaintance with the patient. Although
174,30,"the beliefs are long-standing and appear to be held against reason,"
174,31,"the degree of conviction is usually susceptible, to some degree and"
174,32,"in the short term, to argument, reassurance, and the performance"
174,33,"of yet another examination or investigation. In addition, the presence"
174,34,of unpleasant and frightening physical sensations can be regarded
174,35,as a culturally acceptable explanation for the development and
174,36,persistence of a conviction of physical illness.
174,37,161
175,1,MENTAL AND BEHAVIOURAL DISORDERS
175,2,Excludes: dissociative disorders (F44.-)
175,3,hair-plucking (F98.4)
175,4,lalling (F80.0)
175,5,lisping (F80.8)
175,6,nail-biting (F98.8)
175,7,psychological or behavioural factors associated with
175,8,disorders or diseases classified elsewhere (F54)
175,9,"sexual dysfunction, not caused by organic disorder or"
175,10,disease (F52.-)
175,11,thumb-sucking (F98.8)
175,12,tic disorders (in childhood and adolescence) (F95.-)
175,13,Tourette's syndrome (F95.2)
175,14,trichotillomania (F63.3)
175,15,F45.0 Somatization disorder
175,16,"The main features are multiple, recurrent, and frequently changing"
175,17,"physical symptoms, which have usually been present for several years"
175,18,before the patient is referred to a psychiatrist. Most patients have
175,19,a long and complicated history of contact with both primary and
175,20,"specialist medical services, during which many negative investiga-"
175,21,tions or fruitless operations may have been carried out. Symptoms
175,22,may be referred to any part or system of
175,23,"the body, but gastrointestinal"
175,24,"sensations (pain, belching, regurgitation, vomiting, nausea, etc.), and"
175,25,"abnormal skin sensations (itching, burning, tingling, numbness,"
175,26,"soreness, etc.) and blotchiness are among the commonest. Sexual"
175,27,and menstrual complaints are also common.
175,28,Marked depression and anxiety are frequently present and may justify
175,29,specific treatment.
175,30,"The course of the disorder is chronic and fluctuating, and is often"
175,31,"associated with long-standing disruption of social, interpersonal, and"
175,32,family behaviour. The disorder is far more common in women than
175,33,"in men, and usually starts in early adult life."
175,34,Dependence upon or abuse of medication (usually sedatives and
175,35,analgesics) often results from the frequent courses of medication.
175,36,Diagnostic guidelines
175,37,A definite diagnosis requires the presence of all of the following:
175,38,162
176,1,"F40-F48 NEUROTIC, STRESS-RELATED AND SOMATOFORM DISORDERS"
176,2,(a) at least 2 years of multiple and variable physical symptoms for
176,3,which no adequate physical explanation has been found;
176,4,(b) persistent refusal to accept the advice or reassurance of several
176,5,doctors that there is no physical explanation for the symptoms;
176,6,(c) some degree of impairment of social and family functioning
176,7,attributable to the nature of the symptoms and resulting
176,8,behaviour.
176,9,Includes: Briquet's disorder
176,10,multiple complaint syndrome
176,11,multiple psychosomatic disorder
176,12,"Differential diagnosis. In diagnosis, differentiation from the"
176,13,following disorders is essential:
176,14,Physical disorders. Patients with long-standing somatization disorder
176,15,have the same chance of developing independent physical disorders
176,16,"as any other person of their age, and further investigations or"
176,17,consultations should be considered if there is a shift in the emphasis
176,18,or stability of the physical complaints which suggests possible physical
176,19,disease.
176,20,Affective (depressive) and anxiety disorders. Varying degrees of
176,21,"depression and anxiety commonly accompany somatization disorders,"
176,22,but need not be specified separately unless they are sufficiently marked
176,23,and persistent as to justify a diagnosis in their own right. The onset
176,24,of multiple somatic symptoms after the age of 40 years may be an
176,25,early manifestation of a primarily depressive disorder.
176,26,Hypochondriacal
176,27,"disorder. In somatization disorders, the emphasis"
176,28,"is on the symptoms themselves and their individual effects, whereas"
176,29,"in hypochondriacal disorder, attention is directed more to the presence"
176,30,of an underlying progressive and serious disease process and its
176,31,"disabling consequences. In hypochondriacal disorder, the patient tends"
176,32,to ask for investigations to determine or confirm the nature of the
176,33,"underlying disease, whereas the patient with somatization disorder"
176,34,asks for treatment to remove the symptoms. In somatization disorder
176,35,"there is usually excessive drug use, together with noncompliance over"
176,36,"long periods, whereas patients with hypochondriacal disorder fear"
176,37,"drugs and their side-effects, and seek for reassurance by frequent"
176,38,visits to different physicians.
176,39,163
177,1,MENTAL AND BEHAVIOURAL DISORDERS
177,2,"Delusional disorders (such as schizophrenia with somatic delusions,"
177,3,and depressive disorders with hypochondriacal delusions). The bizarre
177,4,"qualities of the beliefs, together with fewer physical symptoms of"
177,5,"more constant nature, are most typical of the delusional disorders."
177,6,Short-lived (e.g. less than 2 years) and less striking symptom
177,7,patterns are better classified as undifferentiated somatoform disorder
177,8,(F45.1).
177,9,F45.1 Undifferentiated somatoform disorder
177,10,"When physical complaints are multiple, varying and persistent, but"
177,11,the complete and typical clinical picture of somatization disorder
177,12,"is not fulfilled, this category should be considered. For instance,"
177,13,"the forceful and dramatic manner of complaint may be lacking, the"
177,14,"complaints may be comparatively few in number, or the associated"
177,15,impairment of social and family functioning may be totally absent.
177,16,There may or may not be grounds for presuming a psychological
177,17,"causation, but there must be no physical basis for the symptoms"
177,18,upon which the psychiatric diagnosis is based.
177,19,"If a distinct possibility of underlying physical disorder still exists,"
177,20,or if the psychiatric assessment is not completed at the time of
177,21,"diagnostic coding, other categories from the relevant chapters of"
177,22,ICD-10 should be used.
177,23,Includes: undifferentiated psychosomatic disorder
177,24,Differential diagnosis. As for the full syndrome of somatization
177,25,disorder (F45.0).
177,26,F45.2 Hypochondriacal disorder
177,27,The essential feature is a persistent preoccupation with the possibility
177,28,of having one or more serious and progressive physical disorders.
177,29,Patients manifest persistent somatic complaints or persistent preoccu-
177,30,pation with their physical appearance. Normal or commonplace
177,31,sensations and appearances are often interpreted by a patient as
177,32,"abnormal and distressing, and attention is usually focused on only"
177,33,one or two organs or systems of
177,34,the body. The feared physical disorder
177,35,"or disfigurement may be named by the patient, but even so the degree"
177,36,of conviction about its presence and the emphasis upon one disorder
177,37,rather than another usually varies between consultations; the patient
177,38,164
178,1,"F40-F48 NEUROTIC, STRESS-RELATED AND SOMATOFORM DISORDERS"
178,2,will usually entertain the possibility that other or additional physical
178,3,disorders may exist in addition to the one given pre-eminence.
178,4,"Marked depression and anxiety are often present, and may justify"
178,5,additional diagnosis. The disorders rarely present for the first time
178,6,"after the age of 50 years, and the course of both symptoms and"
178,7,disability is usually chronic and fluctuating. There must be no fixed
178,8,delusions about bodily functions or shape. Fears of the presence of
178,9,one or more diseases (nosophobia) should be classified here.
178,10,"This syndrome occurs in both men and women, and there are no"
178,11,special familial characteristics (in contrast to somatization disorder).
178,12,"Many individuals, especially those with milder forms of the disorder,"
178,13,remain within primary care or nonpsychiatric medical specialties.
178,14,"Psychiatric referral is often resented, unless accomplished early in"
178,15,the development of the disorder and with tactful collaboration
178,16,between physician and psychiatrist. The degree of associated disability
178,17,is very variable; some individuals dominate or manipulate family
178,18,"and social networks as a result of their symptoms, in contrast to"
178,19,a minority who function almost normally.
178,20,Diagnostic guidelines
178,21,"For a definite diagnosis, both of the following should be present:"
178,22,(a) persistent belief in the presence of at least one serious physical
178,23,"illness underlying the presenting symptom or symptoms, even"
178,24,though repeated investigations and examinations have identified
178,25,"no adequate physical explanation, or a persistent preoccupation"
178,26,with a presumed deformity or disfigurement;
178,27,(b) persistent refusal to accept the advice and reassurance of several
178,28,different doctors that there is no physical illness or abnormality
178,29,underlying the symptoms.
178,30,Includes: body dysmorphic disorder
178,31,dysmorphophobia (nondelusional)
178,32,hypochondriacal neurosis
178,33,hypochondriasis
178,34,nosophobia
178,35,Differential
178,36,diagnosis. Differentiation from the following disorders
178,37,is essential:
178,38,165
179,1,MENTAL AND BEHAVIOURAL DISORDERS
179,2,Somatization disorder. Emphasis is on the presence of the disorder
179,3,"itself and its future consequences, rather than on the individual"
179,4,"symptoms as in somatization disorder. In hypochondriacal disorder,"
179,5,there is also likely to be preoccupation with only one or two possible
179,6,"physical disorders, which will be named consistently, rather than with"
179,7,the more numerous and often changing possibilities in somatization
179,8,disorder. In hypochondriacal disorder there is no marked sex
179,9,"differential rate, nor are there any special familial connotations."
179,10,Depressive disorders. If depressive symptoms are particularly
179,11,"prominent and precede the development of hypochondriacal ideas,"
179,12,the depressive disorder may be primary.
179,13,Delusional disorders. The beliefs in hypochondriacal disorder do not
179,14,have the same fixity as those in depressive and schizophrenic disorders
179,15,accompanied by somatic delusions. A disorder in which the patient
179,16,is convinced that he or she has an unpleasant appearance or is
179,17,physically misshapen should be classified under delusional disorder
179,18,(F22.-).
179,19,Anxiety and panic disorders. The somatic symptoms of anxiety are
179,20,"sometimes interpreted as signs of serious physical illness, but in"
179,21,these disorders the patients are usually reassured by physiological
179,22,"explanations, and convictions about the presence of physical illness"
179,23,do not develop.
179,24,F45.3 Somatoform autonomic dysfunction
179,25,The symptoms are presented by the patient as if they were due to
179,26,a physical disorder of a system or organ that is largely or completely
179,27,"under autonomic innervation and control, i.e. the cardiovascular,"
179,28,"gastrointestinal, or respiratory system. (Some aspects of the"
179,29,genitourinary system are also included here.) The most common and
179,30,striking examples affect the cardiovascular system (''cardiac
179,31,"neurosis""), the respiratory system (psychogenic hyperventilation and"
179,32,"hiccough) and the gastrointestinal system (""gastric neurosis"" and"
179,33,"''nervous diarrhoea""). The symptoms are usually of"
179,34,"two types, neither"
179,35,of which indicates a physical disorder of the organ or system
179,36,"concerned. The first type, upon which this diagnosis largely depends,"
179,37,is characterized by complaints based upon objective signs of
179,38,"autonomic arousal, such as palpitations, sweating, flushing, and"
179,39,"tremor. The second type is characterized by more idiosyncratic,"
179,40,166
180,1,"F40-F48 NEUROTIC, STRESS-RELATED AND SOMATOFORM DISORDERS"
180,2,"subjective, and nonspecific symptoms, such as sensations of fleeting"
180,3,"aches and pains, burning, heaviness, tightness, and sensations of"
180,4,being bloated or distended; these are referred by the patient to a
180,5,specific organ or system (as the autonomic symptoms may also be).
180,6,"It is the combination of clear autonomic involvement, additional"
180,7,"nonspecific subjective complaints, and persistent referral to a"
180,8,particular organ or system as the cause of the disorder that gives
180,9,the characteristic clinical picture.
180,10,In many patients with this disorder there will also be evidence of
180,11,"psychological stress, or current difficulties and problems that appear"
180,12,"to be related to the disorder; however, this is not the case in a"
180,13,substantial proportion of patients who nevertheless clearly fulfil the
180,14,criteria for this condition.
180,15,"In some of these disorders, some minor disturbance of physiological"
180,16,"function may also be present, such as hiccough, flatulence, and"
180,17,"hyperventilation, but these do not of themselves disturb the essential"
180,18,physiological function of the relevant organ or system.
180,19,Diagnostic guidelines
180,20,Definite diagnosis requires all of the following:
180,21,"(a) symptoms of autonomic arousal, such as palpitations, sweating,"
180,22,"tremor, flushing, which are persistent and troublesome;"
180,23,(b) additional subjective symptoms referred to a specific organ or
180,24,system;
180,25,(c) preoccupation with and distress about the possibility of a serious
180,26,"(but often unspecified) disorder of the stated organ or system,"
180,27,which does not respond to repeated explanation and reassurance
180,28,by doctors;
180,29,(d) no evidence of a significant disturbance of structure or function
180,30,of the stated system or organ.
180,31,Differential diagnosis. Differentiation from generalized anxiety
180,32,disorder is based on the predominance of the psychological
180,33,"components of autonomic arousal, such as fear and anxious"
180,34,"foreboding in generalized anxiety disorder, and the lack of a"
180,35,consistent physical focus for the other symptoms. In somatization
180,36,"disorders, autonomic symptoms may occur but they are neither"
180,37,prominent nor persistent in comparison with the many other
180,38,167
181,1,MENTAL AND BEHAVIOURAL DISORDERS
181,2,"sensations and feelings, and the symptoms are not so persistently"
181,3,attributed to one stated organ or system.
181,4,Excludes: psychological and behavioural factors associated with
181,5,disorders or diseases classified elsewhere (F54)
181,6,A fifth character may be used to classify the individual disorders
181,7,"in this group, indicating the organ or system regarded by the patient"
181,8,as the origin of the symptoms:
181,9,F45.30 Heart and cardiovascular system
181,10,Includes: cardiac neurosis
181,11,Da Costa's syndrome
181,12,neurocirculatory asthenia
181,13,F45.31 Upper gastrointestinal tract
181,14,Includes: gastric neurosis
181,15,"psychogenic aerophagy, hiccough, dyspepsia, and"
181,16,pylorospasm
181,17,F45.32 Lower gastrointestinal tract
181,18,"Includes: psychogenic flatulence, irritable bowel syndrome, and"
181,19,diarrhoea gas syndrome
181,20,F45.33 Respiratory system
181,21,Includes: psychogenic forms of cough and hyperventilation
181,22,F45.34 Genitourinary system
181,23,Includes: psychogenic increase of frequency of micturition and
181,24,dysuria
181,25,F45.38 Other organ or system
181,26,F45.4 Persistent somatoform pain disorder
181,27,"The predominant complaint is of persistent, severe, and distressing"
181,28,"pain, which cannot be explained fully by a physiological process or"
181,29,a physical disorder. Pain occurs in association with emotional
181,30,conflict or psychosocial problems that are sufficient to allow the
181,31,conclusion that they are the main causative influences. The result
181,32,"is usually a marked increase in support and attention, either personal"
181,33,or medical.
181,34,168
182,1,"F40-F48 NEUROTIC, STRESS-RELATED AND SOMATOFORM DISORDERS"
182,2,Pain presumed to be of psychogenic origin occurring during the course
182,3,of depressive disorder or schizophrenia should not be included here.
182,4,Pain due to known or inferred psychophysiological mechanisms such
182,5,"as muscle tension pain or migraine, but still believed to have a"
182,6,"psychogenic cause, should be coded by the use of F54 (psychological"
182,7,or behavioural factors associated with disorders or diseases classified
182,8,elsewhere) plus an additional code from elsewhere in ICD-10
182,9,"(e.g. migraine, G43.-)."
182,10,Includes: psychalgia
182,11,psychogenic backache or headache
182,12,somatoform pain disorder
182,13,Differential
182,14,diagnosis. The commonest problem is to differentiate
182,15,this disorder from the histrionic elaboration of organically caused
182,16,pain. Patients with organic pain for whom a definite physical diagnosis
182,17,"has not yet been reached may easily become frightened or resentful,"
182,18,with resulting attention-seeking behaviour. A variety of aches and
182,19,pains are common in somatization disorders but are not so persistent
182,20,or so dominant over the other complaints.
182,21,Excludes: backache NOS (M54.9)
182,22,pain NOS (acute/chronic) (R52.-)
182,23,tension-type headache (G44.2)
182,24,F45.8 Other somatoform disorders
182,25,In these disorders the presenting complaints are not mediated through
182,26,"the autonomic nervous system, and are limited to specific systems"
182,27,or parts of the body. This is in contrast to the multiple and often
182,28,changing complaints of the origin of symptoms and distress found
182,29,in somatization disorder (F45.0) and undifferentiated somatoform
182,30,disorder (F45.1). Tissue damage is not involved.
182,31,"Any other disorders of sensation not due to physical disorders, which"
182,32,"are closely associated in time with stressful events or problems, or"
182,33,"which result in significantly increased attention for the patient, either"
182,34,"personal or medical, should also be classified here. Sensations of"
182,35,"swelling, movements on the skin, and paraesthesias (tingling and/or"
182,36,numbness) are common examples. Disorders such as the following
182,37,should also be included here:
182,38,169
183,1,MENTAL AND BEHAVIOURAL DISORDERS
183,2,"(a) ""globus hystericus"" (a feeling of a lump in the throat causing"
183,3,dysphagia) and other forms of dysphagia;
183,4,"(b) psychogenic torticollis, and other disorders of spasmodic"
183,5,movements (but excluding Tourette's syndrome);
183,6,(c) psychogenic pruritus (but excluding specific skin lesions such as
183,7,"alopecia, dermatitis, eczema, or urticaria of psychogenic origin"
183,8,(F54));
183,9,(d) psychogenic dysmenorrhoea (but excluding dyspareunia (F52.6)
183,10,and frigidity (F52.0));
183,11,(e) teeth-grinding
183,12,"F45.9 Somatoform disorder, unspecified"
183,13,Includes: unspecified psychophysiological or psychosomatic disorder
183,14,I2H1 Other neurotic disorders
183,15,F48.0 Neurasthenia
183,16,Considerable cultural variations occur in the presentation of this
183,17,"disorder; two main types occur, with substantial overlap. In one"
183,18,"type, the main feature is a complaint of increased fatigue after"
183,19,"mental effort, often associated with some decrease in occupational"
183,20,performance or coping efficiency in daily tasks. The mental
183,21,fatiguability is typically described as an unpleasant intrusion of
183,22,"distracting associations or recollections, difficulty in concentrating,"
183,23,"and generally inefficient thinking. In the other type, the emphasis"
183,24,is on feelings of bodily or physical weakness and exhaustion after
183,25,"only minimal effort, accompanied by a feeling of muscular aches"
183,26,"and pains and inability to relax. In both types, a variety of other"
183,27,"unpleasant physical feelings, such as dizziness, tension headaches,"
183,28,"and a sense of general instability, is common. Worry about"
183,29,"decreasing mental and bodily well-being, irritability, anhedonia, and"
183,30,varying minor degrees of both depression and anxiety are all
183,31,common. Sleep is often disturbed in its initial and middle phases
183,32,but hypersomnia may also be prominent.
183,33,Diagnostic guidelines
183,34,Definite diagnosis requires the following:
183,35,(a) either persistent and distressing complaints of increased fatigue
183,36,"after mental effort, or persistent and distressing complaints of"
183,37,bodily weakness and exhaustion after minimal effort;
183,38,170
184,1,"F40-F48 NEUROTIC, STRESS-RELATED AND SOMATOFORM DISORDERS"
184,2,(b) at least two of the following:
184,3,- feelings of muscular aches and pains
184,4,- dizziness
184,5,- tension headaches
184,6,- sleep disturbance
184,7,- inability to relax
184,8,- irritability
184,9,- dyspepsia;
184,10,(c) any autonomic or depressive symptoms present are not
184,11,sufficiently persistent and severe to fulfil the criteria for any of
184,12,the more specific disorders in this classification.
184,13,Includes: fatigue syndrome
184,14,Differential diagnosis. In many countries neurasthenia is not generally
184,15,used as a diagnostic category. Many of the cases so diagnosed in
184,16,the past would meet the current criteria for depressive disorder or
184,17,"anxiety disorder. There are, however, cases that fit the description"
184,18,"of neurasthenia better than that of any other neurotic syndrome,"
184,19,and such cases seem to be more frequent in some cultures than in
184,20,"others. If the diagnostic category of neurasthenia is used, an attempt"
184,21,should be made first to rule out a depressive illness or an anxiety
184,22,disorder. Hallmarks of the syndrome are the patient's emphasis on
184,23,fatiguability and weakness and concern about lowered mental and
184,24,"physical efficiency (in contrast to the somatoform disorders, where"
184,25,bodily complaints and preoccupation with physical disease dominate
184,26,the picture). If the neurasthenic syndrome develops in the aftermath
184,27,"of a physical illness (particularly influenza, viral hepatitis, or"
184,28,"infectious mononucleosis), the diagnosis of the latter should also"
184,29,be recorded.
184,30,Excludes: asthenia NOS (R53)
184,31,burn-out (Z73.0)
184,32,malaise and fatigue (R53)
184,33,postviral fatigue syndrome (G93.3)
184,34,psychasthenia (F48.8)
184,35,F48.1 Depersonalization - derealization syndrome
184,36,A disorder in which the sufferer complains that his or her mental
184,37,"activity, body, and/or surroundings are changed in their quality,"
184,38,"so as to be unreal, remote, or automatized. Individuals may feel"
184,39,171
185,1,MENTAL AND BEHAVIOURAL DISORDERS
185,2,"that they are no longer doing their own thinking, imaging, or"
185,3,remembering; that their movements and behaviour are somehow not
185,4,"their own; that their body seems lifeless, detached, or otherwise"
185,5,anomalous; and that their surroundings seem to lack colour and life
185,6,"and appear as artificial, or as a stage on which people are acting"
185,7,"contrived roles. In some cases, they may feel as if they were viewing"
185,8,themselves from a distance or as if they were dead. The complaint
185,9,of loss of emotions is the most frequent among these varied
185,10,phenomena.
185,11,The number of individuals who experience this disorder in a pure
185,12,"or isolated form is small. More commonly, depersonalization -"
185,13,"derealization phenomena occur in the context of depressive illnesses,"
185,14,"phobic disorder, and obsessive - compulsive disorder. Elements of"
185,15,the syndrome may also occur in mentally healthy individuals in states
185,16,"of fatigue, sensory deprivation, hallucinogen intoxication, or as a"
185,17,hypnogogic/hypnopompic phenomenon. The depersonalization-
185,18,"derealization phenomena are similar to the so-called ""near-death"
185,19,"experiences"" associated with moments of extreme danger to life."
185,20,Diagnostic guidelines
185,21,"For a definite diagnosis, there must be either or both of (a) and"
185,22,"(b), plus (c) and (d):"
185,23,"(a) depersonalization symptoms, i.e. the individual feels that his or"
185,24,"her own feelings and/or experiences are detached, distant, not"
185,25,"his or her own, lost, etc;"
185,26,"(b) derealization symptoms, i.e. objects, people, and/or surroun-"
185,27,"dings seem unreal, distant, artificial, colourless, lifeless, etc;"
185,28,"(c) an acceptance that this is a subjective and spontaneous change,"
185,29,not imposed by outside forces or other people (i.e. insight);
185,30,(d) a clear sensorium and absence of toxic confusional state or
185,31,epilepsy.
185,32,Differential diagnosis. The disorder must be differentiated from other
185,33,"disorders in which ""change of personality"" is experienced or"
185,34,"presented, such as schizophrenia (delusions of transformation or"
185,35,"passivity and control experiences), dissociative disorders (where"
185,36,"awareness of change is lacking), and some instances of early"
185,37,dementia. The preictal aura of temporal lobe epilepsy and some
185,38,postictal states may include depersonalization and derealization
185,39,syndromes as secondary phenomena.
185,40,172
186,1,"F40-F48 NEUROTIC, STRESS-RELATED AND SOMATOFORM DISORDERS"
186,2,If the depersonalization — derealization syndrome occurs as part of
186,3,"a diagnosable depressive, phobic, obsessive-compulsive, or"
186,4,"schizophrenic disorder, the latter should be given precedence as the"
186,5,main diagnosis.
186,6,F48.8 Other specified neurotic disorders
186,7,"This category includes mixed disorders of behaviour, beliefs, and"
186,8,emotions which are of uncertain etiology and nosological status and
186,9,which occur with particular frequency in certain cultures; examples
186,10,include Dhat syndrome (undue concern about the debilitating effects
186,11,"of the passage of semen), koro (anxiety and fear that the penis will"
186,12,"retract into the abdomen and cause death), and latah (imitative and"
186,13,automatic response behaviour). The strong association of these
186,14,syndromes with locally accepted cultural beliefs and patterns of
186,15,behaviour indicates that they are probably best regarded as not
186,16,delusional.
186,17,Includes: Dhat syndrome
186,18,koro
186,19,latah
186,20,"occupational neurosis, including writer's cramp"
186,21,psychasthenia
186,22,psychasthenic neurosis
186,23,psychogenic syncope
186,24,"F48.9 Neurotic disorder, unspecified"
186,25,Includes: neurosis NOS
186,26,173
187,1,MENTAL AND BEHAVIOURAL DISORDERS
187,2,F50-F59
187,3,Behavioural syndromes associated with physiological
187,4,disturbances and physical factors
187,5,Overview of this block
187,6,F50 Eating disorders
187,7,F50.0 Anorexia nervosa
187,8,F50.1 Atypical anorexia nervosa
187,9,F50.2 Bulimia nervosa
187,10,F5O.3 Atypical bulimia nervosa
187,11,F50.4 Overeating associated with other psychological disturbances
187,12,F5O.5 Vomiting associated with other psychological disturbances
187,13,F50.8 Other eating disorders
187,14,"F50.9 Eating disorder, unspecified"
187,15,F51 Nonorganic sleep disorders
187,16,F51.0 Nonorganic insomnia
187,17,F51.1 Nonorganic hypersomnia
187,18,F51.2 Nonorganic disorder of the sleep-wake schedule
187,19,F51.3 Sleepwalking [somnambulism]
187,20,F51.4 Sleep terrors [night terrors]
187,21,F51.5 Nightmares
187,22,F51.8 Other nonorganic sleep disorders
187,23,"F51.9 Nonorganic sleep disorder, unspecified"
187,24,"F52 Sexual dysfunction, not caused by organic disorder or disease"
187,25,F52.0 Lack or loss of sexual desire
187,26,F52.1 Sexual aversion and lack of sexual enjoyment
187,27,.10 Sexual aversion
187,28,.11 Lack of sexual enjoyment
187,29,F52.2 Failure of genital response
187,30,F52.3 Orgasmic dysfunction
187,31,F52.4 Premature ejaculation
187,32,F52.5 Nonorganic vaginismus
187,33,F52.6 Nonorganic dyspareunia
187,34,F52.7 Excessive sexual drive
187,35,"F52.8 Other sexual dysfunction, not caused by organic disorder or"
187,36,disease
187,37,174
188,1,F50-F59 BEHAVIOURAL SYNDROMES
188,2,"F52.9 Unspecified sexual dysfunction, not caused by organic disorder or"
188,3,disease
188,4,"F53 Mental and behavioural disorders associated with the puerperium,"
188,5,not elsewhere classified
188,6,F53.0 Mild mental and behavioural disorders associated with the
188,7,"puerperium, not elsewhere classified"
188,8,F53.1 Severe mental and behavioural disorders associated with the
188,9,"puerperium, not elsewhere classified"
188,10,F53.8 Other mental and behavioural disorders associated with the
188,11,"puerperium, not elsewhere classified"
188,12,"F53.9 Puerperal mental disorder, unspecified"
188,13,F54 Psychological and behavioural factors associated with disorders or diseases
188,14,classified elsewhere
188,15,F55 Abuse of non-dependence-producing substances
188,16,F55.0 Antidepressants
188,17,F55.1 Laxatives
188,18,F55.2 Analgesics
188,19,F55.3 Antacids
188,20,F55.4 Vitamins
188,21,F55.5 Steroids or hormones
188,22,F55.6 Specific herbal or folk remedies
188,23,F55.8 Other substances that do not produce dependence
188,24,F55.9 Unspecified
188,25,F59 Unspecified behavioural syndromes associated with physiological
188,26,disturbances and physical factors
188,27,175
189,1,MENTAL AND BEHAVIOURAL DISORDERS
189,2,•«•• Eating disorders
189,3,"Under the heading of eating disorders, two important and clear-cut"
189,4,syndromes are described: anorexia nervosa and bulimia nervosa. Less
189,5,"specific bulimic disorders also deserve place, as does overeating when"
189,6,it is associated with psychological disturbances. A brief note is
189,7,provided on vomiting associated with psychological disturbances.
189,8,Excludes: anorexia or loss of appetite NOS (R63.0)
189,9,feeding difficulties and mismanagement (R63.3)
189,10,feeding disorder in infancy and childhood (F98.2)
189,11,pica in children (F98.3)
189,12,F50.0 Anorexia nervosa
189,13,Anorexia nervosa is a disorder characterized by deliberate weight
189,14,"loss, induced and/or sustained by the patient. The disorder occurs"
189,15,"most commonly in adolescent girls and young women, but adolescent"
189,16,"boys and young men may be affected more rarely, as may children"
189,17,approaching puberty and older women up to the menopause. Anorexia
189,18,nervosa constitutes an independent syndrome in the following sense:
189,19,"(a) the clinical features of the syndrome are easily recognized, so"
189,20,that diagnosis is reliable with a high level of agreement between
189,21,clinicians;
189,22,"(b) follow-up studies have shown that, among patients who do not"
189,23,"recover, a considerable number continue to show the same main"
189,24,"features of anorexia nervosa, in a chronic form."
189,25,"Although the fundamental causes of anorexia nervosa remain elusive,"
189,26,there is growing evidence that interacting sociocultural and biological
189,27,"factors contribute to its causation, as do less specific psychological"
189,28,mechanisms and a vulnerability of personality. The disorder is
189,29,"associated with undernutrition of varying severity, with resulting"
189,30,secondary endocrine and metabolic changes and disturbances of bodily
189,31,function. There remains some doubt as to whether the characteristic
189,32,endocrine disorder is entirely due to the undernutrition and the direct
189,33,effect of various behaviours that have brought it about (e.g. restricted
189,34,"dietary choice, excessive exercise and alterations in body composi-"
189,35,"tion, induced vomiting and purgation and the consequent electrolyte"
189,36,"disturbances), or whether uncertain factors are also involved."
189,37,176
190,1,F50-F59 BEHAVIOURAL SYNDROMES
190,2,Diagnostic guidelines
190,3,"For a definite diagnosis, all the following are required:"
190,4,(a) Body weight is maintained at least 15% below that expected (either
190,5,"lost or never achieved), or Quetelet's body-mass index 1 is 17.5"
190,6,or less. Prepubertal patients may show failure to make the
190,7,expected weight gain during the period of growth.
190,8,"(b) The weight loss is self-induced by avoidance of ""fattening foods""."
190,9,One or more of the following may also be present: self-induced
190,10,vomiting; self-induced purging; excessive exercise; use of appetite
190,11,suppressants and/or diuretics.
190,12,(c) There is body-image distortion in the form of a specific
190,13,psychopathology whereby a dread of fatness persists as an
190,14,"intrusive, overvalued idea and the patient imposes a low weight"
190,15,threshold on himself or
190,16,herself.
190,17,(d) A widespread endocrine disorder involving the hypothalamic -
190,18,pituitary - gonadal axis is manifest in women as amenorrhoea
190,19,and in men as a loss of sexual interest and potency. (An apparent
190,20,exception is the persistence of vaginal bleeds in anorexic women
190,21,"who are receiving replacement hormonal therapy, most commonly"
190,22,taken as a contraceptive pill.) There may also be elevated levels
190,23,"of growth hormone, raised levels of cortisol, changes in the"
190,24,"peripheral metabolism of the thyroid hormone, and abnormalities"
190,25,of insulin secretion.
190,26,"(e) If onset is prepubertal, the sequence of pubertal events is delayed"
190,27,or even arrested (growth ceases; in girls the breasts do not develop
190,28,and there is a primary amenorrhoea; in boys the genitals remain
190,29,"juvenile). With recovery, puberty is often completed normally,"
190,30,but the menarche is late.
190,31,Differential diagnosis. There may be associated depressive or
190,32,"obsessional symptoms, as well as features of a personality disorder,"
190,33,which may make differentiation difficult and/or require the use of
190,34,more than one diagnostic code. Somatic causes of weight loss in
190,35,young patients that must be distinguished include chronic debilitating
190,36,"diseases, brain tumors, and intestinal disorders such as Crohn's disease"
190,37,or a malabsorption syndrome.
190,38,1 Quetelet's body-mass index = weight (kg) t0 ^ e usec [ f or a ge ^ or a b ove
190,39,[height (m)]2
190,40,177
191,1,MENTAL AND BEHAVIOURAL DISORDERS
191,2,Excludes: loss of appetite (R63.0)
191,3,psychogenic loss of appetite (F5O.8)
191,4,F50.1 Atypical anorexia nervosa
191,5,This term should be used for those individuals in whom one or
191,6,"more of the key features of anorexia nervosa (F50.0), such as"
191,7,"amenorrhoea or significant weight loss, is absent, but who otherwise"
191,8,present a fairly typical clinical picture. Such people are usually
191,9,encountered in psychiatric liaison services in general hospitals or in
191,10,primary care. Patients who have all the key symptoms but to only
191,11,a mild degree may also be best described by this term. This term
191,12,should not be used for eating disorders that resemble anorexia
191,13,nervosa but that are due to known physical illness.
191,14,F50.2 Bulimia nervosa
191,15,Bulimia nervosa is a syndrome characterized by repeated bouts of
191,16,overeating and an excessive preoccupation with the control of body
191,17,"weight, leading the patient to adopt extreme measures so as to mitigate"
191,18,"the ' 'fattening"" effects of ingested food. The term should be restricted"
191,19,to the form of the disorder that is related to anorexia nervosa
191,20,by virtue of sharing the same psychopathology. The age and sex
191,21,"distribution is similar to that of anorexia nervosa, but the age of"
191,22,presentation tends to be slightly later. The disorder may be viewed
191,23,as a sequel to persistent anorexia nervosa (although the reverse
191,24,sequence may also occur). A previously anorexic patient may first
191,25,appear to improve as a result of weight gain and possibly a return
191,26,"of menstruation, but a pernicious pattern of overeating and vomiting"
191,27,then becomes established. Repeated vomiting is likely to give rise
191,28,"to disturbances of body electrolytes, physical complications (tetany,"
191,29,"epileptic seizures, cardiac arrhythmias, muscular weakness), and"
191,30,further severe loss of weight.
191,31,Diagnostic guidelines
191,32,"For a definite diagnosis, all the following are required:"
191,33,"(a) There is a persistent preoccupation with eating, and an"
191,34,irresistible craving for food; the patient succumbs to episodes
191,35,of overeating in which large amounts of food are consumed in
191,36,short periods of time.
191,37,"(b) The patient attempts to counteract the ' 'fattening"" effects of"
191,38,food by one or more of the following: self-induced vomiting;
191,39,"purgative abuse, alternating periods of starvation; use of drugs"
191,40,178
192,1,F50-F59 BEHAVIOURAL SYNDROMES
192,2,"such as appetite suppressants, thyroid preparations or diuretics."
192,3,When bulimia occurs in diabetic patients they may choose to
192,4,neglect their insulin treatment.
192,5,(c) The psychopathology consists of a morbid dread of fatness and
192,6,the patient sets herself or himself a sharply defined weight
192,7,"threshold, well below the premorbid weight that constitutes the"
192,8,optimum or healthy weight in the opinion of the physician. There
192,9,"is often, but not always, a history of an earlier episode of anorexia"
192,10,"nervosa, the interval between the two disorders ranging from"
192,11,a few months to several years. This earlier episode may have
192,12,"been fully expressed, or may have assumed a minor cryptic form"
192,13,with a moderate loss of weight and/or a transient phase of
192,14,amenorrhoea.
192,15,Includes: bulimia NOS
192,16,hyperorexia nervosa
192,17,Differential diagnosis. Bulimia nervosa must be differentiated from:
192,18,(a) upper gastrointestinal disorders leading to repeated vomiting
192,19,(the characteristic psychopathology is absent);
192,20,(b) a more general abnormality of personality (the eating disorder
192,21,may coexist with alcohol dependence and petty offences such
192,22,as shoplifting);
192,23,(c) depressive disorder (bulimic patients often experience depressive
192,24,symptoms).
192,25,F50.3 Atypical bulimia nervosa
192,26,This term should be used for those individuals in whom one or more
192,27,"of the key features listed for bulimia nervosa (F50.2) is absent,"
192,28,but who otherwise present a fairly typical clinical picture. Most
192,29,commonly this applies to people with normal or even excessive weight
192,30,but with typical periods of overeating followed by vomiting or
192,31,purging. Partial syndromes together with depressive symptoms are
192,32,"also not uncommon, but if the depressive symptoms justify a separate"
192,33,diagnosis of a depressive disorder two separate diagnoses should be
192,34,made.
192,35,Includes: normal weight bulimia
192,36,F50.4 Overeating associated with other psychological disturbances
192,37,Overeating that has led to obesity as a reaction to distressing events
192,38,179
193,1,MENTAL AND BEHAVIOURAL DISORDERS
193,2,"should be coded here. Bereavements, accidents, surgical operations,"
193,3,and emotionally distressing events may be followed by a ' 'reactive
193,4,"obesity"", especially in individuals predisposed to weight gain."
193,5,Obesity as a cause of psychological disturbance should not be coded
193,6,here. Obesity may cause the individual to feel sensitive about his
193,7,or her appearance and give rise to a lack of confidence in personal
193,8,relationships; the subjective appraisal of body size may be exaggerated.
193,9,Obesity as a cause of psychological disturbance should be coded in
193,10,"a category such as F38. - (other mood [affective] disorders), F41.2"
193,11,"(mixed anxiety and depressive disorder), or F48.9 (neurotic disorder,"
193,12,"unspecified), plus a code from E66. - of ICD-10 to indicate the type"
193,13,of obesity.
193,14,Obesity as an undesirable effect of long-term treatment with
193,15,neuroleptic antidepressants or other type of medication should not
193,16,"be coded here, but under E66.1 (drug-induced obesity) plus an"
193,17,"additional code from Chapter XX (External causes) of ICD-10, to"
193,18,identify the drug.
193,19,"Obesity may be the motivation for dieting, which in turn results in"
193,20,"minor affective symptoms (anxiety, restlessness, weakness, and"
193,21,"irritability) or, more rarely, severe depressive symptoms (""dieting"
193,22,"depression""). The appropriate code from F30-F39 or F40-F49"
193,23,"should be used to cover the symptoms as above, plus F50.8 (other"
193,24,"eating disorder) to indicate the dieting, plus a code from E66. - to"
193,25,indicate the type of obesity.
193,26,Includes: psychogenic overeating
193,27,Excludes: obesity
193,28,(E66. -)
193,29,polyphagia NOS (R63.2)
193,30,F50.5 Vomiting associated with other psychological disturbances
193,31,"Apart from the self-induced vomiting of bulimia nervosa, repeated"
193,32,"vomiting may occur in dissociative disorders (F44. -), in hypochon-"
193,33,driacal disorder (F45.2) when vomiting may be one of several bodily
193,34,"symptoms, and in pregnancy when emotional factors may contribute"
193,35,to recurrent nausea and vomiting.
193,36,180
194,1,F50-F59 BEHAVIOURAL SYNDROMES
194,2,Includes: psychogenic hyperemesis gravidarum
194,3,psychogenic vomiting
194,4,Excludes: nausea and vomiting NOS (Rll)
194,5,F50.8 Other eating disorders
194,6,Includes: pica of nonorganic origin in adults
194,7,psychogenic loss of appetite
194,8,"F50.9 Eating disorder, unspecified"
194,9,•MB Nonorganic sleep disorders
194,10,This group of disorders includes:
194,11,(a) dyssomnias: primarily psychogenic conditions in which the
194,12,"predominant disturbance is in the amount, quality, or timing"
194,13,"of sleep due to emotional causes, i.e. insomnia, hypersomnia,"
194,14,and disorder of sleep-wake schedule; and
194,15,(b) parasomnias: abnormal episodic events occurring during sleep;
194,16,"in childhood these are related mainly to the child's development,"
194,17,"while in adulthood they are predominantly psychogenic, i.e."
194,18,"sleepwalking, sleep terrors, and nightmares."
194,19,This section includes only those sleep disorders in which emotional
194,20,causes are considered to be a primary factor. Sleep disorders of or-
194,21,ganic origin such as Kleine - Levin syndrome (G47.8) are coded
194,22,in Chapter VI (G47. - ) of ICD-10. Nonpsychogenic disorders in-
194,23,cluding narcolepsy and cataplexy (G47.4) and disorders of the
194,24,"sleep - wake schedule (G47.2) are also listed in Chapter VI, as are"
194,25,sleep apnoea (G47.3) and episodic movement disorders which in-
194,26,"clude nocturnal myoclonus (G25.3). Finally, enuresis (F98.0) is"
194,27,listed with other emotional and behavioural disorders with onset
194,28,"specific to childhood and adolescence, while primary nocturnal"
194,29,"enuresis (R33.8), which is considered to be due to a maturational"
194,30,"delay of bladder control during sleep, is listed in Chapter XVIII"
194,31,of ICD-10 among the symptoms involving the urinary system.
194,32,"In many cases, a disturbance of sleep is one of the symptoms of"
194,33,"another disorder, either mental or physical. Even when a specific"
194,34,"sleep disorder appears to be clinically independent, a number of"
194,35,181
195,1,MENTAL AND BEHAVIOURAL DISORDERS
195,2,associated psychiatric and/or physical factors may contribute to its
195,3,occurrence. Whether a sleep disorder in a given individual is an
195,4,independent condition or simply one of the features of another
195,5,disorder (classified elsewhere in Chapter V or in other chapters
195,6,of ICD-10) should be determined on the basis of its clinical
195,7,"presentation and course, as well as of therapeutic considerations and"
195,8,"priorities at the time of the consultation. In any event, whenever"
195,9,"the disturbance of sleep is among the predominant complaints, a"
195,10,"sleep disorder should be diagnosed. Generally, however, it"
195,11,is preferable
195,12,to list the diagnosis of the specific sleep disorder along with as many
195,13,other pertinent diagnoses as are necessary to describe adequately the
195,14,psychopathology and/or pathophysiology involved in a given case.
195,15,Excludes: sleep disorders (organic) (G47.-)
195,16,F51.0 Nonorganic insomnia
195,17,Insomnia is a condition of unsatisfactory quantity and/or quality
195,18,"of sleep, which persists for a considerable period of time. The actual"
195,19,degree of deviation from what is generally considered as a normal
195,20,amount of sleep should not be the primary consideration in the
195,21,"diagnosis of insomnia, because some individuals (the so-called short"
195,22,sleepers) obtain a minimal amount of sleep and yet do not consider
195,23,"themselves as insomniacs. Conversely, there are people who suffer"
195,24,"immensely from the poor quality of their sleep, while sleep quantity"
195,25,is judged subjectively and/or objectively as within normal limits.
195,26,"Among insomniacs, difficulty falling asleep is the most prevalent"
195,27,"complaint, followed by difficulty staying asleep and early final"
195,28,"wakening. Usually, however, patients report a combination of these"
195,29,"complaints. Typically, insomnia develops at a time of increased life-"
195,30,"stress and tends to be more prevalent among women, older individuals"
195,31,and psychologically disturbed and socioeconomically disadvantaged
195,32,"people. When insomnia is repeatedly experienced, it can lead to an"
195,33,increased fear of sleeplessness and a preoccupation with its conse-
195,34,quences. This creates a vicious circle which tends to perpetuate the
195,35,individual's problem.
195,36,"Individuals with insomnia describe themselves as feeling tense,"
195,37,"anxious, worried, or depressed at bedtime, and as though their"
195,38,thoughts are racing. They frequently ruminate over getting enough
195,39,"sleep, personal problems, health status, and even death. Often they"
195,40,182
196,1,F50-F59 BEHAVIOURAL SYNDROMES
196,2,attempt to cope with their tension by taking medication or alcohol.
196,3,"In the morning, they frequently report feeling physically and mentally"
196,4,"tired; during the day, they characteristically feel depressed, worried,"
196,5,"tense, irritable, and preoccupied with themselves."
196,6,Children are often said to have difficulty sleeping when in reality
196,7,the problem is a difficulty in the management of bedtime routines
196,8,(rather than of sleep per se)\ bedtime difficulties should not be coded
196,9,"here, but in Chapter XXI of ICD-10 (Z62.0, inadequate parental"
196,10,supervision and control).
196,11,Diagnostic guidelines
196,12,The following are essential clinical features for a definite diagnosis:
196,13,(a) the complaint is either of difficulty falling asleep or maintaining
196,14,"sleep, or of poor quality of sleep;"
196,15,(b) the sleep disturbance has occurred at least three times per week
196,16,for at least 1 month;
196,17,(c) there is preoccupation with the sleeplessness and excessive con-
196,18,cern over its consequences at night and during the day;
196,19,(d) the unsatisfactory quantity and/or quality of sleep either causes
196,20,marked distress or interferes with ordinary activities in daily
196,21,living.
196,22,Whenever unsatisfactory quantity and/or quality of sleep is the
196,23,"patient's only complaint, the disorder should be coded here. The"
196,24,"presence of other psychiatric symptoms such as depression, anxiety"
196,25,"or obsessions does not invalidate the diagnosis of insomnia,"
196,26,provided that insomnia is the primary complaint or the chronicity
196,27,and severity of insomnia cause the patient to perceive it as the primary
196,28,disorder. Other coexisting disorders should be coded if they are
196,29,sufficiently marked and persistent to justify treatment in their own
196,30,right. It should be noted that most chronic insomniacs are usually
196,31,preoccupied with their sleep disturbance and deny the existence of
196,32,"any emotional problems. Thus, careful clinical assessment"
196,33,is necessary
196,34,before ruling out a psychological basis for the complaint.
196,35,"Insomnia is a common symptom of other mental disorders, such"
196,36,"as affective, neurotic, organic, and eating disorders, substance use,"
196,37,"and schizophrenia, and of other sleep disorders such as nightmares."
196,38,Insomnia may also be associated with physical disorders in which
196,39,there is pain and discomfort or with taking certain medications. If
196,40,183
197,1,MENTAL AND BEHAVIOURAL DISORDERS
197,2,insomnia occurs only as one of the multiple symptoms of a mental
197,3,"disorder or a physical condition, i.e. does not dominate the clinical"
197,4,"picture, the diagnosis should be limited to that of the underlying"
197,5,"mental or physical disorder. Moreover, the diagnosis of another sleep"
197,6,"disorder, such as nightmare, disorder of the sleep-wake schedule,"
197,7,"sleep apnoea and nocturnal myoclonus, should be made only when"
197,8,these disorders lead to a reduction in the quantity or quality of sleep.
197,9,"However, in all of the above instances, if insomnia is one of the"
197,10,major complaints and is perceived as a condition in
197,11,"itself, the"
197,12,present code should be added after that of the principal diagnosis.
197,13,"The present code does not apply to so-called ""transient insomnia""."
197,14,Transient disturbances of sleep are a normal part of everyday life.
197,15,"Thus, a few nights of sleeplessness related to a psychosocial stressor"
197,16,"would not be coded here, but could be considered as part of an acute"
197,17,stress reaction (F43.0) or adjustment disorder (F43.2) if accompanied
197,18,by other clinically significant features.
197,19,F51.1 Nonorganic hypersomnia
197,20,Hypersomnia is defined as a condition of either excessive daytime
197,21,sleepiness and sleep attacks (not accounted for by an inadequate
197,22,amount of sleep) or prolonged transition to the fully aroused state
197,23,upon awakening. When no definite evidence of organic etiology can
197,24,"be found, this condition is usually associated with mental disorders."
197,25,It is often found to be a symptom of a bipolar affective disorder
197,26,"currently depressed (F31.3, F31.4 or F31.5), a recurrent depressive"
197,27,"disorder (F33. -) or a depressive episode (F32. -). At times, however,"
197,28,the criteria for the diagnosis of another mental disorder cannot be
197,29,"met, although there is often some evidence of a psychopathological"
197,30,basis for the complaint.
197,31,Some patients will themselves make the connection between their
197,32,tendency to fall asleep at inappropriate times and certain unpleasant
197,33,daytime experiences. Others will deny such a connection even when
197,34,a skilled clinician identifies the presence of
197,35,these experiences. In other
197,36,"cases, no emotional or other psychological factors can be readily"
197,37,"identified, but the presumed absence of organic factors suggests that"
197,38,the hypersomnia is most likely of psychogenic origin.
197,39,184
198,1,F50-F59 BEHAVIOURAL SYNDROMES
198,2,Diagnostic guidelines
198,3,The following clinical features are essential for a definite diagnosis:
198,4,"(a) excessive daytime sleepiness or sleep attacks, not accounted for"
198,5,"by an inadequate amount of sleep, and/or prolonged transition"
198,6,to the fully aroused state upon awakening (sleep drunkenness);
198,7,(b) sleep disturbance occurring daily for more than 1 month or for
198,8,"recurrent periods of shorter duration, causing either marked"
198,9,distress or interference with ordinary activities in daily living;
198,10,"(c) absence of auxiliary symptoms of narcolepsy (cataplexy, sleep"
198,11,"paralysis, hypnagogic hallucinations) or of clinical evidence for"
198,12,"sleep apnoea (nocturnal breath cessation, typical intermittent snor-"
198,13,"ting sounds, etc.);"
198,14,(d) absence of any neurological or medical condition of which daytime
198,15,somnolence may be symptomatic.
198,16,If hypersomnia occurs only as one of the symptoms of a mental
198,17,"disorder, such as an affective disorder, the diagnosis should be that"
198,18,of the underlying disorder. The diagnosis of psychogenic hypersomnia
198,19,"should be added, however, if hypersomnia is the predominant"
198,20,complaint in patients with other mental disorders. When another
198,21,"diagnosis cannot be made, the present code should be used alone."
198,22,Differential diagnosis. Differentiating hypersomnia from narcolepsy
198,23,"is essential. In narcolepsy (G47.4), one or more auxiliary symptoms"
198,24,"such as cataplexy, sleep paralysis, and hypnagogic hallucinations are"
198,25,usually present; the sleep attacks are irresistible and more refreshing;
198,26,"and nocturnal sleep is fragmented and curtailed. By contrast, daytime"
198,27,"sleep attacks in hypersomnia are usually fewer per day, although"
198,28,each of longer duration; the patient is often able to prevent their
198,29,"occurrence; nocturnal sleep is usually prolonged, and there"
198,30,is a marked
198,31,difficulty in achieving the fully aroused state upon awakening (sleep
198,32,drunkenness).
198,33,It is important to differentiate nonorganic hypersomnia from
198,34,hypersomnia related to sleep apnoea and other organic hypersomnias.
198,35,"In addition to the symptom of excessive daytime sleepiness, most"
198,36,patients with sleep apnoea have a history of nocturnal cessation of
198,37,"breathing, typical intermittent snorting sounds, obesity, hypertension,"
198,38,"impotence, cognitive impairment, nocturnal hypermotility and"
198,39,"profuse sweating, morning headaches and incoordination. When there"
198,40,"is a strong suspicion of sleep apnoea, confirmation of the diagnosis"
198,41,185
199,1,MENTAL AND BEHAVIOURAL DISORDERS
199,2,and quantification of the apnoeic events by means of sleep laboratory
199,3,recordings should be considered.
199,4,"Hypersomnia due to a definable organic cause (encephalitis,"
199,5,"meningitis, concussion and other brain damage, brain tumours,"
199,6,"cerebrovascular lesions, degenerative and other neurologic diseases,"
199,7,"metabolic disorders, toxic conditions, endocrine abnormalities,"
199,8,post-radiation syndrome) can be differentiated from nonorganic
199,9,"hypersomnia by the presence of the insulting organic factor, as"
199,10,evidenced by the patient's clinical presentation and the results of
199,11,appropriate laboratory tests.
199,12,F51.2 Nonorganic disorder of the sleep-wake schedule
199,13,A disorder of the sleep-wake schedule is defined as a lack of
199,14,synchrony between the individual's sleep-wake schedule and the
199,15,"desired sleep-wake schedule for the environment, resulting in a"
199,16,complaint of either insomnia or hypersomnia. This disorder may
199,17,"be either psychogenic or of presumed organic origin, depending"
199,18,on the relative contribution of psychological or organic factors.
199,19,Individuals with disorganized and variable sleeping and waking times
199,20,"most often present with significant psychological disturbance, usually"
199,21,in association with various psychiatric conditions such as personality
199,22,disorders and affective disorders. In individuals who frequently change
199,23,"work shifts or travel across time zones, the circadian dysregulation"
199,24,"is basically biological, although a strong emotional component may"
199,25,"also be operating since many such individuals are distressed. Finally,"
199,26,in some individuals there
199,27,is a phase advance to the desired sleep - wake
199,28,"schedule, which may be due to either an intrinsic malfunction of"
199,29,the circadian oscillator (biological clock) or an abnormal processing
199,30,of the time-cues that drive the biological clock (the latter may in
199,31,fact be related to an emotional and/or cognitive disturbance).
199,32,The present code is reserved for those disorders of the sleep - wake
199,33,"schedule in which psychological factors play the most important role,"
199,34,whereas cases of presumed organic origin should be classified under
199,35,"G47.2, i.e. as non-psychogenic disorders of the sleep - wake schedule."
199,36,"Whether or not psychological factors are of primary importance and,"
199,37,"therefore, whether the present code or G47.2 should be used is a"
199,38,matter for clinical judgement in each case.
199,39,186
200,1,F50-F59 BEHAVIOURAL SYNDROMES
200,2,Diagnostic guidelines
200,3,The following clinical features are essential for a definite diagnosis:
200,4,(a) the individual's sleep-wake pattern is out of synchrony with
200,5,the sleep - wake schedule that is normal for a particular society
200,6,and shared by most people in the same cultural environment;
200,7,(b) insomnia during the major sleep period and hypersomnia during
200,8,the waking period are experienced nearly every day for at least
200,9,1 month or recurrently for shorter periods of time;
200,10,"(c) the unsatisfactory quantity, quality, and timing of sleep cause"
200,11,marked distress or interfere with ordinary activities in daily
200,12,living.
200,13,Whenever there is no identifiable psychiatric or physical cause of
200,14,"the disorder, the present code should be used alone. None the less,"
200,15,"the presence of psychiatric symptoms such as anxiety, depression,"
200,16,or hypomania does not invalidate the diagnosis of a nonorganic
200,17,"disorder of the sleep - wake schedule, provided that this disorder"
200,18,is predominant in the patient's clinical picture. When other psychiatric
200,19,"symptoms are sufficiently marked and persistent, the specific mental"
200,20,disorder(s) should be diagnosed separately.
200,21,"Includes: psychogenic inversion of circadian, nyctohemeral, or sleep"
200,22,rhythm
200,23,F51.3 Sleepwalking [somnambulism]
200,24,Sleepwalking or somnambulism is a state of altered consciousness
200,25,in which phenomena of sleep and wakefulness are combined. During
200,26,"a sleepwalking episode the individual arises from bed, usually during"
200,27,"the first third of nocturnal sleep, and walks about, exhibiting low"
200,28,"levels of awareness, reactivity, and motor skill. A sleepwalker will"
200,29,sometimes leave the bedroom and at times may actually walk out
200,30,"of the house, and is thus exposed to considerable risks of injury"
200,31,"during the episode. Most often, however, he or she will return"
200,32,"quietly to bed, either unaided or when gently led by another person."
200,33,Upon awakening either from the sleepwalking episode or the next
200,34,"morning, there is usually no recall of the event."
200,35,Sleepwalking and sleep terrors (F51.4) are very closely related. Both
200,36,"are considered as disorders of arousal, particularly arousal from the"
200,37,deepest stages of sleep (stages 3 and 4). Many individuals have a
200,38,187
201,1,MENTAL AND BEHAVIOURAL DISORDERS
201,2,positive family history for either condition as well as a personal history
201,3,"of having experienced both. Moreover, both conditions are much"
201,4,"more common in childhood, which indicates the role of developmental"
201,5,"factors in their etiology. In addition, in some cases, the onset of"
201,6,these conditions coincides with a febrile illness. When they continue
201,7,"beyond childhood or are first observed in adulthood, both conditions"
201,8,tend to be associated with significant psychological disturbance; the
201,9,conditions may also occur for the first time in old age or in the
201,10,early stages of dementia. Based upon the clinical and pathogenetic
201,11,"similarities between sleepwalking and sleep terrors, and the fact that"
201,12,the differential diagnosis of these disorders is usually a matter of
201,13,"which of the two is predominant, they have both been considered"
201,14,recently to be part of the same nosologic continuum. For consistency
201,15,"with tradition, however, as well as to emphasize the differences in"
201,16,"the intensity of clinical manifestations, separate codes are provided"
201,17,in this classification.
201,18,Diagnostic guidelines
201,19,The following clinical features are essential for a definite diagnosis:
201,20,(a) the predominant symptom is one or more episodes of rising from
201,21,"bed, usually during the first third of nocturnal sleep, and"
201,22,walking about;
201,23,"(b) during an episode, the individual has a blank, staring face, is"
201,24,relatively unresponsive to the efforts of others to influence the
201,25,"event or to communicate with him or her, and can be awakened"
201,26,only with considerable difficulty;
201,27,"(c) upon awakening (either from an episode or the next morning),"
201,28,the individual has no recollection of the episode;
201,29,"(d) within several minutes of awakening from the episode, there is"
201,30,"no impairment of mental activity or behaviour, although"
201,31,there may initially be a short period of some confusion and
201,32,disorientation;
201,33,(e) there is no evidence of an organic mental disorder such as
201,34,"dementia, or a physical disorder such as epilepsy."
201,35,Differential
201,36,diagnosis. Sleepwalking should be differentiated from
201,37,psychomotor epileptic seizures. Psychomotor epilepsy very seldom
201,38,occurs only at night. During the epileptic attack the individual is
201,39,"completely unresponsive to environmental stimuli, and per sever ative"
201,40,movements such as swallowing and rubbing the hands are common.
201,41,188
202,1,F50-F59 BEHAVIOURAL SYNDROMES
202,2,"The presence of epileptic discharges in the EEG confirms the diagnosis,"
202,3,although a seizure disorder does not preclude coexisting sleepwalking.
202,4,Dissociative fugue (see F44.1) must also be differentiated from
202,5,sleepwalking. In dissociative disorders the episodes are much longer
202,6,in duration and patients are more alert and capable of complex and
202,7,"purposeful behaviours. Further, these disorders are rare in children"
202,8,and typically begin during the hours of wakefulness.
202,9,F51.4 Sleep terrors [night terrors]
202,10,Sleep terrors or night terrors are nocturnal episodes of extreme
202,11,"terror and panic associated with intense vocalization, motility, and"
202,12,high levels of autonomic discharge. The individual sits up or gets
202,13,"up with a panicky scream, usually during the first third of nocturnal"
202,14,"sleep, often rushing to the door as if trying to escape, although he"
202,15,or she very seldom leaves the room. Efforts of others to influence
202,16,"the sleep terror event may actually lead to more intense fear, since"
202,17,the individual not only is relatively unresponsive to such efforts but
202,18,may become disoriented for a few minutes. Upon awaking there is
202,19,usually no recollection of the episode. Because of these clinical
202,20,"characteristics, individuals are at great risk of injury during the"
202,21,episodes of sleep terrors.
202,22,"Sleep terrors and sleepwalking (F51.3) are closely related: genetic,"
202,23,"developmental, organic, and psychological factors all play a role in"
202,24,"their development, and the two conditions share the same clinical"
202,25,and pathophysiological characteristics. On the basis of their many
202,26,"similarities, these two conditions have been considered recently to"
202,27,be part of the same nosologic continuum.
202,28,Diagnostic guidelines
202,29,The following clinical features are essential for a definite diagnosis:
202,30,(a) the predominant symptom is that one or more episodes of
202,31,"awakening from sleep begin with a panicky scream, and are"
202,32,"characterized by intense anxiety, body motility, and autonomic"
202,33,"hyperactivity, such as tachycardia, rapid breathing, dilated pupils,"
202,34,and sweating;
202,35,(b) these repeated episodes typically last 1-10 minutes and usually
202,36,occur during the first third of nocturnal sleep;
202,37,(c) there is relative unresponsiveness to efforts of others to influence
202,38,the sleep terror event and such efforts are almost invariably
202,39,189
203,1,MENTAL AND BEHAVIOURAL DISORDERS
203,2,followed by at least several minutes of disorientation and
203,3,per sever ative movements;
203,4,"(d) recall of the event, if any, is minimal (usually limited to one"
203,5,or two fragmentary mental images);
203,6,"(e) there is no evidence of a physical disorder, such as brain tumour"
203,7,or epilepsy.
203,8,Differential diagnosis. Sleep terrors should be differentiated from
203,9,"nightmares. The latter are the common ""bad dreams"" with limited,"
203,10,"if any, vocalization and body motility. In contrast to sleep terrors,"
203,11,"nightmares occur at any time of the night, and the individual is quite"
203,12,easy to arouse and has a very detailed and vivid recall of the event.
203,13,"In differentiating sleep terrors from epileptic seizures, the physician"
203,14,should keep in mind that seizures very seldom occur only during
203,15,"the night; an abnormal clinical EEG, however, favours the diagnosis"
203,16,of epilepsy.
203,17,F51.5 Nightmares
203,18,"Nightmares are dream experiences loaded with anxiety or fear, of"
203,19,which the individual has very detailed recall. The dream experiences
203,20,are extremely vivid and usually include themes involving threats to
203,21,"survival, security, or self-esteem. Quite often there is a recurrence"
203,22,of the same or similar frightening nightmare themes. During a typical
203,23,episode there is a degree of autonomic discharge but no appreciable
203,24,"vocalization or body motility. Upon awakening, the individual rapidly"
203,25,becomes alert and oriented. He or she can fully communicate with
203,26,"others, usually giving a detailed account of the dream experience"
203,27,both immediately and the next morning.
203,28,"In children, there is no consistently associated psychological dis-"
203,29,"turbance, as childhood nightmares are usually related to a specific"
203,30,"phase of emotional development. In contrast, adults with nightmares"
203,31,"are often found to have significant psychological disturbance, usually"
203,32,in the form of a personality disorder. The use of certain psychotropic
203,33,"drugs such as reserpine, thioridazine, tricyclic antidepressants, and"
203,34,benzodiazepines has also been found to contribute to the occurrence
203,35,"of nightmares. Moreover, abrupt withdrawal of drugs such as non-"
203,36,"benzodiazepine hypnotics, which suppress REM sleep (the stage of"
203,37,"sleep related to dreaming), may lead to enhanced dreaming and"
203,38,nightmare through REM rebound.
203,39,190
204,1,F50-F59 BEHAVIOURAL SYNDROMES
204,2,Diagnostic guidelines
204,3,The following clinical features are essential for a definite diagnosis:
204,4,(a) awakening from nocturnal sleep or naps with detailed and vivid
204,5,"recall of intensely frightening dreams, usually involving threats"
204,6,"to survival, security, or self-esteem; the awakening may occur"
204,7,"at any time during the sleep period, but typically during the"
204,8,second half;
204,9,"(b) upon awakening from the frightening dreams, the individual"
204,10,rapidly becomes oriented and alert;
204,11,"(c) the dream experience itself, and the resulting disturbance of sleep,"
204,12,cause marked distress to the individual.
204,13,Includes: dream anxiety disorder
204,14,Differential diagnosis. It is important to differentiate nightmares from
204,15,"sleep terrors. In the latter, the episodes occur during the first third"
204,16,"of the sleep period and are marked by intense anxiety, panicky"
204,17,"screams, excessive body motility, and extreme autonomic discharge."
204,18,"Further, in sleep terrors there is no detailed recollection of the dream,"
204,19,either immediately following the episode or upon awakening in the
204,20,morning.
204,21,F51.8 Other nonorganic sleep disorders
204,22,"F51.9 Nonorganic sleep disorder, unspecified"
204,23,Includes: emotional sleep disorder NOS
204,24,"•a^a Sexual dysfunction, not caused by organic disorder"
204,25,or disease
204,26,Sexual dysfunction covers the various ways in which an individual
204,27,is unable to participate in a sexual relationship as he or she would
204,28,"wish. There may be lack of interest, lack of enjoyment, failure of"
204,29,the physiological responses necessary for effective sexual interaction
204,30,"(e.g. erection), or inability to control or experience orgasm."
204,31,"Sexual response is a psychosomatic process, and both psychological"
204,32,and somatic processes are usually involved in the causation of sexual
204,33,dysfunction. It may be possible to identify an unequivocal psychogenic
204,34,191
205,1,MENTAL AND BEHAVIOURAL DISORDERS
205,2,"or organic etiology, but more commonly, particularly with such"
205,3,"problems as erectile failure or dyspareunia, it is difficult to ascertain"
205,4,the relative importance of psychological and/or organic factors. In
205,5,"such cases, it is appropriate to categorize the condition as being of"
205,6,either mixed or uncertain etiology.
205,7,Some types of dysfunction (e.g. lack of sexual desire) occur in both
205,8,"men and women. Women, however, tend to present more commonly"
205,9,with complaints about the subjective quality of the sexual experience
205,10,(e.g. lack of enjoyment or interest) rather than failure of a specific
205,11,"response. The complaint of orgasmic dysfunction is not unusual,"
205,12,"but when one aspect of a woman's sexual response is affected, others"
205,13,"are also likely to be impaired. For example, if a woman is unable"
205,14,"to experience orgasm, she will often find herself unable to enjoy"
205,15,other aspects of lovemaking and will thus lose much of her sexual
205,16,"appetite. Men, on the other hand, though complaining of failure"
205,17,"of a specific response such as erection or ejaculation, often report"
205,18,a continuing sexual appetite. It is therefore necessary to look beyond
205,19,the presenting complaint to find the most appropriate diagnostic
205,20,category.
205,21,Excludes: Dhat syndrome (F48.8)
205,22,koro (F48.8)
205,23,F52.0 Lack or loss of sexual desire
205,24,Loss of sexual desire is the principal problem and is not secondary
205,25,"to other sexual difficulties, such as erectile failure or dyspareunia."
205,26,"Lack of sexual desire does not preclude sexual enjoyment or arousal,"
205,27,but makes the initiation of sexual activity less likely.
205,28,Includes: frigidity
205,29,hypoactive sexual desire disorder
205,30,F52.1 Sexual aversion and lack of sexual enjoyment
205,31,F52.10 Sexual aversion
205,32,The prospect of sexual interaction with a partner is associated with
205,33,strong negative feelings and produces sufficient fear or anxiety that
205,34,sexual activity is avoided.
205,35,192
206,1,F50-F59 BEHAVIOURAL SYNDROMES
206,2,F52.11 Lack of sexual enjoyment
206,3,Sexual responses occur normally and orgasm is experienced but there
206,4,is a lack of appropriate pleasure. This complaint is much more
206,5,common in women than in men.
206,6,Includes: anhedonia (sexual)
206,7,F52.2 Failure of genital response
206,8,"In men, the principal problem is erectile dysfunction, i.e. difficulty"
206,9,in developing or maintaining an erection suitable for satisfactory
206,10,"intercourse. If erection occurs normally in certain situations,"
206,11,"e.g. during masturbation or sleep or with a different partner,"
206,12,"the causation is likely to be psychogenic. Otherwise, the correct"
206,13,diagnosis of nonorganic erectile dysfunction may depend on special
206,14,investigations (e.g. measurement of nocturnal penile tumescence) or
206,15,the response to psychological treatment.
206,16,"In women, the principal problem is vaginal dryness or failure of"
206,17,lubrication. The cause can be psychogenic or pathological (e.g.
206,18,infection) or estrogen deficiency (e.g. postmenopausal). It is unusual
206,19,for women to complain primarily of vaginal dryness except as a
206,20,symptom of postmenopausal estrogen deficiency.
206,21,Includes: female sexual arousal disorder
206,22,male erectile disorder
206,23,psychogenic impotence
206,24,F52.3 Orgasmic dysfunction
206,25,Orgasm either does not occur or is markedly delayed. This may
206,26,"be situational (i.e. occur only in certain situations), in which case"
206,27,"etiology is likely to be psychogenic, or invariable, when physical or"
206,28,constitutional factors cannot be easily excluded except by a positive
206,29,response to psychological treatment. Orgasmic dysfunction is more
206,30,common in women than in men.
206,31,Includes: inhibited orgasm (male) (female)
206,32,psychogenic anorgasmy
206,33,193
207,1,MENTAL AND BEHAVIOURAL DISORDERS
207,2,F52.4 Premature ejaculation
207,3,The inability to control ejaculation sufficiently for both partners to
207,4,"enjoy sexual interaction. In severe cases, ejaculation may occur before"
207,5,vaginal entry or in the absence of an erection. Premature ejaculation
207,6,is unlikely to be of organic origin but can occur as a psychological
207,7,"reaction to organic impairment, e.g. erectile failure or pain."
207,8,Ejaculation may also appear to be premature if erection requires
207,9,"prolonged stimulation, causing the time interval between satisfactory"
207,10,erection and ejaculation to be shortened; the primary problem in
207,11,such a case is delayed erection.
207,12,F52.5 Nonorganic vaginismus
207,13,"Spasm of the muscles that surround the vagina, causing occlusion"
207,14,of the vaginal opening. Penile entry is either impossible or painful.
207,15,"Vaginismus may be a secondary reaction to some local cause of pain,"
207,16,in which case this category should not be used.
207,17,Includes: psychogenic vaginismus
207,18,F52.6 Nonorganic dyspareunia
207,19,Dyspareunia (pain during sexual intercourse) occurs in both women
207,20,and men. It can often be attributed to a local pathological condition
207,21,and should then be appropriately categorized. In some
207,22,"cases, however,"
207,23,no obvious cause is apparent and emotional factors may be
207,24,important.This category is to be used only if there is no other more
207,25,primary sexual dysfunction (e.g. vaginismus or vaginal dryness).
207,26,Includes: psychogenic dyspareunia
207,27,F52.7 Excessive sexual drive
207,28,Both men and women may occasionally complain of excessive sexual
207,29,"drive as a problem in its own right, usually during late teenage or"
207,30,early adulthood. When the excessive sexual drive is secondary to
207,31,an affective disorder (F30-F39) or when it occurs during the early
207,32,"stages of dementia (F00-F03), the underlying disorder should be"
207,33,coded.
207,34,Includes: nymphomania
207,35,satyriasis
207,36,"F52.8 Other sexual dysfunction, not caused by organic disorder or"
207,37,disease
207,38,194
208,1,F50-F59 BEHAVIOURAL SYNDROMES
208,2,"F52.9 Unspecified sexual dysfunction, not caused by organic disorder"
208,3,or disease
208,4,1221 Mental and behavioural disorders associated with
208,5,"the puerperium, not elsewhere classified"
208,6,This classification should be used only for mental disorders associated
208,7,with the puerperium (commencing within 6 weeks of delivery) that
208,8,"do not meet the criteria for disorders classified elsewhere in this book,"
208,9,"either because insufficient information is available, or because it is"
208,10,considered that special additional clinical features are present which
208,11,make classification elsewhere inappropriate. It will usually be
208,12,possible to classify mental disorders associated with the puerperium
208,13,by using two other codes: the first is from elsewhere in Chapter V(F)
208,14,and indicates the specific type of mental disorder (usually affective
208,15,"(F30-F39), and the second is O99.3 (mental diseases and diseases"
208,16,of the nervous system complicating the puerperium) of ICD-10.
208,17,F53.0 Mild mental and behavioural disorders associated with the
208,18,"puerperium, not elsewhere classified"
208,19,Includes: postnatal depression NOS
208,20,postpartum depression NOS
208,21,F53.1 Severe mental and behavioural disorders associated with the
208,22,"puerperium, not elsewhere classified"
208,23,Includes: puerperal psychosis NOS
208,24,F53.8 Other mental and behavioural disorders associated with the
208,25,"puerperium, not elsewhere classified"
208,26,"F53.9 Puerperal mental disorder, unspecified"
208,27,•a^i Psychological and behavioural factors associated
208,28,with disorders or diseases classified elsewhere
208,29,This category should be used to record the presence of psychological
208,30,or behavioural influences thought to have played a major part in
208,31,the manifestation of physical disorders that can be classified by
208,32,195
209,1,MENTAL AND BEHAVIOURAL DISORDERS
209,2,using other chapters of ICD-10. Any resulting mental disturbances
209,3,"are usually mild and often prolonged (such as worry, emotional"
209,4,"conflict, apprehension), and do not of themselves justify the use"
209,5,of any of the categories described in the rest of this book. An
209,6,additional code should be used to identify the physical disorder. (In
209,7,the rare instances in which an overt psychiatric disorder is thought
209,8,"to have caused a physical disorder, a second additional code should"
209,9,be used to record the psychiatric disorder.)
209,10,Examples of the use of this category are: asthma (F54 plus
209,11,J45. -);
209,12,dermatitis and eczema (F54 plus L23 - L25); gastric ulcer (F54 plus
209,13,K25. -); mucous colitis (F54 plus K58. -); ulcerative colitis (F54 plus
209,14,K51.-); and urticaria (F54 plus L50.-).
209,15,Includes: psychological factors affecting physical conditions
209,16,Excludes: tension-type headache (G44.2)
209,17,E3H Abuse of non-dependence-producing substances
209,18,"A wide variety of medicaments, proprietary drugs, and folk remedies"
209,19,"may be involved, but three particularly important groups are:"
209,20,"psychotropic drugs that do not produce dependence, such as"
209,21,antidepressants; laxatives; and analgesics that can be purchased
209,22,"without medical prescription, such as aspirin and paracetamol."
209,23,Although the medication may have been medically prescribed or
209,24,"recommended in the first instance, prolonged, unnecessary, and often"
209,25,"excessive dosage develops, which is facilitated by the availability of"
209,26,the substances without medical prescription.
209,27,Persistent and unjustified use of
209,28,these substances is usually associated
209,29,"with unnecessary expense, often involves unnecessary contacts with"
209,30,"medical professionals or supporting staff, and is sometimes marked"
209,31,by the harmful physical effects of the substances. Attempts to
209,32,discourage or forbid the use of the substances are often met with
209,33,resistance; for laxatives and analgesics this may be in spite of
209,34,warnings about (or even the development of) physical problems such
209,35,as renal dysfunction or electrolyte disturbances. Although it is
209,36,usually clear that the patient has a strong motivation to take the
209,37,"substance, there is no development of dependence (Flx.2) or"
209,38,196
210,1,F50-F59 BEHAVIOURAL SYNDROMES
210,2,withdrawal symptoms (Fix.3) as in the case of the psychoactive
210,3,substances specified in F10-F19.
210,4,A fourth character may be used to identify the type of substance
210,5,involved.
210,6,F55.0 Antidepressants
210,7,(such as tricyclic and tetracyclic antidepressants and monamine
210,8,oxidase inhibitors)
210,9,F55.1 Laxatives
210,10,F55.2 Analgesics
210,11,"(such as aspirin, paracetamol, phenacetin, not specified as psycho-"
210,12,active in F10-F19)
210,13,F55.3 Antacids
210,14,F55.4 Vitamins
210,15,F55.5 Steroids or hormones
210,16,F55.6 Specific herbal or folk remedies
210,17,F55.8 Other substances that do not produce dependence
210,18,(such as diuretics)
210,19,F55.9 Unspecified
210,20,Excludes: abuse of (dependence-producing) psychoactive substances
210,21,(F10-F19)
210,22,•aasi Unspecified behavioural syndromes associated with
210,23,physiological disturbances and physical factors
210,24,Includes: psychogenic physiological dysfunction NOS
210,25,197
211,1,MENTAL AND BEHAVIOURAL DISORDERS
211,2,F60-F69
211,3,Disorders of adult personality and behaviour
211,4,Overview of this block
211,5,F60 Specific personality disorders
211,6,F60.0 Paranoid personality disorder
211,7,F60.1 Schizoid personality disorder
211,8,F60.2 Dissocial personality disorder
211,9,F60.3 Emotionally unstable personality disorder
211,10,.30 Impulsive type
211,11,.31 Borderline type
211,12,F60.4 Histrionic personality disorder
211,13,F60.5 Anankastic personality disorder
211,14,F60.6 Anxious [avoidant] personality disorder
211,15,F60.7 Dependent personality disorder
211,16,F60.8 Other specific personality disorders
211,17,"F60.9 Personality disorder, unspecified"
211,18,F61 Mixed and other personality disorders
211,19,F61.01 Mixed personality disorders
211,20,F61.11 Troublesome personality changes
211,21,"F62 Enduring personality changes, not attributable to brain damage and disease"
211,22,F62.0 Enduring personality change after catastrophic experience
211,23,F62.1 Enduring personality change after psychiatric illness
211,24,F62.8 Other enduring personality changes
211,25,"F62.9 Enduring personality change, unspecified"
211,26,F63 Habit and impulse disorders
211,27,F63.0 Pathological gambling
211,28,F63.1 Pathological fire-setting [pyromania]
211,29,F63.2 Pathological stealing [kleptomania]
211,30,F63.3 Trichotillomania
211,31,F63.8 Other habit and impulse disorders
211,32,"F63.9 Habit and impulse disorder, unspecified"
211,33,1 This four-character code is not included in Chapter V(F) of ICD-10.
211,34,198
212,1,F60-F69 DISORDERS OF ADULT PERSONALITY AND BEHAVIOUR
212,2,F64 Gender identity disorders
212,3,F64.0 Transsexualism
212,4,F64.1 Dual-role transvestism
212,5,F64.2 Gender identity disorder of childhood
212,6,F64.8 Other gender identity disorders
212,7,"F64.9 Gender identity disorder, unspecified"
212,8,F65 Disorders of sexual preference
212,9,F65.0 Fetishism
212,10,F65.1 Fetishistic transvestism
212,11,F65.2 Exhibitionism
212,12,F65.3 Voyeurism
212,13,F65.4 Paedophilia
212,14,F65.5 Sadomasochism
212,15,F65.6 Multiple disorders of sexual preference
212,16,F65.8 Other disorders of sexual preference
212,17,"F65.9 Disorder of sexual preference, unspecified"
212,18,F66 Psychological and behavioural disorders associated with sexual
212,19,development and orientation
212,20,F66.0 Sexual maturation disorder
212,21,F66.1 Egodystonic sexual orientation
212,22,F66.2 Sexual relationship disorder
212,23,F66.8 Other psychosexual development disorders
212,24,"F66.9 Psychosexual development disorder, unspecified"
212,25,A fifth character may be used to indicate association with:
212,26,.xO Heterosexuality
212,27,.xl Homosexuality
212,28,.x2 Bisexuality
212,29,".xS Other, including prepubertal"
212,30,F68 Other disorders of adult personality and behaviour
212,31,F68.0 Elaboration of physical symptoms for psychological reasons
212,32,F68.1 Intentional production or feigning of symptoms or disabilities
212,33,either physical or psychological [factitious disorder]
212,34,F68.8 Other specified disorders of adult personality and behaviour
212,35,F69 Unspecified disorder of adult personality and behaviour
212,36,199
213,1,MENTAL AND BEHAVIOURAL DISORDERS
213,2,Introduction
213,3,This block includes a variety of clinically significant conditions and behaviour
213,4,patterns which tend to be persistent and are the expression of an individual's
213,5,characteristic lifestyle and mode of relating to self and others. Some of these
213,6,conditions and patterns of behaviour emerge early in the course of individual
213,7,"development, as a result of both constitutional factors and social experience,"
213,8,while others are acquired later in life.
213,9,"F60-F62 Specific personality disorders, mixed and other personality"
213,10,"disorders, and enduring personality changes"
213,11,These types of condition comprise deeply ingrained and enduring behaviour
213,12,"patterns, manifesting themselves as inflexible responses to a broad range of"
213,13,personal and social situations. They represent either extreme or significant
213,14,"deviations from the way the average individual in a given culture perceives,"
213,15,"thinks, feels, and particularly relates to others. Such behaviour patterns tend"
213,16,to be stable and to encompass multiple domains of behaviour and psychological
213,17,"functioning. They are frequently, but not always, associated wtih various degrees"
213,18,of subjective distress and problems in social functioning and performance.
213,19,Personality disorders differ from personality change in their timing and the
213,20,"mode of their emergence: they are developmental conditions, which appear"
213,21,in childhood or adolescence and continue into adulthood. They are not
213,22,"secondary to another mental disorder or brain disease, although they may"
213,23,"precede and coexist with other disorders. In contrast, personality change is"
213,24,"acquired, usually during adult life, following severe or prolonged stress,"
213,25,"extreme environmental deprivation, serious psychiatric disorder, or brain disease"
213,26,or injury (see F07.-).
213,27,Each of the conditions in this group can be classified according to its pre-
213,28,"dominant behavioural manifestations. However, classification in this area is"
213,29,"currently limited to the description of a series of types and subtypes, which"
213,30,are not mutually exclusive and which overlap in some of their characteristics.
213,31,Personality disorders are therefore subdivided according to clusters of traits
213,32,that correspond to the most frequent or conspicuous behavioural manifesta-
213,33,tions. The subtypes so described are widely recognized as major forms of
213,34,200
214,1,F60-F69 DISORDERS OF ADULT PERSONALITY AND BEHAVIOUR
214,2,"personality deviation. In making a diagnosis of personality disorder, the"
214,3,"clinician should consider all aspects of personal functioning, although the"
214,4,"diagnostic formulation, to be simple and efficient, will refer to only those"
214,5,dimensions or traits for which the suggested thresholds for severity are reached.
214,6,The assessment should be based on as many sources of information as pos-
214,7,sible. Although it is sometimes possible to evaluate a personality condition
214,8,"in a single interview with the patient, it is often necessary to have more than"
214,9,one interview and to collect history data from informants.
214,10,Cyclothymia and schizotypal disorders were formerly classified with the
214,11,personality disorders but are now listed elsewhere (cyclothymia in F30-F39
214,12,"and schizotypal disorder in F20-F29), since they seem to have many aspects"
214,13,"in common with the other disorders in those blocks (e.g. phenomena, family"
214,14,history).
214,15,The subdivision of personality change is based on the cause or antecedent
214,16,"of such change, i.e. catastrophic experience, prolonged stress or strain, and"
214,17,"psychiatric illness (excluding residual schizophrenia, which is classified under"
214,18,F20.5).
214,19,It is important to separate personality conditions from the disorders included
214,20,in other categories of this book. If a personality condition precedes or follows
214,21,"a time-limited or chronic psychiatric disorder, both should be diagnosed. Use"
214,22,of
214,23,the multiaxial format accompanying the core classification of mental disorders
214,24,and psychosocial factors will facilitate the recording of such conditions and
214,25,disorders.
214,26,Cultural or regional variations in the manifestations of personality conditions
214,27,"are important, but specific knowledge in this area is still scarce. Personality"
214,28,conditions that appear to be frequently recognized in a given part of the world
214,29,but do not correspond to any one of the specified subtypes below may be
214,30,"classified as ""other"" personality disorders and identified through a five-character"
214,31,code provided in an adaptation of this classification for that particular country
214,32,or region. Local variations in the manifestations of a personality disorder may
214,33,also be reflected in the wording of the diagnostic guidelines set for such
214,34,conditions.
214,35,201
215,1,MENTAL AND BEHAVIOURAL DISORDERS
215,2,EEI Specific personality disorders
215,3,A specific personality disorder is a severe disturbance in the
215,4,characterological constitution and behavioural tendencies of the
215,5,"individual, usually involving several areas of the personality, and"
215,6,nearly always associated with considerable personal and social
215,7,disruption. Personality disorder tends to appear in late childhood
215,8,or adolescence and continues to be manifest into adulthood. It is
215,9,therefore unlikely that the diagnosis of personality disorder will be
215,10,appropriate before the age of 16 or 17 years. General diagnostic
215,11,guidelines applying to all personality disorders are presented below;
215,12,supplementary descriptions are provided with each of the subtypes.
215,13,Diagnostic guidelines
215,14,"Conditions not directly attributable to gross brain damage or disease,"
215,15,"or to another psychiatric disorder, meeting the following criteria:"
215,16,"(a) markedly disharmonious attitudes and behaviour, involving"
215,17,"usually several areas of functioning, e.g. affectivity, arousal,"
215,18,"impulse control, ways of perceiving and thinking, and style of"
215,19,relating to others;
215,20,"(b) the abnormal behaviour pattern is enduring, of long standing,"
215,21,and not limited to episodes of mental illness;
215,22,(c) the abnormal behaviour pattern is pervasive and clearly
215,23,maladaptive to a broad range of personal and social situations;
215,24,(d) the above manifestations always appear during childhood or
215,25,adolescence and continue into adulthood;
215,26,(e) the disorder leads to considerable personal distress but this may
215,27,only become apparent late in its course;
215,28,"(f) the disorder is usually, but not invariably, associated with"
215,29,significant problems in occupational and social performance.
215,30,For different cultures it may be necessary to develop specific sets
215,31,"of criteria with regard to social norms, rules and obligations. For"
215,32,"diagnosing most of the subtypes listed below, clear evidence is"
215,33,usually required of the presence of at least three of the traits or
215,34,behaviours given in the clinical description.
215,35,F60.0 Paranoid personality disorder
215,36,Personality disorder characterized by:
215,37,(a) excessive sensitiveness to setbacks and rebuffs;
215,38,202
216,1,F60-F69 DISORDERS OF ADULT PERSONALITY AND BEHAVIOUR
216,2,"(b) tendency to bear grudges pesistently, e.g. refusal to forgive"
216,3,insults and injuries or slights;
216,4,(c) suspiciousness and a pervasive tendency to distort experience by
216,5,misconstruing the neutral or friendly actions of others as hostile
216,6,or contemptuous;
216,7,(d) a combative and tenacious sense of personal rights out of
216,8,keeping with the actual situation;
216,9,"(e) recurrent suspicions, without justification, regarding sexual"
216,10,fidelity of spouse or sexual partner;
216,11,"(f) tendency to experience excessive self-importance, manifest in a"
216,12,persistent self-referential attitude;
216,13,"(g) preoccupation with unsubstantiated ""conspiratorial"" explanations"
216,14,of events both immediate to the patient and in the world at large.
216,15,"Includes: expansive paranoid, fanatic, querulant and sensitive"
216,16,paranoid personality (disorder)
216,17,Excludes: delusional disorder (F22.-)
216,18,schizophrenia (F20. -)
216,19,F60.1 Schizoid personality disorder
216,20,Personality disorder meeting the following description:
216,21,"(a) few, if any, activities, provide pleasure;"
216,22,"(b) emotional coldness, detachment or flattened affectivity;"
216,23,"(c) limited capacity to express either warm, tender feelings or anger"
216,24,towards others;
216,25,(d) apparent indifference to either praise or criticism;
216,26,(e) little interest in having sexual experiences with another person
216,27,(taking into account age);
216,28,(f) almost invariable preference for solitary activities;
216,29,(g) excessive preoccupation with fantasy and introspection;
216,30,(h) lack of close friends or confiding relationships (or having only
216,31,one) and of desire for such relationships;
216,32,(i) marked insensitivity to prevailing social norms and conventions.
216,33,Excludes: Asperger's syndrome (F84.5)
216,34,delusional disorder (F22.0)
216,35,schizoid disorder of childhood (F84.5)
216,36,schizophrenia (F20.-)
216,37,schizotypal disorder (F21)
216,38,203
217,1,MENTAL AND BEHAVIOURAL DISORDERS
217,2,F60.2 Dissocial personality disorder
217,3,"Personality disorder, usually coming to attention because of a gross"
217,4,"disparity between behaviour and the prevailing social norms, and"
217,5,characterized by:
217,6,(a) callous unconcern for the feelings of others;
217,7,(b) gross and persistent attitude of irresponsibility and disregard for
217,8,"social norms, rules and obligations;"
217,9,"(c) incapacity to maintain enduring relationships, though having no"
217,10,difficulty in establishing them;
217,11,(d) very low tolerance to frustration and a low threshold for discharge
217,12,"of aggression, including violence;"
217,13,"(e) incapacity to experience guilt or to profit from experience,"
217,14,particularly punishment;
217,15,"(f) marked proneness to blame others, or to offer plausible"
217,16,"rationalizations, for the behaviour that has brought the patient"
217,17,into conflict with society.
217,18,There may also be persistent irritability as an associated feature.
217,19,"Conduct disorder during childhood and adolescence, though not"
217,20,"invariably present, may further support the diagnosis."
217,21,"Includes: amoral, antisocial, asocial, psychopathic, and sociopathic"
217,22,personality (disorder)
217,23,Excludes: conduct disorders (F91.-)
217,24,emotionally unstable personality disorder (F60.3)
217,25,F60.3 Emotionally unstable personality disorder
217,26,A personality disorder in which there is a marked tendency to act
217,27,"impulsively without consideration of the consequences, together with"
217,28,"affective instability. The ability to plan ahead may be minimal, and"
217,29,"outbursts of intense anger may often lead to violence or ""behavioural"
217,30,"explosions""; these are easily precipitated when impulsive acts are"
217,31,criticized or thwarted by others. Two variants of this personality
217,32,"disorder are specified, and both share this general theme of"
217,33,impulsiveness and lack of self-control.
217,34,F60.30 Impulsive type
217,35,The predominant characteristics are emotional instability and lack
217,36,of impulse control. Outbursts of violence or threatening behaviour
217,37,"are common, particularly in response to criticism by others."
217,38,204
218,1,F60-F69 DISORDERS OF ADULT PERSONALITY AND BEHAVIOUR
218,2,Includes: explosive and aggressive personality (disorder)
218,3,Excludes: dissocial personality disorder (F60.2)
218,4,F60.31 Borderline type
218,5,Several of the characteristics of emotional instability are present;
218,6,"in addition, the patient's own self-image, aims, and internal"
218,7,preferences (including sexual) are often unclear or disturbed. There
218,8,are usually chronic feelings of emptiness. A liability to become
218,9,involved in intense and unstable relationships may cause repeated
218,10,emotional crises and may be associated with excessive efforts to avoid
218,11,abandonment and a series of suicidal threats or acts of self-harm
218,12,(although these may occur without obvious precipitants).
218,13,Includes: borderline personality (disorder)
218,14,F60.4 Histrionic personality disorder
218,15,Personality disorder characterized by:
218,16,"(a) self-dramatization, theatricality, exaggerated expression of"
218,17,emotions;
218,18,"(b) suggestibility, easily influenced by others or by circumstances;"
218,19,(c) shallow and labile affectivity;
218,20,(d) continual seeking for excitement and activities in which the
218,21,patient is the centre of attention;
218,22,(e) inappropriate seductiveness in appearance or behaviour;
218,23,(f) over-concern with physical attractiveness.
218,24,"Associated features may include egocentricity, self-indulgence,"
218,25,"continuous longing for appreciation, feelings that are easily hurt,"
218,26,and persistent manipulative behaviour to achieve own needs.
218,27,Includes: hysterical and psychoinfantile personality (disorder)
218,28,F60.5 Anankastic personality disorder
218,29,Personality disorder characterized by:
218,30,(a) feelings of excessive doubt and caution;
218,31,"(b) preoccupation with details, rules, lists, order, organization or"
218,32,schedule;
218,33,(c) perfectionism that interferes with task completion;
218,34,205
219,1,MENTAL AND BEHAVIOURAL DISORDERS
219,2,"(d) excessive conscientiousness, scrupulousness, and undue preoccu-"
219,3,pation with productivity to the exclusion of pleasure and
219,4,interpersonal relationships;
219,5,(e) excessive pedantry and adherence to social conventions;
219,6,(f) rigidity and stubbornness;
219,7,(g) unreasonable insistence by the patient that others submit to
219,8,"exactly his or her way of doing things, or unreasonable reluctance"
219,9,to allow others to do things;
219,10,(h) intrusion of insistent and unwelcome thoughts or impulses.
219,11,Includes: compulsive and obsessional personality (disorder)
219,12,obsessive - compulsive personality disorder
219,13,Excludes: obsessive - compulsive disorder (F42.-)
219,14,F60.6 Anxious [avoidant] personality disorder
219,15,Personality disorder characterized by:
219,16,(a) persistent and pervasive feelings of tension and apprehension;
219,17,"(b) belief that one is socially inept, personally unappealing, or"
219,18,inferior to others;
219,19,(c) excessive preoccupation with being criticized or rejected in social
219,20,situations;
219,21,(d) unwillingness to become involved with people unless certain of
219,22,being liked;
219,23,(e) restrictions in lifestyle because of need to have physical security;
219,24,(f) avoidance of social or occupational activities that involve
219,25,"significant interpersonal contact because of fear of criticism,"
219,26,"disapproval, or rejection."
219,27,Associated features may include hypersensitivity to rejection and
219,28,criticism.
219,29,F60.7 Dependent personality disorder
219,30,Personality disorder characterized by:
219,31,(a) encouraging or allowing others to make most of one's important
219,32,life decisions;
219,33,(b) subordination of one's own needs to those of others on whom
219,34,"one is dependent, and undue compliance with their wishes;"
219,35,(c) unwillingness to make even reasonable demands on the people
219,36,one depends on;
219,37,206
220,1,F60-F69 DISORDERS OF ADULT PERSONALITY AND BEHAVIOUR
220,2,"(d) feeling uncomfortable or helpless when alone, because of"
220,3,exaggerated fears of inability to care for oneself;
220,4,(e) preoccupation with fears of being abandoned by a person with
220,5,"whom one has a close relationship, and of being left to care for"
220,6,oneself;
220,7,(f) limited capacity to make everyday decisions without an excessive
220,8,amount of advice and reassurance from others.
220,9,"Associated features may include perceiving oneself as helpless,"
220,10,"incompetent, and lacking stamina."
220,11,"Includes: asthenic, inadequate, passive, and self-defeating personality"
220,12,(disorder)
220,13,F60.8 Other specific personality disorders
220,14,A personality disorder that fits none of the specific rubrics
220,15,F60.0-F60.7.
220,16,"Includes: eccentric, ""haltlose"" type, immature, narcissistic, passive-"
220,17,"aggressive, and psychoneurotic personality (disorder)"
220,18,"F60.9 Personality disorder, unspecified"
220,19,Includes: character neurosis NOS
220,20,pathological personality NOS
220,21,|£|| Mixed and other personality disorders
220,22,This category is intended for personality disorders and abnormalities
220,23,that are often troublesome but do not demonstrate the specific
220,24,patterns of symptoms that characterize the disorders described in
220,25,F60. -. As a result they are often more difficult to diagnose than
220,26,the disorders in that category. Two types are specified here by the
220,27,fourth character; any other different types should be coded as F60.8.
220,28,207
221,1,MENTAL AND BEHAVIOURAL DISORDERS
221,2,F61.01 Mixed personality disorders
221,3,With features of several of the disorders in F60. - but without a
221,4,predominant set of symptoms that would allow a more specific
221,5,diagnosis.
221,6,F61.1 1 Troublesome personality changes
221,7,Not classifiable in F60. - or F62. - and regarded as secondary to
221,8,a main diagnosis of a coexisting affective or anxiety disorder.
221,9,Excludes: accentuation of personality traits (Z73.1)
221,10,"E3 Enduring personality changes, not attributable to"
221,11,brain damage and disease
221,12,This group includes disorders of adult personality and behaviour
221,13,"which develop following catastrophic or excessive prolonged stress,"
221,14,"or following a severe psychiatric illness, in people with no previous"
221,15,personality disorder. These diagnoses should be made only when there
221,16,is evidence of a definite and enduring change in a person's pattern
221,17,"of perceiving, relating to, or thinking about the environment and"
221,18,the
221,19,self. The personality change should be significant and associated
221,20,with inflexible and maladaptive behaviour which was not present
221,21,before the pathogenic experience. The change should not be a
221,22,"manifestation of another mental disorder, or a residual symptom"
221,23,of any antecedent mental disorder. Such enduring personality change
221,24,is most often seen following devastating traumatic experience but
221,25,"may also develop in the aftermath of a severe, recurrent, or"
221,26,prolonged mental disorder. It may be difficult to differentiate
221,27,between an acquired personality change and the unmasking or
221,28,"exacerbation of an existing personality disorder following stress,"
221,29,"strain, or psychotic experience. Enduring personality change should"
221,30,be diagnosed only when the change represents a permanent and
221,31,"different way of being, which can be etiologically traced back to"
221,32,"a profound, existentially extreme experience. The diagnosis should"
221,33,not be made if the personality disorder is secondary to brain damage
221,34,or disease (category F07.0 should be used instead).
221,35,"Excludes: personality and behavioural disorder due to brain disease,"
221,36,damage and dysfunction (F07.-)
221,37,1 This four-character code is not included in Chapter V(F) of ICD-10.
221,38,208
222,1,F60-F69 DISORDERS OF ADULT PERSONALITY AND BEHAVIOUR
222,2,F62.0 Enduring personality change after catastrophic experience
222,3,Enduring personality change may follow the experience of catastrophic
222,4,stress. The stress must be so extreme that it is unnecessary to
222,5,consider personal vulnerability in order to explain its profound
222,6,effect on the personality. Examples include concentration camp
222,7,"experiences, torture, disasters, prolonged exposure to life-threatening"
222,8,circumstances (e.g. hostage situations — prolonged captivity with
222,9,an imminent possibility of being
222,10,killed). Post-traumatic stress disorder
222,11,"(F43.1) may precede this type of personality change, which may"
222,12,"then be seen as a chronic, irreversible sequel of stress disorder. In"
222,13,"other instances, however, enduring personality change meeting the"
222,14,description given below may develop without an interim phase of
222,15,"a manifest post-traumatic stress disorder. However, long-term change"
222,16,in personality following short-term exposure to a life-threatening
222,17,experience such as a car accident should not be included in this
222,18,"category, since recent research indicates that such a development"
222,19,depends on a pre-existing psychological vulnerability.
222,20,Diagnostic guidelines
222,21,The personality change should be enduring and manifest as inflexible
222,22,"and maladaptive features leading to an impairment in interpersonal,"
222,23,"social, and occupational functioning. Usually the personality change"
222,24,has to be confirmed by a key informant. In order to make the
222,25,"diagnosis, it is essential to establish the presence of features not"
222,26,"previously seen, such as:"
222,27,(a) a hostile or mistrustful attitude towards the world;
222,28,(b) social withdrawal;
222,29,(c) feelings of emptiness or hopelessness;
222,30,"(d) a chronic feeling of being ""on edge"", as if constantly threatened;"
222,31,(e) estrangement.
222,32,"This personality change must have been present for at least 2 years,"
222,33,and should not be attributable to a pre-existing personality disorder
222,34,or to a mental disorder other than post-traumatic stress disorder
222,35,(F43.1). The presence of brain damage or disease which may cause
222,36,similar clinical features should be ruled out.
222,37,"Includes: personality change after concentration camp experiences,"
222,38,"disasters, prolonged captivity with imminent possibility"
222,39,209
223,1,MENTAL AND BEHAVIOURAL DISORDERS
223,2,"of being killed, prolonged exposure to life-threatening"
223,3,situations such as being a victim of terrorism or torture
223,4,Excludes: post-traumatic stress disorder (F43.1)
223,5,F62.1 Enduring personality change after psychiatric illness
223,6,Personality change attributable to the traumatic experience of
223,7,suffering from a severe psychiatric illness. The change cannot
223,8,be explained by pre-existing personality disorder and should be
223,9,differentiated from residual schizophrenia and other states of
223,10,incomplete recovery from an antecedent mental disorder.
223,11,Diagnostic guidelines
223,12,The personality change should be enduring and manifest as an
223,13,"inflexible and maladaptive pattern of experiencing and functioning,"
223,14,"leading to long-standing problems in interpersonal, social, or"
223,15,occupational functioning and subjective distress. There should be
223,16,no evidence of a pre-existing personality disorder that can explain
223,17,"the personality change, and the diagnosis should not be based"
223,18,on any residual symptoms of the antecedent mental disorder. The
223,19,change in personality develops following clinical recovery from a
223,20,mental disorder that must have been experienced as emotionally
223,21,extremely stressful and shattering to the patient's self-image. Other
223,22,people's attitudes or reactions to the patient following the illness
223,23,are important in determining and reinforcing his or her perceived
223,24,level of stress. This type of personality change cannot be fully
223,25,understood without taking into consideration the subjective emotional
223,26,"experience and the previous personality, its adjustment, and its specific"
223,27,vulnerabilities.
223,28,Diagnostic evidence for this type of personality change should
223,29,include such clinical features as the following:
223,30,(a) excessive dependence on and a demanding attitude towards others;
223,31,(b) conviction of being changed or stigmatized by the preceding
223,32,"illness, leading to an inability to form and maintain close and"
223,33,confiding personal relationships and to social isolation;
223,34,"(c) passivity, reduced interests, and diminished involvement in leisure"
223,35,activities;
223,36,"(d) persistent complaints of being ill, which may be associated with"
223,37,hypochondriacal claims and illness behaviour;
223,38,210
224,1,F60-F69 DISORDERS OF ADULT PERSONALITY AND BEHAVIOUR
224,2,"(e) dysphoric or labile mood, not due to the presence of a current"
224,3,mental disorder or antecedent mental disorder with residual
224,4,affective symptoms;
224,5,(f) significant impairment in social and occupational functioning
224,6,compared with the premorbid situation.
224,7,The above manifestations must have been present over a period of
224,8,2 or more years. The change is not attributable to gross brain damage
224,9,or disease. A previous diagnosis of schizophrenia does not preclude
224,10,the diagnosis.
224,11,F62.8 Other enduring personality changes
224,12,Includes: enduring personality disorder after experiences not
224,13,"mentioned in F62.0 and F62.1, such as chronic pain"
224,14,personality syndrome and enduring personality change
224,15,after bereavement
224,16,"F62.9 Enduring personality change, unspecified"
224,17,E3 Habit and impulse disorders
224,18,This category includes certain behavioural disorders that are not
224,19,classifiable under other rubrics. They are characterized by repeated
224,20,acts that have no clear rational motivation and that generally harm
224,21,the patient's own interests and those of other people. The patient
224,22,reports that the behaviour is associated with impulses to action that
224,23,cannot be controlled. The causes of these conditions are not
224,24,understood; the disorders are grouped together because of broad
224,25,"descriptive similarities, not because they are known to share any other"
224,26,"important features. By convention, the habitual excessive use of"
224,27,alcohol or drugs (F10-F19) and impulse and habit disorders
224,28,involving sexual
224,29,(¥65. -) or eating (F52. -) behaviour are excluded.
224,30,F63.0 Pathological gambling
224,31,"The disorder consists of frequent, repeated episodes of gambling which"
224,32,"dominate the individual's life to the detriment of social, occupational,"
224,33,"material, and family values and commitments."
224,34,"Those who suffer from this disorder may put their jobs at risk,"
224,35,"acquire large debts, and lie or break the law to obtain money or"
224,36,211
225,1,MENTAL AND BEHAVIOURAL DISORDERS
225,2,"evade payment of debts. They describe an intense urge to gamble,"
225,3,"which is difficult to control, together with preoccupation with ideas"
225,4,and images of the act of gambling and the circumstances that
225,5,surround the act. These preoccupations and urges often increase at
225,6,times when life is stressful.
225,7,"This disorder is also called ""compulsive gambling"" but this term"
225,8,is less appropriate because the behaviour is not compulsive in the
225,9,"technical sense, nor is the disorder related to obsessive - compulsive"
225,10,neurosis.
225,11,Diagnostic guidelines
225,12,"The essential feature of the disorder is persistently repeated gambling,"
225,13,which continues and often increases despite adverse social conse-
225,14,"quences such as impoverishment, impaired family relationships, and"
225,15,disruption of personal life.
225,16,Includes: compulsive gambling
225,17,Differential diagnosis. Pathological gambling should be distinguished
225,18,from:
225,19,"(a) gambling and betting (Z72.6) (frequent gambling for excitement,"
225,20,or in an attempt to make money; people in this category are
225,21,"likely to curb their habit when confronted with heavy losses, or"
225,22,other adverse effects);
225,23,(b) excessive gambling by manic patients (F30.-);
225,24,(c) gambling by sociopathic personalities (F60.2) (in which there is
225,25,"a wider persistent disturbance of social behaviour, shown in acts"
225,26,that are aggressive or in other ways demonstrate a marked lack
225,27,of concern for the well-being and feelings of other people).
225,28,F63.1 Pathological fire-setting [pyromania]
225,29,"The disorder is characterized by multiple acts of, or attempts at,"
225,30,"setting fire to property or other objects, without apparent motive,"
225,31,and by a persistent preoccupation with subjects related to fire and
225,32,burning. There may also be an abnormal interest in fire-engines and
225,33,"other fire-fighting equipment, in other associations of fires, and in"
225,34,calling out the fire service.
225,35,212
226,1,F60-F69 DISORDERS OF ADULT PERSONALITY AND BEHAVIOUR
226,2,Diagnostic guidelines
226,3,The essential features are:
226,4,(a) repeated fire-setting without any obvious motive such as monetary
226,5,"gain, revenge, or political extremism;"
226,6,(b) an intense interest in watching fires burn; and
226,7,"(c) reported feelings of increasing tension before the act, and"
226,8,intense excitement immediately after it has been carried out.
226,9,Differential diagnosis. Pathological fire-setting should be distinguished
226,10,from:
226,11,(a) deliberate fire-setting without a manifest psychiatric disorder (in
226,12,"these cases there is an obvious motive) (Z03.2, observation for"
226,13,suspected mental disorder);
226,14,"(b) fire-setting by a young person with conduct disorder (F91.1),"
226,15,where there is evidence of other disordered behaviour such as
226,16,"stealing, aggression, or truancy;"
226,17,(c) fire-setting by an adult with sociopathic personality disorder
226,18,"(F60.2), where there is evidence of other persistent disturbance"
226,19,"of social behaviour such as aggression, or other indications of"
226,20,lack of concern with the interests and feelings of other people;
226,21,"(d) fire-setting in schizophrenia (F20.-), when fires are typically"
226,22,started in response to delusional ideas or commands from
226,23,hallucinated voices;
226,24,"(e) fire-setting in organic psychiatric disorders (F00 - F09), when fires"
226,25,"are started accidentally as a result of confusion, poor memory,"
226,26,"or lack of awareness of the consequences of the act, or a"
226,27,combination of these factors.
226,28,Dementia or acute organic states may also lead to inadvertent
226,29,"fire-setting; acute drunkenness, chronic alcoholism or other drug"
226,30,intoxication (F10-F19) are other causes.
226,31,F63.2 Pathological stealing [kleptomania]
226,32,The disorder is characterized by repeated failure to resist impulses
226,33,to steal objects that are not acquired for personal use or monetary
226,34,"gain. The objects may instead be discarded, given away, or hoarded."
226,35,Diagnostic guidelines
226,36,"There is an increasing sense of tension before, and a sense of"
226,37,"gratification during and immediately after, the act. Although some"
226,38,213
227,1,MENTAL AND BEHAVIOURAL DISORDERS
227,2,"effort at concealment is usually made, not all the opportunities for"
227,3,"this are taken. The theft is a solitary act, not carried out with an"
227,4,"accomplice. The individual may express anxiety, despondency, and"
227,5,guilt between episodes of stealing from shops (or other premises)
227,6,but this does not prevent repetition. Cases meeting this description
227,7,"alone, and not secondary to one of the disorders listed below, are"
227,8,uncommon.
227,9,Differential
227,10,diagnosis. Pathological stealing should be distinguished
227,11,from:
227,12,"(a) recurrent shoplifting without a manifest psychiatric disorder, when"
227,13,"the acts are more carefully planned, and there is an obvious motive"
227,14,"of personal gain (Z03.2, observation for suspected mental"
227,15,disorder);
227,16,"(b) organic mental disorder (F00-F09), when there is recurrent"
227,17,failure to pay for goods as a consequence of poor memory and
227,18,other kinds of intellectual deterioration;
227,19,(c) depressive disorder with stealing (F3O-F33); some depressed
227,20,"individuals steal, and may do so repeatedly as long as the"
227,21,depressive disorder persists.
227,22,F63.3 Trichotillomania
227,23,A disorder characterized by noticeable hair loss due to a recurrent
227,24,failure to resist impulses to pull out hairs. The hair-pulling is usually
227,25,preceded by mounting tension and is followed by a sense of relief
227,26,or gratification. This diagnosis should not be made if there is a pre-
227,27,"existing inflammation of the skin, or if the hair-pulling is in response"
227,28,to a delusion or a hallucination.
227,29,Excludes: stereotyped movement disorder with hair-plucking (F98.4)
227,30,F63.8 Other habit and impulse disorders
227,31,This category should be used for other kinds of persistently repeated
227,32,maladaptive behaviour that are not secondary to a recognized
227,33,"psychiatric syndrome, and in which it appears that there is repeated"
227,34,failure to resist impulses to carry out the behaviour. There is a
227,35,prodromal period of tension with a feeling of release at the time
227,36,of the act.
227,37,Includes: intermittent explosive (behaviour) disorder
227,38,214
228,1,F60-F69 DISORDERS OF ADULT PERSONALITY AND BEHAVIOUR
228,2,"F63.9 Habit and impulse disorder, unspecified"
228,3,|£2J Gender identity disorders
228,4,F64.0 Transsexualism
228,5,"A desire to live and be accepted as a member of the opposite sex,"
228,6,"usually accompanied by a sense of discomfort with, or inappro-"
228,7,"priateness of, one's anatomic sex and a wish to have hormonal"
228,8,treatment and surgery to make one's body as congruent as possible
228,9,with the preferred sex.
228,10,Diagnostic guidelines
228,11,"For this diagnosis to be made, the transsexual identity should have"
228,12,"been present persistently for at least 2 years, and must not be a"
228,13,"symptom of another mental disorder, such as schizophrenia, or"
228,14,"associated with any intersex, genetic, or sex chromosome abnormality."
228,15,F64.1 Dual-role transvestism
228,16,The wearing of clothes of the opposite sex for part of the individual's
228,17,existence in order to enjoy the temporary experience of membership
228,18,"of the opposite sex, but without any desire for a more permanent"
228,19,sex change or associated surgical reassignment. No sexual excitement
228,20,"accompanies the cross-dressing, which distinguishes the disorder from"
228,21,fetishistic transvestism (F65.1).
228,22,"Includes: gender identity disorder of adolescence or adulthood,"
228,23,nontranssexual type
228,24,Excludes: fetishistic transvestism (F65.1)
228,25,F64.2 Gender identity disorder of childhood
228,26,"Disorders, usually first manifest during early childhood (and always"
228,27,"well before puberty), characterized by a persistent and intense distress"
228,28,"about assigned sex, together with a desire to be (or insistence that"
228,29,one is) of the other sex. There is a persistent preoccupation with
228,30,the dress and/or activities of the opposite sex and/or repudiation
228,31,of the patient's own sex. These disorders are thought to be relatively
228,32,uncommon and should not be confused with the much more
228,33,frequent nonconformity with stereotypic sex-role behaviour. The
228,34,diagnosis of gender identity disorder in childhood requires a
228,35,215
229,1,MENTAL AND BEHAVIOURAL DISORDERS
229,2,profound disturbance of the normal sense of maleness or femaleness;
229,3,"mere ""tomboyishness"" in girls or ""girlish"" behaviour in boys is not"
229,4,sufficient. The diagnosis cannot be made when the individual has
229,5,reached puberty.
229,6,Because gender identity disorder of childhood has many features in
229,7,"common with the other identity disorders in this section, it has been"
229,8,classified in F64. - rather than in F90-F98.
229,9,Diagnostic guidelines
229,10,The essential diagnostic feature is the child's pervasive and persistent
229,11,desire to be (or insistence that he or she is of) the opposite sex to
229,12,"that assigned, together with an intense rejection of the behaviour,"
229,13,"attributes, and/or attire of the assigned sex. Typically, this is first"
229,14,"manifest during the preschool years; for the diagnosis to be made,"
229,15,"the disorder must have been apparent before puberty. In both sexes,"
229,16,there may be repudiation of the anatomical structures of their own
229,17,"sex, but this is an uncommon, probably rare, manifestation."
229,18,"Characteristically, children with a gender identity disorder deny"
229,19,"being disturbed by it, although they may be distressed by the conflict"
229,20,with the expectations of their family or peers and by the teasing
229,21,and/or rejection to which they may be subjected.
229,22,More is known about these disorders in boys than in
229,23,"girls. Typically,"
229,24,"from the preschool years onwards, boys are preoccupied with types"
229,25,"of play and other activities stereotypically associated with females,"
229,26,and there may often be a preference for dressing in girls' or women's
229,27,"clothes. However, such cross-dressing does not cause sexual excite-"
229,28,ment (unlike fetishistic transvestism in adults (F65.1)). They may
229,29,have a very strong desire to participate in the games and pastimes
229,30,"of girls, female dolls are often their favourite toys, and girls"
229,31,are regularly their preferred playmates. Social ostracism tends to
229,32,arise during the early years of schooling and is often at a peak in
229,33,"middle childhood, with humiliating teasing by other boys. Grossly"
229,34,feminine behaviour may lessen during early adolescence but follow-
229,35,up studies indicate that between one-third and two-thirds of boys
229,36,with gender identity disorder of childhood show a homosexual
229,37,"orientation during and after adolescence. However, very few exhibit"
229,38,transsexualism in adult life (although most adults with transsexualism
229,39,report having had a gender identity problem in childhood).
229,40,216
230,1,F60-F69 DISORDERS OF ADULT PERSONALITY AND BEHAVIOUR
230,2,"In clinic samples, gender identity disorders are less frequent in girls"
230,3,"than in boys, but it is not known whether this sex ratio applies in"
230,4,"the general population. In girls, as in boys, there is usually an early"
230,5,manifestation of a preoccupation with behaviour stereotypically
230,6,"associated with the opposite sex. Typically, girls with these disorders"
230,7,have male companions and show an avid interest in sports and rough-
230,8,and-tumble play; they lack interest in dolls and in taking female roles
230,9,"in make-believe games such as ''mothers and fathers"" or playing"
230,10,"""house"". Girls with a gender identity disorder tend not to experience"
230,11,"the same degree of social ostracism as boys, although they may"
230,12,suffer from teasing in later childhood or adolescence. Most give
230,13,up an exaggerated insistence on male activities and attire as they
230,14,"approach adolescence, but some retain a male identification and go"
230,15,on to show a homosexual orientation.
230,16,"Rarely, a gender identity disorder may be associated with a persistent"
230,17,"repudiation of the anatomic structures of the assigned sex. In girls,"
230,18,"this may be manifest by repeated assertions that they have, or will"
230,19,"grow, a penis, by rejection of urination in the sitting position, or"
230,20,by the assertion that they do not want to grow breasts or to
230,21,"menstruate. In boys, it may be shown by repeated assertions that"
230,22,"they will grow up physically to become a woman, that penis and"
230,23,"testes are disgusting or will disappear, and/or that it would be better"
230,24,not to have a penis or testes.
230,25,Excludes: egodystonic sexual orientation (F66.1)
230,26,sexual maturation disorder (F66.0)
230,27,F64.8 Other gender identity disorders
230,28,"F64.9 Gender identity disorder, unspecified"
230,29,Includes: gender-role disorder NOS
230,30,•asfe* Disorders of sexual preference
230,31,Includes: paraphilias
230,32,Excludes: problems associated with sexual orientation (F66.-)
230,33,217
231,1,MENTAL AND BEHAVIOURAL DISORDERS
231,2,F65.0 Fetishism
231,3,Reliance on some non-living object as a stimulus for sexual arousal
231,4,and sexual gratification. Many fetishes are extensions of the human
231,5,"body, such as articles of clothing or footware. Other common"
231,6,examples are characterized by some particular texture such as
231,7,"rubber, plastic, or leather. Fetish objects vary in their importance"
231,8,to the individual: in some cases they serve simply to enhance sexual
231,9,excitement achieved in ordinary ways (e.g. having the partner wear
231,10,a particular garment).
231,11,Diagnostic guidelines
231,12,Fetishism should be diagnosed only if the fetish is the most important
231,13,source of sexual stimulation or essential for satisfactory sexual
231,14,response.
231,15,"Fetishistic fantasies are common, but they do not amount to a disorder"
231,16,unless they lead to rituals that are so compelling and unacceptable
231,17,as to interfere with sexual intercourse and cause the individual distress.
231,18,Fetishism is limited almost exclusively to males.
231,19,F65.1 Fetishistic transvestism
231,20,The wearing of clothes of the opposite sex principally to obtain
231,21,sexual excitement.
231,22,Diagnostic guidelines
231,23,This disorder is to be distinguished from simple fetishism in that
231,24,"the fetishistic articles of clothing are not only worn, but worn also"
231,25,to create the appearance of a person of the opposite sex. Usually
231,26,"more than one article is worn and often a complete outfit, plus wig"
231,27,and makeup. Fetishistic transvestism is distinguished from transsexual
231,28,transvestism by its clear association with sexual arousal and the strong
231,29,desire to remove the clothing once orgasm occurs and sexual arousal
231,30,declines. A history of fetishistic transvestism is commonly reported
231,31,as an earlier phase by transsexuals and probably represents a stage
231,32,in the development of transsexualism in such cases.
231,33,Includes: transvestic fetishism
231,34,218
232,1,F60-F69 DISORDERS OF ADULT PERSONALITY AND BEHAVIOUR
232,2,F65.2 Exhibitionism
232,3,A recurrent or persistent tendency to expose the genitalia to strangers
232,4,"(usually of the opposite sex) or to people in public places, without"
232,5,"inviting or intending closer contact. There is usually, but not"
232,6,"invariably, sexual excitement at the time of the exposure and the"
232,7,act is commonly followed by masturbation. This tendency may be
232,8,"manifest only at times of emotional stress or crises, interspersed with"
232,9,long periods without such overt behaviour.
232,10,Diagnostic guidelines
232,11,Exhibitionism is almost entirely limited to heterosexual males who
232,12,"expose to females, adult or adolescent, usually confronting them from"
232,13,"a safe distance in some public place. For some, exhibitionism is their"
232,14,"only sexual outlet, but others continue the habit simultaneously with"
232,15,"an active sex life within long-standing relationships, although their"
232,16,urges may become more pressing at times of conflict in those
232,17,relationships. Most exhibitionists find their urges difficult to control
232,18,"and ego-alien. If the witness appears shocked, frightened, or"
232,19,"impressed, the exhibitionist's excitement is often heightened."
232,20,F65.3 Voyeurism
232,21,A recurrent or persistent tendency to look at people engaging in
232,22,sexual or intimate behaviour such as undressing. This usually leads
232,23,to sexual excitement and masturbation and is carried out without
232,24,the observed people being aware.
232,25,F65.4 Paedophilia
232,26,"A sexual preference for children, usually of prepubertal or early"
232,27,"pubertal age. Some paedophiles are attracted only to girls, others"
232,28,"only to boys, and others again are interested in both sexes."
232,29,Paedophilia is rarely identified in women. Contacts between adults
232,30,"and sexually mature adolescents are socially disapproved, especially"
232,31,"if the participants are of the same sex, but are not necessarily"
232,32,"associated with paedophilia. An isolated incident, especially if the"
232,33,"perpetrator is himself an adolescent, does not establish the presence"
232,34,of the persistent or predominant tendency required for the diagnosis.
232,35,"Included among paedophiles, however, are men who retain a"
232,36,"preference for adult sex partners but, because they are chronically"
232,37,"frustrated in achieving appropriate contacts, habitually turn to"
232,38,children as substitutes. Men who sexually molest their own prepubertal
232,39,219
233,1,MENTAL AND BEHAVIOURAL DISORDERS
233,2,"children occasionally approach other children as well, but in either"
233,3,case their behaviour is indicative of paedophilia.
233,4,F65.5 Sadomasochism
233,5,A preference for sexual activity that involves bondage or the
233,6,infliction of pain or humiliation. If the individual prefers to be
233,7,the recipient of such stimulation this is called masochism; if the
233,8,"provider, sadism. Often an individual obtains sexual excitement from"
233,9,both sadistic and masochistic activities.
233,10,Mild degrees of sadomasochistic stimulation are commonly used to
233,11,enhance otherwise normal sexual activity. This category should be
233,12,used only if sadomasochistic activity is the most important source
233,13,of stimulation or necessary for sexual gratification.
233,14,Sexual sadism is sometimes difficult to distinguish from cruelty in
233,15,sexual situations or anger unrelated to eroticism. Where violence is
233,16,"necessary for erotic arousal, the diagnosis can be clearly established."
233,17,Includes: masochism
233,18,sadism
233,19,F65.6 Multiple disorders of sexual preference
233,20,Sometimes more than one disorder of sexual preference occurs in
233,21,one person and none has clear precedence. The most common
233,22,"combination is fetishism, transvestism, and sadomasochism."
233,23,F65.8 Other disorders of sexual preference
233,24,A variety of other patterns of sexual preference and activity may
233,25,"occur, each being relatively uncommon. These include such activities"
233,26,"as making obscene telephone calls, rubbing up against people for"
233,27,"sexual stimulation in crowded public places (frotteurism), sexual"
233,28,"activity with animals, use of strangulation or anoxia for intensifying"
233,29,"sexual excitement, and a preference for partners with some particular"
233,30,anatomical abnormality such as an amputated limb.
233,31,Erotic practices are too diverse and many too rare or idiosyncratic
233,32,"to justify a separate term for each. Swallowing urine, smearing faeces,"
233,33,or piercing foreskin or nipples may be part of the behavioural
233,34,repertoire in sadomasochism. Masturbatory rituals of various kinds
233,35,"are common, but the more extreme practices, such as the insertion"
233,36,220
234,1,F60-F69 DISORDERS OF ADULT PERSONALITY AND BEHAVIOUR
234,2,"of objects into the rectum or penile urethra, or partial self-"
234,3,"strangulation, when they take the place of ordinary sexual contacts,"
234,4,amount to abnormalities. Necrophilia should also be coded here.
234,5,Includes: frotteurism
234,6,necrophilia
234,7,"F65.9 Disorder of sexual preference, unspecified"
234,8,Includes: sexual deviation NOS
234,9,•arin Psychological and behavioural disorders associated
234,10,with sexual development and orientation
234,11,Note: Sexual orientation alone is not to be regarded as a disorder.
234,12,The following five-character codes may be used to indicate variations
234,13,of sexual development or orientation that may be problematic for
234,14,the individual:
234,15,F66.A-0 Heterosexual
234,16,F66.A-1 Homosexual
234,17,F66.;r2 Bisexual
234,18,To be used only when there is clear evidence of sexual attraction
234,19,to members of both sexes.
234,20,"F66JT8 Other, including prepubertal"
234,21,F66.0 Sexual maturation disorder
234,22,The individual suffers from uncertainty about his or her gender
234,23,"identity or sexual orientation, which causes anxiety or depression."
234,24,Most commonly this occurs in adolescents who are not certain whether
234,25,"they are homosexual, heterosexual, or bisexual in orientation,"
234,26,or in individuals who after a period of apparently stable sexual
234,27,"orientation, often within a long-standing relationship, find that their"
234,28,sexual orientation is changing.
234,29,221
235,1,MENTAL AND BEHAVIOURAL DISORDERS
235,2,F66.1 Egodystonic sexual orientation
235,3,The gender identity or sexual preference is not in doubt but the
235,4,individual wishes it were different because of associated psychological
235,5,and behavioural disorders and may seek treatment in order to
235,6,change it.
235,7,F66.2 Sexual relationship disorder
235,8,The gender identity or sexual preference abnormality is responsible
235,9,for difficulties in forming or maintaining a relationship with a sexual
235,10,partner.
235,11,F66.8 Other psychosexual development disorders
235,12,"F66.9 Psychosexual development disorder, unspecified"
235,13,1X21 Other disorders of adult personality and behaviour
235,14,F68.0 Elaboration of physical symptoms for psychological reasons
235,15,Physical symptoms compatible with and originally due to a confirmed
235,16,"physical disorder, disease, or disability become exaggerated or"
235,17,prolonged due to the psychological state of the patient. An attention-
235,18,"seeking (histrionic) behavioural syndrome develops, which may also"
235,19,contain additional (and usually nonspecific) complaints that are not
235,20,of physical origin. The patient is commonly distressed by this pain
235,21,"or disability and is often preoccupied with worries, which may be"
235,22,"justified, of the possibility of prolonged or progressive disability or"
235,23,"pain. Dissatisfaction with the result of treatment or investigations,"
235,24,or disappointment with the amount of personal attention received
235,25,in wards and clinics may also be a motivating factor. Some cases
235,26,appear to be clearly motivated by the possibility of financial
235,27,"compensation following accidents or injuries, but the syndrome does"
235,28,not necessarily resolve rapidly even after successful litigation.
235,29,Includes: compensation neurosis
235,30,"F68.1 Intentional production or feigning of symptoms or disabilities,"
235,31,either physical or psychological [factitious disorder]
235,32,"In the absence of a confirmed physical or mental disorder, disease,"
235,33,"or disability, the individual feigns symptoms repeatedly and con-"
235,34,sistently. For physical symptoms this may even extend to self-infliction
235,35,222
236,1,F60-F69 DISORDERS OF ADULT PERSONALITY AND BEHAVIOUR
236,2,"of cuts or abrasions to produce bleeding, or to self-injection of toxic"
236,3,substances. The imitation of pain and the insistence upon the presence
236,4,of bleeding may be so convincing and persistent that repeated
236,5,investigations and operations are performed at several different
236,6,"hospitals or clinics, in spite of repeatedly negative findings."
236,7,The motivation for this behaviour is almost always obscure and
236,8,"presumably internal, and the condition"
236,9,is best interpreted as a disorder
236,10,of illness behaviour and the sick role. Individuals with this pattern
236,11,of behaviour usually show signs of a number of other marked
236,12,abnormalities of personality and relationships.
236,13,"Malingering, defined as the intentional production or feigning of"
236,14,"either physical or psychological symptoms or disabilities, motivated"
236,15,"by external stresses or incentives, should be coded as Z76.5 of ICD-10,"
236,16,and not by one of the codes in this book. The commonest external
236,17,"motives for malingering include evading criminal prosecution,"
236,18,"obtaining illicit drugs, avoiding military conscription or dangerous"
236,19,"military duty, and attempts to obtain sickness benefits or im-"
236,20,provements in living conditions such as housing. Malingering is
236,21,comparatively common in legal and military
236,22,"circles, and comparatively"
236,23,uncommon in ordinary civilian life.
236,24,Includes: hospital hopper syndrome
236,25,Munchhausen's syndrome
236,26,peregrinating patient
236,27,Excludes: battered baby or child syndrome NOS (T74.1)
236,28,factitial dermatitis (unintentionally produced) (L98.1)
236,29,malingering (person feigning illness) (Z76.5)
236,30,Munchhausen by proxy (child abuse) (T74.8)
236,31,F68.8 Other specified disorders of adult personality and behaviour
236,32,This category should be used for coding any specified disorder of
236,33,adult personality and behaviour that cannot be classified under any
236,34,one of the preceding headings.
236,35,Includes: character disorder NOS
236,36,relationship disorder NOS
236,37,223
237,1,MENTAL AND BEHAVIOURAL DISORDERS
237,2,E3 Unspecified disorder of adult personality and
237,3,behaviour
237,4,"This code should be used only as a last resort, if the presence of"
237,5,"a disorder of adult personality and behaviour can be assumed, but"
237,6,information to allow its diagnosis and allocation to a specific category
237,7,is lacking.
237,8,224
238,1,F70 - F79 MENTAL RETARDATION
238,2,F70-F79
238,3,Mental retardation
238,4,Overview of this block
238,5,F70 Mild mental retardation
238,6,F71 Moderate mental retardation
238,7,F72 Severe mental retardation
238,8,F73 Profound mental retardation
238,9,F78 Other mental retardation
238,10,F79 Unspecified mental retardation
238,11,A fourth character may be used to specify the extent of associated behavioural
238,12,impairment:
238,13,"Flx.Q No, or minimal, impairment of behaviour"
238,14,FlxA Significant impairment of behaviour requiring attention or treatment
238,15,F7x.8 Other impairments of behaviour
238,16,Fix.9 Without mention of impairment of behaviour
238,17,225
239,1,MENTAL AND BEHAVIOURAL DISORDERS
239,2,Introduction
239,3,Mental retardation is a condition of arrested or incomplete development of
239,4,"the mind, which is especially characterized by impairment of skills manifested"
239,5,"during the developmental period, which contribute to the overall level of in-"
239,6,"telligence, i.e. cognitive, language, motor, and social abilities. Retardation can"
239,7,"occur with or without any other mental or physical disorder. However, men-"
239,8,"tally retarded individuals can experience the full range of mental disorders,"
239,9,and the prevalence of other mental disorders is at least three to four times
239,10,"greater in this population than in the general population. In addition, mentally"
239,11,retarded individuals are at greater risk of exploitation and physical/sexual abuse.
239,12,"Adaptive behaviour is always impaired, but in protected social environments"
239,13,where support is available this impairment may not be at all obvious in sub-
239,14,jects with mild mental retardation.
239,15,A fourth character may be used to specify the extent of the behavioural im-
239,16,"pairment, if this is not due to an associated disorder:"
239,17,"Flx.O No, or minimal, impairment of behaviour"
239,18,Fix. 1 Significant impairment of behaviour requiring attention or treatment
239,19,F7JC.8 Other impairments of behaviour
239,20,Fix.9 Without mention of impairment of behaviour
239,21,"If the cause of the mental retardation is known, an additional code from ICD-10"
239,22,should be used (e.g. F72 severe mental retardation plus E00. - (congenital
239,23,iodine-deficiency syndrome)).
239,24,The presence of mental retardation does not rule out additional diagnoses
239,25,"coded elsewhere in this book. However, communication difficulties are likely"
239,26,to make it necessary to rely more than usual for the diagnosis upon objectively
239,27,"observable symptoms such as, in the case of a depressive episode, psychomotor"
239,28,"retardation, loss of appetite and weight, and sleep disturbance."
239,29,Diagnostic guidelines
239,30,Intelligence is not a unitary characteristic but is assessed on the basis of a
239,31,"large number of different, more-or-less specific skills. Although the general"
239,32,"tendency is for all these skills to develop to a similar level in each individual,"
239,33,"there can be large discrepancies, especially in persons who are mentally retard-"
239,34,ed. Such people may show severe impairments in one particular area (e.g.
239,35,"language), or may have a particular area of higher skill (e.g. in simple visuo-"
239,36,spatial tasks) against a background of severe mental retardation. This presents
239,37,226
240,1,F70-F79 MENTAL RETARDATION
240,2,problems when determining the diagnostic category in which a retarded person
240,3,should be classified. The assessment of intellectual level should be based on
240,4,"whatever information is available, including clinical findings, adaptive behaviour"
240,5,"(judged in relation to the individual's cultural background), and psychometric"
240,6,test performance.
240,7,"For a definite diagnosis, there should be a reduced level of intellectual func-"
240,8,tioning resulting in diminished ability to adapt to the daily demands of the
240,9,normal social environment. Associated mental or physical disorders have a
240,10,major influence on the clinical picture and the use made of any skills. The
240,11,diagnostic category chosen should therefore be based on global assessments
240,12,of ability and not on any single area of specific impairment or skill. The IQ
240,13,levels given are provided as a guide and should not be applied rigidly in view
240,14,of the problems of cross-cultural validity. The categories given below are ar-
240,15,"bitrary divisions of a complex continuum, and cannot be defined with absolute"
240,16,"precision. The IQ should be determined from standardized, individually"
240,17,administered intelligence tests for which local cultural norms have been
240,18,"determined, and the test selected should be appropriate to the individual's"
240,19,"level of functioning and additional specific handicapping conditions, e.g."
240,20,"expressive language problems, hearing impairment, physical involvement. Scales"
240,21,"of social maturity and adaptation, again locally standardized, should be com-"
240,22,pleted if at all possible by interviewing a parent or care-provider who is familiar
240,23,with the individual's skills in everyday life. Without the use of standardized
240,24,"procedures, the diagnosis must be regarded as a provisional estimate only."
240,25,u^im Mild mental retardation
240,26,Mildly retarded people acquire language with some delay but most
240,27,"achieve the ability to use speech for everyday purposes, to hold"
240,28,"conversations, and to engage in the clinical interview. Most of them"
240,29,"also achieve full independence in self-care (eating, washing, dressing,"
240,30,"bowel and bladder control) and in practical and domestic skills, even"
240,31,if the rate of development is considerably slower than normal. The
240,32,"main difficulties are usually seen in academic school work, and many"
240,33,"have particular problems in reading and writing. However, mildly"
240,34,retarded people can be greatly helped by education designed to develop
240,35,their skills and compensate for their handicaps. Most of those in
240,36,the higher ranges of mild mental retardation are potentially capable
240,37,"of work demanding practical rather than academic abilities, including"
240,38,unskilled or semiskilled manual labour. In a sociocultural context
240,39,227
241,1,MENTAL AND BEHAVIOURAL DISORDERS
241,2,"requiring little academic achievement, some degree of mild retardation"
241,3,"may not itself represent a problem. However, if there is also noticeable"
241,4,"emotional and social immaturity, the consequences of the handicap,"
241,5,"e.g. inability to cope with the demands of marriage or child-rearing,"
241,6,"or difficulty fitting in with cultural traditions and expectations, will"
241,7,be apparent.
241,8,"In general, the behavioural, emotional, and social difficulties of the"
241,9,"mildly mentally retarded, and the needs for treatment and support"
241,10,"arising from them, are more closely akin to those found in people"
241,11,of normal intelligence than to the specific problems of
241,12,the moderately
241,13,and severely retarded. An organic etiology is being identified in
241,14,"increasing proportions of patients, although not yet in the majority."
241,15,Diagnostic guidelines
241,16,"If the proper standardized IQ tests are used, the range 50 to 69 is"
241,17,indicative of mild retardation. Understanding and use of language
241,18,"tend to be delayed to a varying degree, and executive speech"
241,19,problems that interfere with the development of independence may
241,20,persist into adult life. An organic etiology is identifiable in only a
241,21,"minority of subjects. Associated conditions such as autism, other"
241,22,"developmental disorders, epilepsy, conduct disorders, or physical"
241,23,disability are found in varying proportions. If such disorders are
241,24,"present, they should be coded independently."
241,25,Includes: feeble-mindedness
241,26,mild mental subnormality
241,27,mild oligophrenia
241,28,moron
241,29,12U Moderate mental retardation
241,30,Individuals in this category are slow in developing comprehension
241,31,"and use of language, and their eventual achievement in this area"
241,32,"is limited. Achievement of self-care and motor skills is also retarded,"
241,33,and some need supervision throughout life. Progress in school work
241,34,"is limited, but a proportion of these individuals learn the basic skills"
241,35,"needed for reading, writing, and counting. Educational programmes"
241,36,can provide opportunities for them to develop their limited potential
241,37,and to acquire some basic skills; such programmes are appropriate
241,38,228
242,1,F70-F79 MENTAL RETARDATION
242,2,"for slow learners with a low ceiling of achievement. As adults,"
242,3,moderately retarded people are usually able to do simple practical
242,4,"work, if the tasks are carefully structured and skilled supervision"
242,5,is provided. Completely independent living in adult life is rarely
242,6,"achieved. Generally, however, such people are fully mobile and"
242,7,physically active and the majority show evidence of social develop-
242,8,"ment in their ability to establish contact, to communicate with"
242,9,"others, and to engage in simple social activities."
242,10,Diagnostic guidelines
242,11,The IQ is usually in the range
242,12,35 to 49. Discrepant profiles of abilities
242,13,"are common in this group, with some individuals achieving higher"
242,14,"levels in visuo-spatial skills than in tasks dependent on language,"
242,15,while others are markedly clumsy but enjoy social interaction and
242,16,simple conversation. The level of development of language
242,17,is variable:
242,18,some of those affected can take part in simple conversations while
242,19,others have only enough language to communicate their basic needs.
242,20,"Some never learn to use language, though they may understand"
242,21,simple instructions and may learn to use manual signs to compensate
242,22,to some extent for their speech disabilities. An organic etiology can
242,23,be identified in the majority of moderately mentally retarded people.
242,24,Childhood autism or other pervasive developmental disorders are
242,25,"present in a substantial minority, and have a major effect upon the"
242,26,"clinical picture and the type of management needed. Epilepsy, and"
242,27,"neurological and physical disabilities are also common, although most"
242,28,moderately retarded people are able to walk without assistance. It
242,29,"is sometimes possible to identify other psychiatric conditions, but"
242,30,the limited level of language development may make diagnosis
242,31,difficult and dependent upon information obtained from others who
242,32,are familiar with the individual. Any such associated disorders should
242,33,be coded independently.
242,34,Includes: imbecility
242,35,moderate mental subnormality
242,36,moderate oligophrenia
242,37,|2£1 Severe mental retardation
242,38,This category is broadly similar to that of moderate mental retardation
242,39,"in terms of the clinical picture, the presence of an organic etiology,"
242,40,229
243,1,MENTAL AND BEHAVIOURAL DISORDERS
243,2,and the associated conditions. The lower levels of achievement
243,3,mentioned under F71 are also the most common in this group. Most
243,4,people in this category suffer from a marked degree of motor
243,5,"impairment or other associated deficits, indicating the presence of"
243,6,clinically significant damage to or maldevelopment of the central
243,7,nervous system.
243,8,Diagnostic guidelines
243,9,The IQ is usually in the range of 20 to 34.
243,10,Includes: severe mental subnormality
243,11,severe oligophrenia
243,12,•arici Profound mental retardation
243,13,"The IQ in this category is estimated to be under 20, which means"
243,14,in practice that affected individuals are severely limited in their
243,15,ability to understand or comply with requests or instructions. Most
243,16,"such individuals are immobile or severely restricted in mobility,"
243,17,"incontinent, and capable at most of only very rudimentary forms"
243,18,of nonverbal communication. They possess little or no ability to care
243,19,"for their own basic needs, and require constant help and supervision."
243,20,Diagnostic guidelines
243,21,The IQ is under 20. Comprehension and use of language is limited
243,22,"to, at best, understanding basic commands and making simple"
243,23,requests. The most basic and simple visuo-spatial skills of sorting
243,24,"and matching may be acquired, and the affected person may be able"
243,25,with appropriate supervision and guidance to take a small part in
243,26,domestic and practical tasks. An organic etiology can be identified
243,27,in most cases. Severe neurological or other physical disabilities
243,28,"affecting mobility are common, as are epilepsy and visual and"
243,29,hearing impairments. Pervasive developmental disorders in their most
243,30,"severe form, especially atypical autism, are particularly frequent,"
243,31,especially in those who are mobile.
243,32,Includes: idiocy
243,33,profound mental subnormality
243,34,profound oligophrenia
243,35,230
244,1,F70-F79 MENTAL RETARDATION
244,2,m*nm Other mental retardation
244,3,This category should be used only when assessment of the degree
244,4,of intellectual retardation by means of the usual procedures is rendered
244,5,particularly difficult or impossible by associated sensory or physical
244,6,"impairments, as in blind, deaf-mute, and severely behaviourally"
244,7,disturbed or physically disabled people.
244,8,|2£J Unspecified mental retardation
244,9,"There is evidence of mental retardation, but insufficient information"
244,10,is available to assign the patient to one of the above categories.
244,11,Includes: mental deficiency NOS
244,12,mental subnormality NOS
244,13,oligophrenia NOS
244,14,231
245,1,MENTAL AND BEHAVIOURAL DISORDERS
245,2,F80-F89
245,3,Disorders of psychological development
245,4,Overview of this block
245,5,F80 Specific developmental disorders of speech and language
245,6,F80.0 Specific speech articulation disorder
245,7,F80.1 Expressive language disorder
245,8,F80.2 Receptive language disorder
245,9,F8O.3 Acquired aphasia with epilepsy [Landau - Kieffner syndrome]
245,10,F80.8 Other developmental disorders of speech and language
245,11,"F80.9 Developmental disorder of speech and language, unspecified"
245,12,F81 Specific developmental disorders of scholastic skills
245,13,F81.0 Specific reading disorder
245,14,F81.1 Specific spelling disorder
245,15,F81.2 Specific disorder of arithmetical skills
245,16,F81.3 Mixed disorder of scholastic skills
245,17,F81.8 Other developmental disorders of scholastic skills
245,18,"F81.9 Developmental disorder of scholastic skills, unspecified"
245,19,F82 Specific developmental disorder of motor function
245,20,F83 Mixed specific developmental disorders
245,21,F84 Pervasive developmental disorders
245,22,F84.0 Childhood autism
245,23,F84.1 Atypical autism
245,24,F84.2 Rett's syndrome
245,25,F84.3 Other childhood disintegrative disorder
245,26,F84.4 Overactive disorder associated with mental retardation and
245,27,stereotyped movements
245,28,F84.5 Asperger's syndrome
245,29,F84.8 Other pervasive developmental disorders
245,30,"F84.9 Pervasive developmental disorder, unspecified"
245,31,F88 Other disorders of psychological development
245,32,F89 Unspecified disorder of psychological development
245,33,232
246,1,F80-F89 DISORDERS OF PSYCHOLOGICAL DEVELOPMENT
246,2,Introduction
246,3,The disorders included in F80-F89 have the following features in common:
246,4,(a) an onset that is invariably during infancy or childhood;
246,5,(b) an impairment or delay in the development of functions that are strongly
246,6,related to biological maturation of the central nervous system; and
246,7,(c) a steady course that does not involve the remissions and relapses that tend
246,8,to be characteristic of many mental disorders.
246,9,"In most cases, the functions affected include language, visuo-spatial skills"
246,10,and/or motor coordination. It is characteristic for the impairments to lessen
246,11,progressively as children grow older (although milder deficits often remain
246,12,"in adult life). Usually, the history is of a delay or impairment that has been"
246,13,"present from as early as it could be reliably detected, with no prior period"
246,14,of normal development. Most of these conditions are several times more
246,15,common in boys than in girls.
246,16,It is characteristic of developmental disorders that a family history of similar
246,17,"or related disorders is common, and there is presumptive evidence that genetic"
246,18,factors play an important role in the etiology of many (but not all) cases.
246,19,Environmental factors often influence the developmental functions affected
246,20,"but in most cases they are not of paramount influence. However, although"
246,21,there is generally good agreement on the overall conceptualization of disorders
246,22,"in this section, the etiology in most cases is unknown and there is continuing"
246,23,uncertainty regarding both the boundaries and the precise subdivisions of
246,24,"developmental disorders. Moreover, two types of condition are included in"
246,25,this block that do not entirely meet the broad conceptual definition outlined
246,26,"above. First, there are disorders in which there has been an undoubted phase"
246,27,"of prior normal development, such as the childhood disintegrative disorder,"
246,28,"the Landau - Kieffner syndrome, and some cases of autism. These conditions"
246,29,"are included because, although their onset is different, their characteristics"
246,30,and course have many similarities with the group of developmental disorders;
246,31,moreover it is not known whether or not they are etiologically distinct.
246,32,"Second, there are disorders that are defined primarily in terms of deviance"
246,33,rather than delay in developmental functions; this applies especially to autism.
246,34,"Autistic disorders are included in this block because, although defined in terms"
246,35,"of deviance, developmental delay of some degree is almost invariable. Further-"
246,36,"more, there is overlap with the other developmental disorders in terms of both"
246,37,the features of individual cases and familiar clustering.
246,38,233
247,1,MENTAL AND BEHAVIOURAL DISORDERS
247,2,•ami Specific developmental disorders of speech and
247,3,language
247,4,These are disorders in which normal patterns of language acquisition
247,5,are disturbed from the early stages of development. The conditions
247,6,are not directly attributable to neurological or speech mechanism
247,7,"abnormalities, sensory impairments, mental retardation, or environ-"
247,8,mental factors. The child may be better able to communicate or
247,9,"understand in certain very familiar situations than in others, but"
247,10,language ability in every setting is impaired.
247,11,Differential
247,12,"diagnosis. As with other developmental disorders, the"
247,13,first difficulty in diagnosis concerns the differentiation from normal
247,14,variations in development. Normal children vary widely in the age
247,15,at which they first acquire spoken language and in the pace at which
247,16,language skills become firmly established. Such normal variations
247,17,"are of little or no clinical significance, as the great majority of ""slow"
247,18,"speakers"" go on to develop entirely normally. In sharp contrast,"
247,19,"children with specific developmental disorders of speech and language,"
247,20,"although most ultimately acquire a normal level of language skills,"
247,21,have multiple associated problems. Language delay
247,22,is often followed
247,23,"by difficulties in reading and spelling, abnormalities in interpersonal"
247,24,"relationships, and emotional and behavioural disorders. Accordingly,"
247,25,early and accurate diagnosis of specific developmental disorders of
247,26,speech and language is important. There is no clear-cut demarcation
247,27,"from the extremes of normal variation, but four main criteria are"
247,28,useful in suggesting the occurrence of a clinically significant disorder:
247,29,"severity, course, pattern, and associated problems."
247,30,"As a general rule, a language delay that is sufficiently severe to fall"
247,31,outside the limits of 2 standard deviations may be regarded as
247,32,abnormal. Most cases of this severity have associated problems. The
247,33,level of severity in statistical terms is of less diagnostic use in older
247,34,"children, however, because there is a natural tendency towards"
247,35,progressive improvement. In this situation the course provides a useful
247,36,indicator. If the current level of impairment is mild but there is
247,37,"nevertheless a history of a previously severe degree of impairment,"
247,38,the likelihood is that the current functioning represents the sequelae
247,39,of a significant disorder rather than just normal variation. Attention
247,40,should be paid to the pattern of speech and language functioning;
247,41,if the pattern is abnormal (i.e. deviant and not just of a kind
247,42,234
248,1,F80-F89 DISORDERS OF PSYCHOLOGICAL DEVELOPMENT
248,2,"appropriate for an earlier phase of development), or if the child's"
248,3,"speech or language includes qualitatively abnormal features, a"
248,4,"clinically significant disorder is likely. Moreover, if a delay in some"
248,5,specific aspect of speech or language development is accompanied
248,6,by scholastic deficits (such as specific retardation in reading or
248,7,"spelling), by abnormalities in interpersonal relationships, and/or by"
248,8,"emotional or behavioural disturbance, the delay is unlikely to"
248,9,constitute just a normal variation.
248,10,The second difficulty in diagnosis concerns the differentiation from
248,11,mental retardation or global developmental delay. Because intelligence
248,12,"includes verbal skills, it"
248,13,is likely that a child whose IQ is substantially
248,14,below average will also show language development that is somewhat
248,15,below average. The diagnosis of a specific developmental disorder
248,16,implies that the specific delay is significantly out of keeping with
248,17,"the general level of cognitive functioning. Accordingly, when a"
248,18,language delay is simply part of a more pervasive mental retardation
248,19,"or global developmental delay, a mental retardation coding"
248,20,"(F70-F79) should be used, not an F80. - coding. However, it is"
248,21,common for mental retardation to be associated with an uneven pat-
248,22,tern of intellectual performance and especially with a degree of
248,23,language impairment that is more severe than the retardation in
248,24,nonverbal skills. When this disparity is of such a marked degree that
248,25,"it is evident in everyday functioning, a specific developmental disorder"
248,26,of speech and language should be coded in addition to a coding for
248,27,mental retardation (F70-F79).
248,28,The third difficulty concerns the differentiation from a disorder
248,29,secondary to severe deafness or to some specific neurological or
248,30,other structural abnormality. Severe deafness in early childhood will
248,31,almost always lead to a marked delay and distortion of language
248,32,"development; such conditions should not be included here, as they"
248,33,"are a direct consequence of the hearing impairment. However, it"
248,34,is not uncommon for the more severe developmental disorders of
248,35,receptive language to be accompanied by partial selective hearing
248,36,impairments (especially of high frequencies). The guideline is to
248,37,exclude these disorders from F80 - F89 if the severity of hearing loss
248,38,"constitutes a sufficient explanation for the language delay, but to"
248,39,include them if partial hearing loss is a complicating factor but
248,40,"not a sufficient direct cause. However, a hard and fast distinction"
248,41,is impossible to make. A similar principle applies with respect
248,42,235
249,1,MENTAL AND BEHAVIOURAL DISORDERS
249,2,"to neurological abnormalities and structural defects. Thus, an"
249,3,articulation abnormality directly due to a cleft palate or to a
249,4,dysarthria resulting from cerebral palsy would be excluded from this
249,5,"block. On the other hand, the presence of subtle neurological"
249,6,abnormalities that could not have directly caused the speech or
249,7,language delay would not constitute a reason for exclusion.
249,8,F80.0 Specific speech articulation disorder
249,9,A specific developmental disorder in which the child's use of speech
249,10,"sounds is below the appropriate level for his or her mental age, but"
249,11,in which there is a normal level of language skills.
249,12,Diagnostic guidelines
249,13,"The age of acquisition of speech sounds, and the order in which"
249,14,"these sounds develop, show considerable individual variation."
249,15,"Normal development. At the age of 4 years, errors in speech sound"
249,16,"production are common, but the child is able to be understood easily"
249,17,"by strangers. By the age of 6-7, most speech sounds will be"
249,18,acquired. Although difficulties may remain with certain sound
249,19,"combinations, these should not result in any problems of communica-"
249,20,"tion. By the age of 11 - 12 years, mastery of almost all speech sounds"
249,21,should be acquired.
249,22,Abnormal development occurs when the child's acquisition of
249,23,"speech sounds is delayed and/or deviant, leading to: misarticulations"
249,24,in the child's speech with consequent difficulties for others in
249,25,"understanding him or her; omissions, distortions, or substitutions"
249,26,of speech sounds; and inconsistencies in the co-occurrence of sounds
249,27,(i.e. the child may produce phonemes correctly in some word
249,28,positions but not in others).
249,29,The diagnosis should be made only when the severity of the
249,30,articulation disorder is outside the limits of normal variation for
249,31,the child's mental age; nonverbal intelligence is within the normal
249,32,range; expressive and receptive language skills are within the normal
249,33,range; the articulation abnormalities are not directly attributable
249,34,"to a sensory, structural or neurological abnormality; and the"
249,35,mispronunciations are clearly abnormal in the context of colloquial
249,36,usage in the child's subculture.
249,37,236
250,1,F80 - F89 DISORDERS OF PSYCHOLOGICAL DEVELOPMENT
250,2,Includes: developmental articulation disorder
250,3,developmental phonological disorder
250,4,dyslalia
250,5,functional articulation disorder
250,6,lalling
250,7,Excludes: articulation disorder due to:
250,8,aphasia NOS (R47.0)
250,9,apraxia (R48.2)
250,10,articulation impairments associated with a developmental
250,11,"disorder of expressive or receptive language (F80.1,"
250,12,F80.2)
250,13,cleft palate or other structural abnormalities of the oral
250,14,structures involved in speech (Q35-Q38)
250,15,hearing loss (H90-H91)
250,16,mental retardation (F70-F79)
250,17,F80.1 Expressive language disorder
250,18,A specific developmental disorder in which the child's ability to use
250,19,expressive spoken language is markedly below the appropriate level
250,20,"for his or her mental age, but in which language comprehension is"
250,21,within normal limits. There may or may not be abnormalities in
250,22,articulation.
250,23,Diagnostic guidelines
250,24,Although considerable individual variation occurs in normal language
250,25,"development, the absence of single words (or word approximations)"
250,26,"by the age of 2 years, and the failure to generate simple two-word"
250,27,"phrases by 3 years, should be taken as significant signs of delay."
250,28,Later difficulties include: restricted vocabulary development; overuse
250,29,"of a small set of general words, difficulties in selecting appropriate"
250,30,"words, and word substitutions; short utterance length; immature"
250,31,"sentence structure; syntactical errors, especially omissions of word"
250,32,endings or prefixes; and misuse of or failure to use grammatical
250,33,"features such as prepositions, pronouns, articles, and verb and noun"
250,34,"inflexions. Incorrect overgeneralizations of rules may also occur, as"
250,35,may a lack of sentence fluency and difficulties in sequencing when
250,36,recounting past events.
250,37,It is frequent for impairments in spoken language to be accompanied
250,38,by delays or abnormalities in word-sound production.
250,39,237
251,1,MENTAL AND BEHAVIOURAL DISORDERS
251,2,The diagnosis should be made only when the severity of the delay
251,3,in the development of expressive language is outside the limits of
251,4,"normal variation for the child's mental age, but receptive language"
251,5,skills are within normal limits (although may often be somewhat
251,6,below average). The use of nonverbal cues (such as smiles and gesture)
251,7,"and ""internal"" language as reflected in imaginative or make-believe"
251,8,"play should be relatively intact, and the ability to communicate socially"
251,9,without words should be relatively unimpaired. The child will seek
251,10,to communicate in spite of the language impairment and will tend
251,11,"to compensate for lack of speech by use of demonstration, gesture,"
251,12,"mime, or non-speech vocalizations. However, associated difficulties"
251,13,"in peer relationships, emotional disturbance, behavioural disruption,"
251,14,"and/or overactivity and inattention are not uncommon, particularly"
251,15,in school-age children. In a minority of cases there may be some
251,16,"associated partial (often selective) hearing loss, but this should not"
251,17,be of a severity sufficient to account for the language delay.
251,18,"Inadequate involvement in conversational interchanges, or more"
251,19,"general environmental privation, may play a major or contributory"
251,20,role in the impaired development of expressive language. Where this
251,21,"is the case, the environmental causal factor should be noted by means"
251,22,of the appropriate Z code from Chapter XXI of ICD-10. The
251,23,impairment in spoken language should have been evident from
251,24,infancy without any clear prolonged phase of normal language usage.
251,25,"However, a history of apparently normal first use of a few single"
251,26,"words, followed by a setback or failure to progress, is not uncommon."
251,27,"Includes: developmental dysphasia or aphasia, expressive type"
251,28,Excludes: acquired aphasia with epilepsy [Landau - Kief f ner
251,29,syndrome] (F80.3)
251,30,"developmental aphasia or dysphasia, receptive type (F80.2)"
251,31,dysphasia and aphasia NOS (R47.0)
251,32,elective mutism (F94.0)
251,33,mental retardation (F70 - F79)
251,34,pervasive developmental disorders (F84.-)
251,35,F80.2 Receptive language disorder
251,36,A specific developmental disorder in which the child's understanding
251,37,of language is below the appropriate level for his or her mental age.
251,38,"In almost all cases, expressive language is markedly disturbed and"
251,39,abnormalities in word-sound production are common.
251,40,238
252,1,F80-F89 DISORDERS OF PSYCHOLOGICAL DEVELOPMENT
252,2,Diagnostic guidelines
252,3,Failure to respond to familiar names (in the absence of nonverbal
252,4,"clues) by the first birthday, inability to identify at least a few"
252,5,"common objects by 18 months, or failure to follow simple, routine"
252,6,instructions by the age of
252,7,2 years should be taken as significant signs
252,8,of delay. Later difficulties include inability to understand grammatical
252,9,"structures (negatives, questions, comparatives, etc.), and lack of"
252,10,"understanding of more subtle aspects of language (tone of voice,"
252,11,"gesture, etc.)."
252,12,The diagnosis should be made only when the severity of the delay
252,13,in receptive language is outside the normal limits of variation for
252,14,"the child's mental age, and when the criteria for a pervasive"
252,15,"developmental disorder are not met. In almost all cases, the"
252,16,development of expressive language is also severely delayed and
252,17,abnormalities in word-sound production are common. Of all the
252,18,"varieties of specific developmental disorders of speech and language,"
252,19,this has the highest rate of associated socio-emotional-behavioural
252,20,"disturbance. Such disturbances do not take any specific form, but"
252,21,"hyperactivity and inattention, social ineptness and isolation from"
252,22,"peers, and anxiety, sensitivity, or undue shyness are all relatively"
252,23,frequent. Children with the most severe forms of receptive language
252,24,"impairment may be somewhat delayed in their social development,"
252,25,"may echo language that they do not understand, and may show"
252,26,"somewhat restricted interest patterns. However, they differ from"
252,27,"autistic children in usually showing normal social reciprocity,"
252,28,"normal make-believe play, normal use of parents for comfort, near-"
252,29,"normal use of gesture, and only mild impairments in nonverbal"
252,30,communication. Some degree of high-frequency hearing loss is not
252,31,"infrequent, but the degree of deafness is not sufficient to account"
252,32,for the language impairment.
252,33,Includes: congenital auditory imperception
252,34,"developmental aphasia or dysphasia, receptive type"
252,35,developmental Wernicke's aphasia
252,36,word deafness
252,37,Excludes: acquired aphasia with epilepsy [Landau - Kieffner
252,38,syndrome] (F8O.3)
252,39,"autism (F84.0, F84.1)"
252,40,239
253,1,MENTAL AND BEHAVIOURAL DISORDERS
253,2,"dysphasia and aphasia, NOS (R47.0) or expressive type"
253,3,(F80.1)
253,4,elective mutism (F94.0)
253,5,language delay due to deafness (H90-H91)
253,6,mental retardation (F70-F79)
253,7,F80.3 Acquired aphasia with epilepsy [Landau - Kleffner syndrome]
253,8,"A disorder in which the child, having previously made normal"
253,9,"progress in language development, loses both receptive and expressive"
253,10,language skills but retains general intelligence. Onset of the disorder
253,11,is accompanied by paroxysmal abnormalities on the EEG (almost
253,12,"always from the temporal lobes, usually bilateral, but often with"
253,13,"more widespread disturbance), and in the majority of cases also by"
253,14,epileptic seizures. Typically the onset is between the ages of 3 and
253,15,7 years but the disorder can arise earlier or later in childhood. In
253,16,a quarter of cases the loss of language occurs gradually over a period
253,17,"of some months, but more often the loss is abrupt, with skills being"
253,18,lost over days or weeks. The temporal association between onset
253,19,"of seizures and loss of language is rather variable, with either one"
253,20,preceding the other by a few months to 2 years. It is highly
253,21,"characteristic that the impairment of receptive language is profound,"
253,22,with difficulties in auditory comprehension often being the first
253,23,"manifestation of the condition. Some children become mute, some"
253,24,"are restricted to jargon-like sounds, and some show milder deficits"
253,25,in word fluency and output often accompanied by misarticulations.
253,26,"In a few cases voice quality is affected, with a loss of normal"
253,27,inflexions. Sometimes language functions appear fluctuating in the
253,28,early phases of the disorder. Behavioural and emotional disturbances
253,29,"are quite common in the months after the initial language loss,"
253,30,but they tend to improve as the child acquires some means of
253,31,communication.
253,32,The etiology of the condition is not known but the clinical
253,33,characteristics suggest the possibility of an inflammatory encephalitic
253,34,process. The course of the disorder
253,35,is quite variable: about two-thirds
253,36,of the children are left with a more or less severe receptive language
253,37,deficit and about a third make a complete recovery.
253,38,"Excludes: acquired aphasia due to cerebral trauma, tumour or other"
253,39,known disease process
253,40,"autism (F84.0, F84.1)"
253,41,other disintegrative disorder of childhood (F84.3)
253,42,240
254,1,F80-F89 DISORDERS OF PSYCHOLOGICAL DEVELOPMENT
254,2,F80.8 Other developmental disorders of speech and language
254,3,Includes: lisping
254,4,"F80.9 Developmental disorder of speech and language, unspecified"
254,5,This category should be avoided as far as possible and should be
254,6,used only for unspecified disorders in which there is significant
254,7,impairment in the development of speech or language that cannot
254,8,"be accounted for by mental retardation, or by neurological, sensory"
254,9,or physical impairments that directly affect speech or language.
254,10,Includes: language disorder NOS
254,11,12*11 Specific developmental disorders of scholastic skills
254,12,The concept of specific developmental disorders of scholastic skills
254,13,is directly comparable to that of specific developmental disorders
254,14,of speech and language (see F80. -) and essentially the same issues
254,15,of definition and measurement apply. These are disorders in which
254,16,the normal patterns of skill acquisition are disturbed from the early
254,17,stages of development. They are not simply a consequence of a lack
254,18,"of opportunity to learn, nor are they due to any form of acquired"
254,19,"brain trauma or disease. Rather, the disorders are thought to"
254,20,stem from abnormalities in cognitive processing that derive largely
254,21,from some type of biological dysfunction. As with most other
254,22,"developmental disorders, the conditions are substantially more"
254,23,common in boys than in girls.
254,24,"Five kinds of difficulty arise in diagnosis. First, there is the need"
254,25,to differentiate the disorders from normal variations in scholastic
254,26,achievement. The considerations are similar to those in language
254,27,"disorders, and the same criteria are proposed for the assessment"
254,28,of abnormality (with the necessary modifications that arise from
254,29,"evaluation of scholastic achievement rather than language). Second,"
254,30,there is the need to take developmental course into account. This
254,31,is important for two different reasons:
254,32,(a) Severity: the significance of one year's retardation in reading
254,33,at age 7 years is quite different from that of one year's
254,34,retardation at 14 years.
254,35,(b) Change in pattern: it is common for a language delay in the
254,36,preschool years to resolve so far as spoken language is concerned
254,37,241
255,1,MENTAL AND BEHAVIOURAL DISORDERS
255,2,"but to be followed by a specific reading retardation which, in"
255,3,"turn, diminishes in adolescence; the principal problem remaining"
255,4,in early adulthood is a severe spelling disorder. The condition
255,5,is the same throughout but the pattern alters with increasing age;
255,6,the diagnostic criteria need to take into account this developmental
255,7,change.
255,8,"Third, there is the difficulty that scholastic skills have to be taught"
255,9,and learned: they are not simply a function of biological maturation.
255,10,Inevitably a child's level of skills will depend on family circumstances
255,11,"and schooling, as well as on his or her own individual characteristics."
255,12,"Unfortunately, there is no straightforward and unambiguous way"
255,13,of differentiating scholastic difficulties due to lack of adequate
255,14,experiences from those due to some individual disorder. There are
255,15,good reasons for supposing that the distinction is real and clinically
255,16,"valid but the diagnosis in individual cases is difficult. Fourth, although"
255,17,research findings provide support for the hypothesis of underlying
255,18,"abnormalities in cognitive processing, there is no easy way in the"
255,19,individual child to differentiate those that
255,20,cause reading difficulties
255,21,from those that derive from or are associated with poor reading skills.
255,22,The difficulty is compounded by the finding that reading disorders
255,23,"may stem from more than one type of cognitive abnormality. Fifth,"
255,24,there are continuing uncertainties over the best way of subdividing
255,25,the specific developmental disorders of scholastic skills.
255,26,"Children learn to read, write, spell, and perform arithmetical"
255,27,computations when they are introduced to these activities at home
255,28,and at school. Countries vary widely in the age at which formal
255,29,"schooling is started, in the syllabus followed within schools, and hence"
255,30,in the skills that children are expected to have acquired by different
255,31,ages. This disparity of expectations is greater during elementary or
255,32,primary school years (i.e. up to age about 11 years) and complicates
255,33,the issue of devising operational definitions of disorders of scholastic
255,34,skills that have cross-national validity.
255,35,"Nevertheless, within all education settings, it is clear that each"
255,36,chronological age group of schoolchildren contains a wide spread
255,37,of scholastic attainments and that some children are underachieving
255,38,in specific aspects of attainment relative to their general level of
255,39,intellectual functioning.
255,40,242
256,1,F80-F89 DISORDERS OF PSYCHOLOGICAL DEVELOPMENT
256,2,Specific developmental disorders of scholastic skills (SDDSS)
256,3,comprise groups of disorders manifested by specific and significant
256,4,impairments in learning of scholastic skills. These impairments in
256,5,learning are not the direct result of other disorders (such as mental
256,6,"retardation, gross neurological deficits, uncorrected visual or auditory"
256,7,"problems, or emotional disturbances), although they may occur"
256,8,concurrently with such conditions. SDDSS frequently occur in
256,9,conjunction with other clinical syndromes (such as attention deficit
256,10,disorder or conduct disorder) or other developmental disorders (such
256,11,as specific developmental disorder of motor function or specific
256,12,developmental disorders of speech and language).
256,13,"The etiology of SDDSS is not known, but there is an assumption"
256,14,of the primacy of biological factors which interact with nonbiological
256,15,factors (such as opportunity for learning and quality of teaching)
256,16,to produce the manifestations. Although these disorders are related
256,17,"to biological maturation, there is no implication that children with"
256,18,these disorders are simply at the lower end of a normal continuum
256,19,"and will therefore ""catch up"" with time. In many instances, traces"
256,20,of these disorders may continue through adolescence into adulthood.
256,21,"Nevertheless, it is a necessary diagnostic feature that the disorders"
256,22,were manifest in some form during the early years of schooling.
256,23,Children can fall behind in their scholastic performance at a later
256,24,"stage in their educational careers (because of lack of interest, poor"
256,25,"teaching, emotional disturbance, an increase or change in pattern"
256,26,"of task demands, etc.), but such problems do not form part of the"
256,27,concept of SDDSS.
256,28,Diagnostic guidelines
256,29,There are several basic requirements for the diagnosis of any of the
256,30,"specific developmental disorders of scholastic skills. First, there must"
256,31,be a clinically significant degree of impairment in the specified
256,32,scholastic skill. This may be judged on the basis of severity as
256,33,defined in scholastic terms (i.e. a degree that may be expected
256,34,to occur in less than 3% of schoolchildren); on developmental
256,35,precursors (i.e. the scholastic difficulties were preceded by
256,36,developmental delays or deviance
256,37,— most often in speech or language
256,38,"— in the preschool years); on associated problems (such as inattention,"
256,39,"overactivity, emotional disturbance, or conduct difficulties); on"
256,40,pattern (i.e. the presence of qualitative abnormalities that are not
256,41,usually part of normal development); and on response (i.e. the
256,42,243
257,1,MENTAL AND BEHAVIOURAL DISORDERS
257,2,scholastic difficulties do not rapidly and readily remit with increased
257,3,help at home and/or at school).
257,4,"Second, the impairment must be specific in the sense that it is not"
257,5,solely explained by mental retardation or by lesser impairments in
257,6,general intelligence. Because IQ and scholastic achievement do not
257,7,"run exactly in parallel, this distinction can be made only on the basis"
257,8,of individually administered standardized tests of achievement and
257,9,IQ that are appropriate for the relevant culture and educational
257,10,system. Such tests should be used in connection with statistical tables
257,11,that provide data on the average expected level of achievement
257,12,for any given IQ level at any given chronological age. This last
257,13,requirement is necessary because of the importance of statistical
257,14,regression effects: diagnoses based on subtractions of achievement
257,15,age from mental age are bound to be seriously misleading. In routine
257,16,"clinical practice, however, it is unlikely that these requirements will"
257,17,"be met in most instances. Accordingly, the clinical guideline is"
257,18,simply that the child's level of attainment must be very substantially
257,19,below that expected for a child of the same mental age.
257,20,"Third, the impairment must be developmental, in the sense that it"
257,21,must have been present during the early years of schooling and not
257,22,acquired later in the educational process. The history of the child's
257,23,school progress should provide evidence on this point.
257,24,"Fourth, there must be no external factors that could provide a"
257,25,"sufficient reason for the scholastic difficulties. As indicated above,"
257,26,a diagnosis of SDDSS should generally rest on positive evidence of
257,27,clinically significant disorder of scholastic achievement associated
257,28,"with factors intrinsic to the child's development. To learn effectively,"
257,29,"however, children must have adequate learning opportunities."
257,30,"Accordingly, if it is clear that the poor scholastic achievement is"
257,31,directly due to very prolonged school absence without teaching at
257,32,"home or to grossly inadequate education, the disorders should not"
257,33,be coded here. Frequent absences from school or educational
257,34,discontinuities resulting from changes in school are usually not
257,35,sufficient to give rise to scholastic retardation of the degree necessary
257,36,"for diagnosis of SDDSS. However, poor schooling may complicate"
257,37,"or add to the problem, in which case the school factors should be"
257,38,coded by means of a Z code from Chapter XXI of ICD-10.
257,39,244
258,1,F80-F89 DISORDERS OF PSYCHOLOGICAL DEVELOPMENT
258,2,"Fifth, the SDDSS must not be directly due to uncorrected visual"
258,3,or hearing impairments.
258,4,Differential diagnosis. It is clinically important to differentiate
258,5,between SDDSS that arise in the absence of any diagnosable
258,6,neurological disorder and those that are secondary to some
258,7,neurological condition such as cerebral palsy. In practice this
258,8,differentiation is often difficult to make (because of the uncertain
258,9,"significance of multiple ""soft"" neurological signs), and research"
258,10,findings do not show any clear-cut differentiation in either the
258,11,pattern or course of SDDSS according to the presence or absence
258,12,"of overt neurological dysfunction. Accordingly, although this does"
258,13,not form part of
258,14,"the diagnostic criteria, it is necessary that the presence"
258,15,of any associated disorder be separately coded in the appropriate
258,16,neurological section of the classification.
258,17,F81.0 Specific reading disorder
258,18,The main feature of this disorder is a specific and significant
258,19,"impairment in the development of reading skills, which is not solely"
258,20,"accounted for by mental age, visual acuity problems, or inadequate"
258,21,"schooling. Reading comprehension skill, reading word recognition,"
258,22,"oral reading skill, and performance of tasks requiring reading may"
258,23,all be affected. Spelling difficulties are frequently associated with
258,24,specific reading disorder and often remain into adolescence even after
258,25,some progress in reading has been made. Children with specific
258,26,reading disorder frequently have a history of specific developmental
258,27,"disorders of speech and language, and comprehensive assessment of"
258,28,current language functioning often reveals subtle contemporaneous
258,29,"difficulties. In addition to academic failure, poor school attendance"
258,30,"and problems with social adjustment are frequent complications,"
258,31,particularly in the later elementary and secondary school years. The
258,32,"condition is found in all known languages, but there is uncertainty"
258,33,as to whether or not its frequency is affected by the nature of the
258,34,language and of the written script.
258,35,Diagnostic guidelines
258,36,The child's reading performance should be significantly below
258,37,"the level expected on the basis of age, general intelligence, and"
258,38,school placement. Performance is best assessed by means of an
258,39,"individually administered, standardized test of reading accuracy and"
258,40,comprehension. The precise nature of the reading problem depends
258,41,245
259,1,MENTAL AND BEHAVIOURAL DISORDERS
259,2,"on the expected level of reading, and on the language and script."
259,3,"However, in the early stages of learning an alphabetic script, there"
259,4,"may be difficulties in reciting the alphabet, in giving the correct names"
259,5,"of letters, in giving simple rhymes for words, and in analysing or"
259,6,"categorizing sounds (in spite of normal auditory acuity). Later, there"
259,7,may be errors in oral reading skills such as shown by:
259,8,"(a) omissions, substitutions, distortions, or additions of words or"
259,9,parts of words;
259,10,(b) slow reading rate;
259,11,"(c) false starts, long hesitations or ""loss of place"" in text, and"
259,12,inaccurate phrasing; and
259,13,(d) reversals of words in sentences or of letters within words.
259,14,"There may also be deficits in reading comprehension, as shown by,"
259,15,for example:
259,16,(e) an inability to recall facts read;
259,17,(f) inability to draw conclusions or inferences from material read;
259,18,and
259,19,(g) use of general knowledge as background information rather than
259,20,of information from a particular story to answer questions about
259,21,a story read.
259,22,"In later childhood and in adult life, it is common for spelling"
259,23,difficulties to be more profound than the reading deficits. It is
259,24,characteristic that the spelling difficulties often involve phonetic
259,25,"errors, and it seems that both the reading and spelling problems may"
259,26,derive in part from an impairment in phonological analysis. Little
259,27,is known about the nature or frequency of spelling errors in children
259,28,"who have to read non-phonetic languages, and little is known about"
259,29,the types of error in non-alphabetic scripts.
259,30,Specific developmental disorders of reading are commonly preceded
259,31,by a history of disorders in speech or language development. In other
259,32,"cases, children may pass language milestones at the normal age but"
259,33,have difficulties in auditory processing as shown by problems in sound
259,34,"categorization, in rhyming, and possibly by deficits in speech sound"
259,35,"discrimination, auditory sequential memory, and auditory association."
259,36,"In some cases, too, there may be problems in visual processing (such"
259,37,"as in letter discrimination); however, these are common among"
259,38,children who are just beginning to learn to read and hence are
259,39,probably not directly causally related to the poor reading. Difficulties
259,40,246
260,1,F80-F89 DISORDERS OF PSYCHOLOGICAL DEVELOPMENT
260,2,"in attention, often associated with overactivity and impulsivity, are"
260,3,also common. The precise pattern of developmental difficulties in
260,4,"the preschool period varies considerably from child to child, as does"
260,5,their severity; nevertheless such difficulties are usually (but not
260,6,invariably) present.
260,7,Associated emotional and/or behavioural disturbances are also
260,8,common during the school-age period. Emotional problems are more
260,9,"common during the early school years, but conduct disorders and"
260,10,hyperactivity syndromes are most likely to be present in later childhood
260,11,and adolescence. Low self-esteem is common and problems in school
260,12,adjustment and in peer relationships are also frequent.
260,13,"Includes: ""backward reading"""
260,14,developmental dyslexia
260,15,specific reading retardation
260,16,spelling difficulties associated with a reading disorder
260,17,Excludes: acquired alexia and dyslexia (R48.0)
260,18,acquired reading difficulties secondary to emotional
260,19,disturbance (F93.-)
260,20,spelling disorder not associated with reading difficulties
260,21,(F81.1)
260,22,F81.1 Specific spelling disorder
260,23,The main feature of this disorder is a specific and significant
260,24,impairment in the development of spelling skills in the absence
260,25,"of a history of specific reading disorder, which is not solely"
260,26,"accounted for by low mental age, visual acuity problems, or"
260,27,inadequate schooling. The ability to spell orally and to write out
260,28,words correctly are both affected. Children whose problem is solely
260,29,"one of handwriting should not be included, but in some cases"
260,30,spelling difficulties may be associated with problems in
260,31,writing. Unlike
260,32,"the usual pattern of specific reading disorder, the spelling errors tend"
260,33,to be predominantly phonetically accurate.
260,34,Diagnostic guidelines
260,35,The child's spelling performance should be significantly below the
260,36,"level expected on the basis of his or her age, general intelligence,"
260,37,"and school placement, and"
260,38,is best assessed by means of an individually
260,39,"administered, standardized test of spelling. The child's reading skills"
260,40,247
261,1,MENTAL AND BEHAVIOURAL DISORDERS
261,2,(with respect to both accuracy and comprehension) should be within
261,3,the normal range and there should be no history of previous
261,4,significant reading difficulties. The difficulties in spelling should not
261,5,be mainly due to grossly inadequate teaching or to the direct effects
261,6,"of deficits of visual, hearing, or neurological function, and should"
261,7,"not have been acquired as a result of any neurological, psychiatric,"
261,8,or other disorder.
261,9,"Although it is known that a ""pure"" spelling disorder differs from"
261,10,"reading disorders associated with spelling difficulties, little is known"
261,11,"of the antecedents, course, correlates, or outcome of specific"
261,12,spelling disorders.
261,13,Includes: specific spelling retardation (without reading disorder)
261,14,Excludes: acquired spelling disorder (R48.8)
261,15,spelling difficulties associated with a reading disorder
261,16,(F81.0)
261,17,spelling difficulties mainly attributable to inadequate
261,18,teaching (Z55.8)
261,19,F81.2 Specific disorder of arithmetical skills
261,20,"This disorder involves a specific impairment in arithmetical skills,"
261,21,which is not solely explicable on the basis of general mental
261,22,retardation or of grossly inadequate schooling. The deficit concerns
261,23,"mastery of basic computational skills of addition, subtraction,"
261,24,"multiplication, and division (rather than of the more abstract"
261,25,"mathematical skills involved in algebra, trigonometry, geometry, or"
261,26,calculus).
261,27,Diagnostic guidelines
261,28,The child's arithmetical performance should be significantly below
261,29,"the level expected on the basis of his or her age, general intelligence,"
261,30,"and school placement, and"
261,31,is best assessed by means of an individually
261,32,"administered, standardized test of arithmetic. Reading and spelling"
261,33,skills should be within the normal range expected for the child's mental
261,34,"age, preferably as assessed on individually administered, appropriately"
261,35,standardized tests. The difficulties in arithmetic should not be
261,36,"mainly due to grossly inadequate teaching, or to the direct effects"
261,37,"of defects of visual, hearing, or neurological function, and should"
261,38,248
262,1,F80-F89 DISORDERS OF PSYCHOLOGICAL DEVELOPMENT
262,2,"not have been acquired as a result of any neurological, psychiatric,"
262,3,or other disorder.
262,4,"Arithmetical disorders have been studied less than reading disorders,"
262,5,"and knowledge of antecedents, course, correlates, and outcome is"
262,6,"quite limited. However, it seems that children with these disorders"
262,7,tend to have auditory-perceptual and verbal skills within the normal
262,8,"range, but impaired visuo-spatial and visual-perceptual skills; this"
262,9,is in contrast to many children with reading disorders. Some children
262,10,have associated socio-emotional-behavioural problems but little is
262,11,known about their characteristics or frequency. It has been suggested
262,12,that difficulties in social interactions may be particularly common.
262,13,The arithmetical difficulties that occur are various but may include:
262,14,failure to understand the concepts underlying particular arithmetical
262,15,operations; lack of understanding of mathematical terms or signs;
262,16,failure to recognize numerical symbols; difficulty in carrying out
262,17,standard arithmetical manipulations; difficulty
262,18,in understanding which
262,19,numbers are relevant to the arithmetical problem being considered;
262,20,difficulty in properly aligning numbers or in inserting decimal points
262,21,or symbols during calculations; poor spatial organization of
262,22,arithmetical calculations; and inability to learn multiplication tables
262,23,satisfactorily.
262,24,Includes: developmental acalculia
262,25,developmental arithmetical disorder
262,26,developmental Gerstmann syndrome
262,27,Excludes: acquired arithmetical disorder (acalculia) (R48.8)
262,28,arithmetical difficulties associated with a reading or
262,29,spelling disorder (F81.1)
262,30,arithmetical difficulties mainly attributable to inadequate
262,31,teaching (Z55.8)
262,32,F81.3 Mixed disorder of scholastic skills
262,33,"This is an ill-defined, inadequately conceptualized (but necessary)"
262,34,residual category of disorders in which both arithmetical and reading
262,35,"or spelling skills are significantly impaired, but in which the disorder"
262,36,is not solely explicable in terms of general mental retardation or
262,37,inadequate schooling. It should be used for disorders meeting the
262,38,criteria for F81.2 and either F81.0 or F81.1.
262,39,249
263,1,MENTAL AND BEHAVIOURAL DISORDERS
263,2,Excludes: specific disorder of arithmetical skills (F81.2)
263,3,specific reading disorder (F81.0)
263,4,specific spelling disorder (F81.1)
263,5,F81.8 Other developmental disorders of scholastic skills
263,6,Includes: developmental expressive writing disorder
263,7,"F81.9 Developmental disorder of scholastic skills, unspecified"
263,8,This category should be avoided as far as possible and should be
263,9,used only for unspecified disorders in which there is a significant
263,10,disability of learning that cannot be solely accounted for by mental
263,11,"retardation, visual acuity problems, or inadequate schooling."
263,12,Includes: knowledge acquisition disability NOS
263,13,learning disability NOS
263,14,learning disorder NOS
263,15,•a:Ki Specific developmental disorder of motor function
263,16,The main feature of this disorder is a serious impairment in the
263,17,development of motor coordination that is not solely explicable in
263,18,terms of general intellectual retardation or of any specific congenital
263,19,or acquired neurological disorder (other than the one that may
263,20,be implicit in the coordination abnormality). It is usual for the
263,21,motor clumsiness to be associated with some degree of impaired
263,22,performance on visuo-spatial cognitive tasks.
263,23,Diagnostic guidelines
263,24,"The child's motor coordination, on fine or gross motor tasks, should"
263,25,be significantly below the level expected on the basis of his or her
263,26,age and general intelligence. This is best assessed on the basis of
263,27,"an individually administered, standardized test of fine and gross motor"
263,28,coordination. The difficulties in co-ordination should have been
263,29,present since early in development (i.e. they should not constitute
263,30,"an acquired deficit), and they should not be a direct result of any"
263,31,defects of vision or hearing or of any diagnosable neurological
263,32,disorder.
263,33,The extent to which the disorder mainly involves fine or gross motor
263,34,"coordination varies, and the particular pattern of motor disabilities"
263,35,250
264,1,F80-F89 DISORDERS OF PSYCHOLOGICAL DEVELOPMENT
264,2,varies with age. Developmental motor milestones may be delayed
264,3,and there may be some associated speech difficulties (especially
264,4,involving articulation). The young child may be awkward in general
264,5,"gait, being slow to learn to run, hop, and go up and down stairs."
264,6,"There is likely to be difficulty learning to tie shoe laces, to fasten"
264,7,"and unfasten buttons, and to throw and catch balls. The child may"
264,8,be generally clumsy in fine and/or gross movements - tending to
264,9,"drop things, to stumble, to bump into obstacles, and to have poor"
264,10,"handwriting. Drawing skills are usually poor, and children with this"
264,11,"disorder are often poor at jigsaw puzzles, using constructional toys,"
264,12,"building models, ball games, and drawing and understanding maps."
264,13,In most cases a careful clinical examination shows marked
264,14,neurodevelopmental immaturities such as choreiform movements of
264,15,"unsupported limbs, or mirror movements and other associated motor"
264,16,"features, as well as signs of poor fine and gross motor coordination"
264,17,"(generally described as ""soft"" neurological signs because of their"
264,18,normal occurrence in younger children and their lack of localizing
264,19,value). Tendon reflexes may be increased or decreased bilaterally
264,20,but will not be asymmetrical.
264,21,Scholastic difficulties occur in some children and may occasionally
264,22,be severe; in some cases there are associated socio-emotional-
264,23,"behavioural problems, but little is known of their frequency or"
264,24,characteristics.
264,25,There is no diagnosable neurological disorder (such as cerebral palsy
264,26,"or muscular dystrophy). In some cases, however, there is a history"
264,27,"of perinatal complications, such as very low birth weight or"
264,28,markedly premature birth.
264,29,"The clumsy child syndrome has often been diagnosed as ""minimal"
264,30,"brain dysfunction"", but this term is not recommended as it has so"
264,31,many different and contradictory meanings.
264,32,Includes: clumsy child syndrome
264,33,developmental coordination disorder
264,34,developmental dyspraxia
264,35,Excludes: abnormalities of gait and mobility (R26.-)
264,36,lack of coordination (R27. -) secondary to either mental
264,37,251
265,1,MENTAL AND BEHAVIOURAL DISORDERS
265,2,retardation (F70-F79) or some specific diagnosable
265,3,neurological disorder (G00-G99)
265,4,|2£| Mixed specific developmental disorders
265,5,"This is an ill-defined, inadequately conceptualized (but necessary)"
265,6,residual category of disorders in which there is some admixture of
265,7,"specific developmental disorders of speech and language, of scholastic"
265,8,"skills, and/or of motor function, but in which none predominates"
265,9,sufficiently to constitute the prime diagnosis. It is common for each
265,10,of these specific developmental disorders to be associated with some
265,11,"degree of general impairment of cognitive functions, and this mixed"
265,12,"category should be used only when there is a major overlap. Thus,"
265,13,the category should be used when there are dysfunctions meeting
265,14,"the criteria for two or more of F80.-,"
265,15,"F81.-, and F82."
265,16,EH Pervasive developmental disorders
265,17,This group of disorders is characterized by qualitative abnormalities
265,18,"in reciprocal social interactions and in patterns of communication,"
265,19,"and by restricted, stereotyped, repetitive repertoire of interests and"
265,20,activities. These qualitative abnormalities are a pervasive feature of
265,21,"the individual's functioning in all situations, although they may vary"
265,22,"in degree. In most cases, development is abnormal from infancy and,"
265,23,"with only a few exceptions, the conditions become manifest during"
265,24,"the first 5 years of life. It is usual, but not invariable, for there to"
265,25,be some degree of general cognitive impairment but the disorders
265,26,are defined in terms of
265,27,behaviour that is deviant in relation to mental
265,28,age (whether the individual is retarded or not). There is some
265,29,disagreement on the subdivision of this overall group of pervasive
265,30,developmental disorders.
265,31,"In some cases the disorders are associated with, and presumably due"
265,32,"to, some medical condition, of which infantile spasms, congenital"
265,33,"rubella, tuberous sclerosis, cerebral lipidosis, and the fragile X"
265,34,"chromosome anomaly are among the most common. However, the"
265,35,"disorder should be diagnosed on the basis of the behavioural features,"
265,36,irrespective of the presence or absence of any associated medical
265,37,"conditions; any such associated condition must, nevertheless, be"
265,38,252
266,1,F80-F89 DISORDERS OF PSYCHOLOGICAL DEVELOPMENT
266,2,"separately coded. If mental retardation is present, it is important"
266,3,"that it too should be separately coded, under F70-F79, because it"
266,4,is not a universal feature of the pervasive developmental disorders.
266,5,F84.0 Childhood autism
266,6,A pervasive developmental disorder defined by the presence of
266,7,abnormal and/or impaired development that is manifest before
266,8,"the age of 3 years, and by the characteristic type of abnormal"
266,9,"functioning in all three areas of social interaction, communication,"
266,10,"and restricted, repetitive behaviour. The disorder occurs in boys three"
266,11,to four times more often than in girls.
266,12,Diagnostic guidelines
266,13,Usually there is no prior period of unequivocally normal development
266,14,"but, if there is, abnormalities become apparent before the age of"
266,15,3 years. There are always qualitative impairments in reciprocal social
266,16,interaction. These take the form of an inadequate appreciation of
266,17,"socio-emotional cues, as shown by a lack of responses to other"
266,18,people's emotions and/or a lack of modulation of behaviour
266,19,according to social context; poor use of social signals and a weak
266,20,"integration of social, emotional, and communicative behaviours; and,"
266,21,"especially, a lack of socio-emotional reciprocity. Similarly, qualitative"
266,22,impairments in communications are universal. These take the form
266,23,of a lack of social usage of whatever language skills are present;
266,24,impairment in make-believe and social imitative play; poor synchrony
266,25,and lack of reciprocity in conversational interchange; poor flexibility
266,26,in language expression and a relative lack of creativity and fantasy
266,27,in thought processes; lack of emotional response to other people's
266,28,verbal and nonverbal overtures; impaired use of variations in cadence
266,29,or emphasis to reflect communicative modulation; and a similar lack
266,30,of accompanying gesture to provide emphasis or aid meaning in
266,31,spoken communication.
266,32,"The condition is also characterized by restricted, repetitive, and"
266,33,"stereotyped patterns of behaviour, interests, and activities. These take"
266,34,the form of a tendency to impose rigidity and routine on a wide
266,35,range of aspects of day-to day functioning; this usually applies to
266,36,novel activities as well as to familiar habits and play patterns. In
266,37,"early childhood particularly, there may be specific attachment to"
266,38,"unusual, typically non-soft objects. The children may insist on the"
266,39,performance of particular routines in rituals of a nonfunctional
266,40,253
267,1,MENTAL AND BEHAVIOURAL DISORDERS
267,2,character; there may be stereotyped preoccupations with interests
267,3,"such as dates, routes or timetables; often there are motor stereotypies;"
267,4,a specific interest in nonfunctional elements of objects (such as their
267,5,smell or feel) is common; and there may be a resistance to changes
267,6,in routine or in details of the personal environment (such as the move-
267,7,ment of ornaments or furniture in the family home).
267,8,"In addition to these specific diagnostic features, it is frequent for"
267,9,children with autism to show a range of other nonspecific problems
267,10,"such as fear/phobias, sleeping and eating disturbances, temper"
267,11,"tantrums, and aggression. Self-injury (e.g. by wrist-biting) is fairly"
267,12,"common, especially when there"
267,13,is associated severe mental retardation.
267,14,"Most individuals with autism lack spontaneity, initiative, and creativity"
267,15,in the organization of their leisure time and have difficulty applying
267,16,conceptualizations in decision-making in work (even when the tasks
267,17,themselves are well within their capacity). The specific manifestation
267,18,"of deficits characteristic of autism change as the children grow older,"
267,19,but the deficits continue into and through adult life with a broadly
267,20,"similar pattern of problems in socialization, communication, and"
267,21,interest patterns. Developmental abnormalities must have been
267,22,"present in the first 3 years for the diagnosis to be made, but the"
267,23,syndrome can be diagnosed in all age groups.
267,24,"All levels of IQ can occur in association with autism, but there is"
267,25,significant mental retardation in some three-quarters of cases.
267,26,Includes: autistic disorder
267,27,infantile autism
267,28,infantile psychosis
267,29,Kanner's syndrome
267,30,Differential diagnosis. Apart from the other varieties of pervasive
267,31,developmental disorder it is important to consider: specific
267,32,developmental disorder of receptive language (F80.2) with secondary
267,33,socio-emotional problems; reactive attachment disorder (F94.1) or
267,34,disinhibited attachment disorder (F94.2); mental retardation
267,35,(F70-F79) with some associated emotional/behavioural disorder;
267,36,schizophrenia
267,37,(F20. -) of unusually early onset; and Rett's syndrome
267,38,(F84.2).
267,39,Excludes: autistic psychopathy (F84.5)
267,40,254
268,1,F80-F89 DISORDERS OF PSYCHOLOGICAL DEVELOPMENT
268,2,F84.1 Atypical autism
268,3,A pervasive developmental disorder that differs from autism in terms
268,4,either of age of onset or of failure to fulfil all three sets of diagnostic
268,5,"criteria. Thus, abnormal and/or impaired development becomes"
268,6,manifest for the first time only after age 3 years; and/or there are
268,7,insufficient demonstrable abnormalities in one or two of the three
268,8,areas of psychopathology required for the diagnosis of autism
268,9,"(namely, reciprocal social interactions, communication, and"
268,10,"restrictive, stereotyped, repetitive behaviour) in spite of characteristic"
268,11,abnormalities in the other area(s). Atypical autism arises most
268,12,often in profoundly retarded individuals whose very low level of
268,13,functioning provides little scope for exhibition of the specific
268,14,deviant behaviours required for the diagnosis of autism; it also
268,15,occurs in individuals with a severe specific developmental disorder
268,16,of receptive language. Atypical autism thus constitutes a meaningfully
268,17,separate condition from autism.
268,18,Includes: atypical childhood psychosis
268,19,mental retardation with autistic features
268,20,F84.2 Rett's syndrome
268,21,"A condition of unknown cause, so far reported only in girls, which"
268,22,"has been differentiated on the basis of a characteristic onset, course,"
268,23,"and pattern of symptomatology. Typically, apparently normal or"
268,24,near-normal early development is followed by partial or complete
268,25,"loss of acquired hand skills and of speech, together with deceleration"
268,26,"in head growth, usually with an onset between 7 and 24 months of"
268,27,"age. Hand-wringing stereotypies, hyperventilation and loss of"
268,28,purposive hand movements are particularly characteristic. Social and
268,29,"play development are arrested in the first 2 or 3 years, but social"
268,30,"interest tends to be maintained. During middle childhood, trunk ataxia"
268,31,"and apraxia, associated with scoliosis or kyphoscoliosis tend to develop"
268,32,and sometimes there are choreoathetoid movements. Severe mental
268,33,handicap invariably results. Fits frequently develop during early or
268,34,middle childhood.
268,35,Diagnostic
268,36,guidelines
268,37,In most cases onset is between 7 and 24 months of age. The most
268,38,characteristic feature is a loss of purposive hand movements and
268,39,"acquired fine motor manipulative skills. This is accompanied by loss,"
268,40,partial loss or lack of development of language; distinctive stereotyped
268,41,255
269,1,MENTAL AND BEHAVIOURAL DISORDERS
269,2,"tortuous wringing or ""hand-washing"" movements, with the arms"
269,3,flexed in front of the chest or chin; stereotypic wetting of the hands
269,4,with saliva; lack of proper chewing of food; often episodes of
269,5,hyperventilation; almost always a failure to gain bowel and bladder
269,6,control; often excessive drooling and protrusion of the tongue;
269,7,"and a loss of social engagement. Typically, the children retain a"
269,8,"kind of ""social smile"", looking at or ""through"" people, but not"
269,9,interacting socially with them in early childhood (although social
269,10,interaction often develops later). The stance and gait tend to become
269,11,"broad-based, the muscles are hypotonic, trunk movements usually"
269,12,"become poorly coordinated, and scoliosis or kyphoscoliosis usually"
269,13,"develops. Spinal atrophies, with severe motor disability, develop in"
269,14,adolescence or adulthood in about half
269,15,"the cases. Later, rigid spasticity"
269,16,"may become manifest, and is usually more pronounced in the lower"
269,17,"than in the upper limbs. Epileptic fits, usually involving some type"
269,18,"of minor attack, and with an onset generally before the age of"
269,19,"8 years, occur in the majority of cases. In contrast to autism, both"
269,20,deliberate self-injury and complex stereotyped preoccupations or
269,21,routines are rare.
269,22,Differential
269,23,"diagnosis. Initially, Rett's syndrome is differentiated"
269,24,"primarily on the basis of the lack of purposive hand movements,"
269,25,"deceleration of head growth, ataxia, stereotypic ""hand-washing"""
269,26,"movements, and lack of proper chewing. The course of the disorder,"
269,27,"in terms of progressive motor deterioration, confirms the diagnosis."
269,28,F84.3 Other childhood disintegrate disorder
269,29,A pervasive developmental disorder (other than Rett's syndrome)
269,30,"that is defined by a period of normal development before onset,"
269,31,"and by a definite loss, over the course of a few months, of previously"
269,32,"acquired skills in at least several areas of development, together with"
269,33,"the onset of characteristic abnormalities of social, communicative,"
269,34,and behavioural functioning. Often there is a prodromic period of
269,35,"vague illness; the child becomes restive, irritable, anxious, and"
269,36,overactive. This is followed by impoverishment and then loss of speech
269,37,"and language, accompanied by behavioural disintegration. In some"
269,38,cases the loss of skills is persistently progressive (usually when the
269,39,disorder is associated with a progressive diagnosable neurological
269,40,"condition), but more often the decline over a period of some months"
269,41,is followed by a plateau and then a limited improvement. The
269,42,"prognosis is usually very poor, and most individuals are left with"
269,43,256
270,1,F80-F89 DISORDERS OF PSYCHOLOGICAL DEVELOPMENT
270,2,severe mental retardation. There is uncertainty about the extent to
270,3,which this condition differs from autism. In some cases the disorder
270,4,"can be shown to be due to some associated encephalopathy, but the"
270,5,diagnosis should be made on the behavioural features. Any associated
270,6,neurological condition should be separately coded.
270,7,Diagnostic guidelines
270,8,Diagnosis is based on an apparently normal development up to the
270,9,"age of at least 2 years, followed by a definite loss of previously"
270,10,acquired skills; this is accompanied by qualitatively abnormal social
270,11,"functioning. It is usual for there to be a profound regression in,"
270,12,"or loss of, language, a regression in the level of play, social skills,"
270,13,"and adaptive behaviour, and often a loss of bowel or bladder"
270,14,"control, sometimes with a deteriorating motor control. Typically,"
270,15,"this is accompanied by a general loss of interest in the environment,"
270,16,"by stereotyped, repetitive motor mannerisms, and by an autistic-like"
270,17,impairment of social interaction and communication. In some
270,18,"respects, the syndrome resembles dementia in adult life, but it differs"
270,19,in three key respects: there is usually no evidence of any identifiable
270,20,organic disease or damage (although organic brain dysfunction of
270,21,some type is usually inferred); the loss of skills may be followed
270,22,by a degree of recovery; and the impairment in socialization and
270,23,communication has deviant qualities typical of autism rather than
270,24,of intellectual decline. For all these reasons the syndrome is included
270,25,here rather than under F00-F09.
270,26,Includes: dementia infantilis
270,27,disintegrative psychosis
270,28,Heller's syndrome
270,29,symbiotic psychosis
270,30,Excludes: acquired aphasia with epilepsy (F8O.3)
270,31,elective mutism (F94.0)
270,32,Rett's syndrome (F84.2)
270,33,schizophrenia (F20. -)
270,34,F84.4 Overactive disorder associated with mental retardation and
270,35,stereotyped movements
270,36,This is an ill-defined disorder of uncertain nosological validity. The
270,37,category is included here because of the evidence that children with
270,38,moderate to severe mental retardation (IQ below 50) who exhibit
270,39,257
271,1,MENTAL AND BEHAVIOURAL DISORDERS
271,2,major problems in hyperactivity and inattention frequently show
271,3,stereotyped behaviours; such children tend not to benefit from
271,4,stimulant drugs (unlike those with an IQ in the normal range)
271,5,and may exhibit a severe dysphoric reaction (sometimes with
271,6,psychomotor retardation) when given stimulants; in adolescence
271,7,the overactivity tends to be replaced by underactivity (a pattern
271,8,that is not usual in hyperkinetic children with normal intelligence).
271,9,It is also common for the syndrome to be associated with a variety
271,10,"of developmental delays, either specific or global."
271,11,The extent to which the behavioural pattern is a function of low
271,12,"IQ or of organic brain damage is not known, neither is it clear whether"
271,13,the disorders in children with mild mental retardation who show the
271,14,hyperkinetic syndrome would be better classified here or under F90. -;
271,15,at present they are included in F90 -.
271,16,Diagnostic guidelines
271,17,Diagnosis depends on the combination of developmentally inap-
271,18,"propriate severe overactivity, motor stereotypies, and moderate to"
271,19,"severe mental retardation, all three must be present for the diagno-"
271,20,"sis. If the diagnostic criteria for F84.0, F84.1 or F84.2 are met, that"
271,21,condition should be diagnosed instead.
271,22,F84.5 Asperger's syndrome
271,23,"A disorder of uncertain nosological validity, characterized by"
271,24,the same kind of qualitative abnormalities of reciprocal social
271,25,"interaction that typify autism, together with a restricted, stereotyped,"
271,26,repetitive repertoire of interests and activities. The disorder differs
271,27,from autism primarily in that there is no general delay or retardation
271,28,in language or in cognitive development. Most individuals are of
271,29,normal general intelligence but it is common for them to be
271,30,markedly clumsy; the condition occurs predominantly in boys (in
271,31,a ratio of about eight boys to one girl). It seems highly likely that
271,32,"at least some cases represent mild varieties of autism, but it is"
271,33,uncertain whether or not that is so for all. There is a strong tendency
271,34,for the abnormalities to persist into adolescence and adult life and
271,35,it seems that they represent individual characteristics that are not
271,36,greatly affected by environmental influences. Psychotic episodes
271,37,occasionally occur in early adult life.
271,38,258
272,1,F80-F89 DISORDERS OF PSYCHOLOGICAL DEVELOPMENT
272,2,Diagnostic guidelines
272,3,Diagnosis is based on the combination of a lack of any clinically
272,4,"significant general delay in language or cognitive development plus,"
272,5,"as with autism, the presence of qualitative deficiencies in reciprocal"
272,6,"social interaction and restricted, repetitive, stereotyped patterns of"
272,7,"behaviour, interests, and activities. There may or may not be"
272,8,"problems in communication similar to those associated with autism,"
272,9,but significant language retardation would rule out the diagnosis.
272,10,Includes: autistic psychopathy
272,11,schizoid disorder of childhood
272,12,Excludes: anankastic personality disorder (F60.5)
272,13,attachment disorders of childhood
272,14,"(F94.1, F94.2)"
272,15,obsessive - compulsive disorder (F42.-)
272,16,schizotypal disorder (F21)
272,17,simple schizophrenia (F20.6)
272,18,F84.8 Other pervasive developmental disorders
272,19,"F84.9 Pervasive developmental disorder, unspecified"
272,20,This is a residual diagnostic category that should be used for disorders
272,21,which fit the general description for pervasive developmental disorders
272,22,"but in which a lack of adequate information, or contradictory"
272,23,"findings, means that the criteria for any of the other F84 codes"
272,24,cannot be met.
272,25,E3 Other disorders of psychological development
272,26,Includes: developmental agnosia
272,27,|g£] Unspecified disorder of psychological development
272,28,Includes: developmental disorder NOS
272,29,259
273,1,MENTAL AND BEHAVIOURAL DISORDERS
273,2,F90 - F98
273,3,Behavioural and emotional disorders with onset usually
273,4,occurring in childhood and adolescence
273,5,F99 Unspecified mental disorder
273,6,Overview of this section
273,7,F90 Hyperkinetic disorders
273,8,F90.0 Disturbance of activity and attention
273,9,F90.1 Hyperkinetic conduct disorder
273,10,F90.8 Other hyperkinetic disorders
273,11,"F90.9 Hyperkinetic disorder, unspecified"
273,12,F91 Conduct disorders
273,13,F91.0 Conduct disorder confined to the family context
273,14,F91.1 Unsocialized conduct disorder
273,15,F91.2 Socialized conduct disorder
273,16,F91.3 Oppositional defiant disorder
273,17,F91.8 Other conduct disorders
273,18,"F91.9 Conduct disorder, unspecified"
273,19,F92 Mixed disorders of conduct and emotions
273,20,F92.0 Depressive conduct disorder
273,21,F92.8 Other mixed disorders of conduct and emotions
273,22,"F92.9 Mixed disorder of conduct and emotions, unspecified"
273,23,F93 Emotional disorders with onset specific to childhood
273,24,F93.0 Separation anxiety disorder of childhood
273,25,F93.1 Phobic anxiety disorder of childhood
273,26,F93.2 Social anxiety disorder of childhood
273,27,F93.3 Sibling rivalry disorder
273,28,F93.8 Other childhood emotional disorders
273,29,"F93.9 Childhood emotional disorder, unspecified"
273,30,F94 Disorders of social functioning with onset specific to childhood and
273,31,adolescence
273,32,F94.0 Elective mutism
273,33,F94.1 Reactive attachment disorder of childhood
273,34,260
274,1,F90-F98 DISORDERS OF CHILDHOOD AND ADOLESCENCE
274,2,F94.2 Disinhibited attachment disorder of childhood
274,3,F94.8 Other childhood disorders of social functioning
274,4,"F94.9 Childhood disorder of social functioning, unspecified"
274,5,F95 Tic disorders
274,6,F95.0 Transient tic disorder
274,7,F95.1 Chronic motor or vocal tic disorder
274,8,F95.2 Combined vocal and multiple motor tic disorder [de la
274,9,Tourette's syndrome]
274,10,F95.8 Other tic disorders
274,11,"F95.9 Tic disorder, unspecified"
274,12,F98 Other behavioural and emotional disorders with onset usually occurring
274,13,in childhood and adolescence
274,14,F98.0 Nonorganic enuresis
274,15,F98.1 Nonorganic encopresis
274,16,F98.2 Feeding disorder of infancy and childhood
274,17,F98.3 Pica of infancy and childhood
274,18,F98.4 Stereotyped movement disorders
274,19,F98.5 Stuttering [stammering]
274,20,F98.6 Cluttering
274,21,F98.8 Other specified behavioural and emotional disorders with onset
274,22,usually occurring in childhood and adolescence
274,23,F98.9 Unspecified behavioural and emotional disorders with onset
274,24,usually occurring in childhood and adolescence
274,25,"F99 Mental disorder, not otherwise specified"
274,26,261
275,1,MENTAL AND BEHAVIOURAL DISORDERS
275,2,•ssiii Hyperkinetic disorders
275,3,This group of disorders is characterized by: early onset; a combi-
275,4,"nation of overactive, poorly modulated behaviour with marked"
275,5,inattention and lack of persistent task involvement; and pervasiveness
275,6,over situations and persistence over time of these behavioural
275,7,characteristics.
275,8,It is widely thought that constitutional abnormalities play a crucial
275,9,"role in the genesis of these disorders, but knowledge on specific"
275,10,etiology is lacking at present. In recent years the use of the diagnostic
275,11,"term ' 'attention deficit disorder"" for these syndromes has been"
275,12,promoted. It has not been used here because it implies a knowledge
275,13,"of psychological processes that is not yet available, and it suggests"
275,14,"the inclusion of anxious, preoccupied, or * 'dreamy"" apathetic children"
275,15,"whose problems are probably different. However, it is clear that,"
275,16,"from the point of view of behaviour, problems of inattention"
275,17,constitute a central feature of these hyperkinetic syndromes.
275,18,Hyperkinetic disorders always arise early in development (usually
275,19,in the first 5 years of life). Their chief characteristics are lack of
275,20,"persistence in activities that require cognitive involvement, and a"
275,21,tendency to move from one activity to another without completing
275,22,"any one, together with disorganized, ill-regulated, and excessive"
275,23,activity. These problems usually persist through school years and
275,24,"even into adult life, but many affected individuals show a gradual"
275,25,improvement in activity and attention.
275,26,Several other abnormalities may be associated with these disorders.
275,27,"Hyperkinetic children are often reckless and impulsive, prone to"
275,28,"accidents, and find themselves in disciplinary trouble because of"
275,29,unthinking (rather than deliberately defiant) breaches of rules.
275,30,"Their relationships with adults are often socially disinhibited,"
275,31,with a lack of normal caution and reserve; they are unpopular with
275,32,other children and may become isolated. Cognitive impairment is
275,33,"common, and specific delays in motor and language development"
275,34,are disproportionately frequent.
275,35,Secondary complications include dissocial behaviour and low
275,36,self-esteem. There is accordingly considerable overlap between
275,37,hyperkinesis and other patterns of disruptive behaviour such as
275,38,262
276,1,F90-F98 DISORDERS OF CHILDHOOD AND ADOLESCENCE
276,2,"""unsocialized conduct disorder"". Nevertheless, current evidence"
276,3,favours the separation of a group in which hyperkinesis is the main
276,4,problem.
276,5,Hyperkinetic disorders are several times more frequent in boys than
276,6,in girls. Associated reading difficulties (and/or other scholastic
276,7,problems) are common.
276,8,Diagnostic guidelines
276,9,The cardinal features are impaired attention and overactivity: both
276,10,are necessary for the diagnosis and should be evident in more than
276,11,"one situation (e.g. home, classroom, clinic)."
276,12,Impaired attention is manifested by prematurely breaking off from
276,13,tasks and leaving activities unfinished. The children change frequently
276,14,"from one activity to another, seemingly losing interest in one task"
276,15,because they become diverted to another (although laboratory studies
276,16,do not generally show an unusual degree of sensory or perceptual
276,17,distractibility). These deficits in persistence and attention should be
276,18,diagnosed only if they are excessive for the child's age and IQ.
276,19,"Overactivity implies excessive restlessness, especially in situations"
276,20,"requiring relative calm. It may, depending upon the situation,"
276,21,"involve the child running and jumping around, getting up from a"
276,22,"seat when he or she was supposed to remain seated, excessive"
276,23,"talkativeness and noisiness, or fidgeting and wriggling. The standard"
276,24,for judgement should be that the activity is excessive in the context
276,25,of what is expected in the situation and by comparison with other
276,26,children of the same age and IQ. This behavioural feature is most
276,27,"evident in structured, organized situations that require a high degree"
276,28,of behavioural self-control.
276,29,The associated features are not sufficient for the diagnosis or even
276,30,"necessary, but help to sustain it. Disinhibition in social relationships,"
276,31,"recklessness in situations involving some danger, and impulsive"
276,32,flouting of social rules (as shown by intruding on or interrupting
276,33,"others' activities, prematurely answering questions before they have"
276,34,"been completed, or difficulty in waiting turns) are all characteristic"
276,35,of children with this disorder.
276,36,263
277,1,MENTAL AND BEHAVIOURAL DISORDERS
277,2,"Learning disorders and motor clumsiness occur with undue frequency,"
277,3,and should be noted separately (under F80 - F89) when present; they
277,4,"should not, however, be part of the actual diagnosis of hyperkinetic"
277,5,disorder.
277,6,Symptoms of conduct disorder are neither exclusion nor inclusion
277,7,"criteria for the main diagnosis, but their presence or absence"
277,8,constitutes the basis for the main subdivision of the disorder
277,9,(see below).
277,10,The characteristic behaviour problems should be of early onset (before
277,11,"age 6 years) and long duration. However, before the age of school"
277,12,"entry, hyperactivity is difficult to recognize because of the wide"
277,13,normal variation: only extreme levels should lead to a diagnosis in
277,14,preschool children.
277,15,Diagnosis of hyperkinetic disorder can still be made in adult life.
277,16,"The grounds are the same, but attention and activity must be judged"
277,17,with reference to developmentally appropriate norms. When
277,18,"hyper kinesis was present in childhood, but has disappeared and been"
277,19,"succeeded by another condition, such as dissocial personality disorder"
277,20,"or substance abuse, the current condition rather than the earlier one"
277,21,is coded.
277,22,Differential
277,23,"diagnosis. Mixed disorders are common, and pervasive"
277,24,developmental disorders take precedence when they are present. The
277,25,major problems in diagnosis lie in differentiation from conduct
277,26,"disorder: when its criteria are met, hyperkinetic disorder is diagnosed"
277,27,"with priority over conduct disorder. However, milder degrees of"
277,28,overactivity and inattention are common in conduct disorder. When
277,29,"features of both hyperactivity and conduct disorder are present, and"
277,30,"the hyperactivity is pervasive and severe, ""hyperkinetic conduct"
277,31,"disorder"" (F90.1) should be the diagnosis."
277,32,A further problem stems from the fact that overactivity and
277,33,"inattention, of a rather different kind from that which is characteristic"
277,34,"of a hyperkinetic disorder, may arise as a symptom of anxiety or"
277,35,"depressive disorders. Thus, the restlessness that is typically part of"
277,36,an agitated depressive disorder should not lead to a diagnosis of
277,37,"a hyperkinetic disorder. Equally, the restlessness that is often part"
277,38,of severe anxiety should not lead to the diagnosis of a hyperkinetic
277,39,264
278,1,F90 - F98 DISORDERS OF CHILDHOOD AND ADOLESCENCE
278,2,"disorder. If the criteria for one of the anxiety disorders (F40. -,"
278,3,"F41. - , F43. - , or F93. -) are met, this should take precedence over"
278,4,"hyperkinetic disorder unless there is evidence, apart from the"
278,5,"restlessness associated with anxiety, for the additional presence of"
278,6,"a hyperkinetic disorder. Similarly, if the criteria for a mood disorder"
278,7,"(F30-F39) are met, hyperkinetic disorder should not be diagnosed"
278,8,in addition simply because concentration is impaired and there is
278,9,psychomotor agitation. The double diagnosis should be made only
278,10,when symptoms that are not simply part of the mood disturbance
278,11,clearly indicate the separate presence of a hyperkinetic disorder.
278,12,Acute onset of hyperactive behaviour in a child of school age is more
278,13,probably due to some type of reactive disorder (psychogenic or
278,14,"organic), manic state, schizophrenia, or neurological disease (e.g."
278,15,rheumatic fever).
278,16,Excludes: anxiety disorders (F41.- or F93.0)
278,17,mood [affective] disorders (F30-F39)
278,18,pervasive developmental disorders (F84.-)
278,19,schizophrenia (F20.-)
278,20,F90.0 Disturbance of activity and attention
278,21,There is continuing uncertainty over the most satisfactory subdivision
278,22,"of hyperkinetic disorders. However, follow-up studies show that the"
278,23,outcome in adolescence and adult life is much influenced by whether
278,24,"or not there is associated aggression, delinquency, or dissocial"
278,25,"behaviour. Accordingly, the main subdivision is made according to"
278,26,the presence or absence of these associated features. The code used
278,27,should be F90.0 when the overall criteria for hyperkinetic disorder
278,28,(F90. -) are met but those for F91. - (conduct disorders) are not.
278,29,Includes: attention deficit disorder or syndrome with hyperactivity
278,30,attention deficit hyperactivity disorder
278,31,Excludes: hyperkinetic disorder associated with conduct disorder
278,32,(F90.1)
278,33,F90.1 Hyperkinetic conduct disorder
278,34,This coding should be used when both the overall criteria for
278,35,hyperkinetic disorders (F90. -) and the overall criteria for conduct
278,36,disorders (F91.-) are met.
278,37,265
279,1,MENTAL AND BEHAVIOURAL DISORDERS
279,2,F90.8 Other hyperkinetic disorders
279,3,"F90.9 Hyperkinetic disorder, unspecified"
279,4,This residual category is not recommended and should be used only
279,5,when there is a lack of differentiation between F90.0 and F90.1 but
279,6,the overall criteria for F90. - are fulfilled.
279,7,Includes: hyperkinetic reaction or syndrome of childhood or
279,8,adolescence NOS
279,9,•asiB Conduct disorders
279,10,Conduct disorders are characterized by a repetitive and persistent
279,11,"pattern of dissocial, aggressive, or defiant conduct. Such behaviour,"
279,12,"when at its most extreme for the individual, should amount to major"
279,13,"violations of age-appropriate social expectations, and is therefore"
279,14,more severe than ordinary childish mischief or adolescent
279,15,rebelliousness. Isolated dissocial or criminal acts are not in themselves
279,16,"grounds for the diagnosis, which implies an enduring pattern of"
279,17,behaviour.
279,18,Features of conduct disorder can also be symptomatic of other
279,19,"psychiatric conditions, in which case the underlying diagnosis should"
279,20,be coded.
279,21,Disorders of conduct may in some cases proceed to dissocial
279,22,personality disorder (F60.2). Conduct disorder is frequently associated
279,23,"with adverse psychosocial environments, including unsatisfactory"
279,24,"family relationships and failure at school, and is more commonly"
279,25,noted in
279,26,boys. Its distinction from emotional disorder is well validated;
279,27,its separation from hyperactivity is less clear and there is often overlap.
279,28,Diagnostic guidelines
279,29,Judgements concerning the presence of conduct disorder should take
279,30,"into account the child's developmental level. Temper tantrums, for"
279,31,"example, are a normal part of a 3-year-old's development and their"
279,32,"mere presence would not be grounds for diagnosis. Equally, the"
279,33,violation of other people's civic rights (as by violent crime) is not
279,34,within the capacity of most 7-year-olds and so is not a necessary
279,35,diagnostic criterion for that age group.
279,36,266
280,1,F90-F98 DISORDERS OF CHILDHOOD AND ADOLESCENCE
280,2,Examples of the behaviours on which the diagnosis is based include
280,3,the following: excessive levels of fighting or bullying; cruelty to
280,4,animals or other people; severe destructiveness to property; fire-
280,5,setting; stealing; repeated lying; truancy from school and running
280,6,away from home; unusually frequent and severe temper tantrums;
280,7,defiant provocative behaviour; and persistent severe disobedience.
280,8,"Any one of these categories, if marked, is sufficient for the diagnosis,"
280,9,but isolated dissocial acts are not.
280,10,Exclusion criteria include uncommon but serious underlying
280,11,"conditions such as schizophrenia, mania, pervasive developmental"
280,12,"disorder, hyper kinetic disorder, and depression."
280,13,This diagnosis is not recommended unless the duration of the
280,14,behaviour described above has been 6 months or longer.
280,15,Differential diagnosis. Conduct disorder overlaps with other
280,16,conditions. The coexistence of emotional disorders of childhood
280,17,(F93.-) should lead to a diagnosis of mixed disorder of conduct
280,18,and emotions (F92. -). If a case also meets the criteria for hyper kinetic
280,19,"disorder (F90. —), that condition should be diagnosed instead."
280,20,"However, milder or more situation-specific levels of overactivity and"
280,21,"inattentiveness are common in children with conduct disorder, as"
280,22,are low self-esteem and minor emotional upsets; neither excludes
280,23,the diagnosis.
280,24,Excludes: conduct disorders associated with emotional disorders
280,25,(F92.-) or hyperkinetic disorders (F90.-)
280,26,mood [affective] disorders (F30-F39)
280,27,pervasive developmental disorders (F84.-)
280,28,schizophrenia (F20. -)
280,29,F91.0 Conduct disorder confined to the family context
280,30,This category comprises conduct disorders involving dissocial
280,31,"or aggressive behaviour (and not merely oppositional, defiant,"
280,32,"disruptive behaviour) in which the abnormal behaviour is entirely,"
280,33,"or almost entirely, confined to the home and/or to interactions with"
280,34,members of the nuclear family or immediate household. The disorder
280,35,requires that the overall criteria for
280,36,F91 be met; even severely disturbed
280,37,parent-child relationships are not of themselves sufficient for
280,38,"diagnosis. There may be stealing from the home, often specifically"
280,39,267
281,1,MENTAL AND BEHAVIOURAL DISORDERS
281,2,focused on the money or possessions of one or two particular
281,3,individuals. This may be accompanied by deliberately destructive
281,4,"behaviour, again often focused on specific family members — such"
281,5,"as breaking of toys or ornaments, tearing of clothes, carving on"
281,6,"furniture, or destruction of prized possessions. Violence against family"
281,7,members (but not others) and deliberate fire-setting confined to the
281,8,home are also grounds for the diagnosis.
281,9,Diagnostic guidelines
281,10,Diagnosis requires that there be no significant conduct disturbance
281,11,outside the family setting and that the child's social relationships
281,12,outside the family be within the normal range.
281,13,In most cases these family-specific conduct disorders will have arisen
281,14,in the context of some form of marked disturbance in the child's
281,15,relationship with one or more members of the nuclear family. In
281,16,"some cases, for example, the disorder may have arisen in relation"
281,17,to conflict with a newly arrived step-parent. The nosological validity
281,18,"of this category remains uncertain, but it is possible that these highly"
281,19,situation-specific conduct disorders do not carry the generally poor
281,20,prognosis associated with pervasive conduct disturbances.
281,21,F91.1 Unsocialized conduct disorder
281,22,This type of conduct disorder is characterized by the combination
281,23,of persistent dissocial or aggressive behaviour (meeting the overall
281,24,"criteria for F91 and not merely comprising oppositional, defiant,"
281,25,"disruptive behaviour), with a significant pervasive abnormality in"
281,26,the individual's relationships with other children.
281,27,Diagnostic guidelines
281,28,The lack of effective integration into a peer group constitutes the
281,29,"key distinction from ""socialized"" conduct disorders and this has"
281,30,precedence over all other differentiations. Disturbed peer relationships
281,31,are evidenced chiefly by isolation from and/or rejection by or
281,32,"unpopularity with other children, and by a lack of close friends or"
281,33,"of lasting empathic, reciprocal relationships with others in the same"
281,34,"age group. Relationships with adults tend to be marked by discord,"
281,35,"hostility, and resentment. Good relationships with adults can occur"
281,36,"(although usually they lack a close, confiding quality) and, if"
281,37,"present, do not rule out the diagnosis. Frequently, but not always,"
281,38,"there is some associated emotional disturbance (but, if this is of a"
281,39,268
282,1,F90-F98 DISORDERS OF CHILDHOOD AND ADOLESCENCE
282,2,"degree sufficient to meet the criteria of a mixed disorder, the code"
282,3,F92. - should be used).
282,4,Offending is characteristically (but not necessarily) solitary. Typical
282,5,"behaviours comprise: bullying, excessive fighting, and (in older"
282,6,"children) extortion or violent assault; excessive levels of disobedience,"
282,7,"rudeness, uncooperativeness, and resistance to authority; severe"
282,8,"temper tantrums and uncontrolled rages; destructiveness to property,"
282,9,"fire-setting, and cruelty to animals and other children. Some isolated"
282,10,"children, however, become involved in group offending. The nature"
282,11,of the offence is therefore less important in making the diagnosis
282,12,than the quality of personal relationships.
282,13,The disorder is usually pervasive across situations but it may be most
282,14,evident at school; specificity to situations other than the home is
282,15,compatible with the diagnosis.
282,16,"Includes: conduct disorder, solitary aggressive type"
282,17,unsocialized aggressive disorder
282,18,F91.2 Socialized conduct disorder
282,19,This category applies to conduct disorders involving persistent dissocial
282,20,or aggressive behaviour (meeting the overall criteria for F91 and not
282,21,"merely comprising oppositional, defiant, disruptive behaviour)"
282,22,occurring in individuals who are generally well integrated into their
282,23,peer group.
282,24,Diagnostic guidelines
282,25,"The key differentiating feature is the presence of adequate, lasting"
282,26,"friendships with others of roughly the same age. Often, but not always,"
282,27,the peer group will consist of other youngsters involved in delinquent
282,28,or dissocial activities (in which case the child's socially unacceptable
282,29,conduct may well be approved by the peer group and regulated by
282,30,"the subculture to which it belongs). However, this is not a necessary"
282,31,requirement for the diagnosis: the child may form part of a non-
282,32,delinquent peer group with his or her dissocial behaviour taking place
282,33,outside this context. If the dissocial behaviour involves bullying in
282,34,"particular, there may be disturbed relationships with victims or some"
282,35,"other children. Again, this does not invalidate the diagnosis provided"
282,36,that the child has some peer group to which he or she is loyal and
282,37,which involves lasting friendships.
282,38,269
283,1,MENTAL AND BEHAVIOURAL DISORDERS
283,2,Relationships with adults in authority tend to be poor but there
283,3,may be good relationships with others. Emotional disturbances are
283,4,usually minimal. The conduct disturbance may or may not include
283,5,the family setting but if it is confined to the home the diagnosis
283,6,is excluded. Often the disorder is most evident outside the family
283,7,context and specificity to the school (or other extrafamilial setting)
283,8,is compatible with the diagnosis.
283,9,"Includes: conduct disorder, group type"
283,10,group delinquency
283,11,offences in the context of gang membership
283,12,stealing in company with others
283,13,truancy from school
283,14,Excludes: gang activity without manifest psychiatric disorder (Z03.2)
283,15,F91.3 Oppositional defiant disorder
283,16,This type of conduct disorder is characteristically seen in children
283,17,below the age of 9 or 10 years. It is defined by the presence of markedly
283,18,"defiant, disobedient, provocative behaviour and by the absence of"
283,19,more severe dissocial or aggressive acts that violate the law or the
283,20,rights of others. The disorder requires that the overall criteria for
283,21,F91 be met: even severely mischievous or naughty behaviour is not
283,22,in itself sufficient for diagnosis. Many authorities consider that
283,23,oppositional defiant patterns of behaviour represent a less severe
283,24,"type of conduct disorder, rather than a qualitatively distinct type."
283,25,Research evidence is lacking on whether the distinction is qualitative
283,26,"or quantitative. However, findings suggest that, in so far as it is"
283,27,"distinctive, this is true mainly or only in younger children. Caution"
283,28,"should be employed in using this category, especially in the case of"
283,29,older children. Clinically significant conduct disorders in older children
283,30,are usually accompanied by dissocial or aggressive behaviour that
283,31,"go beyond defiance, disobedience, or disruptiveness, although, not"
283,32,"infrequently, they are preceded by oppositional defiant disorders at"
283,33,an earlier
283,34,age. The category is included to reflect common diagnostic
283,35,practice and to facilitate the classification of disorders occurring in
283,36,young children.
283,37,Diagnostic guidelines
283,38,The essential feature of this disorder is a pattern of persistently
283,39,"negativistic, hostile, defiant, provocative, and disruptive behaviour,"
283,40,270
284,1,F90-F98 DISORDERS OF CHILDHOOD AND ADOLESCENCE
284,2,which is clearly outside the normal range of behaviour for a child
284,3,"of the same age in the same sociocultural context, and which does"
284,4,not include the more serious violations of the rights of others
284,5,as reflected in the aggressive and dissocial behaviour specified
284,6,for categories F91.0 and F91.2. Children with this disorder tend
284,7,frequently and actively to defy adult requests or rules and deliberately
284,8,"to annoy other people. Usually they tend to be angry, resentful, and"
284,9,easily annoyed by other people whom they blame for their own
284,10,mistakes or difficulties. They generally have a low frustration tolerance
284,11,"and readily lose their temper. Typically, their defiance has a"
284,12,"provocative quality, so that they initiate confrontations and generally"
284,13,exhibit excessive levels of
284,14,"rudeness, uncooperativeness, and resistance"
284,15,to authority.
284,16,"Frequently, this behaviour is most evident in interactions with adults"
284,17,"or peers whom the child knows well, and signs of the disorder may"
284,18,not be evident during a clinical interview.
284,19,The key distinction from other types of conduct disorder is the absence
284,20,"of behaviour that violates the law and the basic rights of others,"
284,21,"such as theft, cruelty, bullying, assault, and destructiveness. The"
284,22,definite presence of any of the above would exclude the diagnosis.
284,23,"However, oppositional defiant behaviour, as outlined in the paragraph"
284,24,"above, is often found in other types of conduct disorder. If another"
284,25,"type (F91.0-F91.2) is present, it should be coded in preference to"
284,26,oppositional defiant disorder.
284,27,Excludes: conduct disorders including overtly dissocial or aggressive
284,28,behaviour (F91.0-F91.2)
284,29,F91.8 Other conduct disorders
284,30,"F91.9 Conduct disorder, unspecified"
284,31,This residual category is not recommended and should be used only
284,32,for disorders that meet the general criteria for F91 but that have
284,33,not been specified as to subtype or that do not fulfil the criteria
284,34,for any of the specified subtypes.
284,35,Includes: childhood behavioural disorder NOS
284,36,childhood conduct disorder NOS
284,37,271
285,1,MENTAL AND BEHAVIOURAL DISORDERS
285,2,E3 Mixed disorders of conduct and emotions
285,3,This group of disorders is characterized by the combination of
285,4,"persistently aggressive, dissocial, or defiant behaviour with overt and"
285,5,"marked symptoms of depression, anxiety, or other emotional upsets."
285,6,Diagnostic guidelines
285,7,The severity should be sufficient that the criteria for both conduct
285,8,disorders of childhood (F91. -) and emotional disorders of childhood
285,9,"(F93. -), or for an adult-type neurotic disorder (F40-49) or mood"
285,10,disorder (F30-39) are met.
285,11,Insufficient research has been carried out to be confident that this
285,12,category should indeed be separate from conduct disorders of
285,13,childhood. It is included here for its potential etiological and
285,14,therapeutic importance and its contribution to reliability of
285,15,classification.
285,16,F92.0 Depressive conduct disorder
285,17,This category requires the combination of conduct disorder of
285,18,"childhood (F91. -) with persistent and marked depression of mood,"
285,19,"as evidenced by symptoms such as excessive misery, loss of interest"
285,20,"and pleasure in usual activities, self-blame, and hopelessness."
285,21,Disturbances of sleep or appetite may also be present.
285,22,Includes: conduct disorder (F91.-) associated with depressive
285,23,disorder (F30-F39)
285,24,F92.8 Other mixed disorders of conduct and emotions
285,25,This category requires the combination of conduct disorder
285,26,of childhood (F91.-) with persistent and marked emotional
285,27,"symptoms such as anxiety, fearfulness, obsessions or compulsions,"
285,28,"depersonalization or derealization, phobias, or hypochondriasis."
285,29,Anger and resentment are features of conduct disorder rather than
285,30,of emotional disorder; they neither contradict nor support the
285,31,diagnosis.
285,32,Includes: conduct disorder (F91.-) associated with emotional
285,33,disorder (F93.-) or neurotic disorder (F40-F48)
285,34,"F92.9 Mixed disorder of conduct and emotions, unspecified"
285,35,272
286,1,F90-F98 DISORDERS OF CHILDHOOD AND ADOLESCENCE
286,2,•ssKg Emotional disorders with onset specific to childhood
286,3,In child psychiatry a differentiation has traditionally been made
286,4,between emotional disorders specific to childhood and adolescence
286,5,and adult-type neurotic disorders. There have been four main
286,6,"justifications for this differentiation. First, research findings have"
286,7,been consistent in showing that the majority of children with
286,8,emotional disorders go on to become normal adults: only a minority
286,9,"show neurotic disorders in adult life. Conversely, many adult neurotic"
286,10,disorders appear to have an onset in adult life without significant
286,11,psychopathological precursors in childhood. Hence there is
286,12,considerable discontinuity between emotional disorders occurring in
286,13,"these two age periods. Second, many emotional disorders in childhood"
286,14,seem to constitute exaggerations of normal developmental trends
286,15,rather than phenomena that are qualitatively abnormal in themselves.
286,16,"Third, related to the last consideration, there has often been the"
286,17,theoretical assumption that the mental mechanisms involved in
286,18,emotional disorders of childhood may not be the same as for adult
286,19,"neuroses. Fourth, the emotional disorders of childhood are"
286,20,less clearly
286,21,demarcated into supposedly specific entities such as phobic disorders
286,22,or obsessional disorders.
286,23,"The third of these points lacks empirical validation, and"
286,24,"epidemiological data suggest that, if the fourth is correct, it is a"
286,25,matter of degree only (with poorly differentiated emotional disorders
286,26,"quite common in both childhood and adult life). Accordingly, the"
286,27,second feature (i.e. developmental appropriateness) is used as the
286,28,key diagnostic feature in defining the difference between the
286,29,emotional disorders with an onset specific to childhood
286,30,(F93. -) and
286,31,the neurotic disorders (F40-F49). The validity of this distinction
286,32,"is uncertain, but there is some empirical evidence to suggest that"
286,33,the developmentally appropriate emotional disorders of childhood
286,34,have a better prognosis.
286,35,F93.0 Separation anxiety disorder of childhood
286,36,It is normal for toddlers and preschool children to show a degree
286,37,of anxiety over real or threatened separation from people to
286,38,whom they are attached. Separation anxiety disorder should be
286,39,diagnosed only when fear over separation constitutes the focus of
286,40,the anxiety and when such anxiety arises during the early years. It
286,41,is differentiated from normal separation anxiety when it is of such
286,42,273
287,1,MENTAL AND BEHAVIOURAL DISORDERS
287,2,severity that is statistically unusual (including an abnormal persistence
287,3,beyond the usual age period) and when it is associated with significant
287,4,"problems in social functioning. In addition, the diagnosis requires"
287,5,that there should be no generalized disturbance of personality
287,6,"development of functioning; if such a disturbance is present, a code"
287,7,from F40-F49 should be considered. Separation anxiety that arises
287,8,at a developmentally inappropriate age (such as during adolescence)
287,9,should not be coded here unless it constitutes an abnormal
287,10,continuation of developmentally appropriate separation anxiety.
287,11,Diagnostic guidelines
287,12,The key diagnostic feature is a focused excessive anxiety concerning
287,13,separation from those individuals to whom the child is attached
287,14,"(usually parents or other family members), that is not merely part"
287,15,of a generalized anxiety about multiple situations. The anxiety may
287,16,take the form of:
287,17,"(a) an unrealistic, preoccupying worry about possible harm befalling"
287,18,major attachment figures or a fear that they will leave and not
287,19,return;
287,20,"(b) an unrealistic, preoccupying worry that some untoward event,"
287,21,"such as the child being lost, kidnapped, admitted to hospital,"
287,22,"or killed, will separate him or her from a major attachment figure;"
287,23,(c) persistent reluctance or refusal to go to school because of fear
287,24,about separation (rather than for other reasons such as fear about
287,25,events at school);
287,26,(d) persistent reluctance or refusal to go to sleep without being near
287,27,or next to a major attachment figure;
287,28,(e) persistent inappropriate fear of
287,29,"being alone, or otherwise without"
287,30,"the major attachment figure, at home during the day;"
287,31,(f) repeated nightmares about separation;
287,32,"(g) repeated occurrence of physical symptoms (nausea, stomachache,"
287,33,"headache, vomiting, etc.) on occasions that involve separation"
287,34,"from a major attachment figure, such as leaving home to go"
287,35,to school;
287,36,"(h) excessive, recurrent distress (as shown by anxiety, crying,"
287,37,"tantrums, misery, apathy, or social withdrawal) in anticipation"
287,38,"of, during, or immediately following separation from a major"
287,39,attachment figure.
287,40,Many situations that involve separation also involve other potential
287,41,stressors or sources of anxiety. The diagnosis rests on the
287,42,274
288,1,F90-F98 DISORDERS OF CHILDHOOD AND ADOLESCENCE
288,2,demonstration that the common element giving rise to anxiety in
288,3,the various situations is the circumstance of separation from a major
288,4,"attachment figure. This arises most commonly, perhaps, in relation"
288,5,"to school refusal (or ""phobia""). Often, this does represent separation"
288,6,anxiety but sometimes (especially in adolescence) it does not. School
288,7,refusal arising for the first time in adolescence should not be coded
288,8,"here unless it is primarily a function of separation anxiety, and that"
288,9,anxiety was first evident to an abnormal degree during the preschool
288,10,"years. Unless those criteria are met, the syndrome should be coded"
288,11,in one of the other categories in F93 or under F40-F48.
288,12,Excludes: mood [affective] disorders (F30-F39)
288,13,neurotic disorders (F40-F48)
288,14,phobic anxiety disorder of childhood (F93.1)
288,15,social anxiety disorder of childhood (F93.2)
288,16,F93.1 Phobic anxiety disorder of childhood
288,17,"Children, like adults, can develop fear that is focused on a wide"
288,18,"range of objects or situations. Some of these fears (or phobias),"
288,19,"for example agoraphobia, are not a normal part of psychosocial"
288,20,development. When such fears occur in childhood they should be
288,21,"coded under the appropriate category in F40-F48. However, some"
288,22,fears show a marked developmental phase specificity and arise (in
288,23,"some degree) in a majority of children; this would be true, for"
288,24,"example, of fear of animals in the preschool period."
288,25,Diagnostic guidelines
288,26,This category should be used only for developmental phase-specific
288,27,fears when they meet the additional criteria that apply to all disorders
288,28,"in F93, namely that:"
288,29,(a) the onset is during the developmentally appropriate age period;
288,30,(b) the degree of anxiety is clinically abnormal; and
288,31,(c) the anxiety does not form part of a more generalized disorder.
288,32,Excludes: generalized anxiety disorder (F41.1)
288,33,F93.2 Social anxiety disorder of childhood
288,34,A wariness of strangers is a normal phenomenon in the second half
288,35,of the first year of life and a degree of social apprehension or anxiety
288,36,"is normal during early childhood when children encounter new,"
288,37,"strange, or socially threatening situations. This category should"
288,38,275
289,1,MENTAL AND BEHAVIOURAL DISORDERS
289,2,therefore be used only for disorders that arise before the age of
289,3,"6 years, that are both unusual in degree and accompanied by"
289,4,"problems in social functioning, and that are not part of some more"
289,5,generalized emotional disturbance.
289,6,Diagnostic guidelines
289,7,Children with this disorder show a persistent or recurrent fear and/or
289,8,"avoidance of strangers; such fear may occur mainly with adults,"
289,9,"mainly with peers, or with both. The fear is associated with a normal"
289,10,degree of selective attachment to parents or to other familiar
289,11,persons. The avoidance or fear of social encounters is of a degree
289,12,that is outside the normal limits for the child's age and is associated
289,13,with clinically significant problems in social functioning.
289,14,Includes: avoidant disorder of childhood or adolescence
289,15,F93.3 Sibling rivalry disorder
289,16,"A high proportion, or even a majority, of young children show some"
289,17,degree of emotional disturbance following the birth of a younger
289,18,(usually immediately younger) sibling. In most cases the disturbance
289,19,"is mild, but the rivalry or jealousy set up during the period after"
289,20,the birth may be remarkably persistent.
289,21,Diagnostic guidelines
289,22,The disorder is characterized by the combination of:
289,23,(a) evidence of sibling rivalry and/or jealousy;
289,24,(b) onset during the months following the birth of the younger
289,25,(usually immediately younger) sibling;
289,26,(c) emotional disturbance that is abnormal in degree and/or
289,27,persistence and associated with psychosocial problems.
289,28,Sibling rivalry /jealousy may be shown by marked competition with
289,29,siblings for the attention and affection of parents; for this to be
289,30,"regarded as abnormal, it should be associated with an unusual degree"
289,31,of negative feelings. In severe cases this may be accompanied by
289,32,"overt hostility, physical trauma and/or maliciousness towards, and"
289,33,"undermining of, the sibling. In lesser cases, it may be shown by a"
289,34,"strong reluctance to share, a lack of positive regard, and a paucity"
289,35,of friendly interactions.
289,36,276
290,1,F90-F98 DISORDERS OF CHILDHOOD AND ADOLESCENCE
290,2,"The emotional disturbance may take any of several forms, often"
290,3,including some regression with loss of previously acquired skills (such
290,4,as bowel or bladder control) and a tendency to babyish behaviour.
290,5,"Frequently, too, the child wants to copy the baby in activities that"
290,6,"provide for parental attention, such as feeding. There is usually an"
290,7,"increase in confrontational or oppositional behaviour with the parents,"
290,8,"temper tantrums, and dysphoria exhibited in the form of anxiety,"
290,9,"misery, or social withdrawal. Sleep may become disturbed and there"
290,10,"is frequently increased pressure for parental attention, such as at"
290,11,bedtime.
290,12,Includes: sibling jealousy
290,13,Excludes: peer rivalries (non-sibling) (F93.8)
290,14,F93.8 Other childhood emotional disorders
290,15,Includes: identity disorder
290,16,overanxious disorder
290,17,peer rivalries (non-sibling)
290,18,Excludes: gender identity disorder of childhood (F64.2)
290,19,"F93.9 Childhood emotional disorder, unspecified"
290,20,Includes: childhood emotional disorder NOS
290,21,•3!Ei Disorders of social functioning with onset specific
290,22,to childhood and adolescence
290,23,"This is a somewhat heterogeneous group of disorders, which"
290,24,have in common abnormalities in social functioning that begin
290,25,"during the developmental period, but that (unlike the pervasive"
290,26,developmental disorders) are not primarily characterized by an
290,27,apparently constitutional social incapacity or deficit that pervades
290,28,all areas of functioning. Serious environmental distortions or
290,29,privations are commonly associated and are thought to play a crucial
290,30,etiological role in many instances. There is no marked sex differential.
290,31,The existence of this group of disorders of social functioning is well
290,32,"recognized, but there is uncertainty regarding the defining diagnostic"
290,33,"criteria, and also disagreement regarding the most appropriate"
290,34,subdivision and classification.
290,35,277
291,1,MENTAL AND BEHAVIOURAL DISORDERS
291,2,F94.0 Elective mutism
291,3,"The condition is characterized by a marked, emotionally determined"
291,4,"selectivity in speaking, such that the child demonstrates his or her"
291,5,language competence in some situations but fails to speak in other
291,6,"(definable) situations. Most frequently, the disorder is first manifest"
291,7,in early childhood; it occurs with approximately the same frequency
291,8,"in the two sexes, and it is usual for the mutism to be associated"
291,9,"with marked personality features involving social anxiety, withdrawal,"
291,10,"sensitivity, or resistance. Typically, the child speaks at home or with"
291,11,"close friends and is mute at school or with strangers, but other"
291,12,patterns (including the converse) can occur.
291,13,Diagnostic guidelines
291,14,The diagnosis presupposes:
291,15,"(a) a normal, or near-normal, level of language comprehension;"
291,16,(b) a level of competence in language expression that is sufficient
291,17,for social communication;
291,18,(c) demonstrable evidence that the individual can and does speak
291,19,normally or almost normally in some situations.
291,20,"However, a substantial minority of children with elective mutism"
291,21,have a history of either some speech delay or articulation problems.
291,22,The diagnosis may be made in the presence of such problems
291,23,provided that there is adequate language for effective communication
291,24,and a gross disparity in language usage according to the social
291,25,"context, such that the child speaks fluently in some situations but"
291,26,is mute or near-mute in others. There should also be demonstrable
291,27,failure to speak in some social situations but not in others. The
291,28,diagnosis requires that the failure to speak is persistent over time
291,29,and that there is a consistency and predictability with respect to the
291,30,situations in which speech does and does not occur.
291,31,Other socio-emotional disturbances are present in the great majority
291,32,of cases but they do not constitute part of the necessary features
291,33,"for diagnosis. Such disturbances do not follow a consistent pattern,"
291,34,"but abnormal temperamental features (especially social sensitivity,"
291,35,"social anxiety, and social withdrawal) are usual and oppositional"
291,36,behaviour is common.
291,37,Includes: selective mutism
291,38,278
292,1,F90-F98 DISORDERS OF CHILDHOOD AND ADOLESCENCE
292,2,Excludes: pervasive developmental disorders (F84.-)
292,3,schizophrenia (F20. -)
292,4,specific developmental disorders of speech and language
292,5,(F80.-)
292,6,transient mutism as part of separation anxiety in young
292,7,children (F93.0)
292,8,F94.1 Reactive attachment disorder of childhood
292,9,"This disorder, occurring in infants and young children, is characterized"
292,10,by persistent abnormalities in the child's pattern of
292,11,"social relationships,"
292,12,which are associated with emotional disturbance and reactive
292,13,to changes in environmental circumstances. Fearfulness and
292,14,"hypervigilance that do not respond to comforting are characteristic,"
292,15,"poor social interaction with peers is typical, aggression towards the"
292,16,"self and others is very frequent, misery is usual, and growth failure"
292,17,occurs in some
292,18,cases. The syndrome probably occurs as a direct result
292,19,"of severe parental neglect, abuse, or serious mishandling. The"
292,20,"existence of this behavioural pattern is well recognized and accepted,"
292,21,but there is continuing uncertainty regarding the diagnostic criteria
292,22,"to be applied, the boundaries of the syndrome, and whether the"
292,23,"syndrome constitutes a valid nosological entity. However, the category"
292,24,is included here because of the public health importance of the
292,25,"syndrome, because there is no doubt of its existence, and because"
292,26,the behavioural pattern clearly does not fit the criteria of other
292,27,diagnostic categories.
292,28,Diagnostic guidelines
292,29,The key feature is an abnormal pattern of relationships with care-
292,30,"givers that developed before the age of 5 years, that involves"
292,31,"maladaptive features not ordinarily seen in normal children, and that"
292,32,is persistent yet reactive to sufficiently marked changes in patterns
292,33,of rearing.
292,34,Young children with this syndrome show strongly contradictory or
292,35,ambivalent social responses that may be most evident at times of
292,36,partings and
292,37,"reunions. Thus, infants may approach with averted look,"
292,38,"gaze strongly away while being held, or respond to care-givers with"
292,39,"a mixture of approach, avoidance, and resistance to comforting. The"
292,40,"emotional disturbance may be evident in apparent misery, a lack"
292,41,"of emotional responsiveness, withdrawal reactions such as huddling"
292,42,"on the floor, and/or aggressive responses to their own or others'"
292,43,279
293,1,MENTAL AND BEHAVIOURAL DISORDERS
293,2,distress. Fearfulness and hypervigilance (sometimes described as
293,3,"""frozen watchfulness"") that are unresponsive to comforting occur"
293,4,"in some cases. In most cases, the children show interest in peer"
293,5,interactions but social play is impeded by negative emotional
293,6,responses. The attachment disorder may also be accompanied by
293,7,a failure to thrive physically and by impaired physical growth (which
293,8,should be coded according to the appropriate somatic category (R62)).
293,9,Many normal children show insecurity in the pattern of their
293,10,"selective attachment to one or other parent, but this should not be"
293,11,confused with the reactive attachment disorder which differs in several
293,12,crucial respects. The disorder is characterized by an abnormal type
293,13,of insecurity shown in markedly contradictory social responses
293,14,not ordinarily seen in normal children. The abnormal responses
293,15,extend across different social situations and are not confined to
293,16,a dyadic relationship with a particular care-giver; there is a lack of
293,17,responsiveness to comforting; and there is associated emotional
293,18,"disturbance in the form of apathy, misery, or fearfulness."
293,19,Five main features differentiate this condition from pervasive
293,20,"developmental disorders. First, children with a reactive attachment"
293,21,disorder have a normal capacity for social reciprocity and respon-
293,22,"siveness, whereas those with a pervasive developmental disorder do"
293,23,"not. Second, although the abnormal patterns of social responses in"
293,24,a reactive attachment disorder are initially a general feature of the
293,25,"child's behaviour in a variety of situations, they remit to a major"
293,26,degree if the child is placed in a normal rearing environment that
293,27,provides continuity in responsive care-giving. This does not occur
293,28,"with pervasive developmental disorders. Third, although children"
293,29,with reactive attachment disorders may show impaired language
293,30,"development (of the type described under F80.1), they do not exhibit"
293,31,the abnormal qualities of communication characteristic of autism.
293,32,"Fourth, unlike autism, reactive attachment disorder is not associated"
293,33,with persistent and severe cognitive deficits that do not respond
293,34,"appreciably to environmental change. Fifth, persistently restricted,"
293,35,"repetitive, and stereotyped patterns of behaviour, interests and"
293,36,activities are not a feature of reactive attachment disorders.
293,37,Reactive attachment disorders nearly always arise in relation to grossly
293,38,inadequate child care. This may take the form of psychological abuse
293,39,"or neglect (as evidenced by harsh punishment, persistent failure to"
293,40,280
294,1,F90-F98 DISORDERS OF CHILDHOOD AND ADOLESCENCE
294,2,"respond to the child's overtures, or grossly inept parenting), or of"
294,3,physical abuse or neglect (as evidenced by persistent disregard of
294,4,"the child's basic physical needs, repeated deliberate injury, or"
294,5,inadequate provision of nutrition). Because there is insufficient
294,6,knowledge of the consistency of association between inadequate child
294,7,"care and the disorder, the presence of environmental privation and"
294,8,"distortion is not a diagnostic requirement. However, there should"
294,9,be caution in making the diagnosis in the absence of evidence of
294,10,"abuse or neglect. Conversely, the diagnosis should not be made"
294,11,automatically on the basis of abuse or neglect: not all abused or
294,12,neglected children manifest the disorder.
294,13,Excludes: Asperger's syndrome (F84.5)
294,14,disinhibited attachment disorder of childhood (F94.2)
294,15,"maltreatment syndromes, resulting in physical problems"
294,16,(T74)
294,17,normal variation in pattern of selective attachment
294,18,"sexual or physical abuse in childhood, resulting in"
294,19,psychosocial problems (Z61.4-Z61.6)
294,20,F94.2 Disinhibited attachment disorder of childhood
294,21,A particular pattern of abnormal social functioning that arises
294,22,"during the first 5 years of life and that, having become established,"
294,23,shows a tendency to persist despite marked changes in environmental
294,24,circumstances. At age about 2 years it is usually manifest by clinging
294,25,"and diffuse, non-selectively focused attachment behaviour. By age"
294,26,"4 years, diffuse attachments remain but clinging tends to be replaced"
294,27,by attention-seeking and indiscriminately friendly behaviour. In
294,28,"middle and later childhood, individuals may or may not have"
294,29,developed selective attachments but attention-seeking behaviour often
294,30,"persists, and poorly modulated peer interactions are usual; depending"
294,31,"on circumstances, there may also be associated emotional or"
294,32,behavioural disturbance. The syndrome has been most clearly
294,33,identified in children reared in institutions from infancy but it also
294,34,occurs in other situations; it is thought to be due in part to a
294,35,persistent failure of opportunity to develop selective attachments as
294,36,a consequence of extremely frequent changes in care-givers. The
294,37,conceptual unity of the syndrome depends on the early onset of
294,38,"diffuse attachments, continuing poor social interactions, and lack"
294,39,of situation-specificity.
294,40,281
295,1,MENTAL AND BEHAVIOURAL DISORDERS
295,2,Diagnostic guidelines
295,3,Diagnosis should be based on evidence that the child showed an
295,4,unusual degree of diffuseness in selective attachments during the first
295,5,5 years and that this was associated with generally clinging behaviour
295,6,"in infancy and/or indiscriminately friendly, attention-seeking"
295,7,behaviour in early or middle childhood. Usually there is difficulty
295,8,"in forming close, confiding relationships with peers. There may"
295,9,or may not be associated emotional or behavioural disturbance
295,10,(depending in part on the child's current circumstances). In most
295,11,cases there will be a clear history of rearing in the first years that
295,12,involved marked discontinuities in care-givers or multiple changes
295,13,in family placements (as with multiple foster family placements).
295,14,Includes: affectionless psychopathy
295,15,institutional syndrome
295,16,Excludes: Asperger's syndrome (F84.5)
295,17,hospitalism in children (F43.2)
295,18,hyperkinetic or attention deficit disorder (F90.-)
295,19,reactive attachment disorder of childhood (F94.1)
295,20,F94.8 Other childhood disorders of social functioning
295,21,Includes: disorders of social functioning with withdrawal and shyness
295,22,due to social competence deficiencies
295,23,"F94.9 Childhood disorder of social functioning, unspecified"
295,24,EH3 Tic disorders
295,25,The predominant manifestation in these syndromes is some form
295,26,of
295,27,"tic. A tic is an involuntary, rapid, recurrent, non-rhythmic motor"
295,28,"movement (usually involving circumscribed muscle groups), or vocal"
295,29,"production, that is of sudden onset and serves no apparent purpose."
295,30,Tics tend to be experienced as irresistible but they can usually be
295,31,suppressed for varying periods of time. Both motor and vocal
295,32,"tics may be classified as either simple or complex, although the"
295,33,boundaries are not well defined. Common simple motor tics include
295,34,"eye-blinking, neck-jerking, shoulder-shrugging, and facial grimacing."
295,35,"Common simple vocal tics include throat-clearing, barking, sniffing,"
295,36,and hissing. Common complex tics include hitting one's
295,37,"self,"
295,38,282
296,1,F90-F98 DISORDERS OF CHILDHOOD AND ADOLESCENCE
296,2,"jumping, and hopping. Common complex vocal tics include the"
296,3,"repetition of particular words, and sometimes the use of socially"
296,4,"unacceptable (often obscene) words (coprolalia), and the repetition"
296,5,of one's own sounds or words (palilalia).
296,6,There is immense variation in the severity of tics. At the one extreme
296,7,"the phenomenon is near-normal, with perhaps 1 in 5 to 1 in 10 children"
296,8,"showing transient tics at some time. At the other extreme, Tourette's"
296,9,"syndrome is an uncommon, chronic, incapacitating disorder. There"
296,10,is uncertainty about whether these extremes represent different
296,11,conditions or are opposite ends of the same continuum; many
296,12,authorities regard the latter as more likely. Tic disorders are
296,13,substantially more frequent in boys than in girls and a family history
296,14,of tics is common.
296,15,Diagnostic guidelines
296,16,The major features distinguishing tics from other motor disorders
296,17,"are the sudden, rapid, transient, and circumscribed nature of the"
296,18,"movements, together with the lack of evidence of underlying"
296,19,neurological disorder; their repetitiveness; (usually) their disap-
296,20,pearance during sleep; and the ease with which they may be
296,21,voluntarily reproduced or suppressed. The lack of rhythmicity
296,22,differentiates tics from the stereotyped repetitive movements seen
296,23,in some cases of autism or of mental retardation. Manneristic motor
296,24,activities seen in the same disorders tend to comprise more complex
296,25,and variable movements than those usually seen with
296,26,tics. Obsessive -
296,27,compulsive activities sometimes resemble complex tics but differ in
296,28,that their form tends to be defined by their purpose (such as touching
296,29,some object or turning a number of times) rather than by the muscle
296,30,"groups involved; however, the differentiation is sometimes difficult."
296,31,Tics often occur as an isolated phenomenon but not infrequently
296,32,"they are associated with a wide variety of emotional disturbances,"
296,33,"especially, perhaps, obsessional and hypochondriacal phenomena."
296,34,"However, specific developmental delays are also associated with tics."
296,35,There is no clear dividing line between tic disorder with some
296,36,associated emotional disturbance and an emotional disorder with some
296,37,"associated tics. However, the diagnosis should represent the major"
296,38,type of abnormality.
296,39,283
297,1,MENTAL AND BEHAVIOURAL DISORDERS
297,2,F95.0 Transient tic disorder
297,3,"Meets the general criteria for a tic disorder, but tics do not persist"
297,4,for longer than 12 months. This is the commonest form of tic and
297,5,is most frequent about the age of 4 or 5 years; the tics usually take
297,6,"the form of eye-blinking, facial grimacing, or head-jerking. In some"
297,7,cases the tics occur as a single episode but in other cases there are
297,8,remissions and relapses over a period of months.
297,9,F95.1 Chronic motor or vocal tic disorder
297,10,"Meets the general criteria for a tic disorder, in which there are motor"
297,11,or vocal tics (but not both); tics may be either single or multiple
297,12,"(but usually multiple), and last for more than a year."
297,13,F95.2 Combined vocal and multiple motor tic disorder [de la
297,14,Tourette's syndrome]
297,15,"A form of tic disorder in which there are, or have been, multiple"
297,16,"motor tics and one or more vocal tics, although these need not have"
297,17,occurred concurrently. Onset is almost always in childhood or
297,18,adolescence. A history of motor tics before development of vocal
297,19,"tics is common; the symptoms frequently worsen during adolescence,"
297,20,and it is common for the disorder to persist into adult life.
297,21,"The vocal tics are often multiple with explosive repetitive vocalizations,"
297,22,"throat-clearing, and grunting, and there may be the use of obscene"
297,23,"words or phrases. Sometimes there is associated gestural echopraxia,"
297,24,which also may be of an obscene nature (copropraxia). As with motor
297,25,"tics, the vocal tics may be voluntarily suppressed for short periods,"
297,26,"be exacerbated by stress, and disappear during sleep."
297,27,F95.8 Other tic disorders
297,28,"F95.9 Tic disorder, unspecified"
297,29,A non-recommended residual category for a disorder that fulfils the
297,30,general criteria for a tic disorder but in which the specific subcategory
297,31,is not specified or in which the features do not fulfil the criteria
297,32,"for F95.0, F95.1 or F95.2."
297,33,284
298,1,F90-F98 DISORDERS OF CHILDHOOD AND ADOLESCENCE
298,2,UH1 Other behavioural and emotional disorders with
298,3,onset usually occurring in childhood and
298,4,adolescence
298,5,This rubric comprises a heterogeneous group of disorders that share
298,6,the characteristic of onset in childhood but otherwise differ in many
298,7,"respects. Some of the conditions represent well defined syndromes,"
298,8,but others are no more than symptom complexes which lack
298,9,"nosological validity, but which are included because of their frequency"
298,10,"and association with psychosocial problems, and because they"
298,11,cannot be incorporated into other syndromes.
298,12,Excludes: breath-holding attacks (R06.8)
298,13,gender identity disorder of childhood (F64.2)
298,14,hypersomnolence and megaphagia (Kleine - Levin
298,15,syndrome) (G47.8)
298,16,obsessive - compulsive disorder (F42.-)
298,17,sleep disorders (F51.-)
298,18,F98.0 Nonorganic enuresis
298,19,"A disorder characterized by involuntary voiding of urine, by day"
298,20,"and/or by night, which is abnormal in relation to the individual's"
298,21,mental age and which is not a consequence of a lack of bladder
298,22,"control due to any neurological disorder, to epileptic attacks, or to"
298,23,any structural abnormality of the urinary tract. The enuresis may
298,24,have been present from birth (i.e. an abnormal extension of the
298,25,normal infantile incontinence) or it may have arisen following a period
298,26,of acquired bladder control. The later onset (or secondary) variety
298,27,usually begins about the age of 5 to 7 years. The enuresis may
298,28,constitute a monosymptomatic condition or it may be associated
298,29,with a more widespread emotional or behavioural disorder. In the
298,30,latter case there is uncertainty over the mechanisms involved in
298,31,the association. Emotional problems may arise as a secondary
298,32,"consequence of the distress or stigma that results from enuresis,"
298,33,"the enuresis may form part of some other psychiatric disorder,"
298,34,or both the enuresis and the emotional/behavioural disturbance
298,35,may arise in parallel from related etiological factors. There is
298,36,"no straightforward, unambiguous way of deciding between these"
298,37,"alternatives in the individual case, and the diagnosis should be made"
298,38,on the basis of which type of disturbance (i.e. enuresis or emotional/
298,39,behavioural disorder) constitutes the main problem.
298,40,285
299,1,MENTAL AND BEHAVIOURAL DISORDERS
299,2,Diagnostic guidelines
299,3,There is no clear-cut demarcation between an enuresis disorder and
299,4,the normal variations in the age of acquisition of bladder control.
299,5,"However, enuresis would not ordinarily be diagnosed in a child under"
299,6,the age of 5 years or with a mental age under 4 years. If the enuresis
299,7,"is associated with some (other) emotional or behavioural disorder,"
299,8,enuresis would normally constitute the primary diagnosis only if the
299,9,involuntary voiding of urine occurred at least several times per
299,10,week and if the other symptoms showed some temporal covariation
299,11,with the enuresis. Enuresis sometimes occurs in conjunction with
299,12,"encopresis; when this is the case, encopresis should be diagnosed."
299,13,"Occasionally, children develop transient enuresis as a result of cystitis"
299,14,"or polyuria (as from diabetes). However, these do not constitute a"
299,15,sufficient explanation for enuresis that persists after the infection
299,16,has been cured or after the polyuria has been brought under control.
299,17,"Not infrequently, the cystitis may be secondary to an enuresis that"
299,18,has arisen by ascending infection up the urinary tract as a result
299,19,of persistent wetness (especially in girls).
299,20,Includes: enuresis (primary) (secondary) of nonorganic origin
299,21,functional or psychogenic enuresis
299,22,urinary incontinence of nonorganic origin
299,23,Excludes: enuresis NOS (R32)
299,24,F98.1 Nonorganic encopresis
299,25,"Repeated voluntary or involuntary passage of faeces, usually of"
299,26,"normal or near-normal consistency, in places not appropriate for"
299,27,that purpose in the individual's own sociocultural setting. The
299,28,condition may represent an abnormal continuation of normal
299,29,"infantile incontinence, it may involve a loss of continence following"
299,30,"the acquisition of bowel control, or it may involve the deliberate"
299,31,deposition of faeces in inappropriate places in spite of normal
299,32,physiological bowel control. The condition may occur as a
299,33,"monosymptomatic disorder, or it may form part of a wider disorder,"
299,34,especially an emotional disorder (F93.-) or a conduct disorder
299,35,(F91.-).
299,36,286
300,1,F90-F98 DISORDERS OF CHILDHOOD AND ADOLESCENCE
300,2,Diagnostic guidelines
300,3,The crucial diagnostic feature is the inappropriate placement of faeces.
300,4,"The condition may arise in several different ways. First, it may"
300,5,represent a lack of adequate toilet-training or of adequate response
300,6,"to training, with the history being one of continuous failure ever"
300,7,"to acquire adequate bowel control. Second, it may reflect a"
300,8,psychologically determined disorder in which there is normal
300,9,"physiological control over defecation but, for some reason, a"
300,10,"reluctance, resistance, or failure to conform to social norms in"
300,11,defecating in acceptable
300,12,"places. Third, it may stem from physiological"
300,13,"retention, involving impaction of faeces, with secondary overflow"
300,14,and deposition of faeces in inappropriate places. Such retention may
300,15,"arise from parent/child battles over bowel-training, from withholding"
300,16,of faeces because of painful defecation (e.g. as a consequence of
300,17,"anal fissure), or for other reasons."
300,18,"In some instances, the encopresis may be accompanied by smearing"
300,19,"of faeces over the body or over the external environment and, less"
300,20,"commonly, there may be anal fingering or masturbation. There is"
300,21,usually some degree of associated emotional/behavioural disturbance.
300,22,There is no clear-cut demarcation between encopresis with associated
300,23,emotional/behavioural disturbance and some other psychiatric
300,24,disorder which includes encopresis as a subsidiary symptom.
300,25,The recommended guideline is to code encopresis if that is the
300,26,predominant phenomenon and the other disorder if it is not (or if
300,27,the frequency of
300,28,the encopresis is less than once a month). Encopresis
300,29,"and enuresis are not infrequently associated and, when this is the"
300,30,"case, the coding of encopresis should have precedence. Encopresis"
300,31,may sometimes follow an organic condition such as anal fissure or
300,32,a gastrointestinal infection; the organic condition should be the sole
300,33,coding if it constitutes a sufficient explanation for the faecal soiling
300,34,"but, if it serves as precipitant but not a sufficient cause, encopresis"
300,35,should be coded (in addition to the somatic condition).
300,36,Differential
300,37,diagnosis. It is important to consider the following:
300,38,(a) encopresis due to organic disease such as aganglionic megacolon
300,39,"(Q43.1) or spina bifida (Q05. -) (note, however, that encopresis"
300,40,may accompany or follow conditions such as anal fissure or
300,41,gastrointestinal infection);
300,42,"(b) constipation involving faecal blockage resulting in ""overflow"""
300,43,"faecal soiling of liquid or semiliquid faeces (K59.0); if, as"
300,44,287
301,1,MENTAL AND BEHAVIOURAL DISORDERS
301,2,"happens in some cases, encopresis and constipation coexist,"
301,3,"encopresis should be coded (with an additional code, if"
301,4,"appropriate, to identify the cause of the constipation)."
301,5,F98.2 Feeding disorder of infancy and childhood
301,6,"A feeding disorder of varying manifestations, usually specific to"
301,7,infancy and early childhood. It generally involves refusal of food
301,8,and extreme faddiness in the presence of an adequate food supply
301,9,"and a reasonably competent care-giver, and the absence of organic"
301,10,disease. There may or may not be associated rumination (repeated
301,11,regurgitation without nausea or gastrointestinal illness).
301,12,Diagnostic guidelines
301,13,Minor difficulties in eating are very common in infancy and childhood
301,14,"(in the form of faddiness, supposed undereating, or supposed"
301,15,"overeating). In themselves, these should not be considered as indicative"
301,16,of disorder. Disorder should be diagnosed only if the difficulties
301,17,"are clearly beyond the normal range, if the nature of the eating"
301,18,"problem is qualitatively abnormal in character, or if the child fails"
301,19,to gain weight or loses weight over a period of at least 1 month.
301,20,Includes: rumination disorder of infancy
301,21,Differential
301,22,diagnosis. It is important to differentiate this disorder
301,23,from:
301,24,(a) conditions where the child readily takes food from adults other
301,25,than the usual care-giver;
301,26,(b) organic disease sufficient to explain the food refusal;
301,27,(c) anorexia nervosa and other eating disorders (F50.-);
301,28,(d) broader psychiatric disorder;
301,29,(e) pica (F98.3);
301,30,(f) feeding difficulties and mismanagement (R63.3).
301,31,F98.3 Pica of infancy and childhood
301,32,"Persistent eating of non-nutritive substances (soil, paint chippings,"
301,33,etc.). Pica may occur as one of many symptoms of a more widespread
301,34,"psychiatric disorder (such as autism), or as a relatively isolated"
301,35,psychopathological behaviour; only in the latter case should this code
301,36,be used. The phenomenon is most common in mentally retarded
301,37,"children; if mental retardation is also present, it should be coded"
301,38,288
302,1,F90-F98 DISORDERS OF CHILDHOOD AND ADOLESCENCE
302,2,"(F70 - 79). However, pica may also occur in children (usually young"
302,3,children) of normal intelligence.
302,4,F98.4 Stereotyped movement disorders
302,5,"Voluntary, repetitive, stereotyped, nonfunctional (and often rhythmic)"
302,6,movements that do not form part of any recognized psychiatric or
302,7,neurological condition. When such movements occur as symptoms
302,8,"of some other disorder, only the overall disorder should be coded"
302,9,(i.e. F98.4 should not be used). The movements that are noninjurious
302,10,"include: body-rocking, head-rocking, hair-plucking, hair-twisting,"
302,11,"finger-flicking mannerisms, and hand-flapping. (Nail-biting, thumb-"
302,12,"sucking, and nose-picking should not be included as they are not"
302,13,"good indicators of psychopathology, and are not of sufficient public"
302,14,health importance to warrant classification.) Stereotyped self-injurious
302,15,"behaviour includes repetitive head-banging, face-slapping, eye-poking,"
302,16,"and biting of hands, lips or other body parts. All the stereotyped"
302,17,movement disorders occur most frequently in association with
302,18,"mental retardation; when this is the case, both disorders should be"
302,19,coded.
302,20,Eye-poking
302,21,is particularly common in children with visual impairment.
302,22,"However, the visual disability does not constitute a sufficient"
302,23,"explanation, and when both eye-poking and blindness (or partial"
302,24,"blindness) occur, both should be coded: eye-poking under F98.4 and"
302,25,the visual condition under the appropriate somatic disorder code.
302,26,Excludes: abnormal involuntary movements (R25.-)
302,27,movement disorders of organic origin (G20-G26)
302,28,"nail-biting, nose-picking, thumb-sucking (F98.8)"
302,29,obsessive - compulsive disorder (F42.-)
302,30,stereotypies that are part of a broader psychiatric condition
302,31,(such as pervasive developmental disorder)
302,32,tic disorders (F95.-)
302,33,trichotillomania (F63.3)
302,34,F98.5 Stuttering [stammering]
302,35,Speech that is characterized by frequent repetition or prolongation
302,36,"of sounds or syllables or words, or by frequent hesitations or pauses"
302,37,that disrupt the rhythmic flow of speech. Minor dysrhythmias of
302,38,"this type are quite common as a transient phase in early childhood,"
302,39,or as a minor but persistent speech feature in later childhood and
302,40,289
303,1,MENTAL AND BEHAVIOURAL DISORDERS
303,2,adult life. They should be classified as a disorder only if their
303,3,severity is such as markedly to disturb the fluency of speech. There
303,4,may be associated movements of the face and/or other parts of the
303,5,"body that coincide in time with the repetitions, prolongations, or"
303,6,pauses in speech flow. Stuttering should be differentiated from
303,7,cluttering (see below) and from tics. In some cases there may be
303,8,"an associated developmental disorder of speech or language, in which"
303,9,case this should be separately coded under F80. -.
303,10,Excludes: cluttering (F98.6)
303,11,neurological disorder giving rise to speech dysrhythmias
303,12,(Chapter VI of ICD-10)
303,13,obsessive - compulsive disorder (F42.-)
303,14,tic disorders (F95.-)
303,15,F98.6 Cluttering
303,16,"A rapid rate of speech with breakdown in fluency, but no repetitions"
303,17,"or hesitations, of a severity to give rise to reduced speech intelligibility."
303,18,"Speech is erratic and dysrhythmic, with rapid, jerky spurts that usually"
303,19,involve faulty phrasing patterns (e.g. alternating pauses and bursts
303,20,"of speech, producing groups of words unrelated to the grammatical"
303,21,structure of the sentence).
303,22,Excludes: neurological disorder giving rise to speech dysrhythmias
303,23,(Chapter VI of ICD-10)
303,24,obsessive - compulsive disorder (F42.-)
303,25,stuttering (F98.5)
303,26,tic disorders (F95.-)
303,27,F98.8 Other specified behavioural and emotional disorders with onset
303,28,usually occurring in childhood and adolescence
303,29,Includes: attention deficit disorder without hyperactivity
303,30,(excessive) masturbation
303,31,nail-biting
303,32,nose-picking
303,33,thumb-sucking
303,34,F98.9 Unspecified behavioural and emotional disorders with onset
303,35,usually occurring in childhood and adolescence
303,36,290
304,1,F99 UNSPECIFIED MENTAL DISORDER
304,2,"EH Mental disorder, not otherwise specified"
304,3,"Non-recommended residual category, when no other code from"
304,4,F00-F98 can be used.
304,5,291
305,1,ANNEX
305,2,Other conditions from ICD-10
305,3,often associated with mental
305,4,and behavioural disorders
305,5,This appendix contains a list of conditions in other chapters of ICD-10 that
305,6,are often found in association with the disorders in Chapter V(F) itself. They
305,7,are provided here so that psychiatrists recording diagnoses by means of the
305,8,Clinical Descriptions and Diagnostic Guidelines have immediately to hand the
305,9,ICD terms and codes that cover the associated diagnoses most likely to be
305,10,encountered in ordinary clinical practice. The majority of the conditions covered
305,11,"are given only at the three-character level, but four-character codes are given"
305,12,for a selection of those diagnoses that will be used most frequently.
305,13,Chapter I
305,14,Certain infectious and parasitic diseases (A00-B99)
305,15,A50 Congenital syphilis
305,16,A50.4 Late congenital neurosyphilis [juvenile neurosyphilis]
305,17,A52 Late syphilis
305,18,A52.1 Symptomatic neurosyphilis
305,19,Includes: tabes dorsalis
305,20,A81 Slow virus infections of central nervous system
305,21,A81.0 Creutzfeldt - Jakob disease
305,22,A81.1 Subacute sclerosing panencephalitis
305,23,A81.2 Progressive multifocal leukoencephalopathy
305,24,B22 Human immunodeficiency virus (HIV) disease resulting in other
305,25,specified diseases
305,26,B22.0 HIV disease resulting in encephalopathy
305,27,Includes: HIV dementia
305,28,292
306,1,ANNEX
306,2,Chapter II
306,3,Neoplasms (C00-D48)
306,4,C70. - Malignant neoplasm of meninges
306,5,C71. - Malignant neoplasm of brain
306,6,"C72. - Malignant neoplasm of spinal cord, cranial nerves and other parts"
306,7,of central nervous system
306,8,D33. — Benign neoplasm of brain and other parts of central nervous system
306,9,D42. - Neoplasm of uncertain and unknown behaviour of meninges
306,10,D43. - Neoplasm of uncertain and unknown behaviour of brain and central
306,11,nervous system
306,12,Chapter IV
306,13,"Endocrine, nutritional and metabolic diseases (E00-E90)"
306,14,E00.- Congenital iodine-deficiency syndrome
306,15,£01.- Iodine-deficiency-related thyroid disorders and allied conditions
306,16,E02 Subclinical iodine-deficiency hypothyroidism
306,17,E03 Other hypothyroidism
306,18,E03.2 Hypothyroidism due to medicaments and other exogenous
306,19,substances
306,20,E03.5 Myxoedema coma
306,21,E05. - Thyrotoxicosis [hyperthyroidism]
306,22,E15 Nondiabetic hypoglycaemic coma
306,23,E22 Hyperfunction of pituitary gland
306,24,E22.0 Acromegaly and pituitary gigantism
306,25,E22.1 Hyperprolactinaemia
306,26,Includes: drug-induced hyperprolactinaemia
306,27,293
307,1,MENTAL AND BEHAVIOURAL DISORDERS
307,2,E23. - Hypofunction and other disorders of pituitary gland
307,3,E24. - Cushing's syndrome
307,4,"E30 Disorders of puberty, not elsewhere classified"
307,5,E30.0 Delayed puberty
307,6,E30.1 Precocious puberty
307,7,E34 Other endocrine disorders
307,8,"E34.3 Short stature, not elsewhere classified"
307,9,E51 Thiamine deficiency
307,10,E51.2 Wernicke's encephalopathy
307,11,E64. - Sequelae of malnutrition and other nutritional deficiencies
307,12,E66. - Obesity
307,13,E70 Disorders of aromatic amino-acid metabolism
307,14,E70.0 Classical phenylketonuria
307,15,E71 Disorders of branched-chain amino-acid metabolism and fatty-acid
307,16,metabolism
307,17,E71.0 Maple-syrup-urine disease
307,18,E74. - Other disorders of carbohydrate metabolism
307,19,E80. - Disorders of porphyrin and bilirubin metabolism
307,20,Chapter VI
307,21,Diseases of the nervous system (G00-G99)
307,22,"GOO.- Bacterial meningitis, not elsewhere classified"
307,23,"Includes: haemophilus, pneumococcal, streptococcal, staphylococcal"
307,24,and other bacterial meningitis
307,25,G02. - Meningitis in other infectious and parasitic diseases classified elsewhere
307,26,G03. - Meningitis due to other and unspecified causes
307,27,294
308,1,ANNEX
308,2,"G04. - Encephalitis, myelitis and encephalomyelitis"
308,3,G06 Intracranial and intraspinal abscess and granuloma
308,4,"G06.2 Extradural and subdural abscess, unspecified"
308,5,G10 Huntington's disease
308,6,Gil.— Hereditary ataxia
308,7,G20 Parkinson's disease
308,8,G21 Secondary parkinsonism
308,9,G21.0 Malignant neuroleptic syndrome
308,10,G21.1 Other drug-induced secondary parkinsonism
308,11,G21.2 Secondary parkinsonism due to other external agents
308,12,G21.3 Postencephalitic parkinsonism
308,13,G24 Dystonia
308,14,Includes: dyskinesia
308,15,G24.0 Drug-induced dystonia
308,16,G24.3 Spasmodic torticollis
308,17,G24.8 Other dystonia
308,18,Includes: tardive dyskinesia
308,19,G25.- Other extrapyramidal and movement disorders
308,20,"Includes: restless legs syndrome, drug-induced tremor, myoclonus,"
308,21,"chorea, tics"
308,22,G30 Alzheimer's disease
308,23,G30.0 Alzheimer's disease with early onset
308,24,G30.1 Alzheimer's disease with late onset
308,25,G30.8 Other Alzheimer's disease
308,26,"G30.9 Alzheimer's disease, unspecified"
308,27,"G31 Other degenerative diseases of nervous system, not elsewhere classified"
308,28,G31.0 Circumscribed brain atrophy
308,29,Includes: Pick's disease
308,30,295
309,1,MENTAL AND BEHAVIOURAL DISORDERS
309,2,"G31.1 Senile degeneration of brain, not elsewhere classified"
309,3,G31.2 Degeneration of nervous system due to alcohol
309,4,"Includes: alcoholic cerebellar ataxia and degeneration, cerebral"
309,5,degeneration and encephalopathy; dysfunction of the
309,6,autonomic nervous system due to alcohol
309,7,G31.8 Other specified degenerative diseases of the nervous system
309,8,Includes: Subacute necrotizing encephalopathy [Leigh] grey-matter
309,9,degeneration [Alpers]
309,10,"G31.9 Degenerative disease of nervous system, unspecified"
309,11,G32. - Other degenerative disorders of nervous system in diseases classified
309,12,elsewhere
309,13,G35 Multiple sclerosis
309,14,G37 Other demyelinating diseases of central nervous system
309,15,G37.0 Diffuse sclerosis
309,16,Includes: periaxial encephalitis; Schilder's disease
309,17,G40 Epilepsy
309,18,G40.0 Localization-related (focal) (partial) idiopathic epilepsy and
309,19,epileptic syndromes with seizures of localized onset
309,20,Includes: benign childhood epilepsy with centrotemporal EEG spikes
309,21,or occipital EEG paroxysms
309,22,G40.1 Localization-related (focal) (partial) symptomatic epilepsy and
309,23,epileptic syndromes with simple partial seizures
309,24,Includes: attacks without alteration of consciousness
309,25,G40.2 Localization-related (focal) (partial) symptomatic epilepsy and
309,26,epileptic syndromes with complex partial seizures
309,27,"Includes: attacks with alteration of consciousness, often with"
309,28,automatisms
309,29,G40.3 Generalized idiopathic epilepsy and epileptic syndromes
309,30,G40.4 Other generalized epilepsy and epileptic syndromes
309,31,Includes: salaam attacks
309,32,296
310,1,ANNEX
310,2,G40.5 Special epileptic syndromes
310,3,"Includes: epileptic seizures related to alcohol, drugs and sleep"
310,4,deprivation
310,5,"G40.6 Grand mal seizures, unspecified (with or without petit mal)"
310,6,"G40.7 Petit mal, unspecified, without grand mal seizures"
310,7,G41.- Status epilepticus
310,8,G43. - Migraine
310,9,G44. - Other headache syndromes
310,10,G45.- Transient cerebral ischaemic attacks and related syndromes
310,11,G47 Sleep disorders
310,12,G47.2 Disorders of the sleep-wake schedule
310,13,G47.3 Sleep apnoea
310,14,G47.4 Narcolepsy and cataplexy
310,15,G70 Myasthenia gravis and other myoneural disorders
310,16,G70.0 Myasthenia gravis
310,17,G91. - Hydrocephalus
310,18,G92 Toxic encephalopathy
310,19,G93 Other disorders of brain
310,20,"G93.1 Anoxic brain damage, not elsewhere classified"
310,21,G93.3 Postviral fatigue syndrome
310,22,Includes: benign myalgic encephomyelitis
310,23,"G93.4 Encephalopathy, unspecified"
310,24,"G97 Postprocedural disorders of nervous system, not elsewhere classified"
310,25,G97.0 Cerebrospinal fluid leak from spinal puncture
310,26,297
311,1,MENTAL AND BEHAVIOURAL DISORDERS
311,2,Chapter VII
311,3,Diseases of the eye and adnexa (H00 - H59)
311,4,H40 Glaucoma
311,5,H40.6 Glaucoma secondary to drugs
311,6,Chapter VIII
311,7,Diseases of the ear and mastoid process (H60 - H95)
311,8,"H93 Other disorders of ear, not elsewhere classified"
311,9,H93.1 Tinnitus
311,10,Chapter IX
311,11,Diseases of the circulatory system (100-199)
311,12,110 Essential (primary) hypertension
311,13,160.- Subarachnoid haemorrhage
311,14,161.- Intracerebral haemorrhage
311,15,162 Other nontraumatic intracranial haemorrhage
311,16,162.0 Subdural haemorrhage (acute) (nontraumatic)
311,17,162.1 Nontraumatic extradural haemorrhage
311,18,163.- Cerebral infarction
311,19,"164 Stroke, not specified as haemorrhage or infarction"
311,20,"165. - Occlusion and stenosis of precerebral arteries, not resulting in cerebral"
311,21,infarction
311,22,"166. - Occlusion and stenosis of cerebral arteries, not resulting in cerebral"
311,23,infarction
311,24,167 Other cerebrovascular diseases
311,25,167.2 Cerebral atherosclerosis
311,26,167.3 Progressive vascular leukoencephalopathy
311,27,Includes: Binswanger's disease
311,28,298
312,1,ANNEX
312,2,167.4 Hypertensive encephalopathy
312,3,169. - Sequelae of cerebrovascular disease
312,4,195 Hypotension
312,5,195.2 Hypotension due to drugs
312,6,Chapter X
312,7,Diseases of the respiratory system (J00-J99)
312,8,J10 Influenza due to identified influenza virus
312,9,"J10.8 Influenza with other manifestations, influenza virus identified"
312,10,"Jll Influenza, virus not identified"
312,11,"J11.8 Influenza with other manifestations, virus not identified"
312,12,J42 Unspecified chronic bronchitis
312,13,J43. - Emphysema
312,14,J45. - Asthma
312,15,Chapter XI
312,16,Diseases of the digestive system (K00 - K93)
312,17,K25 Gastric ulcer
312,18,K26 Duodenal ulcer
312,19,"K27 Peptic ulcer, site unspecified"
312,20,K29 Gastritis and duodenitis
312,21,K29.2 Alcoholic gastritis
312,22,K30 Dyspepsia
312,23,K58. - Irritable bowel syndrome
312,24,K59. - Other functional intestinal disorders
312,25,299
313,1,MENTAL AND BEHAVIOURAL DISORDERS
313,2,K70.- Alcoholic liver disease
313,3,K71. - Toxic liver disease
313,4,Includes: drug-induced liver disease
313,5,K86 Other diseases of pancreas
313,6,K86.0 Alcohol-induced chronic pancreatitis
313,7,Chapter XII
313,8,Diseases of the skin and subcutaneous tissue (L00-L99)
313,9,L20. - Atopic dermatitis
313,10,"L98 Other disorders of skin and subcutaneous tissue, not elsewhere"
313,11,classified
313,12,L98.1 Factitial dermatitis
313,13,Includes: neurotic excoriation
313,14,Chapter XIII
313,15,Diseases of the musculoskeletal system and connective
313,16,tissue (M00-M99)
313,17,M32. - Systemic lupus erythematosus
313,18,M54. - Dorsalgia
313,19,Chapter XIV
313,20,Diseases of the genitourinary system (N00-N99)
313,21,N48 Other disorders of penis
313,22,N48.3 Priapism
313,23,N48.4 Impotence of organic origin
313,24,"N91. - Absent, scanty and rare menstruation"
313,25,300
314,1,ANNEX
314,2,N94 Pain and other conditions associated with female genital organs and
314,3,menstrual cycle
314,4,N94.3 Premenstrual tension syndrome
314,5,N94.4 Primary dysmenorrhoea
314,6,N94.5 Secondary dysmenorrhoea
314,7,"N94.6 Dysmenorrhoea, unspecified"
314,8,N95 Menopausal and other perimenopausal disorders
314,9,N95.1 Menopausal and female climacteric states
314,10,N95.3 States associated with artificial menopause
314,11,Chapter XV
314,12,"Pregnancy, childbirth and the puerperium (000-099)"
314,13,O04 Medical abortion
314,14,O35 Maternal care for known or suspected fetal abnormality and damage
314,15,035.4 Maternal care for (suspected) damage to fetus from alcohol
314,16,035.5 Maternal care for (suspected) damage to fetus by drugs
314,17,O99 Other maternal diseases classifiable elsewhere but complicating
314,18,"pregnancy, childbirth and puerperium"
314,19,O99.3 Mental disorders and diseases of the nervous system com-
314,20,"plicating pregnancy, childbirth and the puerperium"
314,21,Includes: conditions in F00-F99 and G00-G99
314,22,Chapter XVII
314,23,"Congenital malformations, deformations, and chromosomal"
314,24,abnormalities (Q00 - Q99)
314,25,Q02 Microcephaly
314,26,Q03.- Congenital hydrocephalus
314,27,Q04. - Other congenital malformations of brain
314,28,Q05. - Spina bifida
314,29,Q75. - Other congenital malformations of skull and face bones
314,30,301
315,1,MENTAL AND BEHAVIOURAL DISORDERS
315,2,"Q85 Phakomatoses, not elsewhere classified"
315,3,Q85.0 Neurofibromatosis (nonmalignant)
315,4,Q85.1 Tuberous sclerosis
315,5,"Q86 Congenital malformation syndromes due to known exogenous causes,"
315,6,not elsewhere classified
315,7,Q86.0 Fetal alcohol syndrome (dysmorphic)
315,8,Q90 Down's syndrome
315,9,"Q90.0 Trisomy 21, meiotic nondisjunction"
315,10,"Q90.1 Trisomy 21, mosaicism (mitotic nondisjunction)"
315,11,"Q90.2 Trisomy 21, translocation"
315,12,"Q90.9 Down's syndrome, unspecified"
315,13,Q91. — Edwards' syndrome and Patau's syndrome
315,14,"Q93 Monosomies and deletions from the autosomes, not elsewhere"
315,15,classified
315,16,Q93.4 Deletion of short arm of chromosome 5
315,17,Includes: cri-du-chat syndrome
315,18,Q96. - Turner's syndrome
315,19,"Q97. - Other sex chromosome abnormalities, female phenotype, not"
315,20,elsewhere classified
315,21,"Q98 Other sex chromosome abnormalities, male phenotype, not elsewhere"
315,22,classified
315,23,"Q98.0 Klinefelter's syndrome karyotype 47,XXY"
315,24,"Q98.1 Klinefelter's syndrome, male with more than two"
315,25,X chromosomes
315,26,"Q98.2 Klinefelter's syndrome, male with 46,XX karyotype"
315,27,"Q98.4 Klinefelter's syndrome, unspecified"
315,28,"Q99. - Other chromosome abnormalities, not elsewhere classified"
315,29,302
316,1,ANNEX
316,2,Chapter XVIII
316,3,"Symptoms, signs and abnormal clinical and laboratory"
316,4,"findings, not elsewhere classified (R00-R99)"
316,5,R55 Syncope and collapse
316,6,"R56 Convulsions, not elsewhere classified"
316,7,R56.0 Febrile convulsions
316,8,R56.8 Other and unspecified convulsions
316,9,R62 Lack of expected normal physiological development
316,10,R62.0 Delayed milestone
316,11,R62.8 Other lack of expected normal physiological development
316,12,"R62.9 Lack of expected normal physiological development,"
316,13,unspecified
316,14,R63 Symptoms and signs concerning food and fluid intake
316,15,R63.0 Anorexia
316,16,R63.1 Polydipsia
316,17,R63.4 Abnormal weight loss
316,18,R63.5 Abnormal weight gain
316,19,"R78. - Findings of drugs and other substances, normally not found in blood"
316,20,Includes: alcohol (R78.0); opiate drug (R78.1); cocaine (R78.2);
316,21,hallucinogen (R78.3); other drugs of addictive potential
316,22,(R78.4); psycho tropic drug (R78.5); abnormal level of
316,23,lithium (R78.8)
316,24,R83 Abnormal findings in cerebrospinal fluid
316,25,R90. - Abnormal findings on diagnostic imaging of central nervous system
316,26,R94 Abnormal results of function studies
316,27,R94.0 Abnormal results of function studies of central nervous system
316,28,Includes: abnormal electroencephalogram [EEG]
316,29,303
317,1,MENTAL AND BEHAVIOURAL DISORDERS
317,2,Chapter XIX
317,3,"Injury, poisoning and certain other consequences"
317,4,of external causes (S00-T98)
317,5,S06 Intracranial injury
317,6,506.0 Concussion
317,7,506.1 Traumatic cerebral oedema
317,8,506.2 Diffuse brain injury
317,9,506.3 Focal brain injury
317,10,506.4 Epidural haemorrhage
317,11,506.5 Traumatic subdural heaemorrhage
317,12,506.6 Traumatic subarachnoid haemorrhage
317,13,506.7 Intracranial injury with prolonged coma
317,14,Chapter XX
317,15,External causes of morbidity and mortality (V0I-Y98)
317,16,Intentional self-harm (X60-X84)
317,17,Includes: purposely self-inflicted poisoning or injury; suicide
317,18,"X60 Intentional self-poisoning by and exposure to nonopioid analgesics,"
317,19,antipyretics and antirheumatics
317,20,"X61 Intentional self-poisoning by and exposure to antiepileptic,"
317,21,"sedative - hypnotic, antiparkinsonism and psychotropic drugs, not"
317,22,elsewhere classified
317,23,"Includes: antidepressants, barbiturates, neuroleptics, psychostimulants"
317,24,X62 Intentional self-poisoning by and exposure to narcotics and
317,25,"psychodysleptics [hallucinogens], not elsewhere classified"
317,26,"Includes: cannabis (derivatives), cocaine, codeine, heroin, lysergide"
317,27,"[LSD], mescaline, methadone, morphine, opium (alkaloids)"
317,28,X63 Intentional self-poisoning by and exposure to other drugs acting on
317,29,the autonomic nervous systems
317,30,X64 Intentional self-poisoning by and exposure to other and unspecified
317,31,drugs and biological substances
317,32,304
318,1,ANNEX
318,2,X65 Intentional self-poisoning by and exposure to alcohol
318,3,X66 Intentional self-poisoning by and exposure to organic solvents and
318,4,halogenated hydrocarbons and their vapours
318,5,X67 Intentional self-poisoning by and exposure to other gases and vapours
318,6,Includes: carbon monoxide; utility gas
318,7,X68 Intentional self-poisoning by and exposure to pesticides
318,8,X69 Intentional self-poisoning by and exposure to other and unspecified
318,9,chemicals and noxious substances
318,10,"Includes: corrosive aromatics, acids and caustic alkalis"
318,11,"X70 Intentional self-harm by hanging, strangulation and suffocation"
318,12,X71 Intentional self-harm by drowning and submersion
318,13,X72 Intentional self-harm by handgun discharge
318,14,"X73 Intentional self-harm by rifle, shotgun and larger firearm discharge"
318,15,X74 Intentional self-harm by other and unspecified firearm discharge
318,16,X75 Intentional self-harm by explosive material
318,17,X76 Intentional self-harm by fire and flames
318,18,"X77 Intentional self-harm by steam, hot vapours and hot objects"
318,19,X78 Intentional self-harm by sharp object
318,20,X79 Intentional self-harm by blunt object
318,21,X80 Intentional self-harm by jumping from a high place
318,22,X81 Intentional self-harm by jumping or lying before moving object
318,23,X82 Intentional self-harm by crashing of motor vehicle
318,24,305
319,1,MENTAL AND BEHAVIOURAL DISORDERS
319,2,X83 Intentional self-harm by other specified means
319,3,"Includes: crashing of aircraft, electrocution, caustic substances"
319,4,(except poisoning)
319,5,X84 Intentional self-harm by unspecified means
319,6,Assault (X85-Y09)
319,7,Includes: homicide; injuries inflicted by another person with intent
319,8,"to injure or kill, by any means"
319,9,X93 Assault by handgun discharge
319,10,X99 Assault by sharp object
319,11,Y00 Assault by blunt object
319,12,Y04 Assault by bodily force
319,13,Y05 Sexual assault by bodily force
319,14,Y06. - Neglect and abandonment
319,15,Y07. - Other maltreatment syndromes
319,16,Includes: mental cruelty; physical abuse; sexual abuse; torture
319,17,"Drugs, medicaments and biological substances causing adverse effects"
319,18,in therapeutic use (Y40-Y59)
319,19,Y46 Antiepileptics and antiparkinsonism drugs
319,20,Y46.7 Antiparkinsonism drugs
319,21,"Y47. - Sedatives, hypnotics and antianxiety drugs"
319,22,"Y49 Psychotropic drugs, not elsewhere classified"
319,23,Y49.0 Tricyclic and tetracyclic antidepressants
319,24,Y49.1 Monoamine-oxidase-inhibitor antidepressants
319,25,Y49.2 Other and unspecified antidepressants
319,26,Y49.3 Phenothiazine antipsychotics and neuroleptics
319,27,306
320,1,ANNEX
320,2,Y49.4 Butyrophenone and thioxanthene neuroleptics
320,3,Y49.5 Other antipsychotics and neuroleptics
320,4,Y49.6 Psychodysleptics [hallucinogens]
320,5,Y49.7 Psychostimulants with abuse potential
320,6,"Y49.8 Other psychotropic drugs, not elsewhere classified"
320,7,"Y49.9 Psychotropic drug, unspecified"
320,8,"Y50. - Central nervous system stimulants, not elsewhere classified"
320,9,Y51.- Drugs primarily affecting the autonomic nervous system
320,10,Y57. - Other and unspecified drugs and medicaments
320,11,Chapter XXI
320,12,Factors influencing health status and contact with health
320,13,services (Z00-Z99)
320,14,ZOO General examination and investigation of persons without complaint
320,15,and reported diagnosis
320,16,"Z00.4 General psychiatric examination, not elsewhere classified"
320,17,Z02 Examination and encounter for administrative purposes
320,18,Z02.3 Examination for recruitment to armed forces
320,19,Z02.4 Examination for driving licence
320,20,Z02.6 Examination for insurance purposes
320,21,Z02.7 Issue of medical certificate
320,22,Z03 Medical observation and evaluation for suspected diseases and con-
320,23,ditions
320,24,Z03.2 Observation for suspected mental and behavioural disorders
320,25,"Includes: observation for dissocial behaviour, fire-setting, gang"
320,26,"activity, and shoplifting, without manifest psychiatric"
320,27,disorder
320,28,Z04 Examination and observation for other reasons
320,29,Includes: examination for medicolegal reasons
320,30,"Z04.6 General psychiatric examination, requested by authority"
320,31,307
321,1,MENTAL AND BEHAVIOURAL DISORDERS
321,2,Z50 Care involving use of rehabilitation procedures
321,3,Z50.2 Alcohol rehabilitation
321,4,Z5O.3 Drug rehabilitation
321,5,"Z50.4 Psychotherapy, not elsewhere classified"
321,6,"Z50.7 Occupational therapy and vocational rehabilitation, not"
321,7,elsewhere classified
321,8,Z50.8 Care involving use of other specified rehabilitation procedures
321,9,Includes: tobacco abuse rehabilitation
321,10,training in activities of daily living [ADL]
321,11,Z54 Convalescence
321,12,Z54.3 Convalescence following psychotherapy
321,13,Z55. - Problems related to education and literacy
321,14,Z56.- Problems related to employment and unemployment
321,15,Z59. - Problems related to housing and economic circumstances
321,16,Z60 Problems related to social environment
321,17,Z60.0 Problems of adjustment to life-cycle transitions
321,18,Z60.1 Atypical parenting situation
321,19,Z60.2 Living alone
321,20,Z60.3 Acculturation difficulty
321,21,Z60.4 Social exclusion and rejection
321,22,Z60.5 Target of perceived adverse discrimination and persecution
321,23,Z60.8 Other specified problems related to social environment
321,24,Z61 Problems related to negative life events in childhood
321,25,Z61.0 Loss of love relationship in childhood
321,26,Z61.1 Removal from home in childhood
321,27,Z61.2 Altered pattern of family relationships in childhood
321,28,Z61.3 Events resulting in loss of self-esteem in childhood
321,29,Z61.4 Problems related to alleged sexual abuse of child by person
321,30,within primary support group
321,31,Z61.5 Problems related to alleged sexual abuse of child by person
321,32,outside primary support group
321,33,Z61.6 Problems related to alleged physical abuse of child
321,34,Z61.7 Personal frightening experience in childhood
321,35,Z61.8 Other negative life events in childhood
321,36,308
322,1,ANNEX
322,2,Z62 Other problems related to upbringing
322,3,Z62.0 Inadequate parental supervision and control
322,4,Z62.1 Parental overprotection
322,5,Z62.2 Institutional upbringing
322,6,Z62.3 Hostility towards and scapegoating of child
322,7,Z62.4 Emotional neglect of child
322,8,Z62.5 Other problems related to neglect in upbringing
322,9,Z62.6 Inappropriate parental pressure and other abnormal qualities
322,10,of upbringing
322,11,Z62.8 Other specified problems related to upbringing
322,12,"Z63 Other problems related to primary support group, including family"
322,13,circumstances
322,14,Z63.0 Problems in relationship with spouse or partner
322,15,Z63.1 Problems in relationship with parents and in-laws
322,16,Z63.2 Inadequate family support
322,17,Z63.3 Absence of family member
322,18,Z63.4 Disappearance and death of family member
322,19,Z63.5 Disruption of family by separation and divorce
322,20,Z63.6 Dependent relative needing care at home
322,21,Z63.7 Other stressful life events affecting family and household
322,22,Z63.8 Other specified problems related to primary support group
322,23,Z64 Problems related to certain psychosocial circumstances
322,24,Z64.0 Problems related to unwanted pregnancy
322,25,"Z64.2 Seeking and accepting physical, nutritional and chemical"
322,26,interventions known to be hazardous and harmful
322,27,Z64.3 Seeking and accepting behavioural and psychological interven-
322,28,tions known to be hazardous and harmful
322,29,Z64.4 Discord with counsellors
322,30,Includes: probation officer; social worker
322,31,Z65 Problems related to other psychosocial circumstances
322,32,Z65.0 Conviction in civil and criminal proceedings without
322,33,imprisonment
322,34,Z65.1 Imprisonment and other incarceration
322,35,Z65.2 Problems related to release from prison
322,36,Z65.3 Problems related to other legal circumstances
322,37,Includes: arrest
322,38,child custody or support proceedings
322,39,309
323,1,MENTAL AND BEHAVIOURAL DISORDERS
323,2,Z65.4 Victim of crime and terrorism (including torture)
323,3,"Z65.5 Exposure to disaster, war and other hostilities"
323,4,"Z70. - Counselling related to sexual attitude, behaviour and orientation"
323,5,Z71 Persons encountering health services for other counselling and medical
323,6,"advice, not elsewhere classified"
323,7,Z71.4 Alcohol abuse counselling and surveillance
323,8,Z71.5 Drug abuse counselling and surveillance
323,9,Z71.6 Tobacco abuse counselling
323,10,Z72 Problems relating to lifestyle
323,11,Z72.0 Tobacco use
323,12,Z72.1 Alcohol use
323,13,Z72.2 Drug use
323,14,Z72.3 Lack of physical exercise
323,15,Z72.4 Inappropriate diet and eating habits
323,16,Z72.5 High-risk sexual behaviour
323,17,Z72.6 Gambling and betting
323,18,Z72.8 Other problems related to lifestyle
323,19,Includes: self-damaging behaviour
323,20,Z73 Problems related to life-management difficulty
323,21,Z73.0 Burn-out
323,22,Z73.1 Accentuation of personality traits
323,23,Includes: type A behaviour pattern
323,24,Z73.2 Lack of relaxation or leisure
323,25,"Z73.3 Stress, not elsewhere classified"
323,26,"Z73.4 Inadequate social skills, not elsewhere classified"
323,27,"Z73.5 Social role conflict, not elsewhere classified"
323,28,Z75 Problems related to medical facilities and other health care
323,29,Z75.1 Person awaiting admission to adequate facility elsewhere
323,30,Z75.2 Other waiting period for an investigation and treatment
323,31,Z75.5 Holiday relief care
323,32,310
324,1,ANNEX
324,2,Z76 Persons encountering health services in other circumstances
324,3,Z76.0 Issue of repeat prescription
324,4,Z76.5 Malingerer [conscious simulation]
324,5,Includes: persons feigning illness with obvious motivation
324,6,Z81 Family history of mental and behavioural disorders
324,7,Z81.0 Family history of mental retardation
324,8,Z81.1 Family history of alcohol abuse
324,9,Z81.3 Family history of other psychoactive substance abuse
324,10,Z81.8 Family history of other mental and behavioural disorders
324,11,Z82 Family history of certain disabilities and chronic diseases leading to
324,12,disablement
324,13,Z82.0 Family history of epilepsy and other diseases of the nervous
324,14,system
324,15,Z85. - Personal history of malignant neoplasm
324,16,Z86 Personal history of certain other diseases
324,17,Z86.0 Personal history of other neoplasms
324,18,Z86.4 Personal history of psychoactive substance abuse
324,19,Z86.5 Personal history of other mental and behavioural disorders
324,20,Z86.6 Personal history of diseases of the nervous system and sense
324,21,organs
324,22,Z87 Personal history of other diseases and conditions
324,23,"Z87.7 Personal history of congenital malformations, deformations"
324,24,and chromosomal abnormalities
324,25,"Z91 Personal history of risk-factors, not elsewhere classified"
324,26,Z91.1 Personal history of noncompliance with medical treatment
324,27,and regimen
324,28,"Z91.4 Personal history of psychological trauma, not elsewhere"
324,29,classified
324,30,Z91.5 Personal history of self-harm
324,31,Includes: parasuicide; self-poisoning; suicide attempt
324,32,311
325,1,List of principal investigators
325,2,Field trials of the ICD-10 proposals involved researchers and clinicians in some
325,3,110 institutes in 40 countries. Their efforts and comments were of great impor-
325,4,tance for the successive revisions of the first draft of the classification and
325,5,the clinical descriptions and diagnostic guidelines. All principal investigators
325,6,are named below. The individuals who produced the initial drafts of the
325,7,classification and guidelines are marked with an asterisk.
325,8,Australia Bahrain
325,9,Dr P.J.V. Beumont (Sydney) Dr M.K. Al-Haddad
325,10,Dr E. Blackmore (Nedlands) Dr C.A. Kamel
325,11,Dr R. Davidson (Nedlands) Dr M.A. Mawgoud
325,12,Ms C.R. Dossetor (Melbourne)
325,13,Dr G.A. German (Nedlands) Belgium
325,14,"*Dr A.S. Henderson (Canberra) _ _ _ , /T ., x"
325,15,"^ TT _ TT ,_\ 1U ' Dr D. Bobon (Liege)"
325,16,"Dr H.E. Herrman (Melbourne) _ _, _ _ v"
325,17,/T
325,18,&.; x
325,19,_. _ _ u m\u\ Dr C. Mormont (Liege)Dr G. Johnson (Perth) T T • xT^ A TT T tr^ u x Dr W. Vandereyken (Louvain)Dr A.F. Jorm (Canberra)
325,20,Dr S.D. Joshua (Melbourne) R
325,21,Dr S. Kisely (Perth) raZI
325,22,Dr T. Lambert (Nedlands) Dr P.B. Abreu (Porto Alegre)
325,23,Dr P.D. McGorry (Melbourne) Dr N. Bezerra (Porto Alegre)
325,24,Dr I. Pilowski (Adelaide) Dr M. Bugallo (Pelotas)
325,25,Dr J. Saunders (Camperdown) Dr E. Busnello (Porto Alegre)
325,26,Dr B. Singh (Melbourne) Dr D. Caetano (Campinas)
325,27,Dr C. Castellarin (Porto Alegre)
325,28,. Dr M.L.F. Chaves (Porto Alegre)
325,29,U Dr D. Coniberti (Pelotas)
325,30,Dr P. Berner (Vienna) Dr V. Damiani (Pelotas)
325,31,Dr H. Katschnig (Vienna) Dr M.P.A. Fleck (Porto Alegre)
325,32,Dr G. Koinig (Vienna) Dr M.K. Gehlen (Porto Alegre)
325,33,Dr K. Meszaros (Vienna) Dr D. Hilton Post (Pelotas)
325,34,Dr P. Schuster (Vienna) Dr L. Knijnik (Porto Alegre)
325,35,*Dr H. Strotzka (Vienna) Dr M. Knobel (Campinas)
325,36,312
326,1,LIST OF PRINCIPAL INVESTIGATORS
326,2,Dr P.S.P. Lima (Porto Alegre)
326,3,Dr S. Olive Leite (Pelotas)
326,4,Dr C.M.S. Osorio (Porto Alegre)
326,5,Dr F. Resmini (Pelotas)
326,6,Dr G. Soares (Porto Alegre)
326,7,Dr A.P. Santin (Porto Alegre)
326,8,Dr S.B. Zimmer (Porto Alegre)
326,9,Bulgaria
326,10,Dr M. Boyadjieva (Sofia)
326,11,Dr A. Jablensky (Sofia)
326,12,Dr K. Kirov (Sofia)
326,13,Dr V. Milanova (Sofia)
326,14,Dr V. Nikolov (Sofia)
326,15,Dr I. Temkov (Sofia)
326,16,Dr K. Zaimov (Sofia)
326,17,Canada
326,18,Dr J. Beitchman (London)
326,19,Dr D. Bendjilali (Baie-Comeau)
326,20,Dr D. Berube (Baie-Comeau)
326,21,Dr D. Bloom (Verdun)
326,22,Dr D. Boisvert (Baie-Comeau)
326,23,Dr R. Cooke (London)
326,24,Dr A.J. Cooper (St Thomas)
326,25,Dr JJ. Curtin (London)
326,26,Dr J.L. Deinum (London)
326,27,Dr M.L.D. Fernando (St Thomas)
326,28,Dr P. Flor-Henry (Edmonton)
326,29,Dr L. Gaborit (Baie-Comeau)
326,30,Dr P.D. Gatfield (London)
326,31,Dr A. Gordon (Edmonton)
326,32,Dr J.A. Hamilton (Toronto)
326,33,Dr G.P. Harnois (Verdun)
326,34,Dr G. Hasey (London)
326,35,Dr W.-T. Hwang (Toronto)
326,36,Dr H. Iskandar (Verdun)
326,37,Dr B. Jean (Verdun)
326,38,Dr W. Jilek (Vancouver)
326,39,Dr D.L. Keshav (London)
326,40,Dr M. Koilpillai (Edmonton)
326,41,Dr M. Konstantareas (London)
326,42,Dr T. Lawrence (Toronto)
326,43,Dr M. Lalinec (Verdun)
326,44,Dr G. Lefebvre (Edmonton)
326,45,Dr H. Lehmann (Montreal)
326,46,*Dr Z. Lipowski (Toronto)
326,47,Dr B.L. Malhotra (London)
326,48,Dr R. Manchanda (St Thomas)
326,49,Dr H. Merskey (London)
326,50,Dr J. Morin (Verdun)
326,51,Dr N.P.V. Nair (Verdun)
326,52,Dr J. Peachey (Toronto)
326,53,Dr B. Pedersen (Toronto)
326,54,Dr E. Persad (London)
326,55,Dr G. Remington (London)
326,56,Dr P. Roper (Verdun)
326,57,Dr C. Ross (Winnipeg)
326,58,Dr S.S. Sandhu (St Thomas)
326,59,Dr M. Sharma (Verdun)
326,60,Dr M. Subak (Verdun)
326,61,Dr R.S. Swaminath (St Thomas)
326,62,Dr G.N. Swamy (St Thomas)
326,63,Dr V.R. Velamoor (St Thomas)
326,64,Dr K. Zukowska (Baie-Comeau)
326,65,China
326,66,Dr He Wei (Chengdu)
326,67,Dr Huang Zong-mei (Shanghai)
326,68,Dr Liu Pei-yi (Chengdu)
326,69,Dr Liu Xie-he (Chengdu)
326,70,*Dr Shen Yu-cun (Beijing)
326,71,Dr Song Wei-sheng (Chengdu)
326,72,Dr Xu Tao-yuan (Shanghai)
326,73,Dr Xu Yi-feng (Shanghai)
326,74,*Dr Xu You-xin (Beijing)
326,75,Dr Yang De-sen (Changsha)
326,76,Dr Yang Quan (Chengdu)
326,77,Dr Zhang Lian-di (Shanghai)
326,78,313
327,1,MENTAL AND BEHAVIOURAL DISORDERS
327,2,Colombia
327,3,Dr A. Acosta (Cali)
327,4,Dr W. Arevalo (Cali)
327,5,Dr A. Calvo (Cali)
327,6,Dr E. Castrillon (Cali)
327,7,Dr C.E. Climent (Cali)
327,8,Dr L.V. de Aragon (Cali)
327,9,Dr M.V. de Arango (Cali)
327,10,Dr G. Escobar (Cali)
327,11,Dr L.F. Gaviria (Cali)
327,12,Dr C.H. Gonzalez (Cali)
327,13,Dr C.A. Leon (Cali)
327,14,Dr S. Martinez (Cali)
327,15,Dr R. Perdomo (Cali)
327,16,Dr E. Zambrano (Cali)
327,17,Costa Rica
327,18,Dr E. Madrigal-Segura (San Jose)
327,19,Cote d'lvoire
327,20,Dr B. Claver (Abidjan)
327,21,Cuba
327,22,Dr C. Acosta Nodal (Havana)
327,23,Dr C. Acosta Rabassa (Manzanillo)
327,24,Dr O. Ares Freijo (Havana)
327,25,Dr A. Castro Gonzalez (Manzanillo)
327,26,Dr J. Cueria Basulto (Manzanillo)
327,27,Dr C. Dominguez Abreu (Havana)
327,28,Dr F. Duarte Castaneda (Havana)
327,29,Dr O.A. Freijo (Havana)
327,30,Dr F. Galan Rubi (Havana)
327,31,Dr A.C. Gonzalez (Manzanillo)
327,32,Dr R. Gonzalez Menendez (Havana)
327,33,Dr M. Guevara Machado (Havana)
327,34,Dr H. Hernandez
327,35,Elias (Pinar del Rio)
327,36,Dr R. Hernandez Rios (Havana)
327,37,Dr M. Leyva Concepcion (Havana)
327,38,Dr M. Ochoa Cortina (Havana)
327,39,Dr A. Otero Ojeda (Havana)
327,40,DrL.de la Parte Perez (Havana)
327,41,Dr V. Ravelo Perez (Havana)
327,42,Dr M. Ravelo Salazar (Havana)
327,43,Dr R.H. Rios (Havana)
327,44,Dr J. Rodriguez Garcia (Havana)
327,45,Dr
327,46,T. Rodriguez Lopez (Pinar del Rio)
327,47,Dr E. Sabas Moraleda (Havana)
327,48,Dr M.R. Salazar (Havana)
327,49,Dr H. Suarez Ramos (Havana)
327,50,Dr I. Valdes Hidalgo (Havana)
327,51,Dr C. Vasallo Mantilla (Havana)
327,52,Czechoslovakia
327,53,Dr P. Baudis (Prague)
327,54,Dr V. Filip (Prague)
327,55,Dr D. Seifertova (Prague)
327,56,Dr D. Taussigova (Prague)
327,57,Denmark
327,58,Dr J. Aagaard (Aarhus)
327,59,Dr J. Achton (Aarhus)
327,60,Dr E. Andersen (Odense)
327,61,Dr T. Arngrim (Aarhus)
327,62,Dr E. Bach Jensen (Aarhus)
327,63,Dr U. Bartels (Aarhus)
327,64,Dr P. Bech (Hillerod)
327,65,Dr A. Bertelsen (Aarhus)
327,66,Dr B. Butler (Hillerod)
327,67,Dr L. Clemmesen (Hillerod)
327,68,Dr H. Faber (Aarhus)
327,69,Dr O. Falk Madsen (Aarhus)
327,70,Dr T. Fjord-Larsen (Aalborg)
327,71,Dr F. Gerholt (Odense)
327,72,Dr J. Hoffmeyer (Odense)
327,73,Dr S. Jensen (Aarhus)
327,74,Dr. P.W. Jepsen (Hillerod)
327,75,Dr P. Jorgensen (Aarhus)
327,76,Dr M. Kastrup (Hillerod)
327,77,Dr P. Kleist (Aarhus)
327,78,314
328,1,LIST OF PRINCIPAL INVESTIGATORS
328,2,Dr A. Korner (Copenhagen)
328,3,Dr P. Kragh-Sorensen (Odense)
328,4,Dr K. Kristensen (Odense)
328,5,Dr I. Kyst (Aarhus)
328,6,Dr M. Lajer (Aarhus)
328,7,Dr J.K. Larsen (Copenhagen)
328,8,Dr P. Liisberg (Aarhus)
328,9,Dr H. Lund (Aarhus)
328,10,Dr J. Lund (Aarhus)
328,11,Dr S. MoUer-Madsen (Copenhagen)
328,12,Dr I. Moulvad (Aarhus)
328,13,Dr B. Nielsen (Odense)
328,14,Dr B.M. Nielsen (Copenhagen)
328,15,Dr C. Norregard (Copenhagen)
328,16,Dr P. Pedersen (Odense)
328,17,Dr L. Poulsen (Odense)
328,18,Dr K. Raben Pedersen (Aarhus)
328,19,Dr P. Rask (Odense)
328,20,Dr N. Reisby (Aarhus)
328,21,Dr K. Retboll (Aarhus)
328,22,Dr F. Schulsinger (Copenhagen)
328,23,Dr C. Simonsen (Aarhus)
328,24,Dr E. Simonsen (Copenhagen)
328,25,Dr H. Stockmar (Aarhus)
328,26,Dr S.E. Straarup (Aarhus)
328,27,*Dr E. Stromgren (Aarhus)
328,28,Dr L.S. Stromgren (Aarhus)
328,29,Dr J.S. Thomsen (Aalborg)
328,30,Dr P. Vestergaard (Aarhus)
328,31,Dr T. Videbech (Aarhus)
328,32,Dr T. Vilmar (Hillerod)
328,33,Dr A. Weeke (Aarhus)
328,34,Egypt
328,35,Dr M. Sami Abdel-Gawad (Cairo)
328,36,Dr A.S. Eldawla (Cairo)
328,37,Dr K. El Fawal (Alexandria)
328,38,Dr A.H. Khalil (Cairo)
328,39,Dr S.S. Nicolas (Alexandria)
328,40,Dr A. Okasha (Cairo)
328,41,Dr M.A. Shohdy (Cairo)
328,42,Dr H. El Shoubashi (Alexandria)
328,43,Dr M.I. Soueif (Cairo)
328,44,Dr N.N. Wig (Alexandria)
328,45,Germany
328,46,Dr M. Albus (Munich)
328,47,Dr H. Amorosa (Munich)
328,48,Dr O. Benkert (Mainz)
328,49,Dr M. Berger (Freiburg)
328,50,Dr B. Blanz (Mannheim)
328,51,Dr M. von Bose (Munich)
328,52,Dr B. Cooper (Mannheim)
328,53,Dr. M. von Cranach (Kaufbeuren)
328,54,Mr T. Degener (Essen)
328,55,Dr H. Dilling (Liibeck)
328,56,Dr R.R. Engel (Munich)
328,57,Dr K. Foerster (Tubingen)
328,58,Dr H. Freyberger (Liibeck)
328,59,Dr G. Fuchs (Ottobrunn)
328,60,Dr M. Gastpar (Essen)
328,61,*Dr J. Glatzel (Mainz)
328,62,Dr H. Gutzmann (Berlin)
328,63,Dr H. Hafner (Mannheim)
328,64,Dr H. Helmchen (Berlin)
328,65,Dr S. Herdemerten (Essen)
328,66,Dr W. Hiller (Munich)
328,67,Dr A. Hillig (Mannheim)
328,68,Dr H. Hippius (Munich)
328,69,Dr P. Hoff (Munich)
328,70,Dr S.O. Hoffmann (Mainz)
328,71,Dr K. Koehler (Bonn)
328,72,Dr R. Kuhlmann (Essen)
328,73,*Dr G.-E. Kuhne (Jena)
328,74,Dr E. Lomb (Essen)
328,75,Dr W. Maier (Mainz)
328,76,Dr E. Markwort (Liibeck)
328,77,Dr K. Maurer (Mannheim)
328,78,Dr J. Mittelhammer (Munich)
328,79,Dr H.-J. Moller (Bonn)
328,80,Dr W. Mombour (Munich)
328,81,Dr J. Niemeyer (Mannheim)
328,82,315
329,1,MENTAL AND BEHAVIOURAL DISORDERS
329,2,Dr R. Olbrich (Mannheim)
329,3,Dr M. Philipp (Mainz)
329,4,Dr K. Quaschner (Mannheim)
329,5,Dr H. Remschmidt (Marburg)
329,6,Dr G. Rother (Essen)
329,7,Dr R. Rummler (Munich)
329,8,Dr H. Sass (Aachen)
329,9,Mr H.W. Schaffert (Essen)
329,10,Dr H. Schepank (Mannheim)
329,11,Dr M.H. Schmidt (Mannheim)
329,12,Dr R.-D. Stieglitz (Berlin)
329,13,Dr M. Strockens (Essen)
329,14,Dr W. Trabert (Homburg)
329,15,Dr W. Tress (Mannheim)
329,16,Dr H.-U. Wittchen (Munich)
329,17,Dr M. Zaudig (Munich)
329,18,France
329,19,Dr J. F. Allilaire (Paris)
329,20,Dr J.M. Azorin (Marseilles)
329,21,Dr Baier (Strasbourg)
329,22,Dr M. Bouvard (Paris)
329,23,Dr C. Bursztejn (Strasbourg)
329,24,Dr P.F. Chanoit (Paris)
329,25,Dr M.-A. Crocq (Rouffach)
329,26,Dr J.M. Danion (Strasbourg)
329,27,Dr A. Des Lauriers (Paris)
329,28,Dr M. Dugas (Paris)
329,29,Dr B. Favre (Paris)
329,30,Dr C. Gerard (Paris)
329,31,Dr S. Giudicelli (Marseilles)
329,32,Dr J.D. Guelfi (Paris)
329,33,Dr M.F. Le Heuzey (Paris)
329,34,Dr V. Kapsambelis (Paris)
329,35,Dr Koriche (Strasbourg)
329,36,Dr S. Lebovici (Bobigny)
329,37,Dr J.P. Lepine (Paris)
329,38,Dr C. Lermuzeaux (Paris)
329,39,*Dr R. Mises (Paris)
329,40,Dr J. Oules (Montauban)
329,41,Dr P. Pichot (Paris)
329,42,Dr. D. Roume (Paris)
329,43,Dr L. Singer (Strasbourg)
329,44,Dr M. Triantafyllou (Paris)
329,45,Dr D. Widlocher (Paris)
329,46,Greece
329,47,*Dr C.R. Soldatos (Athens)
329,48,Dr C. Stefanis (Athens)
329,49,Hungary
329,50,Dr J. Szilard (Szeged)
329,51,India
329,52,Dr A.K. Agarwal (Lucknow)
329,53,Dr N. Ahuja (New Delhi)
329,54,Dr A. Avasthi (Chandigarh)
329,55,Dr G. Bandopaday (Calcutta)
329,56,Dr P.B. Behere (Varanasi)
329,57,Dr P.K. Chaturvedi (Lucknow)
329,58,Dr H.M. Chawla (New Delhi)
329,59,Dr H.M. Chowla (New Delhi)
329,60,Dr P.K. Dalai (Lucknow)
329,61,Dr P. Das (New Delhi)
329,62,Dr R. Gupta (Ludhiana)
329,63,Dr S.K. Khandelwal (New Delhi)
329,64,Dr S. Kumar (Lucknow)
329,65,Dr N. Lai (Lucknow)
329,66,Dr S. Malhotra (Chandigarh)
329,67,Dr D. Mohan (New Delhi)
329,68,Dr S. Murthy (Bangalore)
329,69,Dr P.S. Nandi (Calcutta)
329,70,Dr R.L. Narang (Ludhiana)
329,71,Dr J. Paul (Vellore)
329,72,Dr M. Prasad (Lucknow)
329,73,Dr R. Raghuram (Bangalore)
329,74,Dr G.N.N. Reddy (Bangalore)
329,75,Dr S. Saxena (New Delhi)
329,76,Dr B. Sen (Calcutta)
329,77,Dr C. Shamasundar (Bangalore)
329,78,Dr H. Singh (Lucknow)
329,79,Dr P. Sitholey (Lucknow)
329,80,316
330,1,LIST OF PRINCIPAL INVESTIGATORS
330,2,Dr S.C. Tiwari (Lucknow)
330,3,Dr B.M. Tripathi (Varanasi)
330,4,Dr J.K. Trivedi (Lucknow)
330,5,Dr V.K. Varma (Chandigarh)
330,6,Dr A. Venkoba Rao (Madurai)
330,7,Dr A. Verghese (Vellore)
330,8,Dr K.R. Verma (Varanasi)
330,9,Indonesia
330,10,Dr R. Kusumanto Setyonegoro
330,11,(Jakarta)
330,12,Dr D.B. Lubis (Jakarta)
330,13,Dr L. Mangendaan (Jakarta)
330,14,Dr W.M. Roan (Jakarta)
330,15,Dr K.B. Tun (Jakarta)
330,16,Islamic Republic of Iran
330,17,Dr H. Davidian (Tehran)
330,18,Ireland
330,19,Dr A. O'Grady-Walshe (Dublin)
330,20,Dr D. Walsh (Dublin)
330,21,Israel
330,22,Dr R. Blumensohn (Petach-Tikua)
330,23,Dr H. Hermesh (Petach-Tikua)
330,24,Dr H. Munitz (Petach-Tikua)
330,25,Dr S. Tyano (Petach-Tikua)
330,26,Italy
330,27,Dr M.G. Ariano (Naples)
330,28,Dr F. Catapano (Naples)
330,29,Dr A. Cerreta (Naples)
330,30,Dr S. Galderisi (Naples)
330,31,Dr M. Guazzelli (Pisa)
330,32,Dr D. Kemali (Naples)
330,33,Dr S. Lobrace (Naples)
330,34,Dr C. Maggini (Pisa)
330,35,Dr M. Maj (Naples)
330,36,Dr A. Mucci (Naples)
330,37,Dr M. Mauri (Pisa)
330,38,Dr P. Sarteschi (Pisa)
330,39,Dr M.R. Solla (Naples)
330,40,Dr F. Veltro (Naples)
330,41,Japan
330,42,Dr Y. Atsumi (Tokyo)
330,43,Dr T. Chiba (Sapporo)
330,44,Dr T. Doi (Tokyo)
330,45,Dr F. Fukamauchi (Tokyo)
330,46,Dr J. Fukushima (Sapporo)
330,47,Dr T. Gotohda (Sapporo)
330,48,Dr R. Hayashi (Ichikawa)
330,49,Dr I. Hironaka (Nagasaki)
330,50,Dr H. Hotta (Fukuoka)
330,51,Dr J. Ichikawa (Sapporo)
330,52,Dr T. Inoue (Sapporo)
330,53,Dr K. Kadota (Fukuoka)
330,54,Dr R. Kanena (Tokyo)
330,55,Dr T. Kasahara (Sapporo)
330,56,Dr M. Kato (Tokyo)
330,57,Dr D. Kawatani (Fukuoka)
330,58,Dr R. Kobayashi (Fukuoka)
330,59,Dr M. Kohsaka (Sapporo)
330,60,Dr T. Kojima (Tokyo)
330,61,Dr M. Komiyama (Tokyo)
330,62,Dr T. Koyama (Sapporo)
330,63,Dr A. Kuroda (Tokyo)
330,64,Dr H. Machizawa (Ichikawa)
330,65,Dr R. Masui (Fukuoka)
330,66,Dr R. Matsubara (Sapporo)
330,67,Dr M. Matsumori (Ichikawa)
330,68,Dr E. Matsushima (Tokyo)
330,69,Dr M. Matsuura (Tokyo)
330,70,Dr M. S. Michituji (Nagasaki)
330,71,Dr H. Mori (Sapporo)
330,72,Dr N. Morita (Sapporo)
330,73,Dr I. Nakama (Nagasaki)
330,74,Dr Y. Nakane (Nagasaki)
330,75,Dr M. Nakayama (Sapporo)
330,76,317
331,1,MENTAL AND BEHAVIOURAL DISORDERS
331,2,Dr M. Nankai (Tokyo)
331,3,Dr R. Nishimura (Fukuoka)
331,4,Dr M. Nishizono (Fukuoka)
331,5,Dr Y. Nonaka (Fukuoka)
331,6,Dr T. Obara (Sapporo)
331,7,Dr Y. Odagaki (Sapporo)
331,8,Dr U.Y. Ohta (Nagasaki)
331,9,Dr K. Ohya (Tokyo)
331,10,Dr S. Okada (Ichikawa)
331,11,Dr Y. Okubo (Tokyo)
331,12,Dr J. Semba (Tokyo)
331,13,Dr H. Shibuya (Tokyo)
331,14,Dr N. Shinfuku (Tokyo)
331,15,Dr M. Shintani (Tokyo)
331,16,Dr K. Shoda (Tokyo)
331,17,Dr T. Sumi (Sapporo)
331,18,Dr R. Takahashi (Tokyo)
331,19,Dr T. Takahashi (Ichikawa)
331,20,Dr T. Takeuchi (Ichikawa)
331,21,Dr S. Tanaka (Sapporo)
331,22,Dr G. Tomiyama (Ichikawa)
331,23,Dr S. Tsutsumi (Fukuoka)
331,24,Dr J. Uchino (Nagasaki)
331,25,Dr H. Uesugi (Tokyo)
331,26,Dr S. Ushijima (Fukuoka)
331,27,Dr M. Wada (Sapporo)
331,28,Dr T. Watanabe (Tokyo)
331,29,Dr Y. Yamashita (Sapporo)
331,30,Dr N. Yamanouchi (Ichikawa)
331,31,Dr H. Yasuoka (Fukuoka)
331,32,Kuwait
331,33,Dr F. El-Islam (Kuwait)
331,34,Liberia
331,35,Dr B.L. Harris (Monrovia)
331,36,Luxembourg
331,37,Dr G. Chaillet (Luxembourg)
331,38,318
331,39,*Dr C.B. Pull (Luxembourg)
331,40,Dr M.C. Pull (Luxembourg)
331,41,Mexico
331,42,Dr S. Altamirano (Mexico D.F.)
331,43,Dr G. Barajas (Mexico D.F.)
331,44,Dr C. Berlanga (Mexico D.F.)
331,45,Dr J. Cravioto (Mexico D.F.)
331,46,Dr G. Enriquez (Mexico D.F.)
331,47,Dr R. de la Fuente (Mexico D.F.)
331,48,Dr G. Heinze (Mexico D.F.)
331,49,Dr J. Hernandez (Mexico D.F.)
331,50,Dr M. Hernandez (Mexico D.F.)
331,51,Dr M. Ruiz (Mexico D.F.)
331,52,Dr M. Solano (Mexico D.F.)
331,53,Dr A. Sosa (Mexico D.F.)
331,54,Dr D. Urdapileta (Mexico D.F.)
331,55,Dr L.E. de la Vega (Mexico D.F.)
331,56,Netherlands
331,57,Dr V.D. Bosch (Groningen)
331,58,Dr R.F.W. Diekstra (Leiden)
331,59,*Dr R. Giel (Groningen)
331,60,Dr O. Van der Hart (Amsterdam)
331,61,Dr W. Heuves (Leiden)
331,62,Dr Y. Poortinga (Tilburg)
331,63,Dr C. Slooff (Groningen)
331,64,New Zealand
331,65,Dr CM. Braganza (Tokanui)
331,66,Dr J. Crawshaw (Wellington)
331,67,Dr P. Ellis (Wellington)
331,68,Dr P. Hay (Wellington)
331,69,Dr G. Mellsop (Wellington)
331,70,Dr J.R.B. Saxby (Tokanui)
331,71,Dr G.S. Ungvari (Tokanui)
331,72,Nigeria
331,73,*Dr R. Jegede (Ibadan)
332,1,LIST OF PRINCIPAL INVESTIGATORS
332,2,Dr K. Ogunremi (Ilorin)
332,3,Dr J.U. Ohaeri (Ibadan)
332,4,Dr M. Olatawura (Ibadan)
332,5,Dr B.O. Osuntokun (Ibadan)
332,6,Norway
332,7,Dr M. Bergem (Oslo)
332,8,Dr A.A. Dahl (Oslo)
332,9,Dr L. Eitinger (Oslo)
332,10,Dr C. Guldberg (Oslo)
332,11,Dr H. Hansen (Oslo)
332,12,*Dr U. Malt (Oslo)
332,13,Pakistan
332,14,Dr S. Afgan (Rawalpindi)
332,15,Dr A.R. Ahmed (Rawalpindi)
332,16,Dr M.M. Ahmed (Rawalpindi)
332,17,Dr S.H. Ahmed (Karachi)
332,18,Dr M. Arif (Karachi)
332,19,Dr S. Baksh (Rawalpindi)
332,20,Dr T. Baluch (Karachi)
332,21,Dr K.Z. Hasan (Karachi)
332,22,Dr I. Haq (Karachi)
332,23,Dr S. Hussain (Rawalpindi)
332,24,Dr S. Kalamat (Rawalpindi)
332,25,Dr K. Lai (Karachi)
332,26,Dr F. Malik (Rawalpindi)
332,27,Dr M.H. Mubbashar (Rawalpindi)
332,28,Dr Q. Nazar (Rawalpindi)
332,29,Dr T. Qamar (Rawalpindi)
332,30,Dr T.Y. Saraf (Rawalpindi)
332,31,Dr Sirajuddin (Karachi)
332,32,Dr I.A.K. Tareen (Lahore)
332,33,Dr K. Tareen (Lahore)
332,34,Dr M.A. Zahid (Lahore)
332,35,Peru
332,36,Dr J. Marietegui (Lima)
332,37,Dr A. Per ales (Lima)
332,38,Dr C. Sogi (Lima)
332,39,Dr D. Worton (Lima)
332,40,Dr H. Rotondo (Lima)
332,41,Poland
332,42,Dr M. Anczewska (Warsaw)
332,43,Dr E. Bogdanowicz (Warsaw)
332,44,Dr A. Chojnowska (Warsaw)
332,45,Dr K. Gren (Warsaw)
332,46,Dr J. Jaroszynski (Warsaw)
332,47,Dr A. Kiljan (Warsaw)
332,48,Dr E. Kobrzynska (Warsaw)
332,49,Dr L. Kowalski (Warsaw)
332,50,Dr S. Leder (Warsaw)
332,51,Dr E. Lutynska (Warsaw)
332,52,Dr B. Machowska (Warsaw)
332,53,Dr A. Piotrowski (Warsaw)
332,54,Dr S. Puzynski (Warsaw)
332,55,Dr M. Rzewuska (Warsaw)
332,56,Dr I. Stanikowska (Warsaw)
332,57,Dr K. Tarczynska (Warsaw)
332,58,Dr I. Wald (Warsaw)
332,59,Dr J. Wciorka (Warsaw)
332,60,Republic of Korea
332,61,Dr Young Ki Chung (Seoul)
332,62,Dr M.S. Kil (Seoul)
332,63,Dr B.W. Kim (Seoul)
332,64,Dr H.Y. Lee (Seoul)
332,65,Dr M.H. Lee (Seoul)
332,66,Dr S.K. Min (Seoul)
332,67,Dr B.H. Oh (Seoul)
332,68,Dr S.C. Shin (Seoul)
332,69,Romania
332,70,Dr M. Dehelean (Timisoara)
332,71,Dr P. Dehelean (Timisoara)
332,72,Dr M. Ienciu (Timisoara)
332,73,Dr M. Lazarescu (Timisoara)
332,74,Dr O. Nicoara (Timisoara)
332,75,319
333,1,MENTAL AND BEHAVIOURAL DISORDERS
333,2,Dr F. Romosan (Timisoara)
333,3,Dr D. Schrepler (Timisoara)
333,4,Russian Federation
333,5,Dr I. Anokhina (Moscow)
333,6,Dr V. Kovalev (Moscow)
333,7,Dr A. Lichko (St Petersburg)
333,8,*Dr R.A. Nadzharov (Moscow)
333,9,*Dr A.B. Smulevitch (Moscow)
333,10,Dr A.S. Tiganov (Moscow)
333,11,Dr V. Tsirkin (Moscow)
333,12,Dr M. Vartanian (Moscow)
333,13,Dr A.V. Vovin (St Petersburg)
333,14,Dr N.N. Zharikov (Moscow)
333,15,Saudi Arabia
333,16,Dr O.M. Al-Radi (Taif)
333,17,Dr H. Amin (Riyadh)
333,18,Dr W. Dodd (Riyadh)
333,19,Dr S.R.A. El Fadl (Riyadh)
333,20,Dr A.T. Ibrahim (Riyadh)
333,21,Dr M. Marasky (Riyadh)
333,22,Dr F.M.A. Rahim (Riyadh)
333,23,Spain
333,24,Dr A. Abrines (Madrid)
333,25,Dr J.L. Alcazar (Madrid)
333,26,Dr C. Alvarez (Bilbao)
333,27,Dr C. Balliis (Barcelona)
333,28,Dr P. Benjumea (Seville)
333,29,Dr V. Beramendi (Bilbao)
333,30,Dr M. Bernardo (Barcelona)
333,31,Dr J. Blanco (Seville)
333,32,Dr J.M. Blazquez (Salamanca)
333,33,Dr E. Bodega (Madrid)
333,34,Dr I. Boulandier (Bilbao)
333,35,Dr A. Cabero (Granada)
333,36,Dr M. Camacho (Seville)
333,37,Dr A. Candina (Bilbao)
333,38,Dr J.L. Carrasco (Madrid)
333,39,Dr N. Casas (Seville)
333,40,Dr C. Caso (Bilbao)
333,41,Dr A. Castaiio (Madrid)
333,42,Dr M.L. Cercefio (Salamanca)
333,43,Dr V. Corces (Madrid)
333,44,Dr D. Crespo (Madrid)
333,45,Dr O. Cuenca (Madrid)
333,46,Dr E. Ensunza (Bilbao)
333,47,Dr A. Fernandez (Madrid)
333,48,Dr P. Fernandez-Argiielles (Seville)
333,49,Dr E. Gallego (Bilbao)
333,50,Dr Garcia (Madrid)
333,51,Dr E. Giles (Seville)
333,52,Dr J. Giner (Seville)
333,53,Dr J. Gonzalez (Saragossa)
333,54,Dr A. Gonzalez-Pinto (Bilbao)
333,55,Dr C. Guaza (Madrid)
333,56,Dr J. Guerrero (Seville)
333,57,Dr C. Hernandez (Madrid)
333,58,Dr A. Higueras (Granada)
333,59,Dr D. Huertas (Madrid)
333,60,Dr J.A. Izquierdo (Salamanca)
333,61,Dr J.L. Jimenez (Granada)
333,62,Dr L. Jorda (Madrid)
333,63,Dr J. Laforgue (Bilbao)
333,64,Dr F. Lana (Madrid)
333,65,Dr A. Lobo (Saragossa)
333,66,Dr J.J. Lopez-Ibor Jr (Madrid)
333,67,Dr J. Lopez-Plaza (Saragossa)
333,68,Dr C. Maestre (Granada)
333,69,Dr F. Marquinez (Bilbao)
333,70,Dr M. Martin (Madrid)
333,71,Dr T. Monsalve (Madrid)
333,72,Dr P. Morales (Madrid)
333,73,Dr P.E. Munoz (Madrid)
333,74,Dr A. Nieto (Bilbao)
333,75,Dr P. Oronoz (Bilbao)
333,76,Dr A. Otero (Barcelona)
333,77,Dr A. Ozamiz (Bilbao)
333,78,Dr J. Padierna (Bilbao)
333,79,Dr E. Palacios (Madrid)
333,80,320
334,1,LIST OF PRINCIPAL INVESTIGATORS
334,2,Dr J. Pascual (Bilbao)
334,3,Dr M. Paz (Granada)
334,4,Dr J. Perez de los Cobos (Madrid)
334,5,Dr J. Perez-Arango (Madrid)
334,6,Dr A. Perez-Torres (Granada)
334,7,Dr A. Perez-Urdaniz (Salamanca)
334,8,Dr J. Perfecto (Salamanca)
334,9,Dr R. del Pino (Granada)
334,10,Dr J.M. Poveda (Madrid)
334,11,Dr A. Preciado (Salamanca)
334,12,Dr L. Prieto-Moreno (Madrid)
334,13,Dr J.L. Ramos (Salamanca)
334,14,Dr F. Rey (Salamanca)
334,15,Dr M.L. Rivera (Seville)
334,16,Dr P. Rodriguez (Madrid)
334,17,Dr P. Rodriguez-Sacristan (Seville)
334,18,Dr C. Rueda (Madrid)
334,19,Dr J. Ruiz (Granada)
334,20,Dr B. Salcedo (Bilbao)
334,21,Dr J. San Sebastian (Madrid)
334,22,Dr J. Sola (Granada)
334,23,Dr S. Tenorio (Madrid)
334,24,Dr R. Teruel (Bilbao)
334,25,Dr F. Torres (Granada)
334,26,Dr J. Vallejo (Barcelona)
334,27,Dr M. Vega (Madrid)
334,28,Dr B. Viar (Madrid)
334,29,Dr D. Vico (Granada)
334,30,Dr V. Zubeldia (Madrid)
334,31,Sudan
334,32,Dr M.B. Bashir (Khartoum)
334,33,Dr A.O. Sirag (Khartoum)
334,34,Sweden
334,35,Dr T. Bergmark (Danderyd)
334,36,Dr G. Dalfelt (Lund)
334,37,Dr G. Elofsson (Lund)
334,38,Dr E. Essen-Moller (Lysekil)
334,39,Dr L. Gustafson (Lund)
334,40,*Dr B. Hagberg (Gothenburg)
334,41,*Dr C. Perris (Umea)
334,42,Dr B. Wistedt (Danderyd)
334,43,Switzerland
334,44,Dr N. Aapro (Geneva)
334,45,Dr J. Angst (Zurich)
334,46,Dr L. Barrelet (Perreux)
334,47,Dr L. Ciompi (Bern)
334,48,Dr V. Dittman (Basel)
334,49,Dr P. Kielholz (Basel)
334,50,Dr E. Kolatti (Geneva)
334,51,Dr D. Ladewig (Basel)
334,52,Dr C. Miiller (Prilly)
334,53,Dr J. Press (Geneva)
334,54,Dr C. Quinto (Basel)
334,55,Dr B. Reith (Geneva)
334,56,*Dr C. Scharfetter (Zurich)
334,57,Dr M. Sieber (Zurich)
334,58,Dr H.-C. Steinhausen (Zurich)
334,59,Mr. A. Tongue (Lausanne)
334,60,Thailand
334,61,Dr C. Krishna (Bangkok)
334,62,Dr S. Dejatiwongse (Bangkok)
334,63,Turkey
334,64,Dr I.F. Dereboy (Ankara)
334,65,Dr A. Gogus (Ankara)
334,66,Dr C. Guleg (Ankara)
334,67,Dr O. Ozturk (Ankara)
334,68,Dr D.B. Ulug (Ankara)
334,69,Dr N.A. Ulusahin (Ankara)
334,70,Dr T.B. Ustun (Ankara)
334,71,United Kingdom
334,72,Dr Adityanjee (London)
334,73,Dr P. Ainsworth (Manchester)
334,74,Dr T. Arie (Nottingham)
334,75,Dr J. Bancroft (Edinburgh)
334,76,321
335,1,MENTAL AND BEHAVIOURAL DISORDERS
335,2,Dr P. Bebbington (London)
335,3,Dr S. Benjamin (Manchester)
335,4,Dr I. Berg (Leeds)
335,5,Dr K. Bergman (London)
335,6,Dr I. Brockington (Birmingham)
335,7,Dr J. Broth well (Nottingham)
335,8,Dr C. Bur ford (London)
335,9,Dr J. Carrick (London)
335,10,*Dr A. Clare (London)
335,11,Dr A.W. Clare (London)
335,12,Dr D. Clarke (Birmingham)
335,13,*Dr J.E. Cooper (Nottingham)
335,14,Dr P. Coorey (Liverpool)
335,15,Dr S.J. Cope (London)
335,16,Dr J. Copeland (Liverpool)
335,17,Dr A. Coppen (Epsom)
335,18,*Dr J.A. Corbett (London)
335,19,Dr T.K.J. Craig (London)
335,20,Dr C. Darling (Nottingham)
335,21,Dr C. Dean (Birmingham)
335,22,Dr R. Dolan (London)
335,23,*Dr J. Griffith Edwards (London)
335,24,Dr D.M. Eminson (Manchester)
335,25,Dr A. Farmer (Cardiff)
335,26,Dr K. Fitzpatrick (Nottingham)
335,27,Dr T. Fryers (Manchester)
335,28,*Dr M. Gelder (Oxford)
335,29,*Dr D. Goldberg (Manchester)
335,30,Dr I.M. Goodyer (Manchester)
335,31,*Dr M. Gossop (London)
335,32,*Dr P. Graham (London)
335,33,Dr T. Hale (London)
335,34,Dr M. Harper (Cardiff)
335,35,Dr A. Higgitt (London)
335,36,Dr J. Higgs (Manchester)
335,37,Dr N. Holden (Nottingham)
335,38,Dr P. Howlin (London)
335,39,Dr C. Hyde (Manchester)
335,40,Dr R. Jacoby (London)
335,41,Dr I. Janota (London)
335,42,Dr P. Jenkins (Cardiff)
335,43,Dr R. Jenkins (London)
335,44,Dr G. Jones (Cardiff)
335,45,*Dr R.E. Kendell (Edinburgh)
335,46,Dr N. Kreitman (Edinburgh)
335,47,Dr R. Kumar (London)
335,48,Dr M.H. Lader (London)
335,49,Dr R. Levy (London)
335,50,Dr J.E.B. Lindesay (London)
335,51,Dr W.A. Lishman (London)
335,52,Dr A. McBride (Cardiff)
335,53,Dr A.D.J. MacDonald (London)
335,54,Dr C. McDonald (London)
335,55,Dr P. McGuffin (Cardiff)
335,56,Dr M. McKenzie (Manchester)
335,57,Dr J. McLaughlin (Leeds)
335,58,Dr A.H. Mann (London)
335,59,Dr S. Mann (London)
335,60,*Dr I. Marks (London)
335,61,Dr D. Masters (London)
335,62,Dr M. Monaghan (Manchester)
335,63,Dr K.W. Moses (Manchester)
335,64,Dr J. Oswald (Edinburgh)
335,65,Dr E. Paykel (London)
335,66,Dr N. Richman (London)
335,67,Dr Sir Martin Roth (Cambridge)
335,68,*Dr G. Russell (London)
335,69,*Dr M. Rutter (London)
335,70,Dr N. Seivewright (Nottingham)
335,71,Dr D. Shaw (Cardiff)
335,72,*Dr M. Shepherd (London)
335,73,Dr A. Steptoe (London)
335,74,*Dr E. Taylor (London)
335,75,Dr D. Taylor (Manchester)
335,76,Dr R. Thomas (Cardiff)
335,77,Dr P. Tyrer (London)
335,78,*Dr D.J. West (Cambridge)
335,79,Dr P.D. White (London)
335,80,Dr A.O. Williams (Liverpool)
335,81,Dr P. Williams (London)
335,82,*Dr J. Wing (London)
335,83,*Dr L. Wing (London)
335,84,322
336,1,LIST OF PRINCIPAL INVESTIGATORS
336,2,Dr S. Wolff (Edinburgh)
336,3,Dr S. Wood (London)
336,4,Dr W. Yule (London)
336,5,United Republic of Tanzania
336,6,*Dr J.S. Neki (Dar es Salaam)
336,7,United States of America
336,8,Dr T.M. Achenbach (Burlington)
336,9,Dr H.S. Akiskal (Memphis)
336,10,Dr N. Andreasen (Iowa City)
336,11,Dr T. Babor (Farmington)
336,12,Dr T. Ban (Nashville)
336,13,Dr G. Barker (Cincinnati)
336,14,Dr J. Bartko (Rockville)
336,15,Dr M. Bauer (Richmond)
336,16,Dr C. Beebe (Columbia)
336,17,Dr D. Beedle (Cambridge)
336,18,Dr B. Benson (Chicago)
336,19,*Dr F. Benson (Los Angeles)
336,20,Dr J. Blaine (Rockville)
336,21,Dr G. Boggs (Cincinnati)
336,22,Dr R. Boshes (Cambridge)
336,23,Dr J. Brown (Farmington)
336,24,Dr J. Burke (Rockville)
336,25,Dr J. Cain (Dallas)
336,26,Dr M. Campbell (New York)
336,27,*Dr D. Cantwell (Los Angeles)
336,28,Dr R.C. Casper (Chicago)
336,29,Dr A. Conder (Richmond)
336,30,Dr P. Coons (Indianapolis)
336,31,"Mrs W. Davis (Washington, DC)"
336,32,Dr J. Deltito (White Plains)
336,33,Dr M. Diaz (Farmington)
336,34,Dr M. Dumaine (Cincinnati)
336,35,Dr C. DuRand (Cambridge)
336,36,Dr M.H. Ebert (Nashville)
336,37,Dr J.I. Escobar (Farmington)
336,38,Dr R. Falk (Richmond)
336,39,Dr M. First (New York)
336,40,Dr M.F. Folstein (Baltimore)
336,41,Dr
336,42,S. Foster (Philadelphia)
336,43,Dr A. Frances (New York)
336,44,Dr S. Frazier (Belmont)
336,45,Dr S. Freeman (Cambridge)
336,46,Dr H.E. Genaidy (Hastings)
336,47,Dr P.M. Gillig (Cincinnati)
336,48,Dr M. Ginsburg (Cincinnati)
336,49,Dr F. Goodwin (Rockville)
336,50,Dr E. Gordis (Rockville)
336,51,Dr I.I. Gottesman (Charlottesville)
336,52,Dr
336,53,B. Grant (Rockville)
336,54,*Dr S. Guze (St Louis)
336,55,Dr R. Hales (San Francisco)
336,56,Dr D. Haller (Richmond)
336,57,Dr J. Harris (Baltimore)
336,58,Dr R. Hart (Richmond)
336,59,*Dr J. Helzer (St Louis)
336,60,Dr L. Hersov (Worcester)
336,61,Dr J.R. Hillard (Cincinnati)
336,62,Dr R.M.A. Hirschfeld (Rockville)
336,63,Dr
336,64,C.E. Holzer (Galveston)
336,65,*Dr P. Holzman (Cambridge)
336,66,Dr M.J. Horowitz (San Francisco)
336,67,Dr T.R. Insel (Bethesda)
336,68,Dr L.F. Jarvik (Los Angeles)
336,69,Dr V. Jethanandani (Philadelphia)
336,70,Dr
336,71,L. Judd (Rockville)
336,72,Dr C. Kaelber (Rockville)
336,73,Dr I. Katz (Philadelphia)
336,74,Dr B. Kaup (Baltimore)
336,75,Dr S.A. Kelt (Dallas)
336,76,Dr P. Keck (Belmont)
336,77,Dr K.S. Kendler (Richmond)
336,78,Dr D.F. Klein (New York)
336,79,*Dr
336,80,A. Kleinman (Cambridge)
336,81,Dr G. Klerman (Boston)
336,82,Dr R. Kluft (Philadelphia)
336,83,Dr R.D. Kobes (Dallas)
336,84,Dr
336,85,R. Kolodner (Dallas)
336,86,Dr J.S. Ku (Cincinnati)
336,87,323
337,1,MENTAL AND BEHAVIOURAL DISORDERS
337,2,*Dr D.J. Kupfer (Pittsburgh)
337,3,Dr M. Lambert (Dallas)
337,4,Dr M. Lebowitz (New York)
337,5,Dr B. Lee (Cambridge)
337,6,Dr L. Lettich (Cambridge)
337,7,Dr N. Liebowitz (Farmington)
337,8,Dr B.R. Lima (Baltimore)
337,9,Dr A.W. Lor anger (New York)
337,10,Dr D. Mann (Cambridge)
337,11,Dr W.G. McPherson (Hastings)
337,12,Dr L. Meloy (Cincinnati)
337,13,Dr W. Mendel (Hastings)
337,14,Dr R. Meyer (Farmington)
337,15,*Dr J. Mezzich (Pittsburgh)
337,16,Dr C. Moran (Richmond)
337,17,Dr P. Nathan (Chicago)
337,18,Dr D. Neal (Ann Arbor)
337,19,Dr G. Nestadt (Baltimore)
337,20,Dr B. Orrok (Farmington)
337,21,Dr D. Orvin (Cambridge)
337,22,Dr H. Pardes (New York)
337,23,Dr J. Parks (Cincinnati)
337,24,Dr R. Pary (Pittsburgh)
337,25,"Dr R. Peel (Washington, DC)"
337,26,Dr M. Peszke (Farmington)
337,27,Dr R. Petry (Richmond)
337,28,Dr F. Petty (Dallas)
337,29,Dr R. Pickens (Rockville)
337,30,"Dr H. Pincus (Washington, DC)"
337,31,Dr M. Popkin (Long Lake)
337,32,Dr R. Poss Rosen (Bayside)
337,33,Dr H. van Praag (Bronx)
337,34,Mr D. Rae (Rockville)
337,35,Dr J. Rapoport (Bethesda)
337,36,Dr D. Regier (Rockville)
337,37,Dr R. Resnick (Richmond)
337,38,Dr R. Room (Berkeley)
337,39,Dr S. Rosenthal (Cambridge)
337,40,Dr B. Rounsaville (New Haven)
337,41,Dr A.J. Rush (Dallas)
337,42,"Dr M. Sabshin (Washington, DC)"
337,43,Dr R. Salomon (Farmington)
337,44,Dr B. Schoenberg (Bethesda)
337,45,Dr E. Schopler (Chicago)
337,46,Dr M.A. Schuckit (San Diego)
337,47,Dr R. Schuster (Rockville)
337,48,Dr M. Schwab-Stone (New Haven)
337,49,Dr S. Schwartz (Richmond)
337,50,Dr D. Shaffer (New York)
337,51,Dr T. Shapiro (New York)
337,52,*Dr R. Spitzer (New York)
337,53,Dr T.S. Stein (East Lansing)
337,54,Dr R. Stewart (Dallas)
337,55,Dr G. Tarnoff (New Haven)
337,56,Dr J.R. Thomas (Richmond)
337,57,Dr K. Towbin (New Haven)
337,58,Mr L. Towle (Rockville)
337,59,Dr M.T. Tsuang (Iowa City)
337,60,Dr J. Wade (Richmond)
337,61,Dr J. Walkup (New Haven)
337,62,Dr M. Weissmann (New Haven)
337,63,Dr J. Williams (New York)
337,64,Dr R.W.Winchel (New York)
337,65,Dr K. Winters (St Paul)
337,66,Dr T.K. Wolff (Dallas)
337,67,Dr W.C. Young (Littleton)
337,68,Uruguay
337,69,Dr R. Almada (Montevideo)
337,70,Dr P. Alterwain (Montevideo)
337,71,Dr L. Bolognin (Montevideo)
337,72,Dr P. Bustelo (Montevideo)
337,73,Dr U. Casarotti (Montevideo)
337,74,Dr E. Dorfman (Montevideo)
337,75,Dr F. Leite Gastal (Montevideo)
337,76,Dr A.J. Montoya (Montevideo)
337,77,Dr A. Nogueira (Montevideo)
337,78,Dr E. Probst (Montevideo)
337,79,Dr C. Valino (Montevideo)
337,80,324
338,1,LIST OF PRINCIPAL INVESTIGATORS
338,2,Yugoslavia
338,3,Dr N. Bohacek (Zagreb)
338,4,Dr M. Kocmur (Ljubljana)
338,5,*Dr J. Lokar (Ljubljana)
338,6,Dr B. Milac (Ljubljana)
338,7,Dr M. Tomori (Ljubljana)
338,8,325
339,1,Index
339,2,Note: For those entries marked # see List of categories for additional fourth
339,3,"or fifth character. The letters NEC stand for ""not elsewhere classified""; they"
339,4,"are added after terms classified to residual categories, as a warning that specified"
339,5,forms of the conditions are classified differently.
339,6,"Abuse (of) (see also Use, harmful)"
339,7,- analgesics F55.2
339,8,- antacids F55.3
339,9,- antidepressants F55.0
339,10,tetracyclic F55.0
339,11,tricyclic F55.0
339,12,- aspirin F55.2
339,13,- diuretics F55.8
339,14,- hormones F55.5
339,15,- laxatives F55.1
339,16,- monamine oxidase inhibitors F55.0
339,17,- non-dependence-producing substances F55.9
339,18,specified NEC F55.8
339,19,- paracetamol F55.2
339,20,- phenacetin F55.2
339,21,- specific folk remedies F55.6
339,22,- specific herbal remedies F55.6
339,23,- steroids F55.5
339,24,- vitamins F55.4
339,25,"Acalculia, developmental F81.2"
339,26,Acrophobia F40.2
339,27,"Addiction (see Syndrome, dependence)"
339,28,"Adjustment disorder (see Disorder, adjustment)"
339,29,"Aerophagy, psychogenic F45.31"
339,30,"Agnosia, developmental F88"
339,31,326
340,1,INDEX
340,2,Agoraphobia
340,3,- with panic disorder F40.01
340,4,- without panic disorder F40.00
340,5,AIDS-dementia complex F02.4#
340,6,Alcohol
340,7,- amnesic syndrome F10.5
340,8,- dependence F10.2#
340,9,"- drunkenness, acute F10.0#"
340,10,- withdrawal state F10.3 #
340,11,with delirium F10.4#
340,12,Alcoholic
340,13,- hallucinosis (acute) F10.5#
340,14,- jealousy F10.5#
340,15,- paranoia F10.5#
340,16,- psychosis F10.5#
340,17,Alcoholism
340,18,- chronic F10.2#
340,19,- Korsakov's F10.6
340,20,Alzheimer's disease
340,21,- dementia in F00.9#
340,22,atypical type F00.2#
340,23,early onset F00.0#
340,24,late onset F00.1#
340,25,- - mixed type F00.2#
340,26,- - presenile F00.0#
340,27,senile F00.1#
340,28,- type 1 F00.1#
340,29,- type 2 F00.0#
340,30,"Amnesia, dissociative F44.0"
340,31,"Amnesic syndrome (see Syndrome, amnesic)"
340,32,"Anaesthesia and sensory loss, dissociative F44.6"
340,33,Anhedonia (sexual) F52.ll
340,34,327
341,1,MENTAL AND BEHAVIOURAL DISORDERS
341,2,Anorexia nervosa F50.0
341,3,- atypical F50.1
341,4,"Anorgasmy, psychogenic F52.3"
341,5,Anthropophobia F40.1
341,6,Anxiety
341,7,- depression F41.2
341,8,- dream F51.5
341,9,- episodic paroxysmal F41.0
341,10,- hysteria F41.8
341,11,- neurosis F41.1
341,12,"- phobic, of childhood F93.1"
341,13,- reaction F41.1
341,14,"- separation, of childhood F93.0"
341,15,"- social, of childhood F93.2"
341,16,- state F41.1
341,17,"Anxiety disorder {see Disorder, anxiety)"
341,18,Aphasia
341,19,"- acquired, with epilepsy F8O.3"
341,20,- developmental
341,21,- - expressive type F80.1
341,22,- - receptive type F80.2
341,23,Wernicke's F80.2
341,24,"Aphonia, psychogenic F44.4"
341,25,Asperger's syndrome F84.5
341,26,"Asthenia, neurocirculatory F45.30"
341,27,"Attachment disorder of childhood (see Disorder, attachment)"
341,28,"Attack, panic F41.0"
341,29,Attention deficit
341,30,- hyperactivity disorder F90.0
341,31,- syndrome with hyperactivity F90.0
341,32,- without hyperactivity F98.8
341,33,328
342,1,INDEX
342,2,Autism
342,3,- atypical F84.1
342,4,- childhood F84.0
342,5,- infantile F84.0
342,6,Autistic
342,7,- disorder F84.0
342,8,- psychopathy F84.5
342,9,"Aversion, sexual F52.10"
342,10,"Backache, psychogenic F45.4"
342,11,Bad trip (due to hallucinogens) F16.0#
342,12,"Behaviour disorder, childhood F91.9"
342,13,"Beziehungswahn, sensitiver F22.0"
342,14,"Bipolar affective disorder {see Disorder, bipolar affective)"
342,15,"Biting, stereotyped, self-injurious F98.4"
342,16,Borderline personality (disorder) F60.31
342,17,Bouffee delirante
342,18,- with symptoms of schizophrenia F23.1
342,19,- - with acute stress F23.ll
342,20,- - without acute stress F23.10
342,21,- without symptoms of schizophrenia F23.0
342,22,- - with acute stress F23.01
342,23,- - without acute stress F23.00
342,24,Briquet's disorder F45.0
342,25,Bulimia nervosa F50.2
342,26,- atypical F50.3
342,27,"Orcadian rhythm inversion, psychogenic F51.2"
342,28,Claustrophobia F40.2
342,29,329
343,1,MENTAL AND BEHAVIOURAL DISORDERS
343,2,Clumsy child syndrome F82
343,3,Cluttering F98.6
343,4,Compulsive acts F42.1
343,5,"Conduct disorder (see Disorder, conduct)"
343,6,"Confusion, psychogenic F44.88"
343,7,Confusional state (nonalcoholic) F05.-
343,8,- subacute F05.8
343,9,Conversion
343,10,- disorder F44. -
343,11,- hysteria F44. -
343,12,- reaction F44. -
343,13,"Convulsions, dissociative F44.5"
343,14,"Cough, psychogenic F45.33"
343,15,"Cramp, writer's F48.8"
343,16,Creutzfeldt- Jakob disease F02.1#
343,17,Culture shock F43.28
343,18,Cyclothymia F34.0
343,19,Da Costa's syndrome F45.30
343,20,"Deafness, psychogenic F44.6"
343,21,"Deficiency, mental (see Retardation, mental)"
343,22,"Delinquency (juvenile), group F91.2"
343,23,Delirium (of) F05.9
343,24,- mixed origin F05.8
343,25,- not superimposed on dementia F05.0
343,26,330
344,1,INDEX
344,2,- specified NEC F05.8
344,3,- superimposed on dementia F05.1
344,4,- tremens (alcohol-induced) F10.4#
344,5,- withdrawal state Flx.4
344,6,"Delusional disorder (see Disorder, delusional)"
344,7,Dementia (in) F03#
344,8,- Alzheimer's disease F00.9#
344,9,atypical type F00.2*
344,10,early onset F00.0*
344,11,- - late onset F00.1#
344,12,mixed type F00.2*
344,13,- carbon monoxide poisoning F02.8#
344,14,- cerebral lipidosis F02.8#
344,15,"- cortical, predominantly F01.1#"
344,16,- Creutzfeldt-Jakob disease F02.1#
344,17,"- degenerative, primary F03 #"
344,18,- disease specified NEC F02.8#
344,19,- epilepsy F02.8#
344,20,- general paralysis of the insane F02.8#
344,21,- hepatolenticular degeneration (Wilson's disease) F02.8#
344,22,- human immunodeficiency virus [HIV] disease F02.4#
344,23,- Huntington's chorea (disease) F02.2#
344,24,- hypercalcaemia F02.8#
344,25,"- hypothyroidism, acquired F02.8#"
344,26,- infantilis F84.3
344,27,- intoxications F02.8#
344,28,- multi-infarct F01.1#
344,29,- multiple sclerosis F02.8#
344,30,- neurosyphilis F02.8#
344,31,- niacin deficiency [pellagra] F02.8#
344,32,- paralysis agitans F02.3#
344,33,- Parkinson's disease F02.3#
344,34,- parkinsonism F02.3#
344,35,- parkinsonism - dementia complex of Guam F02.8#
344,36,- Pick's disease F02.0#
344,37,- polyarteritis nodosa F02.8*
344,38,- predominantly cortical F01.1#
344,39,- presenile F03#
344,40,- primary degenerative F03#
344,41,331
345,1,MENTAL AND BEHAVIOURAL DISORDERS
345,2,Dementia (in) {continued)
345,3,- primary degenerative {continued)
345,4,Alzheimer's type F00.0#
345,5,- senile F03 #
345,6,- - Alzheimer's type F00.1#
345,7,- systemic lupus erthematosus F02.8#
345,8,- trypanosomiasis F02.8#
345,9,- vascular (of) F01.9#
345,10,acute onset F01.0#
345,11,- - mixed cortical and subcortical F01.3#
345,12,specified NEC F01.8#
345,13,subcortical F01.2#
345,14,- vitamin B 12 deficiency F02.8#
345,15,"Dependence {see Syndrome, dependence)"
345,16,Depersonalization - derealization syndrome F48.1
345,17,Depression F32.9
345,18,"- agitated, single episode F32.2"
345,19,- anxiety
345,20,- - mild or not persistent F41.2
345,21,- - persistent (dysthymia) F34.1
345,22,- atypical F32.8
345,23,- endogenous F33.-
345,24,- major
345,25,- - single episode F32. -
345,26,- - recurrent F33.-
345,27,- masked F32.8
345,28,- monopolar F33.9
345,29,- neurotic (persistent) F34.1
345,30,- post-schizophrenic F20.4#
345,31,- postnatal F53.O
345,32,- postpartum F53.O
345,33,- psychogenic F32.
345,34,-
345,35,- psychotic F32.3
345,36,- reactive F32.
345,37,-
345,38,"- vital, without psychotic symptoms F32.2"
345,39,Depressive
345,40,"- disorder {see Disorder, depressive)"
345,41,"- episode {see Episode, depressive)"
345,42,332
346,1,INDEX
346,2,Derealization F48.1
346,3,Dermatozoenwahn F06.0
346,4,"Desire, sexual, lack or loss F52.0"
346,5,"Developmental disorder {see Disorder, developmental)"
346,6,"Deviation, sexual F65.9"
346,7,Dhat syndrome F48.8
346,8,Diarrhoea
346,9,- gas syndrome F45.32
346,10,- psychogenic F45.32
346,11,Dipsomania F10.2#
346,12,Disability
346,13,- knowledge acquisition NOS F81.9
346,14,- learning NOS F81.9
346,15,Disease
346,16,- Alzheimer's F00. - #
346,17,- Creutzfeldt- Jakob F02.1#
346,18,- Huntington's F02.2#
346,19,- Parkinson's F02.3#
346,20,- Pick's F02.0#
346,21,Disorder (of)
346,22,- adjustment
346,23,- - anxiety and depressive reaction (mixed) F43.22
346,24,- - brief depressive reaction F43.20
346,25,- - prolonged depressive reaction F43.21
346,26,- - with mixed disturbance of emotions and conduct F43.25
346,27,- - with other specified predominant symptoms F43.28
346,28,- - with predominant disturbance of conduct F43.24
346,29,- - with predominant disturbance of other emotions F43.23
346,30,"- affective {see Disorder, mood)"
346,31,- anxiety F41.9
346,32,"- - and depressive, mixed F41.2"
346,33,- - generalized F41.1
346,34,333
347,1,MENTAL AND BEHAVIOURAL DISORDERS
347,2,Disorder (of) {continued)
347,3,- anxiety {continued)
347,4,mixed F41.3
347,5,phobic F40.9
347,6,of childhood F93.1
347,7,"- - separation, of childhood F93.0"
347,8,"social, of childhood F93.2"
347,9,specified NEC F41.8
347,10,"- arithmetical skills, specific F81.2"
347,11,"- articulation, functional F80.0"
347,12,"- attachment, of childhood"
347,13,disinhibited F94.2
347,14,- - reactive F94.1
347,15,- attention deficit
347,16,- - with hyper activity F90.0
347,17,- - without hyperactivity F98.8
347,18,- autistic F84.0
347,19,"- avoidant, of childhood or adolescence F93.2"
347,20,"- behavioural {see Disorder, mental and behavioural)"
347,21,- bipolar II F31.8
347,22,- bipolar (affective) F31.9
347,23,- - current episode
347,24,- - - hypomanic F31.0
347,25,- - - manic
347,26,- - - - with psychotic symptoms F31.2
347,27,- - - - without psychotic symptoms F31.1
347,28,- - - mild or moderate depression
347,29,- - - - with somatic syndrome F31.31
347,30,- - - - without somatic syndrome F31.30
347,31,- - - mixed F31.6
347,32,- - - severe depression
347,33,- - - - with psychotic symptoms F31.5
347,34,- - - - without psychotic symptoms F31.4
347,35,- - in remission (currently) F31.7
347,36,organic F06.31
347,37,- - single manic episode F30. -
347,38,specified NEC F31.8
347,39,- body dysmorphic F45.2
347,40,- Briquet's F48.8
347,41,- character F68.8
347,42,"- childhood disintegrative, specified NEC F84.3"
347,43,334
348,1,INDEX
348,2,"- cognitive, mild F06.7"
348,3,- conduct F91.9
348,4,childhood F91.9
348,5,- - confined to the family context F91.0
348,6,- - depressive F92.0
348,7,- - group type F91.2
348,8,hyperkinetic F90.1
348,9,- - oppositional defiant F91.3
348,10,- - socialized F91.2
348,11,- - solitary aggressive type F91.1
348,12,- - unsocialized F91.1
348,13,with depressive disorder (F30-F39) F92.0
348,14,- - with emotional disorder (F93.-) F92.8
348,15,- - with neurotic disorder (F40-F48) F92.8
348,16,- conversion F44. -
348,17,- - mixed F44.7
348,18,specified NEC F44.8
348,19,- delusional F22.0
348,20,- - induced F24
348,21,- - persistent F22.9
348,22,specified NEC F22.8
348,23,- depressive F32.9
348,24,- - organic F06.32
348,25,- - recurrent F33.9
348,26,brief F38.1O
348,27,- - - current episode
348,28,mildF33.0
348,29,- - - - - with somatic syndrome F33.01
348,30,- - - - - without somatic syndrome F33.00
348,31,- - - - moderate F33.1
348,32,- - - - - with somatic syndrome F33.ll
348,33,- - - - - without somatic syndrome F33.10
348,34,- - - - severe
348,35,_____ ^h psychotic symptoms F33.3
348,36,- - - - - without psychotic symptoms F33.2
348,37,specified NEC F33.8
348,38,- - - in remission F33.4
348,39,- - single episode F32.9
348,40,335
349,1,MENTAL AND BEHAVIOURAL DISORDERS
349,2,Disorder (of) (continued)
349,3,- developmental F89
349,4,- - arithmetical skills F81.2
349,5,- - articulation F80.0
349,6,- - coordination F82
349,7,- - expressive writing F81.8
349,8,- - language F80.9
349,9,specified NEC F80.8
349,10,"- - mixed, specific F83"
349,11,- - motor function F82
349,12,- - pervasive F84. -
349,13,- - phonological F80.0
349,14,- - psychological F89
349,15,- - scholastic skills F81.9
349,16,- - - mixed F81.3
349,17,- - specified NEC F88
349,18,speech F80.9
349,19,- - - specified NEC F80.8
349,20,- dissociative F44.9
349,21,- - mixed F44.7
349,22,- - motor F44.4
349,23,- - organic F06.5
349,24,specified NEC F44.88
349,25,"- - transient, in childhood and adolescence F44.82"
349,26,- dream anxiety F51.5
349,27,- eating F50.9
349,28,specified NEC F50.8
349,29,"- emotional, childhood onset F93.9"
349,30,specified NEC F93.8
349,31,"- expressive writing, developmental F81.8"
349,32,"- feeding, of infancy and childhood F98.2"
349,33,- female sexual arousal F52.2
349,34,- gender identity or role F64.9
349,35,"- - adolescence or adulthood, nontranssexual type F64.1"
349,36,of childhood F64.2
349,37,specified NEC F64.8
349,38,- habit and impulse F63.9
349,39,specified NEC F63.8
349,40,- hyperkinetic F90.9
349,41,- - conduct F90.1
349,42,specified NEC F90.8
349,43,"- identity, of childhood F93.8"
349,44,336
350,1,INDEX
350,2,- intermittent explosive F63.8
350,3,"- language, developmental F80.9"
350,4,- - expressive F80.1
350,5,receptive F80.2
350,6,"- learning, developmental F81.9"
350,7,- male erectile F52.2
350,8,"- manic, organic F06.30"
350,9,"- maturation, sexual F66.0"
350,10,- mental and behavioural (due to) F99
350,11,- - alcohol-induced F10.9
350,12,- - brain damage and dysfunction F06.9
350,13,specified NEC F06.8
350,14,- - caffeine-induced F15.9
350,15,- - cannabinoid-induced F12.9
350,16,- - cocaine-induced F14.9
350,17,- - hallucinogen-induced F16.9
350,18,- - hypnotic-induced F13.9
350,19,- - in puerperium F53.9
350,20,mild F53.0
350,21,specified NEC F53.8
350,22,- - - severe F53.1
350,23,- - multiple drug-induced F19.9
350,24,- - opioid-induced F11.9
350,25,- - organic F09
350,26,- - physical disease F06.9
350,27,specified NEC F06.8
350,28,- - psychoactive substance-induced F19.9
350,29,- - sedative-induced F13.9
350,30,- - specified NEC
350,31,- - - caffeine-induced F15.8
350,32,- - - cannabinoid-induced F12.8
350,33,- - - cocaine-induced F14.8
350,34,- - - hallucinogen-induced F16.8
350,35,- - - hypnotic-induced F13.8
350,36,- - - multiple drug-induced F19.8
350,37,- - - opioid-induced F11.8
350,38,- - - psychoactive substance-induced F19.8
350,39,- - - sedative-induced F13.8
350,40,- - - stimulant-induced F15.8
350,41,- - - tobacco-induced F17.8
350,42,- - - volatile solvent-induced F18.8
350,43,337
351,1,MENTAL AND BEHAVIOURAL DISORDERS
351,2,Disorder (of) {continued)
351,3,- mental and behavioural (due to) (continued)
351,4,- - stimulant-induced F15.9
351,5,- - symptomatic F09
351,6,- - tobacco-induced F17.9
351,7,- - volatile solvent-induced F18.9
351,8,"- mental, nonpsychotic F99"
351,9,- mild cognitive F06.7
351,10,- mood [affective] F39
351,11,- - organic F06.3
351,12,- - persistent F34.9
351,13,- specified NEC F34.8
351,14,"recurrent, specified NEC F38.1"
351,15,"- - single episode, specified NEC F38.O"
351,16,specified NEC F38.8
351,17,"- motor function, specific F82"
351,18,- neurotic F48.9
351,19,specified NEC F48.8
351,20,- obsessive - compulsive F42.9
351,21,specified NEC F42.8
351,22,- oppositional defiant F93.3
351,23,- organic F09
351,24,- - anxiety F06.4
351,25,- - asthenic F06.6
351,26,bipolar F06.31
351,27,- - catatonic F06.1
351,28,- - delusional [schizophrenia-like] F06.2
351,29,- - depressive F06.32
351,30,- - dissociative F06.5
351,31,- - emotionally labile [asthenic] F06.6
351,32,manic F06.30
351,33,mental F09
351,34,- - mixed affective F06.33
351,35,- - mood [affective] F06.3
351,36,- - paranoid F06.2
351,37,- - personality F07.0
351,38,- - schizophrenia-like F06.2
351,39,"- overactive, with mental retardation and stereotyped movements F84.4"
351,40,"- overanxious, of childhood F93.8"
351,41,"- pain, persistent somatoform F45.4"
351,42,- panic F41.0
351,43,- - with agoraphobia F40.01
351,44,338
352,1,INDEX
352,2,"- paranoid, induced F24"
352,3,- personality F60.9
352,4,affective F34.0
352,5,- - aggressive F60.30
352,6,- - amoral F60.2
352,7,- - anankastic F60.5
352,8,- - and behaviour (adult) F69
352,9,specified NEC F68.8
352,10,- - antisocial F60.2
352,11,- - anxious F60.6
352,12,- - asocial F60.2
352,13,asthenic F60.7
352,14,- - avoidant F60.6
352,15,borderline F60.31
352,16,- - compulsive F60.5
352,17,dependent F60.7
352,18,- - depressive F34.1
352,19,- - dissocial F60.2
352,20,- - eccentric F60.8
352,21,- - emotionally unstable
352,22,borderline type F60.31
352,23,- - - impulsive type F60.30
352,24,- - expansive paranoid F60.0
352,25,- - explosive F60.30
352,26,fanatic F60.0
352,27,- - haltlose type F60.8
352,28,- - histrionic F60.4
352,29,hysterical F60.4
352,30,- - immature F60.8
352,31,- - inadequate F60.7
352,32,- - mixed type F61.0
352,33,- - multiple F44.81
352,34,- - narcissistic F60.8
352,35,- - obsessional F60.5
352,36,- - obsessive - compulsive F60.5
352,37,"- - organic, due to brain disease, damage and dysfunction F07.9"
352,38,specified NEC F07.8
352,39,- - paranoid F60.0
352,40,- - passive F60.7
352,41,- - passive - aggressive F60.8
352,42,- - pathological F60.9
352,43,339
353,1,MENTAL AND BEHAVIOURAL DISORDERS
353,2,Disorder (of) (continued)
353,3,- personality {continued)
353,4,- - psychoinfantile F60.4
353,5,- - psychoneurotic F60.8
353,6,- - psychopathic F60.2
353,7,- - querulant F60.0
353,8,schizoid F60.1
353,9,- - schizotypal F21
353,10,self-defeating F60.7
353,11,- - sensitive paranoid F60.0
353,12,- - sociopathic F60.2
353,13,specified NEC F60.8
353,14,- pervasive developmental F84.9
353,15,specified NEC F84.8
353,16,- phobic anxiety F40.9
353,17,of childhood F93.1
353,18,specified NEC F40.8
353,19,"- phonological, developmental F80.0"
353,20,- possession F44.3
353,21,- post-traumatic stress F43.1
353,22,- psychosexual development F66.9#
353,23,specified NEC F66.8#
353,24,- psychosomatic
353,25,multiple F45.0
353,26,- - undifferentiated F45.1
353,27,- psychotic
353,28,- - acute
353,29,- - - polymorphic
353,30,- - - - with symptoms of schizophrenia F23.1
353,31,----- with acute stress F23.ll
353,32,----- without acute stress F23.10
353,33,- - - - without symptoms of schizophrenia F23.0
353,34,----- with acute stress F23.01
353,35,----- without acute stress F23.00
353,36,- - - predominantly delusional F23.3
353,37,- - - - with acute stress F23.31
353,38,- - - - without acute stress F23.30
353,39,- - - schizophrenia-like
353,40,- - - - with acute stress F23.21
353,41,- - - - without acute stress F23.20
353,42,- - acute and transient F23.9
353,43,340
354,1,INDEX
354,2,specified NEC F23.8
354,3,- - alcohol-induced F10.5#
354,4,- - cannabinoid-induced F12.5#
354,5,- - cocaine-induced F14.5#
354,6,- - hallucinogen-induced F16.5#
354,7,- - hypnotic-induced F13.5#
354,8,- - multiple drug-induced F19.5#
354,9,- - nonorganic F29
354,10,specified NEC F28
354,11,- - opioid-induced F11.5 #
354,12,- - organic F09
354,13,"- - polymorphic, acute (see Disorder, psychotic, acute)"
354,14,- - psychoactive substance-induced NEC F19.5#
354,15,- - residual or late-onset Flx.7#
354,16,alcohol-induced F10.7#
354,17,caffeine-induced F15.7#
354,18,- - - cannabinoid-induced F12.7#
354,19,- - - cocaine-induced F14.7#
354,20,- - - hallucinogen-induced F16.7#
354,21,- - - hypnotic-induced F13.7#
354,22,- - - multiple drug-induced F19.7#
354,23,- - - opioid-induced F11.7#
354,24,- - - psychoactive substance-induced NEC F19.7#
354,25,- - - sedative-induced F13.7#
354,26,stimulant-induced NEC F15.7*
354,27,- - - tobacco-induced F17.7#
354,28,- - - volatile solvent-induced F18.7#
354,29,- - sedative-induced F13.5#
354,30,stimulant-induced NEC F15.5*
354,31,- - tobacco-induced F17.5#
354,32,- - volatile solvent-induced F18.5#
354,33,"- reading, specific F81.0"
354,34,- - with spelling difficulties F81.0
354,35,"- recurrent [affective] mood (see Disorder, mood)"
354,36,- relationship F68.8
354,37,- schizoaffective F25.9
354,38,bipolar type F25.0
354,39,- - depressive type F25.1
354,40,- - manic type F25.0
354,41,- - mixed type F25.2
354,42,specified NEC F25.8
354,43,341
355,1,MENTAL AND BEHAVIOURAL DISORDERS
355,2,Disorder (of) (continued)
355,3,- schizoid
355,4,of childhood F84.5
355,5,- - personality F60.1
355,6,- schizophreniform F20.8#
355,7,brief F23.23
355,8,- schizotypal personality F21
355,9,"- scholastic skills, developmental F81.9"
355,10,mixed F81.3
355,11,specified NEC F81.8
355,12,- seasonal affective F33.-
355,13,- sexual
355,14,"- - desire, hypoactive F52.0"
355,15,- - maturation F66.0#
355,16,- - preference F65.9
355,17,specified NEC F65.8
355,18,- - relationship F66.2#
355,19,- sibling rivalry F93.3
355,20,- sleep
355,21,emotional F51.9
355,22,- - nonorganic F51.9
355,23,specified NEC F51.8
355,24,- social functioning
355,25,specified NEC F94.8
355,26,- - withdrawal and shyness due to social competence deficiencies F94.8
355,27,- somatization F45.0
355,28,- somatoform F45.9
355,29,"- - pain, persistent F45.4"
355,30,specified NEC F45.8
355,31,undifferentiated F45.1
355,32,"- spelling, specific F81.1"
355,33,"- stress, post-traumatic F43.1"
355,34,- tic F95.9
355,35,- - chronic
355,36,- - - motor F95.1
355,37,- - - vocal F95.1
355,38,- - combined vocal and multiple motor F95.2
355,39,specified NEC F95.8
355,40,transient F95.0
355,41,- trance and possession F44.3
355,42,- unsocialized aggressive F91.1
355,43,342
356,1,INDEX
356,2,"Dissociative disorder (see Disorder, dissociative)"
356,3,Disturbance (predominant) of
356,4,- activity and attention F90.0
356,5,- conduct in adjustment disorder F43.24
356,6,"- emotions and conduct, mixed in adjustment disorder F43.25"
356,7,"- emotions, specified NEC in adjustment disorder F43.23"
356,8,Dream anxiety disorder F51.5
356,9,"Drunkenness, acute, in alcoholism F10.0#"
356,10,Dysfunction
356,11,- orgasmic F52.3
356,12,"- sexual, not caused by organic disorder or disease F52.9"
356,13,- - specified NEC F52.8
356,14,- somatoform autonomic (of) F45.3
356,15,- - genitourinary system F45.34
356,16,- - heart and cardiovascular system F45.30
356,17,- - lower gastrointestinal tract F45.32
356,18,- - respiratory system F45.33
356,19,- - specified organ NEC F45.38
356,20,- - upper gastrointestinal tract F45.31
356,21,Dyslalia (developmental) F80.0
356,22,"Dyslexia, developmental F81.0"
356,23,Dysmorphophobia (nondelusional) F45.2
356,24,- delusional F22.8
356,25,"Dyspareunia, nonorganic F52.6"
356,26,"Dyspepsia, psychogenic F45.31"
356,27,"Dysphasia, developmental"
356,28,- expressive type F80.1
356,29,- receptive type F80.2
356,30,"Dysphonia, psychogenic F44.4"
356,31,343
357,1,MENTAL AND BEHAVIOURAL DISORDERS
357,2,"Dyspraxia, developmental F82"
357,3,Dyssomnia F51. -
357,4,Dysthymia F34.1
357,5,"Dysuria, psychogenic F45.34"
357,6,"Ejaculation, premature F52.4"
357,7,Elaboration of physical symptoms for psychological reasons F68.0
357,8,Elective mutism F94.0
357,9,"Encephalitis, subacute, HIV F02.4#"
357,10,Encephalopathy
357,11,- HIV F02.4#
357,12,- postcontusional F07.2
357,13,"Encopresis, nonorganic origin F98.1"
357,14,Enuresis (primary) (secondary)
357,15,- functional F98.0
357,16,- nonorganic origin F98.0
357,17,- psychogenic F98.0
357,18,Episode
357,19,- depressive F32.9
357,20,mild F32.0
357,21,- - - with somatic symptoms F32.01
357,22,- - - without somatic symptoms F32.00
357,23,- - moderate F32.1
357,24,- - - with somatic symptoms F32.ll
357,25,- - - without somatic symptoms F32.10
357,26,- - severe
357,27,- - - with psychotic symptoms F32.3
357,28,- - - without psychotic symptoms F32.2
357,29,specified NEC F32.8
357,30,- hypomanic F30.0
357,31,344
358,1,INDEX
358,2,- manic F30.9
358,3,specified NEC F3O.8
358,4,- - with psychotic symptoms F30.2
358,5,- - without psychotic symptoms F30.1
358,6,- mixed affective F38.OO
358,7,"- mood [affective], single, specified NEC F38.O"
358,8,Exhibitionism F65.2
358,9,"Eye-poking, stereotyped, self-injurious F98.4"
358,10,"Face-slapping, stereotyped, self-injurious F98.4"
358,11,"Factors, psychological and behavioural"
358,12,- affecting physical conditions F54
358,13,- associated with disorders or diseases classified elsewhere F54
358,14,Failure of genital response F52.2
358,15,Fatigue
358,16,- combat F43.0
358,17,- syndrome F48.0
358,18,"Feeble-mindedness (see Retardation, mental)"
358,19,Feeding disorder of infancy and childhood F98.2
358,20,Feigning of symptoms or disabilities (physical) (psychological) F68.1
358,21,Fetishism F65.0
358,22,- transvestic F65.1
358,23,Fetishistic transvestism F65.1
358,24,"Fire-setting, pathological F63.1"
358,25,"Flatulence, psychogenic F45.32"
358,26,Folie a deux F24
358,27,Frigidity F52.0
358,28,345
359,1,MENTAL AND BEHAVIOURAL DISORDERS
359,2,Frontal lobe syndrome F07.0
359,3,Frotteurism F65.8
359,4,"Fugue, dissociative F44.1"
359,5,Gambling
359,6,- compulsive F63.0
359,7,- pathological F63.0
359,8,Ganser's syndrome F44.80
359,9,"Gender identity or role disorder (see Disorder, gender identity or role)"
359,10,"Genital response, failure of F52.2"
359,11,"Gerstmann syndrome, developmental F81.2"
359,12,Gilles de la Tourette's syndrome F95.2
359,13,Hair-plucking F98.4
359,14,Hallucinatory
359,15,"- psychosis, chronic F28"
359,16,"- state, organic F06.0"
359,17,Hallucinosis
359,18,- alcoholic F10.5
359,19,- organic F06.0
359,20,"Harmful use (see Use, harmful)"
359,21,Head-banging (repetitive) F98.4
359,22,"Headache, psychogenic F45.4"
359,23,Hebephrenia
359,24,F20.1*
359,25,Heller's syndrome F84.3
359,26,"Hiccough, psychogenic F45.31"
359,27,346
360,1,INDEX
360,2,HIV
360,3,"- encephalitis, subacute F02.4#"
360,4,- encephalopathy F02.4#
360,5,Hospital hopper syndrome F68.1
360,6,Hospitalism in children F43.28
360,7,Huntington's chorea or disease F02.2#
360,8,"Hyperemesis gravidarum, psychogenic F50.5"
360,9,"Hyperkinetic disorder (see Disorder, hyperkinetic)"
360,10,Hyperorexia nervosa F50.2
360,11,"Hypersomnia, nonorganic F51.1"
360,12,"Hyperventilation, psychogenic F45.33"
360,13,Hypochondriasis F45.2
360,14,Hypomania F30.0
360,15,Hysteria F44#
360,16,- anxiety F41.8
360,17,- conversion F44#
360,18,Idiocy F73 #
360,19,Imbecility F71 #
360,20,"Imperception, congenital auditory F80.2"
360,21,Impotence (sexual) (psychogenic) F52.2
360,22,"Incontinence, nonorganic origin"
360,23,- faeces F98.1
360,24,- urine F98.0
360,25,"Insomnia, nonorganic F51.0"
360,26,347
361,1,MENTAL AND BEHAVIOURAL DISORDERS
361,2,Institutional syndrome F94.2
361,3,"Intoxication, acute (due to)"
361,4,- alcohol F10.0#
361,5,- cannabinoids F12.0#
361,6,- cocaine F14.0#
361,7,- hallucinogens F16.0#
361,8,- hypnotics F13.0#
361,9,- multiple drugs F19.0#
361,10,- opioids F11.0#
361,11,- psychoactive substances NEC F19.0#
361,12,- sedatives F13.0#
361,13,- stimulants NEC F15.0#
361,14,- tobacco F17.0#
361,15,- volatile solvents F18.0#
361,16,Irritable bowel syndrome F45.32
361,17,Jealousy
361,18,- alcoholic F10.5
361,19,- sibling F93.3
361,20,Kanner's syndrome F84.0
361,21,Kleptomania F63.2
361,22,Koro F48.8
361,23,Lack of sexual
361,24,- desire F52.0
361,25,- enjoyment F52.ll
361,26,Lalling F80.0
361,27,Landau - Kieffner syndrome F80.3
361,28,"Language disorder, developmental F80.9"
361,29,Latah F48.8
361,30,348
362,1,INDEX
362,2,Limbic epilepsy personality syndrome F07.0
362,3,Lisping F80.8
362,4,Lobotomy syndrome F07.0
362,5,Loss of
362,6,"- appetite, psychogenic F50.8"
362,7,- sexual desire F52.0
362,8,Mania F30.9
362,9,- with psychotic symptoms F30.2
362,10,- without psychotic symptoms F30.1
362,11,Masochism F65.5
362,12,"Masturbation, excessive F98.8"
362,13,Melancholia F32.9
362,14,"Mental retardation (see Retardation, mental)"
362,15,"Micturition, increased frequency, psychogenic F45.34"
362,16,Moron F70#
362,17,Munchhausen's syndrome F68.1
362,18,Mutism
362,19,- elective F94.0
362,20,- selective F94.0
362,21,Nail-biting F98.8
362,22,Necrophilia F65.8
362,23,Neurasthenia F48.0
362,24,Neurosis
362,25,- anankastic F42
362,26,- cardiac F45.30
362,27,349
363,1,MENTAL AND BEHAVIOURAL DISORDERS
363,2,Neurosis {continued)
363,3,- character F60.9
363,4,- compensation F68.0
363,5,- depressive F34.1
363,6,- gastric F45.31
363,7,- hypochondriacal F45.2
363,8,- obsessional F42. -
363,9,- obsessive - compulsive F42.-
363,10,- occupational F48.8
363,11,- psychasthenic F48.8
363,12,- social F40.1
363,13,- traumatic F43.1
363,14,Nightmare F51.5
363,15,Night terrors F51.4
363,16,Nose-picking F98.8
363,17,Nosophobia F45.2
363,18,Nymphomania F52.7
363,19,"Nyctohemeral rhythm inversion, psychogenic F51.2"
363,20,Obsessional
363,21,- neurosis F42.-
363,22,- rituals F42.1
363,23,- ruminations F42.0
363,24,- thoughts F42.0
363,25,"- thoughts and acts, mixed F42.2"
363,26,Obsessive - compulsive
363,27,- disorder F42.9
363,28,specified NEC F42.8
363,29,- neurosis F42. -
363,30,"Oligophrenia (see Retardation, mental)"
363,31,350
364,1,INDEX
364,2,Oneirophrenia F23.2
364,3,"Orgasm, inhibited (male) (female) F52.3"
364,4,Orgasmic dysfunction F52.3
364,5,"Orientation, sexual, egodystonic F66.1#"
364,6,Overeating (associated with)
364,7,- psychogenic F50.4
364,8,"- psychological disturbances, specified NEC F50.4"
364,9,Paedophilia F65.4
364,10,"Pain disorder, somatoform, persistent F45.4"
364,11,Panic
364,12,- attack F41.0
364,13,- disorder F41.0
364,14,Paralysis of limb(s)
364,15,- hysterical F44.4
364,16,- psychogenic F44.4
364,17,Paranoia F22.0
364,18,- alcoholic F10.5
364,19,- querulans F22.8
364,20,Paranoid
364,21,- personality F60.0
364,22,- psychosis F22.0
364,23,- schizophrenia F20.0#
364,24,- state F22.0
364,25,- - involutional F22.8
364,26,Paraphilia F65.9
364,27,Paraphrenia (late) F22.0
364,28,Parasomnia F51. -
364,29,351
365,1,MENTAL AND BEHAVIOURAL DISORDERS
365,2,Parkinson's disease F02.3#
365,3,Parkinsonism - dementia complex of Guam F02.8#
365,4,Pathological
365,5,- fire-setting F63.1
365,6,- gambling F63.0
365,7,- stealing F63.2
365,8,Peregrinating patient F68.1
365,9,Persistent somatoform pain disorder F45.4
365,10,Personality
365,11,"- change (not due to brain damage or disease), enduring (after) F62.9"
365,12,- - bereavement F62.8
365,13,- - catastrophic experience F62.0
365,14,- - psychiatric illness F62.1
365,15,specified NEC F62.8
365,16,"- disorder {see Disorder, personality)"
365,17,- - troublesome F61.1
365,18,"- syndrome, chronic pain F62.8"
365,19,Phobia F40.9
365,20,- animal F40.2
365,21,- examination F40.2
365,22,- simple F40.2
365,23,- social F40.1
365,24,- specific (isolated) F40.2
365,25,Phobic
365,26,- anxiety (reaction) (disorder) F40.9
365,27,specified NEC F40.8
365,28,- states F40.9
365,29,"Physical symptoms, elaboration of F68.0"
365,30,Pica
365,31,"- in adults, nonorganic origin F50.8"
365,32,- of infancy or childhood F98.3
365,33,352
366,1,INDEX
366,2,Pick's disease F02.0#
366,3,Possession disorder F44.3
366,4,Postconcussional syndrome F07.2
366,5,Postcontusional
366,6,- encephalopathy F07.2
366,7,- syndrome F07.2
366,8,Postencephalitic syndrome F07.1
366,9,Postleukotomy syndrome F07.0
366,10,Post-schizophrenic depression F20.4#
366,11,"Post-traumatic brain syndrome, nonpsychotic F07.2"
366,12,Psychalgia F45.4
366,13,Psychasthenia F48.8
366,14,Psychopathy
366,15,- affectionless (in childhood) F94.2
366,16,- autistic F84.5
366,17,Psychosis F29
366,18,- affective F39
366,19,specified NEC F38.8
366,20,- alcoholic F10.5
366,21,"- childhood, atypical F84.1"
366,22,- cycloid F23.0
366,23,- - with symptoms of schizophrenia F23.1
366,24,- - - with acute stress F23.ll
366,25,- - - without acute stress F23.10
366,26,- - without symptoms of schizophrenia F23.0
366,27,- - - with acute stress F23.01
366,28,- - - without acute stress F23.00
366,29,- disintegrative (of childhood) F84.3
366,30,- epileptic F06.8
366,31,"- hallucinatory, chronic F28"
366,32,353
367,1,MENTAL AND BEHAVIOURAL DISORDERS
367,2,Psychosis (continued)
367,3,- hysterical F44.8
367,4,- induced F24
367,5,- infantile F84.0
367,6,"- Korsakov's (due to) (see also Syndrome, amnesic)"
367,7,- - nonalcoholic F04
367,8,- - psychoactive substances F19.6
367,9,- manic depressive F31.-
367,10,- mixed schizophrenic and affective F25.2
367,11,- nonorganic F29
367,12,- organic F09
367,13,- paranoid F22.0
367,14,- presenile F03 #
367,15,- psychogenic
367,16,- - depressive F32.3
367,17,- - paranoid F23.3#
367,18,- puerperal F53.1
367,19,- reactive depressive F32.3
367,20,"- schizoaffective (see Disorder, schizoaffective)"
367,21,"- schizophrenia-like, in epilepsy F06.2"
367,22,- schizophreniform F20.8
367,23,"- - and affective, mixed F25.2"
367,24,brief F23.2
367,25,- - - with acute stress F23.21
367,26,- - - without acute stress F23.20
367,27,- - depressive type F25.1
367,28,- - manic type F25.0
367,29,- senile
367,30,F03 #
367,31,- symbiotic F24
367,32,- - in childhood F84.3
367,33,- symptomatic F09
367,34,"Psychosyndrome, organic F07.9"
367,35,"Pylorospasm, psychogenic F45.31"
367,36,Pyromania F63.1
367,37,Reaction
367,38,- adjustment
367,39,"(see Disorder, adjustment)"
367,40,- anxiety F41.1
367,41,"- crisis, acute F43.0"
367,42,354
368,1,INDEX
368,2,- depressive
368,3,"- - and anxiety, mixed F43.22"
368,4,brief F43.20
368,5,- - prolonged F43.21
368,6,- grief F43.28
368,7,- hyperkinetic (of childhood or adolescence) F90.9
368,8,- paranoid F23.3#
368,9,- schizophrenic F32.2#
368,10,- severe stress F43.9
368,11,specified NEC F43.8
368,12,"- stress, acute F43.0"
368,13,Reading
368,14,- backward F81.0
368,15,"- disorder, specific F81.0"
368,16,- - with spelling difficulties F81.0
368,17,"- retardation, specific F81.0"
368,18,"Restzustand, schizophrenic F20.5#"
368,19,Retardation
368,20,- mental F79#
368,21,mild F70#
368,22,- - moderate F71#
368,23,profound
368,24,F73 #
368,25,severe F72#
368,26,specified NEC F78#
368,27,- - with autistic features F84.1
368,28,- specific reading F81.0
368,29,- specific spelling
368,30,- - with reading disorder F81.0
368,31,- - without reading disorder F81.1
368,32,Rett's syndrome F84.2
368,33,Rivalry
368,34,- peer (non-sibling) F93.8
368,35,- sibling F93.3
368,36,355
369,1,MENTAL AND BEHAVIOURAL DISORDERS
369,2,Rumination
369,3,- disorder of infancy F98.2
369,4,- obsessional F42.0
369,5,Sadism (sexual) F65.5
369,6,Sadomasochism F65.5
369,7,Satyriasis F52.7
369,8,Schizoid
369,9,- disorder of childhood F84.5
369,10,- personality disorder F60.1
369,11,Schizotypal (personality) disorder F21
369,12,Schizophrenia F20.9#
369,13,"- acute, undifferentiated F23.2#"
369,14,- atypical F20.3#
369,15,- borderline F21
369,16,- catatonic F20.2#
369,17,- cenesthopathic F20.8#
369,18,"- chronic, undifferentiated F20.5#"
369,19,- cyclic F25.2
369,20,- disorganized F20.1#
369,21,- hebephrenic F20.1#
369,22,- latent F21
369,23,- paranoid F20.0#
369,24,- paraphrenic F20.0#
369,25,- prepsychotic F21
369,26,- prodromal F21
369,27,- pseudoneurotic F21
369,28,- pseudopsychopathic F21
369,29,- residual F20.5#
369,30,- simple F20.6#
369,31,- simplex F20.6#
369,32,- specified NEC F20.8#
369,33,- undifferentiated F20.3#
369,34,356
370,1,INDEX
370,2,Schizophrenia-like
370,3,"- acute psychotic disorder {see Disorder, psychotic)"
370,4,"- disorder, organic F06.2"
370,5,Schizophrenic
370,6,- catalepsy F20.2#
370,7,- catatonia F20.2
370,8,- flexibilitas cerea F20.2
370,9,"- reaction, latent F21"
370,10,- Restzustand F20.5#
370,11,Schizophreniform disorder F20.8#
370,12,- brief F23.2
370,13,Selective mutism F94.0
370,14,Separation anxiety of childhood F93.0
370,15,Sexual
370,16,- aversion F52.10
370,17,"- desire, lack or loss F52.0"
370,18,"- drive, excessive F52.7"
370,19,"- enjoyment, lack of F52.ll"
370,20,- maturation disorder F66.0#
370,21,"- orientation, egodystonic F66.1#"
370,22,- preference disorder F65.9
370,23,multiple F65.6
370,24,specified NEC F65.8
370,25,- relationship disorder F66.2#
370,26,Shock
370,27,- culture F43.28
370,28,- psychic F43.0
370,29,Sleep
370,30,- disorder F51.9
370,31,specified NEC F51.8
370,32,"- rhythm inversion, psychogenic F51.2"
370,33,- terrors F51.4
370,34,Sleepwalking F51.3
370,35,357
371,1,MENTAL AND BEHAVIOURAL DISORDERS
371,2,Social phobia F40.1
371,3,Somatization disorder F45.0
371,4,"Somatoform autonomic dysfunction {see Dysfunction, somatoform autonomic)"
371,5,"Somatoform disorder {see Disorder, somatoform)"
371,6,Somnambulism F51.3
371,7,Specific disorder (of)
371,8,- arithmetical skills F81.2
371,9,- reading F81.0
371,10,- speech articulation F80.0
371,11,- spelling F81.1
371,12,Stammering F98.5
371,13,State
371,14,- anxiety F41.1
371,15,- crisis F43.0
371,16,- organic hallucinatory (nonalcoholic) F06.0
371,17,- panic F41.0
371,18,- paranoid F22.0
371,19,- - involutional F22.8
371,20,- - organic F06.2
371,21,- paranoid - hallucinatory F06.2
371,22,- twilight
371,23,- - dissociative F44.88
371,24,- - organic F06.5
371,25,- - psychogenic F44.88
371,26,- withdrawal
371,27,alcohol F10.3
371,28,- - - with delirium F10.4*
371,29,caffeine F15.3#
371,30,- - cannabinoids F12.3#
371,31,- - cocaine F14.3 #
371,32,- - - with delirium F14.4#
371,33,- - hallucinogens F16.3#
371,34,- - - with delirium F16.4#
371,35,hypnotics
371,36,F13.3*
371,37,- - - with delirium F13.4#
371,38,358
372,1,INDEX
372,2,- - multiple drugs F19.3#
372,3,with delirium F19.4*
372,4,opioids F11.3#
372,5,- - - with delirium F11.4*
372,6,- - psychoactive substances NEC F19.3#
372,7,- - - with delirium F19.4#
372,8,- - sedatives F13.3#
372,9,- - - with delirium F13.4#
372,10,stimulants NEC F15.4#
372,11,- - - with delirium F15.4#
372,12,- - tobacco F17.3#
372,13,- - volatile solvents F18.3#
372,14,with delirium F18.4#
372,15,Stealing
372,16,- in company (in conduct disorder) F91.2
372,17,- pathological F63.2
372,18,"Stereotyped movements, pathological (self-injurious) F98.4"
372,19,Stress
372,20,- reaction F43.9
372,21,- - acute F43.0
372,22,specified NEC F43.8
372,23,"- disorder, post-traumatic F43.1"
372,24,Stupor
372,25,- catatonic F20.2#
372,26,- depressive F32.3
372,27,- dissociative F44.2
372,28,- manic F30.2
372,29,Stuttering F98.5
372,30,"Subnormality (see Retardation, mental)"
372,31,Suicide (attempt) X60 - X84
372,32,Symptoms
372,33,- physical
372,34,- - elaboration of F68.0
372,35,feigning of F68.1
372,36,"- psychological, feigning of F68.1"
372,37,359
373,1,MENTAL AND BEHAVIOURAL DISORDERS
373,2,"Syncope, psychogenic F48.8"
373,3,Syndrome
373,4,- alcohol withdrawal F10.3#
373,5,- amnesic
373,6,- - alcohol-induced Fl0.6
373,7,- - cannabinoid-induced F12.6
373,8,- - hallucinogen-induced F16.6
373,9,- - hypnotic-induced F14.6
373,10,- - multiple drug-induced F19.6
373,11,- - opioid-induced F11.6
373,12,- - organic (nonalcoholic) F04
373,13,- - psychoactive substance-induced NEC F19.6
373,14,- - sedative-induced F13.6
373,15,- - stimulant-induced NEC F15.6
373,16,- - volatile solvent-induced F18.6
373,17,- Asperger's F84.5
373,18,"- behavioural, associated with physiological disturbances and physical"
373,19,factors F59
373,20,- brain F05.-
373,21,- - post-traumatic F07.2
373,22,- chronic pain personality F62.8
373,23,- clumsy child F82
373,24,- Da Costa's F45.30
373,25,- dependence
373,26,alcohol F10.2#
373,27,caffeine F15.2#
373,28,- - cannabinoids F12.2#
373,29,- - cocaine F14.2#
373,30,- - hallucinogens F16.2#
373,31,hypnotics F13.2#
373,32,- - multiple drugs F19.2#
373,33,opioids F11.2#
373,34,- - psychoactive substances NEC F19.2#
373,35,- - sedatives F13.2#
373,36,- - stimulants NEC F15.2#
373,37,tobacco F17.2#
373,38,- - volatile solvents F18.2*
373,39,- depersonalization - derealization F48.1
373,40,- Dhat F48.8
373,41,- diarrhoea gas F45.32
373,42,360
374,1,INDEX
374,2,- fatigue F48.0
374,3,- frontal lobe F07.0
374,4,- Ganser's F44.80
374,5,"- Gerstmann, developmental F81.2"
374,6,- Heller's F84.3
374,7,- hospital hopper F68.1
374,8,- hyperkinetic F90.9
374,9,- institutional F94.2
374,10,- irritable bowel F45.32
374,11,- Kanner's F84.0
374,12,- Korsakov's
374,13,- - alcoholic F10.6
374,14,- - nonalcoholic F04
374,15,- Landau-Kieffner F8O.3
374,16,- limbic epilepsy personality F07.0
374,17,- lobotomy F07.0
374,18,- multiple complaint F45.0
374,19,- Munchhausen's F68.1
374,20,- postconcussional F07.2
374,21,- postcontusional F07.2
374,22,- postencephalitic F07.1
374,23,- postleukotomy F07.0
374,24,"- post-traumatic brain, nonpsychotic F07.2"
374,25,- Rett's F84.2
374,26,- Tourette's F95.2
374,27,"- withdrawal (see State, withdrawal)"
374,28,Thumb-sucking F98.8
374,29,"Tic (see Disorder, tic)"
374,30,Tourette's syndrome F95.2
374,31,Trance (and possession) disorder F44.3
374,32,Transsexualism F64.0
374,33,Transvestic fetishism F65.1
374,34,Transvestism
374,35,- dual-role F64.1
374,36,- fetishistic F65.1
374,37,361
375,1,MENTAL AND BEHAVIOURAL DISORDERS
375,2,Trichotillomania F63.3
375,3,Truancy from school F91.2
375,4,"Twilight state (see State, twilight)"
375,5,"Use, harmful (nondependent)"
375,6,- alcohol F10.1
375,7,- caffeine F15.1
375,8,- cannabinoids F12.1
375,9,- cocaine F14.1
375,10,- hallucinogens F16.1
375,11,- hypnotics F13.1
375,12,- multiple drugs F19.1
375,13,- opioids Fll.l
375,14,- psychoactive substances NEC F19.1
375,15,- sedatives F13.1
375,16,- stimulants NEC F15.1
375,17,- tobacco F17.1
375,18,- volatile solvents F18.1
375,19,"Vaginismus, nonorganic F52.5"
375,20,"Vascular dementia (see Dementia, vascular)"
375,21,Vomiting (associated with)
375,22,- psychogenic F50.5
375,23,"- psychological disturbances, specified NEC F50.5"
375,24,Voyeurism F65.3
375,25,"Wernicke's aphasia, developmental F80.2"
375,26,"Withdrawal state (see State, withdrawal)"
375,27,Word deafness F80.2
375,28,Zoophobia F40.2
375,29,362
377,1,WORLD HEALTH
377,2,ORGANIZATION
377,3,MARKETING AND
377,4,DISSEMINATION
377,5,1211 GENEVA 27
377,6,SWITZERLAND
377,7,The ICD-1O Classification of
377,8,Mental and Behavioural Disorders
377,9,DIAGNOSTIC CRITERIA FOR RESEARCH
377,10,This book sets out internationally-agreed diagnostic criteria
377,11,specifically designed for use when conducting research on mental
377,12,"and behavioural disorders. Deliberately restrictive, the criteria are"
377,13,intended to facilitate the selection of groups of individuals whose
377,14,symptoms and other characteristics resemble each other in
377,15,"clearly stated ways, and thus to maximize the homogeneity of"
377,16,study groups and the comparability of findings in multicentre and
377,17,international studies.
377,18,"The book, which covers over 300 disorders, is derived from"
377,19,chapter V(F) of the Tenth Revision of the International Statistical
377,20,Classification of Diseases and Related Health Problems (ICD-10).
377,21,The research criteria were developed in collaboration with the
377,22,world's leading experts and finalized after testing by researchers
377,23,"and clinicians in 32 countries, representing all the major traditions"
377,24,and schools of psychiatry. Descriptions of clinical concepts upon
377,25,which the research criteria are based are contained in the
377,26,"companion volume, Clinical Descriptions and Diagnostic"
377,27,"Guidelines, which is also available from WHO."
377,28,"For each disorder, criteria are labelled with letters or numbers to"
377,29,indicate their place in a hierarchy of generality and importance.
377,30,"This hierarchy includes general criteria, which must be fulfilled by"
377,31,"all members of a group of disorders, obligatory criteria for"
377,32,"individual disorders, and further groups and sub-groups of"
377,33,"characteristics, of which only some are required for the diagnosis."
377,34,"Where appropriate, the most commonly used exclusion clause is"
377,35,also listed.
377,36,A number of disorders of uncertain or provisional status are
377,37,described in two annexes. The first covers affective disorders that
377,38,"have been the subject of recent research, together with certain"
377,39,personality disorders. The second provides descriptions of
377,40,several disorders that seem to appear almost exclusively in
377,41,particular cultures. These disorders are described with the aim of
377,42,stimulating the research needed to clarify their diagnostic
377,43,relevance and allow their more precise classification.
377,44,A list of the hundreds of experts involved in field trials of
377,45,"the research criteria, followed by a detailed index, concludes the"
377,46,book.
377,47,"1993, xiii + 248 pages. ISBN 92 4154455 4"
377,48,ICD-10
