page,line,text
1,1,World health
1,2,statistics 2025
1,3,"Monitoring health for the SDGs,"
1,4,Sustainable Development Goals
3,1,World health
3,2,statistics 2025
3,3,"Monitoring health for the SDGs,"
3,4,Sustainable Development Goals
4,1,"World health statistics 2025: monitoring health for the SDGs, Sustainable Development Goals"
4,3,ISBN 978-92-4-011049-6 (electronic version)
4,4,ISBN 978-92-4-011050-2 (print version)
4,5,© World Health Organization 2025
4,6,Some rights reserved. This work is available under the Creative Commons Attribution-NonCommercial-ShareAlike 3.0 IGO
4,7,licence (CC BY-NC-SA 3.0 IGO; https://creativecommons.org/licenses/by-nc-sa/3.0/igo).
4,8,"Under the terms of this licence, you may copy, redistribute and adapt the work for non-commercial purposes, provided"
4,9,"the work is appropriately cited, as indicated below. In any use of this work, there should be no suggestion that WHO"
4,10,"endorses any specific organization, products or services. The use of the WHO logo is not permitted. If you adapt the work,"
4,11,then you must license your work under the same or equivalent Creative Commons licence. If you create a translation of
4,12,"this work, you should add the following disclaimer along with the suggested citation: “This translation was not created by"
4,13,the World Health Organization (WHO). WHO is not responsible for the content or accuracy of this translation. The original
4,14,English edition shall be the binding and authentic edition” .
4,15,Any mediation relating to disputes arising under the licence shall be conducted in accordance with the mediation rules of
4,16,the World Intellectual Property Organization (http://www.wipo.int/amc/en/mediation/rules/).
4,17,"Suggested citation. World health statistics 2025: monitoring health for the SDGs, Sustainable Development Goals."
4,18,Geneva: World Health Organization; 2025. Licence: CC BY-NC-SA 3.0 IGO.
4,19,Cataloguing-in-Publication (CIP) data. CIP data are available at https://iris.who.int/.
4,20,"Sales, rights and licensing. To purchase WHO publications, see https://www.who.int/publications/book-orders. To"
4,21,"submit requests for commercial use and queries on rights and licensing, see https://www.who.int/copyright."
4,22,"Third-party materials. If you wish to reuse material from this work that is attributed to a third party, such as tables,"
4,23,"figures or images, it is your responsibility to determine whether permission is needed for that reuse and to obtain"
4,24,permission from the copyright holder. The risk of claims resulting from infringement of any third-party-owned component
4,25,in the work rests solely with the user.
4,26,General disclaimers. The designations employed and the presentation of the material in this publication do not imply
4,27,"the expression of any opinion whatsoever on the part of WHO concerning the legal status of any country, territory, city or"
4,28,"area or of its authorities, or concerning the delimitation of its frontiers or boundaries. Dotted and dashed lines on maps"
4,29,represent approximate border lines for which there may not yet be full agreement.
4,30,The mention of specific companies or of certain manufacturers’ products does not imply that they are endorsed or
4,31,"recommended by WHO in preference to others of a similar nature that are not mentioned. Errors and omissions excepted,"
4,32,the names of proprietary products are distinguished by initial capital letters.
4,33,"All reasonable precautions have been taken by WHO to verify the information contained in this publication. However, the"
4,34,"published material is being distributed without warranty of any kind, either expressed or implied. The responsibility for"
4,35,the interpretation and use of the material lies with the reader. In no event shall WHO be liable for damages arising from
4,36,its use.
4,37,Design and layout: Green Ink Publishing Services Ltd.
5,1,iii
5,2,Contents
5,3,Foreword v
5,4,Acknowledgements vi
5,5,Abbreviations vii
5,6,Introduction 1
5,7,Key messages 3
5,8,"1. Change and inequality in healthy longevity, and the contributing causes 5"
5,9,1.1 Change in HALE between 2000 and 2019 7
5,10,1.1.1 Global 7
5,11,1.1.2 WHO regions 8
5,12,1.2 Change in HALE during the COVID-19 pandemic in 2019–2021 10
5,13,1.2.1 Change attributed to mortality 10
5,14,1.2.2 Change attributed to morbidity 11
5,15,1.3 Gap in HALE between males and females in 2019 and 2021 12
5,16,1.3.1 Global 12
5,17,1.3.2 WHO regions 14
5,18,1.4 Gap in HALE between high-income and other income groups in 2019 and 2021 15
5,19,1.5 Progress in premature mortality reduction 17
5,20,1.5.1 The prospect of premature mortality by 2050 18
5,21,References 20
5,22,2. Health-related Sustainable Development Goals 21
5,23,2.1 Mortality-related Sustainable Development Goal indicators 22
5,24,2.1.1 Maternal and child mortality 22
5,25,2.1.2 Mortality due to noncommunicable diseases 24
5,26,2.1.3 Mortality due to injuries 25
5,27,2.1.4 Mortality attributable to environmental risk factors 27
5,28,2.2 Infectious diseases 29
5,29,2.2.1 HIV 29
5,30,2.2.2 Tuberculosis 30
5,31,2.2.3 Malaria 31
5,32,2.2.4 Hepatitis B 31
5,33,2.2.5 Neglected tropical diseases 32
5,34,2.2.6 Antimicrobial resistance 33
5,35,2.3 Risk factors for health 34
5,36,2.3.1 Nutritional risk factors 34
5,37,2.3.2 Behavioural risk factors 36
5,38,2.3.3 Environmental risk factors 38
5,39,2.3.4 Risks to girls’ and women’s health 40
6,1,iv
6,2,2.4 Universal health coverage and health systems 41
6,3,2.4.1 Service delivery 41
6,4,2.4.2 Health financing 45
6,5,2.5 SDG progress to date 47
6,6,References 48
6,7,3. Progress in achieving the Triple Billion targets 51
6,8,3.1 Triple Billion targets progress 52
6,9,3.2 Progress in healthier populations 53
6,10,3.3 Progress in universal health coverage 54
6,11,3.4 Progress in health emergencies protection 54
6,12,3.5 Forecast to 2030 and scenarios 55
6,13,3.6 Conclusion 57
6,14,References 58
6,15,4. Inequality in immunization 59
6,16,4.1 The importance of vaccine equity 60
6,17,4.2 Inequalities in immunization coverage persist within
6,18,countries 60
6,19,4.3 How inequalities have changed over time 65
6,20,4.4 Barriers to immunization 66
6,21,4.5 Data availability to monitor inequalities in immunization 67
6,22,References 68
6,24,Annexes 69
6,25,Annex 1. Progress assessment of selected health-related SDG indicators by WHO region 70
6,26,Annex 2. Summary of methodology 75
7,1,Foreword
7,2,"To make progress, we must be able to measure progress."
7,3,Data about the health of populations are foundational
7,4,"to understanding trends, making policies and directing"
7,5,resources to where they will have the greatest
7,6,"benefit. Without timely, trusted and actionable data,"
7,7,"threats remain invisible, systems underperform and"
7,8,opportunities to save lives are lost.
7,9,World health statistics is the world’s annual health report
7,10,card. It shows where progress has been made – and
7,11,where it has stalled. This year’s edition highlights the
7,12,"impacts of the COVID-19 pandemic, which reversed many"
7,13,of the gains made in the previous two decades. Between
7,14,"2000 and 2019, healthy life expectancy rose by more"
7,15,"than five years, maternal mortality fell by one third, child"
7,16,mortality more than halved and premature deaths fell –
7,17,"driven by political commitment, investment, innovation"
7,18,"and stronger health systems. In 2020 and 2021, COVID-19"
7,19,"killed millions of people, put health systems under severe"
7,20,strain and wiped 1.8 years off healthy life expectancy.
7,21,"This report also shows that at the current pace, the world"
7,22,will miss the target in the Sustainable Development
7,23,Goals (SDGs) to reduce premature deaths from
7,24,noncommunicable diseases (NCDs) by one third. While
7,25,"mortality rates have declined, the number of premature"
7,26,"NCD deaths continues to rise, due to population growth"
7,27,and ageing. Tobacco use is declining but not fast
7,28,"enough, while alcohol consumption has decreased in"
7,29,some regions but stagnated in others. Hypertension
7,30,"and diabetes remain inadequately controlled, and air"
7,31,pollution continues to claim millions of lives globally.
7,32,"Likewise, progress on maternal and child mortality has"
7,33,"slowed considerably, and many countries are off- course"
7,34,"for the 2030 targets, due to underfunding of primary"
7,35,"health care and huge gaps in access to essential services,"
7,36,"such as skilled care at birth, immunization and access"
7,37,"to health workers. Domestic investment must increase,"
7,38,"particularly because where the need is greatest, resources"
7,39,are most limited.
7,40,WHO’s Thirteenth General Programme of Work translated
7,41,the health-related targets in the SDGs into the “triple
7,42,billion” targets for 2018–2025: one billion more people
7,43,living healthier lives; one billion more people covered
7,44,by universal health coverage without financial hardship;
7,45,and one billion more people better protected from health
7,46,"emergencies. By the end of 2024, we estimate that the"
7,47,"first target was already exceeded, but the second two are"
7,48,likely to be missed: about 1.4 billion more people were
7,49,"living healthier lives, but only 431 million more people"
7,50,"were enjoying access to universal health coverage, and"
7,51,637 million more people were better protected from
7,52,"health emergencies – encouraging progress, but less than"
7,53,is needed to reach the SDGs.
7,54,"Nevertheless, it’s not 2030 yet. With stronger leadership"
7,55,"and scaled-up delivery, the gap can still be closed."
7,56,"Accordingly, the Fourteenth General Programme of Work"
7,57,sets ambitious new targets: to keep 6 billion people
7,58,"healthier, expand access to affordable health services"
7,59,"for 5 billion people, and to see 7 billion people better"
7,60,protected from health emergencies between 2025
7,61,and 2028.
7,62,"Health data are central to achieving these targets, which"
7,63,is why WHO is working with countries and partners
7,64,to modernize information systems and link data to
7,65,"delivery, through the World Health Data Hub, the SCORE"
7,66,"package of health data tools, and the Delivery for"
7,67,Impact approach.
7,68,Because every life counts.
7,69,Dr Tedros Adhanom Ghebreyesus
7,70,Director-General
7,71,World Health Organization
7,72,v
8,1,Acknowledgements
8,2,"This publication was produced by the WHO Division of Data, Analytics and Delivery for Impact in collaboration with WHO"
8,3,"technical programmes and regional offices. WHO is grateful to UNICEF, the Population Division in the Department of"
8,4,Economic and Social Affairs of the United Nations and the Joint United Nations Programme on HIV/AIDS (UNAIDS) for
8,5,their contributions.
8,6,vi
9,1,Abbreviations
9,2,ABR adolescent birth rate
9,3,AMR antimicrobial resistance
9,4,APC alcohol per capita consumption
9,5,ARIs acute respiratory infections
9,6,ARR annual rate of reduction
9,7,ART antiretroviral therapy
9,8,ASR age-standardized death rate
9,9,CDR crude death rate
9,10,COVID-19 coronavirus disease
9,11,DHS Demographic and Health Survey(s)
9,12,DTP3 diphtheria–tetanus–pertussis vaccine
9,13,third dose
9,14,GLASS Global Antimicrobial Resistance and Use
9,15,Surveillance System
9,16,GPW13 Thirteenth General Programme of Work
9,17,GPW14 Fourteenth General Programme of Work
9,18,GTS Global technical strategy for
9,19,malaria 2016–2030
9,20,HALE healthy life expectancy
9,21,HIC high-income country
9,22,IA2030 Immunization Agenda 2030
9,23,IHRs international health regulations
9,24,IQR interquartile range
9,25,LIC low-income country
9,26,LMIC lower-middle-income country
9,27,MCV2 measles-containing vaccine second dose
9,28,MIC middle-income country
9,29,MICS Multiple Indicator Cluster Survey(s)
9,30,MMR maternal mortality ratio
9,31,MNT maternal and neonatal tetanus
9,32,MRSA methicillin-resistant Staphylococcus aureus
9,33,NCDs noncommunicable diseases
9,34,NMR neonatal mortality rate
9,35,NTDs neglected tropical diseases
9,36,ODA official development assistance
9,37,OOP out-of-pocket (health spending)
9,38,PAB protection at birth
9,39,PCV3 pneumococcal-conjugate vaccine third dose
9,40,PM2.5 fine particulate matter less than 2.5 μm
9,41,in diameter
9,42,"RMNCH reproductive, maternal, newborn and"
9,43,child health
9,44,SDG Sustainable Development Goal
9,45,SPAR States Parties Self-Assessment Annual
9,46,Reporting Tool
9,47,SPL societal poverty line
9,48,TB tuberculosis
9,49,U5MR under-five mortality rate
9,50,UHC universal health coverage
9,51,UI uncertainty interval
9,52,UMIC upper-middle-income country
9,53,UNAIDS Joint United Nations Programme
9,54,on HIV/AIDS
9,55,USAID United States Agency for
9,56,International Development
9,57,"WASH water, sanitation and hygiene"
9,58,WHA World Health Assembly
9,59,WHO World Health Organization
9,60,vii
11,1,Introduction
11,2,The World health statistics report is the annual
11,3,"compilation of health and health-related indicators,"
11,4,which has been published by the World Health
11,5,Organization (WHO) since 2005.
11,6,The 2025 edition consists of four chapters and the
11,7,accompanying annexes. Chapter 1 presents an in-
11,8,depth analysis of global and regional estimates of life
11,9,"expectancy, healthy life expectancy and progress in the"
11,10,reduction of premature mortality. Chapter 2 reviews the
11,11,status of the health-related Sustainable Development
11,12,"Goal (SDG) indicators, covering age- and cause-specific"
11,13,"mortality, infectious diseases, risk factors for health, and"
11,14,universal health coverage (UHC) and health systems.
11,15,A summary of global and regional trends towards the
11,16,achievement of selected health-related SDG indicators is
11,17,further presented in Annex 1. Chapter 3 presents updated
11,18,"projections on WHO’s Triple Billion targets, based on"
11,19,the most recent available data. It also describes WHO’s
11,20,transition from its thirteenth general programme of
11,21,work (GPW13) to the fourteenth general programme of
11,22,"work (GPW14), aligning with emerging global health"
11,23,challenges and priorities. Chapter 4 looks at inequalities
11,24,in immunization as an important global health issue.
11,25,The information presented in World health statistics 2025
11,26,is based on data available from global monitoring as of
11,27,April 2025. These data have been compiled primarily from
11,28,publications and databases produced and maintained
11,29,"by WHO, other United Nations entities (such as UNICEF,"
11,30,"UNAIDS, and the Population Division in the Department of"
11,31,"Economic and Social Affairs of the United Nations), United"
11,32,"Nations Inter-Agency bodies of which WHO is a member,"
11,33,and other international organizations. A summary
11,34,of the methodology for each chapter is described
11,35,in Annex 2. Tables of health statistics by country
11,36,"and area, WHO region and globally can be accessed"
11,37,via https://www.who.int/data/gho/publications/
11,38,world-health-statistics.
11,40,1
13,1,Key messages
13,2,The major contributors to the 5.4-year pre-pandemic
13,3,increase in global healthy life expectancy (HALE) at
13,4,birth between 2000 (58.1 years) and 2019 (63.5 years)
13,5,were mortality reduction from communicable and
13,6,"perinatal conditions among ages under 5 years, and from"
13,7,noncommunicable diseases (NCDs) among those 30 years
13,8,"and older. However, worsening morbidity due to diabetes"
13,9,among ages 30 years and older has led to a 0.14- year
13,10,loss in HALE. Each WHO region exhibits distinctive
13,11,patterns given their unique compositions of mortality
13,12,and morbidity.
13,13,"Between 2019 and 2021, the HALE loss can be almost"
13,14,entirely explained by mortality both directly and
13,15,indirectly attributable to coronavirus disease (COVID-19)
13,16,"among those aged 30 years and older, both globally"
13,17,and in most WHO regions. The pandemic also caused
13,18,increased morbidity from anxiety disorders and
13,19,"depressive disorders, each responsible for a 0.06-year (or"
13,20,"3-week) loss in global HALE in 2019–2021, and together"
13,21,effectively wiped out 80% of the positive contribution to
13,22,"HALE (0.15 years, or 8 weeks) by mortality decline from all"
13,23,NCDs combined in that two-year period.
13,24,The contributors to the HALE difference between males
13,25,and females show a mixed pattern. While lower female
13,26,mortality from injuries among 5–69-year-olds and from
13,27,NCDs including ischaemic heart disease and stroke
13,28,among females of 30 years and older gives a lead in HALE
13,29,"compared with males, mortality in maternal conditions"
13,30,"and breast cancers, and higher female morbidity from"
13,31,"conditions including back and neck pain, gynaecological"
13,32,"diseases, migraine, depressive disorders and anxiety"
13,33,disorders have effectively eliminated a considerable share
13,34,of the female HALE lead.
13,35,While lower mortality from communicable and perinatal
13,36,causes explains a significant amount of the HALE lead
13,37,that populations in high-income countries (HICs) had
13,38,against those in low-income countries (LICs) and lower-
13,39,"middle-income countries (LMICs), higher mortality"
13,40,"from tracheal, bronchus and lung cancers and drug use"
13,41,"disorders, and higher morbidity from falls and back and"
13,42,neck pain has cost HICs some loss in HALE compared with
13,43,other income groups.
13,44,Premature mortality was in decline globally and in all
13,45,WHO regions from 2000 to the onset of the COVID-19
13,46,pandemic. Despite the overall progress prior to the
13,47,"pandemic, stagnation was seen after 2015. Globally, the"
13,48,pace of decline is projected to slow between now and
13,49,"2050, compared with the rates observed in 2000–2019."
13,50,Only about one third of countries are projected to have
13,51,accelerated progress in 2019–2050 compared with
13,52,"2000–2019, mostly located in the Region of the Americas"
13,53,and the Western Pacific Region.
13,54,"As the world moves closer to 2030, overall progress is"
13,55,insufficient to meet the health-related SDG and other
13,56,global targets. Declines were observed in mortality
13,57,"from causes addressed by the SDG indicators, including"
13,58,"maternal mortality, child and neonatal mortality,"
13,59,"premature NCD mortality, injury mortality, and mortality"
13,60,"attributed to unsafe water, sanitation and hygiene"
13,61,"(WASH) and air pollution. However, the progress for"
13,62,"all these indicators is either insufficient or stalled, and"
13,63,is currently off-track for achieving their respective
13,64,global targets.
13,65,There has been mixed progress in the global fight against
13,66,"infectious diseases, with declines in HIV and tuberculosis"
13,67,"(TB) incidence rates, as well as in the number of people"
13,68,requiring interventions against neglected tropical
13,69,"diseases (NTDs), while malaria incidence rates have"
13,70,increased since 2015 and hepatitis B and antimicrobial
13,71,resistance (AMR) continue to pose challenges.
13,72,"Similarly, the world is off-track for meeting most of the"
13,73,global targets in reducing the prevalence or exposure
13,74,"to health risk factors such as malnutrition, tobacco use,"
13,75,"unsafe WASH, air pollution and violence against women"
13,76,"and girls, despite improvement in some of these areas."
13,77,"However, the world is on-track to reach the 20% reduction"
13,78,"in total per-capita alcohol consumption by 2030, although"
13,79,progress differs by region.
13,80,While gains in UHC service coverage index (SDG indicator
13,81,"3.8.1) were observed globally over the past two decades,"
13,82,"progress has slowed in recent years. In 2019, some"
13,83,344 million people were pushed or further pushed into
13,84,"extreme poverty by out-of-pocket (OOP) health spending,"
13,85,while 13.5% of the global population spent more than
13,86,10% of their household budget on OOP payments
13,87,for health.
13,88,The estimated global shortage of health workers of
13,89,15.4 million in 2020 decreased to 14.7 million in 2023.
13,90,The projected 2030 shortage of 11.1 million shows slow
13,91,"progress in closing the gap, with the WHO African and"
13,92,Eastern Mediterranean regions projected to bear nearly
13,93,70% of the shortage.
13,94,Progress towards achieving the Triple Billion targets
13,95,"remains uneven. The expansion of UHC is insufficient,"
13,96,with only about 431 million additional people gaining
13,97,access to essential health services without incurring
13,99,3
14,1,financial hardship by 2024 compared with the 2018
14,2,baseline set in the WHO Thirteenth General Programme
14,3,"of Work, and only a projected 500 million by 2025 – just"
14,4,"half of the targeted one billion. Meanwhile, close to"
14,5,637 million additional individuals are expected to be
14,6,better protected from health emergencies by 2024. This
14,7,is expected to increase to only 697 million in 2025 – a
14,8,substantial gain that nonetheless remains a little over
14,9,"30% short of the one-billion target. On the plus side,"
14,10,an estimated 1.35 billion more people will experience
14,11,"healthier lives by 2024, rising to 1.5 billion by 2025, thus"
14,12,"exceeding the original target of one billion. However, this"
14,13,progress remains insufficient to put the world on track
14,14,"to achieve the health-related SDGs by 2030. Moreover,"
14,15,recent interruptions in international aid threaten to
14,16,"disrupt health services and systems, disproportionately"
14,17,impacting countries and communities with the greatest
14,18,health-care needs. Safeguarding the gains made
14,19,towards the Triple Billion targets remains of paramount
14,20,importance for the global community in the years ahead.
14,21,Within-country inequalities in childhood immunization
14,22,related to economic status and education level of the
14,23,"mother persist. Positively, inequalities in the last decade"
14,24,"have diminished, compared with those in the previous"
14,25,"decade, in LICs and LMICs. For instance, economic-related"
14,26,inequality in DTP3 coverage and zero-dose prevalence
14,27,have reduced by more than half across LICs. Eliminating
14,28,economic-related inequality across 88 LICs and middle-
14,29,income countries is associated with improving the
14,30,national average DTP3 coverage across these countries
14,31,by 10 percentage points and halving zero-dose
14,32,prevalence. Achieving equity in immunization coverage
14,33,"requires focused attention on urban poor areas, remote/"
14,34,"rural areas, conflict areas, and gender-related inequities"
14,35,and barriers.
14,36,"World health statistics 2025: monitoring health for the SDGs, Sustainable Development Goals"
14,37,4
15,1,1
15,2,Change and
15,3,inequality in healthy
15,4,"longevity, and the"
15,5,contributing causes
15,6,Steady increases in life expectancy and healthy life expectancy
15,7,"(HALE) at birth were observed globally in 2000–2019, followed"
15,8,by rapid declines between 2019 and 2021 due to the COVID-19
15,9,pandemic. Various factors exhibit diverse epidemiological
15,10,patterns across different stages in an individual’s life course
15,11,"and in different populations, contributing in various degrees"
15,12,to the change in life expectancy and HALE over time or
15,13,the inequality therein between populations. This chapter
15,14,reviews the contribution of different causes to the change in
15,15,"HALE before and during the COVID-19 pandemic, and to the"
15,16,inequality in HALE between males and females and between
15,17,income groups as defined by the World Bank.
16,1,"Unless otherwise stated, the principal source of data for"
16,2,this chapter is the World Health Organization (WHO) Global
16,3,health estimates 2021 (1).
16,4,The global community enjoyed steady improvements
16,5,in many aspects of population health between the
16,6,"turn of the century until the onset of the pandemic,"
16,7,from increasing access to clean water and sanitation
16,8,"to declining prevalence of tobacco smoking, from"
16,9,rising proportion of births attended by skilled health
16,10,personnel (2) to doubling effective coverage for
16,11,"hypertension treatment (3), and from dropping mortality"
16,12,"due to HIV/AIDS to improving child survival (4,5). These"
16,13,improvements led to a decline in mortality from a
16,14,broad spectrum of causes of death throughout the
16,15,human lifespan.
16,16,Both life expectancy and HALE increased between 2000
16,17,and 2019. Global life expectancy at birth increased
16,18,"by 6.3 years in this period, from 66.8 years in 2000 to"
16,19,"73.1 years in 2019, with males gaining 6.2 years (from"
16,20,64.4 to 70.6 years) and females gaining 6.5 years (from
16,21,"69.2 to 75.7 years) during this period. Simultaneously,"
16,22,"global HALE at birth increased by 5.4 years, from"
16,23,58.1 years in 2000 to 63.5 years in 2019 (from 57.0 to
16,24,62.3 years for males and from 59.3 years to 64.6 years
16,25,females) (Fig. 1.1).
16,26,"However, this progress faced a major setback as the"
16,27,COVID-19 pandemic wreaked havoc across the globe.
16,28,With COVID-19 becoming one of the leading causes of
16,29,deaths globally and in many of the WHO regions in 2020
16,30,and 2021 and claiming an excess toll of lives indirectly
16,31,"through other causes, both life expectancy and HALE"
16,32,rolled back by nearly a decade within just two years.
16,33,Global life expectancy at birth dropped by 0.7 years to
16,34,"72.5 years in 2020 (back to the level of 2016), and by"
16,35,a further 1.1 years to 71.4 years in 2021 (back to the
16,36,"level of 2012). Similarly, global HALE at birth dropped"
16,37,to 62.8 years in 2020 (back to the level of 2016) and
16,38,61.9 years in 2021 (back to the level of 2012) (Fig. 1.1).
16,39,This chapter reviews the contribution of different causes
16,40,to the change in HALE before and during the COVID-19
16,41,"pandemic, and to the inequality in HALE between males"
16,42,"and females and between income groups (6,7) as defined"
16,43,by the World Bank.
16,44,"Figure 1.1 Life expectancy (LE) and healthy life expectancy at birth (HALE), by WHO region, 2000, 2019 and 2021"
16,45,Source: WHO (1).
16,46,20
16,47,0
16,48,0
16,49,0
16,50,40
16,51,60
16,52,80
16,53,20
16,54,40
16,55,60
16,56,80
16,57,20
16,58,40
16,59,60
16,60,80
16,61,2000
16,62,2019
16,63,2021
16,64,2000
16,65,2019
16,66,2021
16,67,2000
16,68,2019
16,69,2021
16,70,2000
16,71,2019
16,72,2021
16,73,2000
16,74,2019
16,75,2021
16,76,2000
16,77,2019
16,78,2021
16,79,2000
16,80,2019
16,81,2021
16,82,Global
16,83,Both sexesMaleFemale
16,84,Diﬀerence between LE and HALE
16,85,HALE
16,86,Number of years
16,87,African
16,88,Region
16,89,Region of the
16,90,Americas
16,91,Eastern
16,92,Mediterranean
16,93,Region
16,94,European
16,95,Region
16,96,South-East Asia
16,97,Region
16,98,Western Pacific
16,99,Region
16,100,46
16,101,55.8
16,102,55.2
16,103,45.5
16,104,55.1
16,105,54.6
16,106,46.5
16,107,56.5
16,108,55.7
16,109,63.6
16,110,65.8
16,111,63.2
16,112,62.1
16,113,64.5
16,114,61.8
16,115,65
16,116,67
16,117,64.8
16,118,56.7
16,119,60.5
16,120,59
16,121,56.5
16,122,60.3
16,123,58.9
16,124,56.8
16,125,60.7
16,126,59.2
16,127,62.9
16,128,67.6
16,129,66
16,130,60.3
16,131,66.1
16,132,64.6
16,133,65.5
16,134,69
16,135,67.3
16,136,55.3
16,137,61.8
16,138,59.4
16,139,55.1
16,140,61.4
16,141,58.9
16,142,55.6
16,143,62.3
16,144,59.8
16,145,63.8
16,146,68.4
16,147,68.2
16,148,62.3
16,149,66.7
16,150,66.6
16,151,65.4
16,152,70.1
16,153,69.8
16,154,58.1
16,155,63.5
16,156,61.9
16,157,57
16,158,62.3
16,159,60.9
16,160,59.3
16,161,64.6
16,162,63
16,163,7
16,164,8.4
16,165,8.4
16,166,6.1
16,167,7.1
16,168,7.1
16,169,7.9
16,170,9.6
16,171,9.7
16,172,10.5
16,173,11.3
16,174,10.9
16,175,9.1
16,176,9.9
16,177,9.3
16,178,12
16,179,12.7
16,180,12.5
16,181,8.8
16,182,9.7
16,183,9.4
16,184,7.6
16,185,8.4
16,186,8.1
16,187,10
16,188,11.1
16,189,10.9
16,190,9.5
16,191,10.5
16,192,10.3
16,193,8
16,194,8.9
16,195,8.7
16,196,11.1
16,197,12.1
16,198,12
16,199,8.7
16,200,9.5
16,201,9
16,202,7.7
16,203,8.2
16,204,7.7
16,205,9.9
16,206,10.9
16,207,10.4
16,208,8.1
16,209,9.1
16,210,9.2
16,211,7
16,212,7.8
16,213,7.9
16,214,9.4
16,215,10.6
16,216,10.7
16,217,8.6
16,218,9.7
16,219,9.5
16,220,7.4
16,221,8.3
16,222,8
16,223,9.9
16,224,11.1
16,225,10.9
16,226,6
17,1,1.1 Change in HALE between 2000
17,2,and 2019
17,3,1.1.1 Global
17,4,"Globally, the 5.4-year increase in HALE at birth between"
17,5,2000 (58.1 years) and 2019 (63.5 years) was a result of
17,6,"declining mortality and morbidity over time, contributing"
17,7,"5.2 years (96.0%) and 0.2 years (4%), respectively."
17,8,"Reduction in mortality from communicable, maternal,"
17,9,perinatal and nutritional conditions (referred to as
17,10,communicable diseases) represents the greatest source
17,11,"of gain, contributing a total of 3.4 years to the HALE gain,"
17,12,"while mortality reduction from NCDs contributed 1.4 years,"
17,13,and injuries 0.4 years (Fig. 1.2).
17,14,"By individual cause and broad age groups, the largest"
17,15,gains were made by mortality reduction in preterm birth
17,16,complications (0.26 years) and birth asphyxia and birth
17,17,"trauma (0.21 years) among infants aged 0–1 years, lower"
17,18,"respiratory infections (0.40 years), diarrhoeal diseases"
17,19,(0.35 years) and measles (0.24 years) among children aged
17,20,"0–4 years, and tuberculosis (0.27 years) and HIV/ AIDS"
17,21,(0.22 years) among adults aged 30–69 years. The gain
17,22,attributed to NCD mortality reduction was concentrated in
17,23,"the adult age groups, with stroke contributing 0.37 years,"
17,24,ischaemic heart disease 0.28 years and chronic obstructive
17,25,pulmonary disease 0.19 years among adults 30 years and
17,26,older. While the majority of causes contributed to the HALE
17,27,"gain positively, increasing mortality linked to Alzheimer"
17,28,disease and other dementias among adults aged 70 years
17,29,and older resulted in a slight two-week (0.04-year) HALE
17,30,loss in 2000–2019 (Fig. 1.2).
17,31,While the overall contribution to the HALE gain from
17,32,changing morbidity in 2000–2019 was relatively minor
17,33,"and, for the majority of causes, the contribution was"
17,34,"positive, it is worth noting that morbidity from diabetes"
17,35,among adults 30 years and older increased and was
17,36,responsible for a 0.14-year HALE loss in 2000–2019
17,37,(Fig. 1.2).
17,38,"Figure 1.2 Decomposition of the change in healthy life expectancy (HALE) between 2000 and 2019 globally, by cause"
17,39,"and age group, for both sexes combined"
17,40,Source: WHO (1).
17,41,0.02
17,42,0.05
17,43,0.06
17,44,0 1-4 5-19All
17,45,ages
17,46,0.01
17,47,0.02
17,48,0.02
17,49,0.07
17,50,0.03
17,51,0.01
17,52,-0.05
17,53,0.03
17,54,0.02
17,55,0.02
17,56,-0.09
17,57,-0.05
17,58,0.02
17,59,0.02
17,60,0.01
17,61,0.03
17,62,0.01
17,63,0.02
17,64,0.17
17,65,-0.05
17,66,0.05
17,67,0.01
17,68,0.03
17,69,-0.01
17,70,0.02
17,71,-0.14
17,72,0.04
17,73,0.02
17,74,0.02
17,75,-0.02
17,76,0.04
17,77,0.03
17,78,0.21
17,79,0.04
17,80,0.03
17,81,0.09
17,82,0.04
17,83,0.17
17,84,0.15
17,85,-0.1
17,86,0.03
17,87,0.02
17,88,0.02
17,89,0.06
17,90,0.1
17,91,-0.07
17,92,0.03
17,93,0.01
17,94,0.02
17,95,0.02
17,96,-0.04
17,97,0.02
17,98,0.04
17,99,0.02
17,100,0.05
17,101,0.01
17,102,0.11
17,103,0.03
17,104,0.04
17,105,0.05
17,106,-0.04
17,107,0.07
17,108,0.12
17,109,0.04
17,110,0.06
17,111,0.05
17,112,0.22
17,113,0.01
17,114,0.02
17,115,0.12
17,116,0.16
17,117,0.01
17,118,0.02
17,119,0.03
17,120,0.04
17,121,0.04
17,122,0.06
17,123,0.02
17,124,0.18
17,125,0.19
17,126,0.05
17,127,0.27
17,128,0.07
17,129,1.52
17,130,0.71
17,131,0.64
17,132,0.16
17,133,0.71
17,134,0.15
17,135,0.51
17,136,1-40 5-19 20-29 30-69 70+ 20-29 30-69 70+
17,137,"Communicable, maternal, perinatal and nutritional conditions"
17,138,- Tuberculosis
17,139,- Diarrhoeal diseases
17,140,- Lower respiratory infections
17,141,- HIV/AIDS
17,142,- Measles
17,143,- Preterm birth complications
17,144,Injuries
17,145,- Road injuries
17,146,- Self-harm
17,147,- Interpersonal violence
17,148,/gid01162/gid00001/gid00007/gid00028/gid00039/gid00039/gid00046
17,149,- Collective violence and legal intervention
17,150,- All other unintentional injuries
17,151,Noncommunicable diseases
17,152,- Stroke
17,153,- Ischaemic heart disease
17,154,- Chronic obstructive pulmonary disease
17,155,- Stomach cancer
17,156,- Cirrhosis of the liver
17,157,"- Trachea, bronchus, lung cancers"
17,158,- Alcohol use disorders
17,159,- Back and neck pain
17,160,- Depressive disorders
17,161,- Gynaecological diseases
17,162,- Anxiety disorders
17,163,- Hypertensive heart disease
17,164,- Breast cancer
17,165,- Migraine
17,166,- Drug use disorders
17,167,- Alzheimer disease and other dementias
17,168,- Diabetes mellitus
17,169,- All other malignant neoplasms
17,170,- All other cardiovascular diseases
17,171,- All other NCDs
17,172,- Birth asphyxia and birth trauma
17,173,- Malaria
17,174,- Maternal conditions
17,175,- All Other Group1
17,176,All Causes
17,177,Age
17,178,Cause group
17,179,Change in HALE (years)
17,180,0.0
17,181,0.1
17,182,0.2
17,183,Morbidity Mortality
17,184,All causes
17,185,"Communicable,"
17,186,"maternal, perinatal"
17,187,and nutritional
17,188,conditions
17,189,Noncommunicable
17,190,diseases
17,191,Injuries
17,192,All
17,193,ages
17,194,0.01
17,195,0.04
17,196,0.02
17,197,0.01
17,198,0.08
17,199,0.17
17,200,0.12
17,201,-0.05
17,202,-0.01
17,203,0.01
17,204,0.21
17,205,0.5
17,206,0.39
17,207,0.45
17,208,0.16
17,209,0.08
17,210,0.29
17,211,0.26
17,212,0.49
17,213,5.17
17,214,3.37
17,215,0.05
17,216,0.04
17,217,0.03
17,218,0.03
17,219,0.21
17,220,0.2
17,221,0.15
17,222,0.03
17,223,0.03
17,224,0.06
17,225,0.27
17,226,0.13
17,227,0.02
17,228,0.07
17,229,0.09
17,230,0.04
17,231,0.01
17,232,0.06
17,233,0.18
17,234,0.05
17,235,0.26
17,236,0.04
17,237,0.04
17,238,0.04
17,239,0.03
17,240,1.49
17,241,0.85
17,242,0.26
17,243,0.33
17,244,1.42
17,245,0.79
17,246,0.17
17,247,0.21
17,248,0.29
17,249,0.14
17,250,0.01
17,251,0.06
17,252,0.01
17,253,0.02
17,254,0.03
17,255,0.02
17,256,0.01
17,257,0.55
17,258,0.36
17,259,0.01
17,260,0.02
17,261,0.06
17,262,0.09
17,263,0.02
17,264,0.14
17,265,0.19
17,266,0.06
17,267,0.03
17,268,0.28
17,269,0.11
17,270,0.08
17,271,0.08
17,272,0.38
17,273,0.05
17,274,1.38
17,275,"Change and inequality in healthy longevity, and the contributing causes"
17,276,7
18,1,1.1.2 WHO regions
18,2,As the cause and the age profile of mortality and
18,3,"morbidity vary across geographical locations, the"
18,4,contributions to HALE by cause and age also exhibit
18,5,diverse patterns.
18,6,"In the WHO African Region, the most remarkable"
18,7,contributor to the HALE gain in 2000–2019 was from
18,8,"reduction in HIV/AIDS mortality, resulting in a total"
18,9,"of a 2.61-year gain in HALE, within which a reduction"
18,10,among adults aged 30–69 years was the major source
18,11,(1.71 years). Decline in mortality from tuberculosis
18,12,in the same age group also contributed to a large
18,13,share (0.68 years or 57.6%) of the 1.18-year HALE gain
18,14,accumulated throughout the entire life course. Mortality
18,15,"decline among children aged under 5 years from malaria,"
18,16,diarrhoeal diseases and lower respiratory infections also
18,17,"contributed considerably to the HALE gain in 2000–2019,"
18,18,"at 0.88, 0.65 and 0.62 years, respectively (Fig. 1.3)."
18,19,AFR: African Region; AMR; Region of the Americas; SEAR: South-East Asia Region; EUR: European Region; EMR: Eastern Mediterranean Region; WPR: Western
18,20,Pacific Region.
18,21,Source: WHO (1).
18,22,"Figure 1.3 Leading contributing causes for change in healthy life expectancy (HALE) between 2000 and 2019, by"
18,23,"cause, age group and WHO region, for both sexes combined"
18,24,0
18,25,1-4
18,26,5-19
18,27,20-29
18,28,30-69
18,29,70+
18,30,0
18,31,1-4
18,32,5-19
18,33,20-29
18,34,30-69
18,35,70+
18,36,0.0
18,37,0.5
18,38,1.0
18,39,1.5
18,40,AFRAMREMR EUR SEARWPR Global
18,41,Age
18,42,0.02
18,43,0.01
18,44,0.03
18,45,0.06
18,46,0.06
18,47,0.22
18,48,0.18
18,49,0.19
18,50,-0.09
18,51,-0.05
18,52,0.03
18,53,0.02
18,54,0.2
18,55,0.15
18,56,0.06
18,57,0.03
18,58,0.05
18,59,0.04
18,60,0.04
18,61,0.04
18,62,0.27
18,63,0.03
18,64,0.07
18,65,0.27
18,66,0.13
18,67,0.01
18,68,0.02
18,69,0.02
18,70,-0.03
18,71,0.03
18,72,0.02
18,73,0.01
18,74,0.02
18,75,0.02
18,76,-0.01
18,77,0.01
18,78,0.14
18,79,0.07
18,80,0.39
18,81,0.39
18,82,0.34
18,83,0.28
18,84,0.1
18,85,0.26
18,86,0.49
18,87,0.28
18,88,0.07
18,89,0.07
18,90,0.05
18,91,0.01
18,92,0.03
18,93,0.38
18,94,0.08
18,95,0.01
18,96,1.71
18,97,0.68
18,98,0.13
18,99,0.02
18,100,0.04
18,101,0.03
18,102,0.19
18,103,0.08
18,104,0.02
18,105,-0.06
18,106,-0.12
18,107,-0.1
18,108,-0.05
18,109,-0.08
18,110,0.03
18,111,0.01
18,112,0.03
18,113,0.02
18,114,0.21
18,115,0.11
18,116,0.13
18,117,0.18
18,118,0.05
18,119,0.11
18,120,-0.12
18,121,-0.08
18,122,0.4
18,123,-0.03
18,124,-0.09
18,125,-0.04
18,126,0.01
18,127,0.06
18,128,0.03
18,129,0.02
18,130,-0.03
18,131,-0.01
18,132,0.01
18,133,0.06
18,134,0.23
18,135,0.37
18,136,0.44
18,137,0.07
18,138,0.05
18,139,0.24
18,140,0.2
18,141,0.25
18,142,0.07
18,143,0.09
18,144,0.04
18,145,0.03
18,146,0.69
18,147,0.18
18,148,0.25
18,149,-0.01
18,150,0.02
18,151,0.11
18,152,0.2
18,153,-0.08
18,154,-0.08
18,155,0.51
18,156,0.56
18,157,0.28
18,158,0.38
18,159,0.04
18,160,0.03
18,161,0.04
18,162,0.06
18,163,0.07
18,164,0.04
18,165,0.05
18,166,0.01
18,167,-0.08
18,168,0.1
18,169,0.1
18,170,0.05
18,171,0.06
18,172,0.02
18,173,0.18
18,174,0.1
18,175,-0.03
18,176,0.25
18,177,-0.13
18,178,-0.11
18,179,0.01
18,180,0.05
18,181,0.13
18,182,0.12
18,183,0.26
18,184,0.27
18,185,0.11
18,186,0.25
18,187,0.05
18,188,0.01
18,189,0.26
18,190,0.25
18,191,0.3
18,192,0.34
18,193,0.2
18,194,0.42
18,195,0.02
18,196,0.05
18,197,-0.09
18,198,-0.05
18,199,0.06
18,200,0.05
18,201,0.02
18,202,0.03
18,203,0.02
18,204,-0.2
18,205,-0.1
18,206,0.03
18,207,0.02
18,208,-0.01
18,209,-0.01
18,210,-0.01
18,211,-0.06
18,212,-0.03
18,213,0.03
18,214,0.03
18,215,0.03
18,216,0.02
18,217,1. Diabetes mellitus
18,218,2. Road injury
18,219,3. Falls
18,220,4. Back and neck pain
18,221,5. Tuberculosis
18,222,1. Diabetes mellitus
18,223,2. Tuberculosis
18,224,3. Malaria
18,225,4. Birth asphyxia and birth trauma
18,226,5. Diarrhoeal diseases
18,227,1. Diabetes mellitus
18,228,2. Drug use disorders
18,229,3. Depressive disorders
18,230,4. Stroke
18,231,5. Road injury
18,232,1. Diabetes mellitus
18,233,2. Depressive disorders
18,234,3. Tuberculosis
18,235,4. Preterm birth complications
18,236,5. Falls
18,237,1. Diabetes mellitus
18,238,2. Falls
18,239,3. Road injury
18,240,4. Alcohol use disorders
18,241,5. Interpersonal violence
18,242,1. Diabetes mellitus
18,243,2. Road injury
18,244,3. Gynaecological diseases
18,245,4. Back and neck pain
18,246,5. Anxiety disorders
18,247,1. Diabetes mellitus
18,248,2. Road injury
18,249,3. Tuberculosis
18,250,4. Collective violence and legal intervention
18,251,5. Back and neck pain
18,252,1. Diarrhoeal diseases
18,253,2. Tuberculosis
18,254,3. Lower respiratory infections
18,255,4. HIV/AIDS
18,256,5. Stroke
18,257,1. HIV/AIDS
18,258,2. Tuberculosis
18,259,3. Diarrhoeal diseases
18,260,4. Malaria
18,261,5. Lower respiratory infections
18,262,1. Ischaemic heart disease
18,263,2. Stroke
18,264,3. Preterm birth complications
18,265,"4. Trachea, bronchus, lung cancers"
18,266,5. Alzheimer disease and other dementias
18,267,8. Drug use disorders
18,268,1. Tuberculosis
18,269,2. Diarrhoeal diseases
18,270,3. Lower respiratory infections
18,271,4. Preterm birth complications
18,272,5. Measles
18,273,8. Ischaemic heart disease
18,274,1. Ischaemic heart disease
18,275,2. Stroke
18,276,3. Lower respiratory infections
18,277,4. Road injury
18,278,5. Self harm
18,279,13. Alzheimer disease and other dementias
18,280,1. Stroke
18,281,2. Chronic obstructive pulmonary disease
18,282,3. Lower respiratory infections
18,283,4. Birth asphyxia and birth trauma
18,284,5. Preterm birth complications
18,285,1. Diarrhoeal diseases
18,286,2. Measles
18,287,3. Lower respiratory infections
18,288,4. Stroke
18,289,5. Collective violence and legal intervention
18,290,Morbidity Mortality
18,291,Cause group
18,292,All causes
18,293,"Communicable, maternal, perinatal and nutritional conditions"
18,294,Injuries
18,295,Noncommunicable diseases
18,296,Change in HALE (years)
18,297,"World health statistics 2025: monitoring health for the SDGs, Sustainable Development Goals"
18,298,8
19,1,"Similarly, in the Eastern Mediterranean Region and the"
19,2,"South-East Asia Region, reduction in mortality from"
19,3,communicable diseases was the primary driver of the
19,4,HALE gain in 2000–2019. Diarrhoeal diseases contributed
19,5,a total of 1.01 years (0.47 years among those aged under
19,6,5 years) in HALE gain in the South-East Asia Region and
19,7,0.51 years (0.38 years among those aged under 5 years) in
19,8,the Eastern Mediterranean Region. A mortality decline in
19,9,lower respiratory infections among children aged under
19,10,5 years led to HALE gains of 0.57 years in the South-East
19,11,Asia Region and 0.38 years in the Eastern Mediterranean
19,12,Region. While the Eastern Mediterranean Region enjoyed
19,13,a 0.26-year gain in HALE due to declining mortality from
19,14,ischaemic heart disease among adults aged 30 years and
19,15,"older, the South-East Asia Region saw an opposite trend,"
19,16,with rising mortality from the diseases causing 0.16-year
19,17,HALE loss among the same age groups. Also worth noting
19,18,is the 0.3-year loss attributed to increasing diabetes
19,19,morbidity among those aged 30 years and older in the
19,20,"Eastern Mediterranean Region, constituting the largest"
19,21,loss among all WHO regions. The Eastern Mediterranean
19,22,Region is also the only region where a sizable HALE loss
19,23,was attributed to mortality increase in collective violence
19,24,"and legal intervention, at 0.28 years, of which 0.24 years"
19,25,was due to rising mortality among those aged 5–29 years
19,26,(Fig. 1.3).
19,27,"In contrast, in the Region of the Americas the contribution"
19,28,to the gain in HALE was more heavily concentrated
19,29,"in NCDs, with declining mortality among adults aged"
19,30,30 years and older from ischaemic heart disease
19,31,"(0.61 years), stroke (0.24 years), and trachea, bronchus"
19,32,and lung cancers (0.16 years) driving the gain (Fig. 1.3).
19,33,"However, some negative patterns were also observed."
19,34,Rising mortality due to Alzheimer disease and other
19,35,dementias among adults aged 70 years and older was
19,36,responsible for a 0.12-year HALE loss. While improvement
19,37,in mortality from diabetes contributed to a minor increase
19,38,"(0.03 years) in HALE in 2000–2019, worsening morbidity"
19,39,"from the disease caused a 0.22-year loss. Additionally,"
19,40,drug use disorder in the Region of the Americas
19,41,contributed negatively through increasing both mortality
19,42,"and morbidity, causing 0.11-year and 0.13-year losses,"
19,43,"respectively, a unique phenomenon compared with all"
19,44,other WHO regions (Fig. 1.3).
19,45,"In the European Region, there was a 4.69-year gain in"
19,46,"HALE between 2000 and 2019, with 93.5% (or 4.39 years)"
19,47,"of this gain attributed to declining mortality. By far, the"
19,48,leading driver in HALE gain was the decline in mortality
19,49,from ischaemic heart disease among adults aged 30 years
19,50,"and older, accounting for a 1.07-year HALE gain, or over"
19,51,one fifth of the total gain. This is followed by mortality
19,52,"reduction from stroke among the same age groups,"
19,53,contributing to a further 0.66-year increase in HALE.
19,54,The European Region also benefitted from reduced
19,55,"mortality from lower respiratory infections, road injuries"
19,56,"and suicide across many age groups over the life course,"
19,57,achieving a HALE gain of about 0.2 years for each cause
19,58,"(0.6 years in total). However, increasing mortality from"
19,59,Alzheimer disease and other dementias among adults
19,60,aged 70 years and older and increasing morbidity from
19,61,"diabetes led to a loss in HALE, at 0.08 and 0.14 years"
19,62,respectively (Fig. 1.3).
19,63,"In the Western Pacific region, HALE increased by"
19,64,"4.53 years between 2000 and 2019, about 97% (or"
19,65,4.43 years) of which was achieved by reducing mortality.
19,66,The most prominent HALE gain was achieved through
19,67,reducing mortality from stroke and chronic obstructive
19,68,pulmonary disease among adults aged 30 years and
19,69,"older, accounting for an increase of 0.64 and 0.62 years,"
19,70,respectively. Declining mortality from birth asphyxia and
19,71,"birth trauma, preterm birth complications and lower"
19,72,respiratory infections among children aged under 1 year
19,73,led to an increase in HALE of around 0.25 years for each of
19,74,"the three diseases (0.76 years in total). As in other regions,"
19,75,diabetes-related morbidity increased among adults aged
19,76,30 years and older and caused a 0.1-year loss in HALE
19,77,(Fig. 1.3).
19,78,"Change and inequality in healthy longevity, and the contributing causes"
19,79,9
20,1,1.2 Change in HALE during
20,2,the COVID-19 pandemic
20,3,in 2019–2021
20,4,1.2.1 Change attributed
20,5,to mortality
20,6,The Global HALE dropped by 1.54 years between 2019
20,7,and 2021. Mortality from the emerging COVID-19 and
20,8,other outcomes related to the COVID-19 pandemic led
20,9,"to 1.29-year and 0.28-year losses, respectively, in HALE,"
20,10,totalling a staggering 1.57-year loss within just two years
20,11,and exceeding the total gains in reduced mortality and
20,12,morbidity from other causes. The majority of the loss was
20,13,"concentrated among those aged 30 years and older, at"
20,14,"1.23 years and 0.27 years, respectively, attributed to the"
20,15,two causes (Fig. 1.4).
20,16,While gain due to continued decline in mortality
20,17,from causes including HIV/AIDS and tuberculosis was
20,18,"observed in 2019–2021 in the African Region, the region"
20,19,suffered from a net loss of 0.66 years in HALE. The loss
20,20,is predominantly driven by mortality from COVID-19
20,21,(0.74 years) and other COVID−19 pandemic-related
20,22,outcomes (0.29 years) among adults aged 30 years and
20,23,older (Fig. 1.4).
20,24,"Figure 1.4 Leading contributing causes for change in healthy life expectancy (HALE) between 2019 and 2021, by"
20,25,"cause, age group and WHO region, for both sexes combined"
20,26,AFR: African Region; AMR; Region of the Americas; SEAR: South-East Asia Region; EUR: European Region; EMR: Eastern Mediterranean Region; WPR: Western
20,27,Pacific Region.
20,28,Source: WHO (1).
20,29,AFRAMREMR EUR SEARWPR Global
20,30,1-4
20,31,5-19
20,32,20-29
20,33,30-69
20,34,70+
20,35,0
20,36,0
20,37,1-4
20,38,5-19
20,39,20-29
20,40,30-69
20,41,70+
20,42,1. COVID-19
20,43,2. Other COVID-19 pandemic-related outcomes
20,44,3. Lower respiratory infections
20,45,4. Stroke
20,46,5. Ischaemic heart disease
20,47,1. COVID-19
20,48,2. Other COVID-19 pandemic-related outcomes
20,49,3. HIV/AIDS
20,50,4. Tuberculosis
20,51,5. Measles
20,52,1. COVID-19
20,53,2. Drug use disorders
20,54,3. Ischaemic heart disease
20,55,4. Lower respiratory infections
20,56,5. Other COVID-19 pandemic-related outcomes
20,57,1. COVID-19
20,58,2. Other COVID-19 pandemic-related outcomes
20,59,3. Ischaemic heart disease
20,60,4. Stroke
20,61,5. Lower respiratory infections
20,62,1. COVID-19
20,63,2. Other COVID-19 pandemic-related outcomes
20,64,3. Ischaemic heart disease
20,65,4. Stroke
20,66,5. Lower respiratory infections
20,67,1. COVID-19
20,68,2. Other COVID-19 pandemic-related outcomes
20,69,3. Collective violence and legal intervention
20,70,4. Ischaemic heart disease
20,71,5. Lower respiratory infections
20,72,1. COVID-19
20,73,2. Stroke
20,74,3. Road injury
20,75,4. Lower respiratory infections
20,76,5. Other COVID-19 pandemic-related outcomes
20,77,-0.02
20,78,-0.07
20,79,-0.02
20,80,-0.02
20,81,-0.02
20,82,-0.04
20,83,-0.01
20,84,-0.03
20,85,-0.01
20,86,-0.02
20,87,Morbidity
20,88,-0.03
20,89,-0.12
20,90,-0.02
20,91,-0.02
20,92,-0.01
20,93,-0.03
20,94,-0.02
20,95,-0.01
20,96,-0.02
20,97,-0.08
20,98,-0.01
20,99,-0.02
20,100,-0.03
20,101,-0.06
20,102,-0.02
20,103,-0.02
20,104,-0.05
20,105,-0.02
20,106,-0.02
20,107,-0.01
20,108,-0.01
20,109,-0.03
20,110,-0.02
20,111,-0.02
20,112,-0.02
20,113,-0.04
20,114,-0.11
20,115,-0.01
20,116,-0.03
20,117,-0.01
20,118,-0.02
20,119,-0.02
20,120,-0.1
20,121,-0.01
20,122,-0.03
20,123,-0.02
20,124,-0.05
20,125,-0.02
20,126,-0.02
20,127,-0.04
20,128,-0.03
20,129,-0.01
20,130,-0.03
20,131,-0.02
20,132,-0.03
20,133,-0.01
20,134,-0.03
20,135,-0.11
20,136,-0.01
20,137,-0.01
20,138,-0.03
20,139,-0.02
20,140,-0.02
20,141,-0.01
20,142,-0.02
20,143,-0.01
20,144,-0.01
20,145,-0.01
20,146,-0.04
20,147,-0.78
20,148,-0.02
20,149,-0.45
20,150,-0.18
20,151,-0.09
20,152,0.01
20,153,0.02
20,154,0.02
20,155,0.01
20,156,0.02
20,157,Mortality
20,158,-0.02
20,159,-0.48
20,160,-0.26
20,161,-0.19
20,162,-0.1
20,163,0.02
20,164,0.02
20,165,0.01
20,166,0.08
20,167,0.11
20,168,0.03
20,169,0.01
20,170,0.04
20,171,0.02
20,172,-0.05
20,173,-1.27
20,174,-0.01
20,175,-0.65
20,176,-0.02
20,177,-0.06
20,178,-0.05
20,179,-0.02
20,180,0.04
20,181,-0.03
20,182,-0.02
20,183,-0.03
20,184,-0.02
20,185,-0.02
20,186,-0.06
20,187,-1.33
20,188,-0.04
20,189,-0.72
20,190,-0.02
20,191,-0.37
20,192,-0.19
20,193,0.06
20,194,0.03
20,195,0.04
20,196,0.03
20,197,0.02
20,198,0.01
20,199,0.02
20,200,-0.02
20,201,-0.75
20,202,-0.01
20,203,-0.6
20,204,-0.16
20,205,-0.09
20,206,0.04
20,207,0.04
20,208,0.02
20,209,0.02
20,210,0.01
20,211,0.01
20,212,-0.04
20,213,-0.83
20,214,-0.02
20,215,-0.48
20,216,-0.01
20,217,-0.16
20,218,-0.3
20,219,0.06
20,220,0.01
20,221,0.05
20,222,0.04
20,223,0.05
20,224,0.02
20,225,0.02
20,226,0.01
20,227,0.01
20,228,-0.05
20,229,-0.03
20,230,0.03
20,231,0.01
20,232,0.01
20,233,0.01
20,234,-0.01
20,235,1. COVID-19
20,236,2. Depressive disorders
20,237,3. Anxiety disorders
20,238,4. Diabetes mellitus
20,239,5. Back and neck pain
20,240,1. COVID-19
20,241,2. Depressive disorders
20,242,3. Anxiety disorders
20,243,4. Diabetes mellitus
20,244,5. HIV/AIDS
20,245,1. COVID-19
20,246,2. Depressive disorders
20,247,3. Anxiety disorders
20,248,4. Diabetes mellitus
20,249,5. Drug use disorders
20,250,1. COVID-19
20,251,2. Depressive disorders
20,252,3. Anxiety disorders
20,253,4. Diabetes mellitus
20,254,5. Diarrhoeal diseases
20,255,1. COVID-19
20,256,2. Depressive disorders
20,257,3. Anxiety disorders
20,258,4. Diabetes mellitus
20,259,5. Back and neck pain
20,260,1. COVID-19
20,261,2. Depressive disorders
20,262,3. Anxiety disorders
20,263,4. Diabetes mellitus
20,264,5. Back and neck pain
20,265,1. Anxiety disorders
20,266,2. Falls
20,267,3. Diabetes mellitus
20,268,4. COVID-19
20,269,5. Alzheimer disease and other demenias
20,270,Cause group
20,271,All causes
20,272,"Communicable, maternal, perinatal and nutritional conditions"
20,273,Injuries
20,274,Noncommunicable diseases
20,275,Other COVID-19 pandemic-related outcomes
20,276,Change in HALE (years)
20,277,-1.0
20,278,-0.5
20,279,0.0
20,280,"World health statistics 2025: monitoring health for the SDGs, Sustainable Development Goals"
20,281,10
21,1,Much of the 2.72-year HALE loss in the Region of the
21,2,Americas can be attributed to COVID-19 mortality among
21,3,adults aged 30 years and older (1.92 years) and morbidity
21,4,for all ages (0.15 years). Loss in HALE can also be
21,5,explained by causes for which the previous pre-pandemic
21,6,progress in mortality reduction was completely reversed
21,7,"or halted, including ischaemic heart disease, which"
21,8,contributed negatively to the HALE change between
21,9,2019 and 2021 (–0.07 years in 2019–2021 vs 0.61 years in
21,10,"2000–2019) and stroke, which contributed almost no gain"
21,11,between 2019 and 2021 (compared with a 0.24-year gain
21,12,in 2000–2019) (Fig. 1.4).
21,13,Mortality from COVID-19 and other COVID-19 pandemic-
21,14,related outcomes among adults aged 30 years and older
21,15,"contributed 2.05 and 0.56 years, respectively, to the"
21,16,total 2.5-year HALE loss in the South-East Asia Region
21,17,between 2019 and 2021. This outweighed HALE gains
21,18,achieved through mortality reductions from causes
21,19,including ischaemic heart disease (0.09 years) and stroke
21,20,(0.08 years) among those aged 30 years and older during
21,21,this two-year period (Fig. 1.4).
21,22,The overall HALE dropped by 1.5 years in 2019–2021 in
21,23,both the European Region (66.1 to 64.6 years) and the
21,24,"Eastern Mediterranean Region (60.4 to 58.9 years), and"
21,25,mortality from COVID-19 and other COVID-19 pandemic-
21,26,related outcomes among adults aged 30 years and older
21,27,"accounted for 1.35 and 0.25 years, respectively, of the"
21,28,"loss in the European Region and 1.31 and 0.46 years,"
21,29,"respectively, in the Eastern Mediterranean Region"
21,30,(Fig. 1.4).
21,31,The COVID-19 pandemic had a very limited impact on
21,32,"HALE in the Western Pacific region in 2020 and 2021,"
21,33,resulting in virtually no change in HALE (68.4 years in
21,34,2019 and 68.2 years in 2021). Mortality from COVID-19
21,35,and other COVID-19 pandemic-related outcomes only
21,36,"accounted for 0.09 and 0.02 years of loss, respectively, in"
21,37,"HALE, which were compensated for by minor gains from"
21,38,"mortality decline from other causes, including stroke and"
21,39,road injuries (Fig. 1.4).
21,40,1.2.2 Change attributed
21,41,to morbidity
21,42,The decline in HALE between 2019 and 2021 at global
21,43,and regional levels can be partly attributed to increasing
21,44,morbidity. A shared pattern at both global and regional
21,45,levels is that the HALE loss in 2019–2021 associated with
21,46,morbidity increase can largely be attributed to three
21,47,"causes: COVID-19, anxiety disorders and depressive"
21,48,disorders. It is also worth noting that the pre-pandemic
21,49,HALE gains in 2000–2019 attributable to declining
21,50,morbidity from anxiety disorders and depressive
21,51,disorders were completely cancelled out by the
21,52,subsequent loss associated with these two causes during
21,53,the first two years of the COVID-19 pandemic (Fig. 1.4).
21,54,"Globally, morbidity due to COVID-19 led to a 0.13-year"
21,55,HALE loss in 2019–2021. The pandemic also caused
21,56,increasing morbidity due to anxiety disorders and
21,57,"depressive disorders, each responsible for a 0.06-year (or"
21,58,"3-week) loss in HALE in 2019–2021. This loss (0.12 years,"
21,59,or 6 weeks) effectively wiped out 80% of the positive
21,60,"contribution to HALE (0.15 years, or approximately"
21,61,8 weeks) by mortality decline from all NCDs combined
21,62,"in that two-year period. By WHO regions, morbidity due"
21,63,to COVID-19 led to HALE loss in 2019–2021 ranging from
21,64,0.01 years in the Western Pacific region to 0.18–0.20 years
21,65,"in the South-East Asia Region, the Eastern Mediterranean"
21,66,Region and the African Region. Increasing morbidity due
21,67,to anxiety disorders was responsible for losses ranging
21,68,from 0.03 years in the African Region to 0.10 years in the
21,69,"Region of the Americas. Similarly, the contribution to"
21,70,overall HALE loss in 2019–2021 from increasing morbidity
21,71,due to depressive disorders ranged from 0.01 years in the
21,72,Western Pacific region to 0.11 years in the Region of the
21,73,Americas (Fig. 1.4).
21,74,"Change and inequality in healthy longevity, and the contributing causes"
21,75,11
22,1,1.3 Gap in HALE between males
22,2,and females in 2019 and 2021
22,3,1.3.1 Global
22,4,"On average, women live longer than men, as they benefit"
22,5,"from lower mortality, especially from causes that are"
22,6,"affected by behavioural or genetic factors (8,9,10,11)."
22,7,"In 2019, just before the COVID-19 pandemic, the global"
22,8,female life expectancy was about 5.1 years longer than
22,9,"that of males (75.70 versus 70.61 years). However, with"
22,10,"higher overall risk of morbidity among females, when"
22,11,"disability is accounted for, the gap between the global"
22,12,male and female HALE in 2019 reduced to about 2.3 years
22,13,"(8,10). The lower level of mortality among females would"
22,14,"have rendered them a 3.85-year advantage in HALE, yet"
22,15,"they also faced higher levels of morbidity than males,"
22,16,offsetting the HALE advantage associated with mortality
22,17,by 1.56 years (Fig. 1.5).
22,18,Lower female mortality from NCDs among adults
22,19,aged 30 years and older from ischaemic heart disease
22,20,"(accounting for 0.63 years), stroke (0.31 years), chronic"
22,21,"obstructive pulmonary disease (0.26 years), and"
22,22,"trachea, bronchus and lung cancers (0.24 years) are"
22,23,major contributors to the female advantage in HALE.
22,24,"In addition, lower mortality among those aged 5–69"
22,25,"years old from injuries including road injury (0.32 years),"
22,26,interpersonal violence (0.17 years) and suicide
22,27,(0.12 years) constitute an important source of the female
22,28,"HALE advantage. However, mortality from sex-specific"
22,29,"causes, such as breast cancer and maternal conditions,"
22,30,"reduced the HALE advantage for females, at 0.22 and"
22,31,"0.15 years, respectively (Fig. 1.5)."
22,32,Figure 1.5 Leading contributing causes for the difference in healthy life expectancy (HALE) in 2019 between males
22,33,"and females, by cause and age group"
22,34,AFR: African Region; AMR; Region of the Americas; SEAR: South-East Asia Region; EUR: European Region; EMR: Eastern Mediterranean Region; WPR: Western
22,35,Pacific Region.
22,36,Source: WHO (1).
22,37,AFRAMREMR EUR SEARWPR Global
22,38,Morbidity Mortality
22,39,0
22,40,1-4
22,41,5-19
22,42,20-29
22,43,30-69
22,44,70+
22,45,0
22,46,1-4
22,47,5-19
22,48,20-29
22,49,30-69
22,50,70+
22,51,Age
22,52,1. Gynaecological diseases
22,53,2. Back and neck pain
22,54,3. Depressive disorders
22,55,4. Migraine
22,56,5. Anxiety disorders
22,57,1. Gynaecological diseases
22,58,2. Back and neck pain
22,59,3. Depressive disorders
22,60,4. Migraine
22,61,5. HIV/AIDS
22,62,1. Back and neck pain
22,63,2. Gynaecological diseases
22,64,3. Migraine
22,65,4. Depressive disorders
22,66,5. Alcohol use disorders
22,67,1. Gynaecological diseases
22,68,2. Back and neck pain
22,69,3. Migraine
22,70,4. Anxiety disorders
22,71,5. Depressive disorders
22,72,1. Gynaecological diseases
22,73,2. Back and neck pain
22,74,3. Migraine
22,75,4. Depressive disorders
22,76,5. Anxiety disorders
22,77,1. Gynaecological diseases
22,78,2. Back and neck pain
22,79,3. Depressive disorders
22,80,4. Migraine
22,81,5. Anxiety disorders
22,82,1. Back and neck pain
22,83,2. Gynaecological diseases
22,84,3. Depressive disorders
22,85,4. Migraine
22,86,5. Anxiety disorders
22,87,-0.09
22,88,-0.35
22,89,-0.02
22,90,-0.03
22,91,-0.03
22,92,-0.28
22,93,-0.02
22,94,-0.03
22,95,-0.13
22,96,-0.02
22,97,-0.03
22,98,-0.03
22,99,-0.12
22,100,-0.03
22,101,-0.01
22,102,-0.11
22,103,-0.03
22,104,-0.09
22,105,-0.02
22,106,-0.02
22,107,-0.1
22,108,-0.5
22,109,-0.02
22,110,-0.03
22,111,-0.03
22,112,-0.24
22,113,-0.01
22,114,-0.04
22,115,-0.03
22,116,-0.12
22,117,-0.01
22,118,-0.02
22,119,-0.02
22,120,-0.08
22,121,-0.02
22,122,-0.02
22,123,-0.06
22,124,-0.08
22,125,-0.29
22,126,-0.03
22,127,-0.03
22,128,-0.05
22,129,-0.24
22,130,-0.02
22,131,-0.08
22,132,-0.05
22,133,-0.17
22,134,-0.05
22,135,-0.02
22,136,-0.05
22,137,-0.17
22,138,-0.03
22,139,-0.03
22,140,-0.05
22,141,-0.17
22,142,-0.04
22,143,-0.02
22,144,-0.04
22,145,-0.35
22,146,-0.02
22,147,-0.1
22,148,-0.08
22,149,-0.29
22,150,-0.03
22,151,-0.02
22,152,-0.03
22,153,-0.1
22,154,-0.03
22,155,-0.02
22,156,-0.1
22,157,-0.01
22,158,-0.01
22,159,0.02
22,160,0.08
22,161,0.01
22,162,-0.11
22,163,-0.48
22,164,-0.03
22,165,-0.05
22,166,-0.03
22,167,-0.29
22,168,-0.02
22,169,-0.14
22,170,-0.06
22,171,-0.19
22,172,-0.04
22,173,-0.02
22,174,-0.04
22,175,-0.15
22,176,-0.03
22,177,-0.04
22,178,-0.04
22,179,-0.12
22,180,-0.04
22,181,-0.04
22,182,-0.11
22,183,-0.55
22,184,-0.02
22,185,-0.03
22,186,-0.05
22,187,-0.38
22,188,-0.03
22,189,-0.09
22,190,-0.03
22,191,-0.17
22,192,-0.02
22,193,-0.02
22,194,-0.03
22,195,-0.13
22,196,-0.02
22,197,-0.04
22,198,-0.1
22,199,-0.03
22,200,-0.02
22,201,-0.02
22,202,-0.24
22,203,-0.01
22,204,-0.12
22,205,-0.08
22,206,-0.26
22,207,-0.03
22,208,-0.02
22,209,-0.02
22,210,-0.12
22,211,-0.01
22,212,-0.04
22,213,-0.03
22,214,-0.11
22,215,-0.02
22,216,-0.01
22,217,-0.02
22,218,-0.07
22,219,-0.03
22,220,-0.02
22,221,1. Ischaemic heart disease
22,222,2. Road injury
22,223,3. Stroke
22,224,4. Chronic obstructive pulmonary disease
22,225,"5. Trachea, bronchus, lung cancers"
22,226,6. Breast cancer
22,227,9. Maternal conditions
22,228,0.45
22,229,0.18
22,230,0.09
22,231,0.18
22,232,0.04
22,233,0.02
22,234,0.19
22,235,0.12
22,236,0.09
22,237,0.17
22,238,0.14
22,239,0.1
22,240,-0.17
22,241,-0.05
22,242,-0.06
22,243,-0.07
22,244,-0.02
22,245,1. Maternal conditions
22,246,2. Tuberculosis
22,247,3. Road injury
22,248,4. Lower respiratory infections
22,249,5. Breast cancer
22,250,-0.18
22,251,-0.3
22,252,-0.06
22,253,-0.02
22,254,0.04
22,255,0.4
22,256,0.08
22,257,0.08
22,258,0.21
22,259,0.04
22,260,0.03
22,261,0.02
22,262,0.13
22,263,0.11
22,264,0.05
22,265,-0.01
22,266,-0.22
22,267,-0.03
22,268,1. Interpersonal violence
22,269,2. Ischaemic heart disease
22,270,3. Road injury
22,271,4. Breast cancer
22,272,5. Self-harm
22,273,19. Maternal conditions
22,274,0.28
22,275,0.31
22,276,0.11
22,277,0.39
22,278,0.24
22,279,0.1
22,280,0.18
22,281,0.04
22,282,0.02
22,283,-0.19
22,284,-0.08
22,285,0.06
22,286,0.13
22,287,0.02
22,288,0.02
22,289,-0.02
22,290,-0.02
22,291,1. Ischaemic heart disease
22,292,2. Road injury
22,293,3. Chronic obstructive pulmonary disease
22,294,4. Cirrhosis of the liver
22,295,5. Tuberculosis
22,296,6. Breast cancer
22,297,10. Maternal conditions
22,298,0.55
22,299,0.2
22,300,0.09
22,301,0.2
22,302,0.05
22,303,0.02
22,304,0.14
22,305,0.15
22,306,0.01
22,307,0.23
22,308,0.03
22,309,0.16
22,310,0.05
22,311,-0.14
22,312,-0.02
22,313,-0.04
22,314,-0.04
22,315,1. Ischaemic heart disease
22,316,"2. Trachea, bronchus, lung cancers"
22,317,3. Breast cancer
22,318,4. Self-harm
22,319,5. Stroke
22,320,22. Maternal conditions
22,321,0.72
22,322,0.19
22,323,0.27
22,324,0.17
22,325,-0.21
22,326,-0.09
22,327,0.06
22,328,0.2
22,329,0.01
22,330,0.02
22,331,0.19
22,332,1. Ischaemic heart disease
22,333,2. Collective violence and legal intervention
22,334,3. Road injury
22,335,4. Breast cancer
22,336,5. Maternal conditions
22,337,0.01
22,338,0.42
22,339,0.06
22,340,0.2
22,341,0.04
22,342,0.21
22,343,0.09
22,344,0.19
22,345,0.06
22,346,0.02
22,347,-0.21
22,348,-0.11
22,349,-0.05
22,350,-0.09
22,351,-0.03
22,352,Cause group
22,353,All causes
22,354,"Communicable, maternal, perinatal and nutritional conditions"
22,355,Injuries
22,356,Noncommunicable diseases
22,357,Diﬀerence in HALE (years)
22,358,-0.50
22,359,-0.25
22,360,0.00
22,361,0.25
22,362,0.50
22,363,Between males and females in 2019: WHO region
22,364,1. Stroke
22,365,2. Ischaemic heart disease
22,366,"3. Trachea, bronchus, lung cancers"
22,367,4. Chronic obstructive pulmonary disease
22,368,5. Road injury
22,369,6. Breast cancer
22,370,19. Maternal conditions
22,371,0.01
22,372,0.37
22,373,0.35
22,374,0.01
22,375,0.35
22,376,0.21
22,377,0.22
22,378,0.18
22,379,0.09
22,380,0.27
22,381,0.09
22,382,0.2
22,383,0.04
22,384,0.02
22,385,-0.13
22,386,-0.03
22,387,-0.01
22,388,"World health statistics 2025: monitoring health for the SDGs, Sustainable Development Goals"
22,389,12
23,1,"In addition, a higher rate of morbidity from many"
23,2,conditions has cost more healthy life-years among
23,3,"females. Back and neck pain, gynaecological diseases"
23,4,and migraine among females aged 30 years and older
23,5,"reduced female HALE by 0.39 years, 0.38 years and"
23,6,"0.13 years, respectively, compared with males, and thus"
23,7,effectively eliminated the HALE advantage associated
23,8,with mortality due to ischaemic heart disease and chronic
23,9,"obstructive pulmonary disease. Furthermore, depressive"
23,10,disorders and anxiety disorders reduced the overall
23,11,"additional HALE for females by 0.20 and 0.16 years,"
23,12,respectively (Fig. 1.5).
23,13,"In 2021, HALE for females was about 2.2 years higher than"
23,14,"for males, representing the net of a 3.8-year advantage"
23,15,associated with mortality and a 1.7-year disadvantage
23,16,"associated with morbidity. In general, the mortality and"
23,17,morbidity contributors to the female–male gap in HALE
23,18,"remained largely the same, although the size of each"
23,19,contribution diminished to different degrees. What is
23,20,most noteworthy is that lower female mortality from
23,21,COVID-19 (0.72 years) and other COVID-19 pandemic-
23,22,related outcomes (0.17 years) have contributed to a
23,23,0.89-year HALE advantage over males globally. This
23,24,contribution is dominated by those aged 30 years and
23,25,"older (0.70 and 0.16 years, respectively, for COVID-19"
23,26,"and other COVID-19 pandemic-related outcomes), a"
23,27,pattern that also holds true at regional and country levels
23,28,(Fig. 1.6).
23,29,Figure 1.6 Leading contributing causes for the difference in healthy life expectancy (HALE) in 2021 between males
23,30,"and females, by cause and age group"
23,31,AFR: African Region; AMR; Region of the Americas; SEAR: South-East Asia Region; EUR: European Region; EMR: Eastern Mediterranean Region; WPR: Western
23,32,Pacific Region.
23,33,Source: WHO (1).
23,34,Morbidity Mortality
23,35,AFRAMREMR EUR SEARWPR Global
23,36,1. Gynaecological diseases
23,37,2. Back and neck pain
23,38,3. Depressive disorders
23,39,4. Anxiety disorders
23,40,5. Migraine
23,41,1. Gynaecological diseases
23,42,2. Back and neck pain
23,43,3. Depressive disorders
23,44,4. Anxiety disorders
23,45,5. Migraine
23,46,1. Gynaecological diseases
23,47,2. Back and neck pain
23,48,3. Migraine
23,49,4. Depressive disorders
23,50,5. Anxiety disorders
23,51,1. Gynaecological diseases
23,52,2. Back and neck pain
23,53,3. Depressive disorders
23,54,4. Anxiety disorders
23,55,5. Migraine
23,56,1. Back and neck pain
23,57,2. Gynaecological diseases
23,58,3. Depressive disorders
23,59,4. Migraine
23,60,5. Anxiety disorders
23,61,1. Back and neck pain
23,62,2. Gynaecological diseases
23,63,3. Depressive disorders
23,64,4. Migraine
23,65,5. Anxiety disorders
23,66,1. Gynaecological diseases
23,67,2. Back and neck pain
23,68,3. Depressive disorders
23,69,4. Migraine
23,70,5. Anxiety disorders
23,71,-0.09
23,72,-0.34
23,73,-0.02
23,74,-0.02
23,75,-0.03
23,76,-0.28
23,77,-0.02
23,78,-0.09
23,79,-0.03
23,80,-0.14
23,81,-0.02
23,82,-0.03
23,83,-0.03
23,84,-0.03
23,85,-0.02
23,86,-0.03
23,87,-0.12
23,88,-0.11
23,89,-0.11
23,90,-0.11
23,91,-0.11
23,92,-0.03
23,93,-0.01
23,94,-0.1
23,95,-0.5
23,96,-0.02
23,97,-0.03
23,98,-0.03
23,99,-0.23
23,100,-0.01
23,101,-0.04
23,102,-0.03
23,103,-0.13
23,104,-0.02
23,105,-0.02
23,106,-0.02
23,107,-0.07
23,108,-0.02
23,109,-0.02
23,110,-0.05
23,111,-0.02
23,112,-0.01
23,113,-0.08
23,114,-0.29
23,115,-0.03
23,116,-0.02
23,117,-0.04
23,118,-0.23
23,119,-0.02
23,120,-0.07
23,121,-0.07
23,122,-0.21
23,123,-0.05
23,124,-0.02
23,125,-0.06
23,126,-0.2
23,127,-0.04
23,128,-0.03
23,129,-0.05
23,130,-0.17
23,131,-0.05
23,132,-0.02
23,133,-0.04
23,134,-0.34
23,135,-0.02
23,136,-0.07
23,137,-0.08
23,138,-0.28
23,139,-0.03
23,140,-0.02
23,141,-0.02
23,142,-0.01
23,143,-0.01
23,144,-0.03
23,145,-0.1
23,146,-0.03
23,147,-0.02
23,148,-0.08
23,149,-0.02
23,150,-0.48
23,151,-0.03
23,152,-0.04
23,153,-0.03
23,154,-0.28
23,155,-0.02
23,156,-0.12
23,157,-0.06
23,158,-0.19
23,159,-0.04
23,160,-0.02
23,161,-0.05
23,162,-0.18
23,163,-0.03
23,164,-0.04
23,165,-0.05
23,166,-0.15
23,167,-0.06
23,168,-0.03
23,169,-0.54
23,170,-0.02
23,171,-0.02
23,172,-0.05
23,173,-0.11
23,174,-0.11
23,175,-0.38
23,176,-0.03
23,177,-0.08
23,178,-0.04
23,179,-0.18
23,180,-0.03
23,181,-0.02
23,182,-0.04
23,183,-0.03
23,184,-0.02
23,185,-0.03
23,186,-0.12
23,187,-0.02
23,188,-0.02
23,189,-0.24
23,190,-0.01
23,191,-0.12
23,192,-0.08
23,193,-0.26
23,194,-0.03
23,195,-0.02
23,196,-0.02
23,197,-0.12
23,198,-0.01
23,199,-0.03
23,200,-0.03
23,201,-0.02
23,202,-0.01
23,203,-0.03
23,204,-0.09
23,205,-0.03
23,206,-0.02
23,207,1-4 5-19 20-29 30-69 70+
23,208,0.02
23,209,0.49
23,210,0.21
23,211,0.36
23,212,0.12
23,213,0.08
23,214,0.16
23,215,0.04
23,216,0.01
23,217,0.14
23,218,0.08
23,219,-0.16
23,220,-0.04
23,221,0.12
23,222,0.04
23,223,0.12
23,224,0.04
23,225,-0.06
23,226,-0.07
23,227,-0.02
23,228,-0.16
23,229,-0.3
23,230,-0.06
23,231,0.34
23,232,0.12
23,233,-0.01
23,234,0.03
23,235,0.27
23,236,0.05
23,237,0.07
23,238,0.17
23,239,0.04
23,240,0.02
23,241,0.1
23,242,0.02
23,243,0.1
23,244,0.03
23,245,-0.2
23,246,-0.02
23,247,0.13
23,248,0.05
23,249,0.13
23,250,0.05
23,251,0.01
23,252,0.64
23,253,0.31
23,254,0.26
23,255,0.29
23,256,0.1
23,257,0.37
23,258,0.19
23,259,0.1
23,260,0.17
23,261,0.03
23,262,0.01
23,263,-0.16
23,264,-0.06
23,265,-0.02
23,266,-0.03
23,267,0.02
23,268,0.02
23,269,0.03
23,270,0.89
23,271,0.35
23,272,0.3
23,273,0.06
23,274,0.23
23,275,0.08
23,276,0.23
23,277,0.08
23,278,0.07
23,279,0.16
23,280,0.05
23,281,0.01
23,282,0.15
23,283,-0.14
23,284,-0.02
23,285,-0.04
23,286,-0.04
23,287,-0.01
23,288,0.6
23,289,0.15
23,290,0.44
23,291,0.21
23,292,0.22
23,293,0.13
23,294,-0.18
23,295,-0.07
23,296,0.05
23,297,0.17
23,298,0.01
23,299,0.01
23,300,0.09
23,301,0.01
23,302,0.09
23,303,0.01
23,304,0.43
23,305,0.16
23,306,0.3
23,307,0.02
23,308,0.09
23,309,0.15
23,310,0.06
23,311,0.01
23,312,0.21
23,313,0.08
23,314,0.21
23,315,0.08
23,316,0.03
23,317,0.14
23,318,0.11
23,319,-0.09
23,320,-0.12
23,321,-0.03
23,322,-0.18
23,323,-0.03
23,324,0.36
23,325,0.33
23,326,0.01
23,327,0.35
23,328,0.2
23,329,0.21
23,330,0.17
23,331,0.09
23,332,0.25
23,333,0.08
23,334,0.18
23,335,0.03
23,336,0.01
23,337,-0.14
23,338,-0.03
23,339,0.03
23,340,-0.01
23,341,-0.01 1-400 5-19 20-29 30-69 70+
23,342,Age
23,343,Cause group
23,344,All causes
23,345,"Communicable, maternal, perinatal and nutritional conditions"
23,346,Injuries
23,347,Noncommunicable diseases
23,348,Other COVID-19 pandemic-related outcomes
23,349,1. COVID-19
23,350,2. Ischaemic heart disease
23,351,3. Road injury
23,352,4. Stroke
23,353,5. Breast cancer
23,354,7. Other COVID-19 pandemic-related outcomes
23,355,11. Maternal conditions
23,356,1. COVID-19
23,357,2. Interpersonal violence
23,358,3. Ischaemic heart disease
23,359,4. Road injury
23,360,5. Breast cancer
23,361,7. Maternal conditions
23,362,23.Other COVID-19 pandemic-related outcomes
23,363,1. COVID-19
23,364,2. Ischaemic heart disease
23,365,3. Other COVID-19 pandemic-related outcomes
23,366,4. Road injury
23,367,5. Cirrhosis of the liver
23,368,7. Breast cancer
23,369,8. Maternal conditions
23,370,1. Ischaemic heart disease
23,371,2. COVID-19
23,372,"3. Trachea, bronchus, lung cancers"
23,373,4. Breast cancer
23,374,5. Self-harm
23,375,11.Other COVID-19 pandemic-related outcomes
23,376,24. Maternal conditions
23,377,1. COVID-19
23,378,2. Ischaemic heart disease
23,379,3. Road injury
23,380,4. Other COVID-19 pandemic-related outcomes
23,381,5. Collective violence and legal intervention
23,382,6. Maternal conditions
23,383,7. Breast cancer
23,384,1. Stroke
23,385,2. Ischaemic heart disease
23,386,"3. Trachea, bronchus, lung cancers"
23,387,4. Chronic obstructive pulmonary disease
23,388,5. Road injury
23,389,7. Breast cancers
23,390,17. COVID-19
23,391,20. Maternal conditions
23,392,23. Other COVID-19 pandemic-related outcomes
23,393,1. Maternal conditions
23,394,2. COVID-19
23,395,3. Tuberculosis
23,396,4. Road injury
23,397,5. Lower respiratory infections
23,398,6. Breast cancer
23,399,10. Other COVID-19 pandemic-related outcomes
23,400,Diﬀerence in HALE (years)
23,401,-0.50
23,402,-0.25
23,403,0.00
23,404,0.25
23,405,0.50
23,406,"Change and inequality in healthy longevity, and the contributing causes"
23,407,13
24,1,1.3.2 WHO regions
24,2,"Similar patterns were observed across WHO regions,"
24,3,"yet given each region’s unique epidemiological profile,"
24,4,there are distinctive characteristics in the health
24,5,inequality between male and females in each region.
24,6,"In the African Region, sex-difference in mortality from"
24,7,communicable diseases was the primary source of the
24,8,HALE gap (1.35 years) between sexes in 2019. Lower
24,9,tuberculosis mortality among adults aged 30 years and
24,10,older brought a 0.48-year HALE advantage to females.
24,11,Lower mortality from lower respiratory infections among
24,12,children aged under 5 years and adults aged 30 years and
24,13,"older contributed a further 0.30 years. However, these"
24,14,gains were partially offset by mortality from maternal
24,15,"conditions in reproductive ages, which cost females"
24,16,"0.54 years in HALE (Fig. 1.5). In 2021, lower female"
24,17,mortality from COVID-19 and other COVID-19 pandemic-
24,18,related outcomes accounted for an additional 0.47 and
24,19,"0.18 years, respectively, in female HALE over male. This is"
24,20,predominantly contributed by females aged 30 years and
24,21,"older, accounting for 0.46 and 0.18 years, respectively, for"
24,22,the two causes (Fig. 1.6).
24,23,A unique contributor to the female HALE lead (2.49 years)
24,24,in 2019 in the Region of the Americas was mortality due
24,25,"to interpersonal violence, accounting for 0.71 years of"
24,26,the HALE gap and predominantly concentrated in those
24,27,"aged 5–69 years (Fig. 1.5). In 2021, lower female mortality"
24,28,from COVID-19 and other COVID-19 pandemic-related
24,29,"outcomes explained 0.96 and 0.03 years, respectively, of"
24,30,the lead in female HALE (2.96 years in total) (Fig. 1.6).
24,31,Stroke is the most significant cause of death that
24,32,contributed to the female HALE lead (3.43 years in total)
24,33,"in the Western Pacific region in 2019, accounting for"
24,34,"0.73 years (Fig. 1.5). In 2021, mortality from COVID-19"
24,35,and other COVID-19 pandemic-related outcomes had
24,36,very limited impact on the HALE gap between males
24,37,"and females, accounting for only 0.03 and 0.01 years,"
24,38,respectively (Fig. 1.6).
24,39,The Eastern Mediterranean Region had the narrowest
24,40,"male–female gap in HALE in 2019, at 0.35 years. Mortality"
24,41,from collective violence and legal intervention stands
24,42,out as a prominent driver for the HALE gap compared
24,43,"with other regions, contributing 0.45 years to the female"
24,44,"HALE lead, with fatality among those aged 5–29 years"
24,45,accounting for over 90% of it (0.41 years). The relatively
24,46,narrow overall HALE gap can be partially explained by
24,47,large contributions from some conditions for which
24,48,"females faced higher mortality or morbidity, particularly"
24,49,morbidity from gynaecological diseases (–0.71 years)
24,50,with women aged 20–69 years accounting for –0.66 years
24,51,"of this (Fig. 1.5). In 2021, the female lead in HALE"
24,52,"declined slightly to 0.33 years, despite the addition of"
24,53,major contributions associated with mortality from
24,54,COVID-19 (0.61 years) and other COVID-19 pandemic-
24,55,related outcomes (0.3 years). This was due to declining
24,56,contributions from mortality from causes including
24,57,collective violence and legal intervention (down from
24,58,0.45 years in 2019 to 0.28 years in 2021) and ischaemic
24,59,heart disease (down from 0.49 years in 2019 to 0.34 years
24,60,in 2021) (Fig. 1.6).
24,61,The South-East Asia Region had the second lowest
24,62,male–female gap in HALE in 2019 after the Eastern
24,63,"Mediterranean Region, at 0.90 years. Females benefitted"
24,64,"from lower mortality from ischaemic heart disease, which"
24,65,"accounted for 0.76 years of the female HALE advantage,"
24,66,primarily concentrated in those aged 30 years and older
24,67,(0.75 years) (Fig. 1.5). The overall HALE gap remained
24,68,"relatively constant in 2021, at 0.91 years. Lower female"
24,69,mortality from COVID-19 and other COVID-19 pandemic-
24,70,"related outcomes accounted for 1.28 and 0.33 years,"
24,71,"respectively, of the lead in female HALE. It is worth"
24,72,noting that the contribution associated with ischaemic
24,73,"heart disease halved, to 0.37 years, compared with 2019,"
24,74,indicating that as a competing risk the emerging deaths
24,75,attributed to the COVID-19 pandemic have narrowed the
24,76,male–female mortality gap associated with ischaemic
24,77,heart disease (Fig. 1.6).
24,78,Females in the European Region enjoyed a 2.98-year
24,79,HALE lead in 2019 compared with males. Lower female
24,80,mortality from ischaemic heart disease among adults
24,81,aged 30 years and older represents the greatest
24,82,"contributor, accounting for a total of 0.91 years. Lower"
24,83,"female mortality from trachea, bronchus and lung"
24,84,cancers in the same age group adds another 0.44 years
24,85,"to the female HALE lead (Fig. 1.5). In 2021, the male–"
24,86,"female HALE gap dropped to 2.76 years, with lower"
24,87,female mortality from COVID-19 and other COVID-19
24,88,pandemic-related outcomes accounting for 0.65 and
24,89,"0.11 years, respectively, and the contribution associated"
24,90,with mortality from ischaemic heart disease (down to
24,91,"0.75 years) and trachea, bronchus and lung cancers"
24,92,declining from the 2019 levels (down to 0.36 years).
24,93,Contributions from all four causes to the female HALE
24,94,lead were concentrated in those aged 30 years and older
24,95,(Fig. 1.6).
24,96,"World health statistics 2025: monitoring health for the SDGs, Sustainable Development Goals"
24,97,14
25,1,Low-incomeLower-middle-incomeUpper-middle-income
25,2,Morbidity Mortality
25,3,1. Falls
25,4,2. Depressive disorders
25,5,3. Back and neck pain
25,6,4. Drug use disorders
25,7,5. Collective violence and legal intervention
25,8,1. Lower respiratory infections
25,9,2. Stroke
25,10,3. Tuberculosis
25,11,4. Diarrhoeal diseases
25,12,5. Malaria
25,13,6. Preterm birth complications
25,14,8. Ischaemic heart disease
25,15,9. Birth asphyxia and birth trauma
25,16,"17. Trachea, bronchus, lung cancers"
25,17,20. Drug use disorders
25,18,1. Ischaemic heart disease
25,19,2. Stroke
25,20,3. Lower respiratory infections
25,21,4. Diarrhoeal diseases
25,22,5. Chronic obstructive pulmonary disease
25,23,6. Tuberculosis
25,24,7. Preterm birth complications
25,25,8. Birth asphyxia and birth trauma
25,26,"14. Trachea, bronchus, lung cancers"
25,27,17. Drug use disorders
25,28,1. Stroke
25,29,2. Ischaemic heart disease
25,30,3. Chronic obstructive pulmonary disease
25,31,4. Road injury
25,32,5. Stomach cancer
25,33,7. Drug use disorders
25,34,8. Tuberculosis
25,35,10. Preterm birth complications
25,36,15. Birth asphyxia and birth trauma
25,37,"16. Trachea, bronchus, lung cancers"
25,38,17. Diarrhoeal disease
25,39,1. Back and neck pain
25,40,2. Drug use disorders
25,41,3. Falls
25,42,4. Chronic obstructive pulmonary disease
25,43,5. Anxiety disorders
25,44,1. Back and neck pain
25,45,2. Falls
25,46,3. Drug use disorders
25,47,4. Stroke
25,48,5. Anxiety disorders
25,49,-0.02
25,50,-0.16
25,51,-0.13
25,52,0.15
25,53,-0.01
25,54,0.07
25,55,-0.04
25,56,-0.13
25,57,-0.03
25,58,-0.03
25,59,-0.08
25,60,-0.11
25,61,-0.11
25,62,-0.01
25,63,0.03
25,64,0.12
25,65,0.01
25,66,-0.05
25,67,-0.23
25,68,-0.03
25,69,-0.07
25,70,-0.08
25,71,-0.01
25,72,-0.01
25,73,-0.1
25,74,-0.04
25,75,0.06
25,76,0.09
25,77,-0.03
25,78,-0.06
25,79,-0.03
25,80,-0.01
25,81,-0.04
25,82,-0.22
25,83,-0.03
25,84,-0.07
25,85,-0.1
25,86,-0.1
25,87,-0.07
25,88,-0.1
25,89,-0.01
25,90,0.03
25,91,0.04
25,92,-0.02
25,93,-0.05
25,94,0
25,95,1-4
25,96,5-19
25,97,20-29
25,98,30-69
25,99,70+
25,100,0.4
25,101,0.26
25,102,0.02
25,103,0.27
25,104,0.09
25,105,0.26
25,106,0.01
25,107,0.56
25,108,0.01
25,109,0.55
25,110,0.05
25,111,0.03
25,112,0.05
25,113,0.49
25,114,0.03
25,115,0.21
25,116,0.24
25,117,0.16
25,118,0.03
25,119,0.2
25,120,0.07
25,121,0.16
25,122,0.32
25,123,0.25
25,124,0.02
25,125,0.12
25,126,0.05
25,127,0.02
25,128,0.64
25,129,0.28
25,130,0.23
25,131,0.43
25,132,-0.1
25,133,-0.07
25,134,-0.03
25,135,-0.08
25,136,0.02
25,137,0.58
25,138,0.35
25,139,0.39
25,140,0.35
25,141,0.31
25,142,0.13
25,143,0.04
25,144,0.14
25,145,0.19
25,146,0.11
25,147,0.01
25,148,0.13
25,149,0.11
25,150,0.04
25,151,0.24
25,152,0.23
25,153,0.46
25,154,0.04
25,155,0.04
25,156,0.04
25,157,0.32
25,158,0.03
25,159,0.14
25,160,0.5
25,161,0.38
25,162,-0.1
25,163,-0.09
25,164,-0.03
25,165,-0.09
25,166,0.37
25,167,0.62
25,168,0.08
25,169,0.32
25,170,0.05
25,171,0.31
25,172,0.03
25,173,0.1
25,174,0.03
25,175,0.01
25,176,0.08
25,177,0.06
25,178,-0.03
25,179,-0.1
25,180,0.01
25,181,0.07
25,182,0.03
25,183,0.07
25,184,0.11
25,185,0.04
25,186,0.03
25,187,0.03
25,188,0.01
25,189,0.01
25,190,0
25,191,1-4
25,192,5-19
25,193,20-29
25,194,30-69
25,195,70+
25,196,Age
25,197,Cause group
25,198,All causes
25,199,"Communicable, maternal, perinatal and nutritional conditions"
25,200,Injuries
25,201,Noncommunicable diseases
25,202,"Diﬀerence between High-income countries and other income groups: Both sexes, 2019"
25,203,Diﬀerence in HALE (years)
25,204,-0.50
25,205,-0.25
25,206,0.00
25,207,0.25
25,208,0.50
25,209,1.4 Gap in HALE between high-
25,210,income and other income
25,211,groups in 2019 and 2021
25,212,Populations living in lower-resourced settings face many
25,213,socioeconomic challenges and higher health risks than
25,214,"those living in higher-resourced settings (12), resulting"
25,215,in disproportionately higher morbidity and mortality
25,216,from many causes and poorer overall health outcome as
25,217,measured by life expectancy and HALE (1).
25,218,When looking at HALE in high-income countries
25,219,compared with other income groups (as classified by
25,220,"the World Bank), the main health issues that explain"
25,221,the differences – and how much they contribute – vary
25,222,depending on which groups are being compared.
25,223,"In 2019, people in high-income countries lived longer"
25,224,healthy lives partly because they had lower death rates
25,225,"from certain diseases and conditions, including birth"
25,226,"asphyxia and birth trauma, preterm birth complications,"
25,227,"lower respiratory infections, diarrhoeal diseases and"
25,228,tuberculosis. These factors explained 4.08 years of the
25,229,12.62-year HALE gap between high- and low-income
25,230,"countries, and 3.08 years of the 8.61-year gap between"
25,231,high- and lower-middle-income countries.
25,232,"However, these same health issues only explained a small"
25,233,part – about 0.38 years – of the 2.08-year HALE difference
25,234,between high- and upper-middle-income countries.
25,235,Other major health conditions that contributed to the
25,236,HALE gap were ischaemic heart disease and stroke.
25,237,Lower death rates from these conditions in high-income
25,238,"countries accounted for: 0.52, 0.95 and 0.4 years of the"
25,239,"HALE gap due to ischaemic heart disease, and 1.14,"
25,240,"0.76 and 1.01 years due to stroke, in comparisons with"
25,241,"low-, lower-middle- and upper-middle-income countries,"
25,242,respectively (Fig. 1.7).
25,243,Figure 1.7 Leading contributing causes for the difference in healthy life expectancy (HALE) in 2019 between high-
25,244,"income and other income groups, by cause and age group"
25,245,Source: WHO (1).
25,246,"Change and inequality in healthy longevity, and the contributing causes"
25,247,15
26,1,"However, high-income countries did not succeed in every"
26,2,"aspect. Higher mortality due to trachea, bronchus and"
26,3,"lung cancers, particularly among adults aged 30 years"
26,4,"and older, led to a negative contribution to the difference"
26,5,in HALE when comparing high-income countries against
26,6,low-income (–0.17 years) and lower-middle-income
26,7,"countries (–0.2 years). Additionally, populations in high-"
26,8,income countries on average faced higher mortality from
26,9,drug use disorders in comparison with all the other three
26,10,"income groups, costing high-income countries 0.12, 0.13"
26,11,"and 0.13 years of the HALE lead, respectively, compared"
26,12,"with low-income, lower-middle-income and upper-"
26,13,"middle-income countries, respectively (Fig. 1.7)."
26,14,High-income countries also sustained higher rates of
26,15,morbidity due to some injuries and NCDs. While overall
26,16,morbidity in high-income countries was still lower than
26,17,"that in low- and lower-middle-income countries in 2019,"
26,18,it was higher than upper-middle-income countries and
26,19,led to a nearly 1-year negative contribution to the HALE
26,20,gap between high- and upper-middle-income countries.
26,21,The major causes leading to high-income countries’
26,22,"disadvantage include falls (losing 0.32, 0.16 and"
26,23,"0.21 years compared with low-, lower-middle- and upper-"
26,24,"middle-income countries, respectively), back and neck"
26,25,"pain (–0.21, –0.38 and –0.36 years, respectively) and drug"
26,26,"use disorders (–0.20, –0.20 and –0.19 years, respectively)"
26,27,(Fig. 1.7).
26,28,"These patterns in general continued in 2021. However, the"
26,29,different impacts of the COVID-19 pandemic in individual
26,30,income groups has influenced the gaps in HALE to various
26,31,degrees compared with high-income countries. Lower
26,32,mortality due to COVID-19 and other COVID-19 pandemic-
26,33,related outcomes in high-income countries accounted for
26,34,"the HALE lead of 0.25 years and 0.32 years, respectively,"
26,35,compared with low-income countries; 1.39 and
26,36,"0.47 years, respectively, compared with lower-middle-"
26,37,"income countries; and 0.21 and 0.14 years, respectively,"
26,38,compared with upper-middle-income countries (Fig. 1.8).
26,39,Figure 1.8 Leading contributing causes for the difference in healthy life expectancy (HALE) in 2021 between high-
26,40,"income and other income groups, by cause and age group"
26,41,Source: WHO (1).
26,42,Low-incomeLower-middle-incomeUpper-middle-income
26,43,-0.02
26,44,-0.16
26,45,-0.12
26,46,-0.08
26,47,-0.12
26,48,-0.01
26,49,-0.03
26,50,-0.12
26,51,-0.03
26,52,-0.02
26,53,0.03
26,54,0.12
26,55,0.01
26,56,0.13
26,57,-0.02
26,58,0.07
26,59,-0.05
26,60,-0.22
26,61,-0.03
26,62,-0.06
26,63,-0.08
26,64,-0.12
26,65,-0.01
26,66,-0.04
26,67,-0.07
26,68,-0.04
26,69,-0.01
26,70,-0.1
26,71,-0.03
26,72,0.06
26,73,0.07
26,74,-0.04
26,75,-0.22
26,76,-0.03
26,77,-0.06
26,78,-0.07
26,79,-0.11
26,80,-0.09
26,81,-0.09
26,82,-0.05
26,83,-0.05
26,84,-0.05
26,85,0.02
26,86,-0.02
26,87,-0.06
26,88,-0.02
26,89,0.36
26,90,0.23
26,91,0.02
26,92,0.25
26,93,0.08
26,94,0.2
26,95,0.01
26,96,0.54
26,97,0.45
26,98,0.32
26,99,0.24
26,100,0.03
26,101,0.06
26,102,0.02
26,103,0.2
26,104,0.14
26,105,0.02
26,106,0.19
26,107,0.11
26,108,0.07
26,109,0.13
26,110,0.05
26,111,0.03
26,112,0.05
26,113,0.43
26,114,0.03
26,115,0.16
26,116,0.61
26,117,0.28
26,118,0.18
26,119,0.4
26,120,0.18
26,121,0.12
26,122,0.18
26,123,0.12
26,124,0.01
26,125,0.16
26,126,0.08
26,127,-0.04
26,128,-0.12
26,129,-0.09
26,130,-0.06
26,131,0.03
26,132,0.77
26,133,0.02
26,134,0.57
26,135,0.01
26,136,0.49
26,137,0.25
26,138,0.28
26,139,0.13
26,140,0.1
26,141,0.04
26,142,0.1
26,143,0.35
26,144,0.25
26,145,0.17
26,146,0.1
26,147,0.01
26,148,0.03
26,149,0.15
26,150,0.11
26,151,0.04
26,152,0.03
26,153,0.03
26,154,0.29
26,155,0.02
26,156,0.1
26,157,0.01
26,158,0.27
26,159,0.18
26,160,0.01
26,161,0.27
26,162,0.18
26,163,0.47
26,164,0.35
26,165,-0.05
26,166,-0.13
26,167,-0.08
26,168,-0.07
26,169,0.33
26,170,0.5
26,171,0.06
26,172,0.26
26,173,0.04
26,174,0.25
26,175,0.01
26,176,0.14
26,177,0.01
26,178,0.03
26,179,-0.05
26,180,-0.14
26,181,0.01
26,182,0.02
26,183,0.07
26,184,0.03
26,185,0.08
26,186,0.05
26,187,0.08
26,188,0.05
26,189,0.12
26,190,0.05
26,191,0.03
26,192,0.07
26,193,0.03
26,194,0
26,195,1-4
26,196,5-19
26,197,20-29
26,198,30-69
26,199,70+
26,200,0
26,201,1-4
26,202,5-19
26,203,20-29
26,204,30-69
26,205,70+
26,206,Age
26,207,"Diﬀerence between High-income countries and other income groups: Both sexes, 2021"
26,208,Cause group
26,209,All causes
26,210,"Communicable, maternal, perinatal and nutritional conditions"
26,211,Injuries
26,212,Noncommunicable diseases
26,213,Other COVID-19 pandemic-related outcomes
26,214,1. Lower respiratory infections
26,215,2. Stroke
26,216,3. Malaria
26,217,4. Diarrhoeal diseases
26,218,5. Tuberculosis
26,219,6. Preterm birth complications
26,220,8. Ischaemic heart disease
26,221,9. Birth asphyxia and birth trauma
26,222,11. Other COVID-19 pandemic-related outcomes
26,223,17. COVID-19
26,224,19. Drug use disorders
26,225,"21. Trachea, bronchus, lung cancers"
26,226,1. COVID-19
26,227,2. Ischaemic heart disease
26,228,3. Lower respiratory infections
26,229,4. Stroke
26,230,5. Diarrhoeal diseases
26,231,6. Tuberculosis
26,232,8. Other COVID-19 pandemic-related outcomes
26,233,9. Preterm birth complications
26,234,10. Birth asphyxia and birth trauma
26,235,13. Drug use disorders
26,236,"16. Trachea, bronchus, lung cancers"
26,237,1. Stroke
26,238,2. Ischaemic heart disease
26,239,3. Chronic obstructive pulmonary disease
26,240,4. COVID-19
26,241,5. Drug use disorders
26,242,7. Tuberculosis
26,243,8. Other COVID-19 pandemic-related outcomes
26,244,11. Preterm birth complications
26,245,"15. Trachea, bronchus, lung cancers"
26,246,16. Birth asphyxia and birth trauma
26,247,19.Diarrhoeal diseases
26,248,1. Falls
26,249,2. Drug use disorders
26,250,3. Back and neck pain
26,251,4. Collective violence and legal intervention
26,252,5. Depressive disorders
26,253,1. Back and neck pain
26,254,2. Drug use disorders
26,255,3. Falls
26,256,4. Depressive disorders
26,257,5. Anxiety disorders
26,258,1. Back and neck pain
26,259,2. Drug use disorders
26,260,3. Anxiety disorders
26,261,4. Falls
26,262,5. Chronic obstructive pulmonary disease
26,263,Diﬀerence in HALE (years)
26,264,-0.50
26,265,-0.25
26,266,0.00
26,267,0.25
26,268,0.50
26,269,"World health statistics 2025: monitoring health for the SDGs, Sustainable Development Goals"
26,270,16
27,1,1.5 Progress in premature
27,2,mortality reduction
27,3,Deaths occurring before the age of 70 years are
27,4,considered premature and the majority of these deaths
27,5,are preventable. Taking into account of the changing
27,6,population structure over time and its difference across
27,7,"regions, the age-standardized death rate (ASR) for ages"
27,8,under 70 years was in steady decline from 2000 until the
27,9,"start of the COVID-19 pandemic in 2019, both globally and"
27,10,at regional level. It is evident that before the COVID-19
27,11,"pandemic, NCDs were making up an increasing share"
27,12,of the ASRs of all deaths under age of 70 years across
27,13,"all WHO regions, while the share of communicable"
27,14,"diseases was in decline (Fig. 1.9). In 2019, the African"
27,15,Region had the highest ASR of all deaths under age of
27,16,70 years (665 per 100 000 population) among all WHO
27,17,"regions, over 80% higher than the global average (366"
27,18,per 100 000 population) and nearly triple that of the
27,19,"Western Pacific Region (233 per 100 000), the region with"
27,20,the lowest ASRs. The African Region also had the largest
27,21,share of communicable diseases in the overall ASR under
27,22,"age of 70 years in 2019, at 47.4%, some 5.5 times of that in"
27,23,"the European Region (8.6%), which had the lowest share"
27,24,(Fig. 1.9).
27,25,"Figure 1.9 Composition of causes of death in the age-standardized death rates for ages under 70 years, by WHO"
27,26,"region, 2000–2021"
27,27,2000
27,28,2005
27,29,2010
27,30,2015
27,31,2020
27,32,2000
27,33,2005
27,34,2010
27,35,2015
27,36,2020
27,37,2000
27,38,2005
27,39,2010
27,40,2015
27,41,2020
27,42,2000
27,43,2005
27,44,2010
27,45,2015
27,46,2020
27,47,25
27,48,50
27,49,75
27,50,100
27,51,25
27,52,50
27,53,75
27,54,100
27,55,0
27,56,25
27,57,50
27,58,75
27,59,100
27,60,0
27,61,Global
27,62,European Region
27,63,Eastern Mediterranean Region
27,64,Western Pacific Region
27,65,African Region
27,66,Region of the Americas
27,67,South-East Asia Region
27,68,0
27,69,Percentage (%)
27,70,Percentage (%)
27,71,Injuries
27,72,"Communicable, maternal, perinatal and nutritional conditions"
27,73,Noncommunicable diseases
27,74,Other COVID-19 pandemic-related outcomes
27,75,Source: WHO (1).
27,76,"Change and inequality in healthy longevity, and the contributing causes"
27,77,17
28,1,The probability of dying before the age of 70 years is
28,2,another important indicator for overall population health
28,3,with a focus on mortality. Premature mortality had been
28,4,"in decline globally and in all WHO regions, from 2000 to"
28,5,"the onset of the COVID-19 pandemic. Globally, a newborn"
28,6,had about 40.4% chance of dying before reaching the
28,7,"age of 70 years in 2000, declining to 29.9% in 2019. Health"
28,8,disparities associated with geography and income are
28,9,"also significant. Africa, the WHO region with the highest"
28,10,"premature mortality in 2019, had a probability (46.3%)"
28,11,of dying before the age of 70 years that was double
28,12,that of the European Region (23.2%) and the Western
28,13,"Pacific region (21.5%), which had the lowest probability."
28,14,"Similarly, the probability in low-income countries"
28,15,(46.8%) was also more than double that of high-income
28,16,countries (19.8%).
28,17,The COVID-19 pandemic has had a marked impact on
28,18,"global health, with global premature mortality increasing"
28,19,by 15.0% between 2019 (29.9%) and 2021 (34.3%). The
28,20,pandemic impacts were unequal across WHO regions
28,21,and World Bank income groups. The mortality toll due
28,22,to COVID-19 was heaviest in relative terms in the Region
28,23,"of the Americas and the South-East Asia Region, where"
28,24,"premature mortality increased by 28.9% and 23.7%,"
28,25,"respectively. In contrast, the pandemic had a limited"
28,26,impact in the African Region and the Western Pacific
28,27,"Region, where premature mortality increased by just 5.7%"
28,28,"and 2.0%, respectively, between 2019 and 2021. By World"
28,29,"Bank income groups, the premature mortality in low-"
28,30,"income countries increased modestly, by just 5%, during"
28,31,"the first two years of the pandemic, while all other income"
28,32,groups experienced a 14.3–17.8% increase.
28,33,"Despite the overall progress pre-pandemic, stagnation"
28,34,was seen after 2015. The global annual rate of reduction
28,35,(ARR) in premature mortality was just 1.1% between 2015
28,36,"and 2019, down from 1.7% during 2000–2015. Among"
28,37,"WHO regions, the Region of the Americas and the South-"
28,38,"East Asia Region experienced the greatest slowdown,"
28,39,with ARR halving between 2015 and 2019 compared with
28,40,2000–2015. The Eastern Mediterranean Region was the
28,41,only region where some acceleration was seen in 2015–
28,42,"2019, while the progress in the African Region slowed"
28,43,only slightly and the region continued to have the most
28,44,"rapid rate of decline in premature mortality, followed by"
28,45,"the European Region. Similarly, progress slowed in 2015–"
28,46,"2019 across all World Bank income groups, with low-"
28,47,income countries seeing the smallest relative reduction
28,48,in ARR and remaining the group with the fastest declining
28,49,premature mortality.
28,50,1.5.1 The prospect of
28,51,premature mortality
28,52,by 2050
28,53,Using the WHO mortality estimates in 2019 as the
28,54,baseline and incorporating the projected age–sex-
28,55,specific mortality trends by country from the United
28,56,"Nations World population prospects 2024 (13), it is"
28,57,anticipated that the reduction in premature mortality
28,58,during the three decades between 2019 and 2050 would
28,59,be moderate compared with the observed progress in
28,60,"2000–2019. Globally, the probability of dying before"
28,61,the age of 70 years is projected to decline by 24.2%
28,62,"between 2019 and 2050, with reductions ranging from"
28,63,20.2% in the African Region and 24.5% in the Eastern
28,64,Mediterranean Region to 33.9% in the Western Pacific
28,65,region and 35.4% in the South-East Asia Region. This
28,66,"represents a global slowdown, given it had taken one"
28,67,fewer decade to achieve a slightly larger reduction
28,68,"(26.1%) in 2000–2019, equivalent to an estimated ARR of"
28,69,"1.6%, compared with only a projected 0.9% in 2019–2050."
28,70,"Overall, only about one third of countries are projected to"
28,71,have accelerated progress in 2019–2050 compared with
28,72,2000–2019. This would largely occur in the Region of the
28,73,"Americas and the Western Pacific Region, where at least"
28,74,"half of the countries (76% and 52%, respectively) would"
28,75,see an acceleration (Fig. 1.10). Upper-middle-income
28,76,countries are the only World Bank income group where
28,77,more than half (52%) of the countries are projected to
28,78,"see accelerated progress in 2019–2050, while only four"
28,79,(or 15%) of the low-income countries will achieve this
28,80,(Fig. 1.10).
28,81,The Region of the Americas is the only WHO region that
28,82,"is expected to see some accelerated progress, with a"
28,83,"projected ARR at 1.2% in 2019–2050, up from 0.9% in"
28,84,2000–2019. While the ARR in the South-East Asia Region
28,85,"is expected to be largely stable, the other four regions"
28,86,"are all expected to see considerable deceleration, with"
28,87,ARR dropping by up to 60% in the African Region. Slowed
28,88,progress is projected for all World Bank income groups.
28,89,Although a one-third reduction in premature mortality
28,90,is expected in both upper-middle-income and high-
28,91,"income countries in 2019–2050, the ARRs are considerably"
28,92,lower than that in 2000–2019 (down by 31.4% and
28,93,"19.5%, respectively). The ARR in low-income countries is"
28,94,"expected to be more than halved the level in 2000–2019,"
28,95,leading to only about a one-fifth reduction in premature
28,96,mortality in 2019–2050.
28,97,"World health statistics 2025: monitoring health for the SDGs, Sustainable Development Goals"
28,98,18
29,1,"Figure 1.10 Annual rate of reduction in probability of death under 70 years of age, observed (2000–2019) versus"
29,2,projected (2019–2050)
29,3,-0.5
29,4,0.0
29,5,0.5
29,6,1.0
29,7,1.5
29,8,2.0
29,9,2.5
29,10,3.0
29,11,3.5
29,12,4.0
29,13,4.5
29,14,Projected annualized rate of reduction 2019–2050 (%)
29,15,-0.5
29,16,0.0
29,17,0.5
29,18,1.0
29,19,1.5
29,20,2.0
29,21,2.5
29,22,3.0
29,23,3.5
29,24,4.0
29,25,4.5
29,26,Observed annualized rate of reduction 2000–2019 (%)
29,27,By World Bank income group
29,28,-0.5
29,29,0.0
29,30,0.5
29,31,1.0
29,32,1.5
29,33,2.0
29,34,2.5
29,35,3.0
29,36,3.5
29,37,4.0
29,38,4.5
29,39,Projected annualized rate of reduction 2019–2050 (%)
29,40,-0.5
29,41,0.0
29,42,0.5
29,43,1.0
29,44,1.5
29,45,2.0
29,46,2.5
29,47,3.0
29,48,3.5
29,49,4.0
29,50,4.5
29,51,Observed annualized rate of reduction 2000–2019 (%)
29,52,By WHO region
29,53,African Region
29,54,Region of the Americas
29,55,South-East Asia Region
29,56,European Region
29,57,Western Pacific Region
29,58,Eastern Mediterranean Region
29,59,Low-income Lower-middle-income
29,60,Upper-middle-income High-income
29,61,Should the global community wish to halve premature
29,62,"mortality by 2050 (14), considerable acceleration"
29,63,would be needed in reducing mortality rates in those
29,64,aged 0–69 years in the next three decades. The global
29,65,decline would have to be 1.4 times the observed rate
29,66,in 2000–2019 to cut the premature mortality in 2019
29,67,by half by mid-century. The required regional rate of
29,68,acceleration relative to the ARR in 2000–2019 would range
29,69,from 1.1 times in the European Region and the Western
29,70,"Pacific region to 2.4 times in the Region of the Americas,"
29,71,and from 1.2 times in upper-middle-income countries
29,72,to 1.6 times in lower-middle-income countries. Allowing
29,73,the mortality trends to continue as projected without
29,74,interventions would shift a heavier burden of acceleration
29,75,for meeting the target to future years. At the projected
29,76,"ARR for 2019–2050, a minimum of 2.5 times acceleration"
29,77,"is required to halve premature mortality by 2050 globally,"
29,78,and a minimum of about a threefold acceleration in the
29,79,African Region and low-income countries.
29,80,Source: WHO (1).
29,81,"Change and inequality in healthy longevity, and the contributing causes"
29,82,19
30,1,References1
30,2,"1 Unless otherwise stated, all references accessed on 5 May 2025."
30,3,1. Global health estimates 2021 [website]. Geneva: World Health
30,4,Organization; 2024 (https://www.who.int/data/global-health-
30,5,"estimates, accessed on 08 January 2025)."
30,6,2. Delivery care: UNICEF/WHO joint database on births attended
30,7,by skilled health personnel. New York: United Nations
30,8,Children’s Fund and World Health Organization; 2024 (https://
30,9,"data.unicef.org/topic/maternal-health/delivery-care/,"
30,10,accessed on 15 February 2025).
30,11,3. Global report on hypertension: the race against a silent killer.
30,12,Geneva: World Health Organization; 2023 (https://iris.who.int/
30,13,handle/10665/372896). Licence: CC BY-NC-SA 3.0 IGO.
30,14,4. 2024 global AIDS report — the urgency of now: AIDS at a
30,15,crossroads. UNAIDS global AIDS update 2024. Geneva: Joint
30,16,United Nations Programme on HIV/AIDS; 2024.
30,17,5. United Nations Inter-agency Group for Child Mortality
30,18,Estimation (UN IGME). Levels & trends in child mortality:
30,19,report 2024 – estimates developed by the United Nations
30,20,Inter-agency Group for Child Mortality Estimation. New York:
30,21,United Nations Children’s Fund; 2025.
30,22,"6. Andreev EM, Shkolnikov VM, Begun AZ. Algorithm"
30,23,for decomposition of differences between aggregate
30,24,demographic measures and its application to life
30,25,"expectancies, healthy life expectancies, parity-progression"
30,26,ratios and total fertility rates. Demogr Res. 2002;7:499–522
30,27,(https://doi.org/10.4054/demres.2002.7.14).
30,28,"7. Beltrán-Sánchez H, Preston SH, Canudas-Romo V. An"
30,29,integrated approach to cause-of-death analysis: cause-
30,30,deleted life tables and decompositions of life expectancy.
30,31,Demogr Res. 2008;19:1323–1350 (https://doi.org/10.4054/
30,32,DemRes.2008.19.35).
30,33,"8. Case A, Paxson C. Sex differences in morbidity and mortality."
30,34,Demography. 2005;42(2):189–214 (https://doi.org/10.1353/
30,35,dem.2005.0011).
30,36,9. Waldron I. Sex differences in human mortality: the role of
30,37,genetic factors. Soc Sci Med. 1983;17(6):321–333 (https://doi.
30,38,org/10.1016/0277-9536(83)90234-4).
30,39,"10. Crimmins EM, Shim H, Zhang YS, Kim JK. Differences between"
30,40,men and women in mortality and the health dimensions
30,41,of the morbidity process. Clin Chem. 2019;65(1):135–145
30,42,(https://doi.org/10.1373/clinchem.2018.288332).
30,43,"11. Rogers RG, Everett BG, Saint Onge JM, Krueger PM. Social,"
30,44,"behavioral, and biological factors, and sex differences in"
30,45,mortality. Demography. 2010;47(3):555–578 (https://doi.
30,46,org/10.1353/dem.0.0119).
30,47,12. Marmot M. Social determinants of health inequalities. Lancet.
30,48,2005;365(9464):1099–1104 (https://doi.org/10.1016/S0140-
30,49,6736(05)71146-6).
30,50,13. United Nations Department of Economic and Social Affairs
30,51,Population Division. World population prospects 2024. New
30,52,York: United Nations; 2024 (https://population.un.org/wpp/).
30,53,"14. Jamison DT , Summers LH, Chang AY, Karlsson O., Mao"
30,54,"W, Norheim OF et al. Global health 2050: the path to"
30,55,halving premature death by mid-century. Lancet.
30,56,2024;404(10462):1561–1614 (https://doi.org/10.1016/S0140-
30,57,6736(24)01439-9).
30,58,"World health statistics 2025: monitoring health for the SDGs, Sustainable Development Goals"
30,59,20
31,1,2
31,2,Health-related
31,3,Sustainable
31,4,Development Goals
31,5,This chapter presents the latest available evidence of trends in
31,6,"health-related SDG indicators, assessing progress towards achieving"
31,7,the global targets. The topics covered in this chapter include child
31,8,"mortality, cause-specific mortality, infectious diseases, risk factors for"
31,9,"health, and UHC and health systems."
32,1,2.1 Mortality-related Sustainable
32,2,Development Goal indicators
32,3,2.1.1 Maternal and child
32,4,mortality
32,5,Maternal mortality
32,6,"Globally, an estimated 260 000 (uncertainty interval [UI]:"
32,7,230 000–309 000) women died in 2023 due to maternal
32,8,"conditions, equivalent to an overall maternal mortality"
32,9,ratio (MMR; SDG indicator 3.1.1) of 197 (UI: 174–234)
32,10,maternal deaths per 100 000 live births. This represents
32,11,"a decline in the global MMR by 40% since 2000, when"
32,12,the rate was 328 (UI: 308–352) per 100 000 live births.
32,13,"Between 2000 and 2023, the average ARR in global MMR"
32,14,was 2.2% (UI: 1.4–2.8%). This led to a significant fall in
32,15,"the number of maternal deaths globally, from 444 000 in"
32,16,2000 to 260 000 in 2023. A closer examination of the first
32,17,"eight years of the SDG era, between the beginning of 2016"
32,18,"and the end of 2023, reveals that the global MMR declined"
32,19,"by 10%, from an estimated 220 (UI: 203–242) maternal"
32,20,"deaths per 100 000 live births, at a global average ARR of"
32,21,1.6% (UI: 0.04–2.7%) (1). If this ARR were to continue until
32,22,"2030, the global MMR would be 177 in 2030 – two and a"
32,23,"half times the SDG target (below 70) (1,2). Achieving the"
32,24,SDG target will require an average ARR of 14.8% over the
32,25,remaining seven years (2024–2030). This represents an
32,26,unprecedented challenge and would be equivalent to
32,27,"almost 700 000 deaths averted between 2024 and 2030,"
32,28,compared with a scenario where the 2016–2023 global
32,29,ARR continues.
32,30,MMR declined in all WHO regions between 2000 and 2023.
32,31,The greatest decline was achieved in the South-East
32,32,"Asia Region, where MMR declined by 73.6%, from 365"
32,33,(UI: 336–407) in 2000 to 96 (UI: 86–112) maternal deaths
32,34,per 100 000 live births in 2023 (Fig. 2.1). This equates to an
32,35,average ARR of 5.8% (UI: 5.1–6.5%). MMR also declined by
32,36,"56.0% in the Eastern Mediterranean Region, 55.2% in the"
32,37,"European Region, 51.2% in the Western Pacific Region,"
32,38,and 39.6% in the African Region between 2000 and 2023.
32,39,The smallest percentage reduction in MMR was in the
32,40,"Region of the Americas at 16.9%, equivalent to an ARR of"
32,41,0.8% (UI: 0.2–1.3%).
32,42,"Figure 2.1 Estimates of maternal mortality ratio (per 100 000 live births) 2000–2023, by WHO region"
32,43,Source: WHO et al. (1).
32,44,WHO Region
32,45,African Region
32,46,Region of the Americas
32,47,South-East Asia Region
32,48,European Region
32,49,Western Pacific Region
32,50,Eastern Mediterranean Region
32,51,MMR (deaths per 100 000 live births)
32,52,400
32,53,0
32,54,800
32,55,200
32,56,600
32,57,2015
32,58,2020
32,59,2010
32,60,2005
32,61,2000
32,62,22
33,1,"In 2023, the African Region had a high MMR of 442"
33,2,(UI: 376–560) per 100 000 live births and alone accounted
33,3,for approximately 70% of global maternal deaths in 2023.
33,4,The Eastern Mediterranean and South-East Asia Regions
33,5,"each accounted for about 12% of global maternal deaths,"
33,6,"with MMRs of 167 (UI: 135–218) and 96 (UI: 86–112),"
33,7,respectively. The MMR was also low in the Region of
33,8,"the Americas, at 59 (UI: 52–66), and the Western Pacific"
33,9,"Region, at 35 (UI: 30–42). The European Region had a very"
33,10,"low MMR in 2023, at 11 (UI: 10–13) (Fig. 2.1) (1)."
33,11,Under-five mortality
33,12,"Child survival has improved remarkably since 2000,"
33,13,with the global under-five mortality rate (U5MR; SDG
33,14,indicator 3.2.1) declining by more than half (52%) in the
33,15,"last two decades, from 77 (UI: 76–78) deaths per 1000"
33,16,live births in 2000 to 37 (UI: 35–41) deaths per 1000 live
33,17,"births in 2023 (Fig. 2.2). Accordingly, the number of global"
33,18,under-five deaths fell to 4.8 million (UI: 4.5–5.3 million)
33,19,"in 2023, a number that is still unacceptably high, despite"
33,20,accounting for less than half of the under-five deaths
33,21,in 2000 (10.1 million [UI: 9.9–10.2 million]) and almost
33,22,two thirds less than the estimated 13 million (UI: 12.8–
33,23,13.2 million) in 1990 (3).
33,24,"Although the progress is noteworthy at global level, stark"
33,25,inequalities persist across regions and income levels.
33,26,The WHO African Region remains the region with the
33,27,"highest U5MR, estimated at 67 (UI: 60–80) deaths per"
33,28,1000 live births in 2023 (Fig. 2.2). The African Region alone
33,29,accounted for 55% (2.6 million [UI: 2.4–3.1 million]) of the
33,30,"global deaths of children under age 5 in 2023. In 2023,"
33,31,the U5MR in low-income countries (LICs) (62 [UI: 56–75]
33,32,deaths per 1000 live births) and lower-middle-income
33,33,countries (LMICs) (43 [UI: 39–50] deaths per 1000 live
33,34,"births) was, respectively, 13 and 9 times the rate in high-"
33,35,income countries (HICs) (5 [UI: 5–5] deaths per 1000 live
33,36,births) (3).
33,37,"Globally, infectious diseases, including acute respiratory"
33,38,"infections, malaria and diarrhoea, along with pre-term"
33,39,"birth complications, birth asphyxia and trauma, and"
33,40,congenital anomalies remain the leading causes of death
33,41,for children aged under 5. Access to basic lifesaving
33,42,"interventions such as skilled delivery at birth, quality"
33,43,"postnatal care, early and continued breastfeeding and"
33,44,"adequate nutrition, immunization and treatment for"
33,45,common childhood diseases can save many young
33,46,lives (3).
33,47,1990
33,48,2000
33,49,2023
33,50,Eastern
33,51,Mediterranean
33,52,Region
33,53,44
33,54,39
33,55,24
33,56,106
33,57,82
33,58,42
33,59,0
33,60,50
33,61,100
33,62,150
33,63,0
33,64,50
33,65,100
33,66,150
33,67,Neonatal mortalityUnder-5 mortality
33,68,1990
33,69,2000
33,70,2023
33,71,Under-five and neonatal mortality rate (per 1000 live births)
33,72,1990
33,73,2000
33,74,2023
33,75,African Region
33,76,45
33,77,39
33,78,26
33,79,177
33,80,149
33,81,67
33,82,1990
33,83,2000
33,84,2023 Region of the
33,85,Americas
33,86,18
33,87,13
33,88,7
33,89,43
33,90,26
33,91,13
33,92,1990
33,93,2000
33,94,2023
33,95,Global
33,96,37
33,97,31
33,98,17
33,99,94
33,100,77
33,101,37
33,102,1990
33,103,2000
33,104,2023European Region
33,105,14
33,106,10
33,107,31
33,108,21
33,109,8
33,110,4
33,111,1990
33,112,2000
33,113,2023South-East
33,114,Asia Region
33,115,53
33,116,41
33,117,16
33,118,119
33,119,84
33,120,27
33,121,1990
33,122,2000
33,123,2023
33,124,Western Pacific
33,125,Region
33,126,27
33,127,19
33,128,6
33,129,52
33,130,35
33,131,11
33,132,"Figure 2.2 Child mortality rate (per 1000 live births), by WHO region, 1990, 2000 and 2023"
33,133,Source: UN IGME (3).
33,134,Health-related Sustainable Development Goals
33,135,23
34,1,Neonatal mortality
34,2,The number of deaths occurring in the first
34,3,28 days of life (the newborn period) declined from
34,4,4.2 million (UI: 4.0– 4.3 million) in 2000 to 2.3 million
34,5,"(UI: 2.1– 2.6 million) in 2023. However, the 45% decline in"
34,6,the neonatal mortality rate (NMR; SDG indicator 3.2.2) from
34,7,2000 (31 [UI: 30–32] deaths per 1000 live births) to 2023 (17
34,8,"[UI: 16–19] deaths per 1000 live births), has been slower"
34,9,compared with the 58% decline in the mortality rate of
34,10,children aged 1–59 months (from 47 [UI: 47–48] deaths per
34,11,1000 children aged 28 days in 2000 to 20 [UI: 18–23] deaths
34,12,per 1000 children aged 28 days in 2023) (Fig. 2.2). This has
34,13,led to a larger share of global newborn deaths among total
34,14,"under-five deaths, up from 41% in 2000 to 48% in 2023 (3)."
34,15,The chances of survival through the first 28 days of life vary
34,16,depending on where a child is born. The African Region had
34,17,"the highest regional NMR in 2023, at 26 (UI: 23–31) deaths"
34,18,"per 1000 live births, followed by the Eastern Mediterranean"
34,19,Region with 24 (UI: 21–29) deaths per 1000 live births. The
34,20,South-East Asia Region had the highest regional NMR in
34,21,"1990 at 53 (UI: 51–55) deaths per 1000 live births (Fig. 2.2),"
34,22,but has experienced a sharp decline with a ARR of 3.6%
34,23,(UI: 3.2–4.0%) double that of the African Region (1.7%
34,24,[UI: 1.1–2.0%]) in 1990–2023. Country-level NMR in 2023
34,25,ranged from 0.6 to 40.2 deaths per 1000 live births and the
34,26,risk of dying before the 28th day of life for a child born in
34,27,the highest-mortality country was approximately 65 times
34,28,higher than the lowest-mortality country (3).
34,29,Meeting the SDG targets for child survival
34,30,"If current trends continue, 60 countries will not meet the"
34,31,"SDG target for under-five mortality. Of these, 47 countries"
34,32,will need to more than double their current rate of progress
34,33,or reverse an increasing trend and then accelerate progress
34,34,to achieve the SDG target by 2030. Even more countries are
34,35,at risk of missing the SDG target for neonatal mortality. A
34,36,total of 65 countries will need to accelerate the mortality
34,37,"decline to meet the target on time, with 59 of those"
34,38,countries needing to more than double their current rate of
34,39,decline or reverse an increasing trend to meet the target by
34,40,2030. Reaching this target in all countries will avert 8 million
34,41,"under-5 deaths between 2024 and 2030, some 42% of which"
34,42,would be among neonates (3).
34,43,2.1.2 Mortality due to
34,44,noncommunicable
34,45,diseases
34,46,"Globally, in 2021, some 18 million people under the age"
34,47,"of 70 years died from an NCD, accounting for over half of"
34,48,deaths in that age group. The risk of premature death
34,49,"from NCD, which is measured by SDG indicator 3.4.1,"
34,50,is the unconditional probability of dying from any of the
34,51,"four main NCDs (cardiovascular disease, cancer, diabetes"
34,52,or chronic respiratory disease) between the ages of 30 and
34,53,"70 years (2). It is estimated that, in 2000, a 30-year-old had"
34,54,a 22.5% chance of dying from one of the four main NCDs
34,55,before the age of 70 years. This risk fell to 18.4% in 2015
34,56,"and further to 18.0% in 2019, just prior to the onset of the"
34,57,COVID-19 pandemic (4). The reliability of the estimated risk
34,58,during 2020–2021 was potentially affected by disruptions
34,59,associated with the COVID-19 pandemic as countries’ ability
34,60,to monitor trends in NCD mortality was compromised
34,61,and may have resulted in misclassification of NCD deaths.
34,62,"Where reliable data are available, the risk of premature"
34,63,death from an NCD plateaued during this period.
34,64,The observed pre-pandemic trend translates to an ARR of
34,65,1.3% between 2000 and 2015 and 0.5% between 2015 and
34,66,"2019, indicating a remarkable deceleration in progress."
34,67,With the required ARR to meet the one-third reduction
34,68,"in premature NCD mortality standing at 2.7%, the pre-"
34,69,pandemic progress since 2015 was equivalent to just one
34,70,fifth of what is needed to meet the target and calls for
34,71,coordinated action to prevent and treat NCDs.
34,72,The level and pace of progress vary by WHO region.
34,73,The Eastern Mediterranean Region faced the highest
34,74,"risk of premature NCD mortality in 2000 (26.9%), which"
34,75,"progressively declined to 22.7% in 2019, at a level that"
34,76,was only lower than the South-East Asia Region (22.9%)
34,77,that year. Despite the higher risk compared to most other
34,78,"regions, the Eastern Mediterranean Region is the only"
34,79,region where some acceleration of progress was observed
34,80,during the SDG era (ARR at 1.2% in 2015–2019 compared
34,81,"with 0.8% in 2000–2015). In contrast, the South-East Asia"
34,82,"Region saw overall stagnation in 2000–2019, with a slight"
34,83,uptick in risk between 2015 and 2019. The African Region
34,84,"(23.6% in 2000) experienced a moderate but steady decline,"
34,85,with an ARR at about 0.6% in 2000–2019 and reaching a
34,86,premature NCD mortality of 21.0% in 2019. The European
34,87,(23.9% in 2000) and Western Pacific (21.9% in 2000) Regions
34,88,saw the fastest decline among all regions during both
34,89,"2000–2015 (ARRs at 2.2% and 1.9%, respectively) and"
34,90,"2015–2019 (ARRs at 1.5% and 1.2%, respectively), reaching"
34,91,"premature NCD mortality of 16.3% and 15.7%, respectively,"
34,92,in 2019. The Region of the Americas had the lowest risk of
34,93,NCD premature mortality in 2000 (18.0%) and remained
34,94,"the lowest in 2019 (13.9%), although the pace of progress"
34,95,"slowed, with an ARR at 1.4% in 2000–2015 and 1.1%"
34,96,in 2015–2019.
34,97,"Based on these results, it is evident that neither the"
34,98,world nor any one region is on track to meet the target of
34,99,reducing the risk for premature NCD mortality by one third
34,100,"by 2030. The South-East Asia Region, where premature NCD"
34,101,"mortality has remained high since 2000, is at greatest risk of"
34,102,missing the target (Fig. 2.3).
34,103,"World health statistics 2025: monitoring health for the SDGs, Sustainable Development Goals"
34,104,24
35,1,"Figure 2.3 Observed and projected trends for risk of premature mortality from NCDs (%), by WHO region"
35,2,Global
35,3,African Region
35,4,Region of the Americas
35,5,South-East Asia Region
35,6,European Region
35,7,Eastern Mediterranean Region
35,8,Western Pacific Region
35,9,Low-income
35,10,Lower-middle-income
35,11,Upper-middle-income
35,12,High-income
35,13,2000
35,14,2010
35,15,2020
35,16,2030
35,17,15
35,18,20
35,19,25
35,20,15
35,21,20
35,22,25
35,23,Estimated past trends
35,24,Projected trends up to 2030
35,25,Risk of premature death from major NCDs (%)
35,26,World Bank income groups
35,27,WHO region
35,28,LI
35,29,LMI
35,30,Source: WHO (4).
35,31,2.1.3 Mortality due to injuries
35,32,Road injury
35,33,"In 2021, an estimated 1.18 million (UI: 1.05–1.32 million)"
35,34,people died due to road injuries globally (SDG indicator
35,35,3.6.1). The greatest burden was observed in South-East
35,36,"Asia Region, with around 318 000 (UI: 283 000–358 000)"
35,37,"deaths, or 28% of the global burden, and the Western"
35,38,Pacific Region with almost 296 000 (UI: 276 000–316 000)
35,39,"deaths, or 25% of the global burden. Together, these"
35,40,regions account for more than half of the global road
35,41,traffic deaths. These are followed by the African Region
35,42,(229 000 [UI: 185 000–274 000] deaths); the Region of
35,43,the Americas (146 000 (UI: 135 000–158 000) deaths); the
35,44,Eastern Mediterranean Region (128 000 [UI: 108 000–
35,45,145 000] deaths); and the European Region (64 000
35,46,"[UI: 58 000–68 000] deaths) (4,5)."
35,47,The African Region had the highest crude death
35,48,rate (CDR) in 2021 (19.5 [UI: 15.7–23.4] per 100 000
35,49,population). This was nearly three times that of the
35,50,"European Region, which had the lowest rate of 6.8"
35,51,(UI: 6.2–7.3) per 100 000 population (Fig. 2.4). By World
35,52,"Bank income levels, the highest death rate from road"
35,53,"injuries was observed in LICs, at 21.1 (UI: 16.8–25.2) per"
35,54,"100 000 population, while the lowest was in HICs, at 8.1"
35,55,(UI: 7.5–8.6) per 100 000 population. Disparity between
35,56,sexes was also evident. Males were at elevated risk of
35,57,"dying from road injuries compared with females. Globally,"
35,58,the male-to-female ratio of CDRs from road injuries was
35,59,"3.0, ranging from 2.3 in the African Region to above 3.5"
35,60,in the South-East Asia Region and the Region of the
35,61,Americas (4).
35,62,Health-related Sustainable Development Goals
35,63,25
36,1,"Road fatalities declined by 5.5% from 2010–2021, falling"
36,2,from 1.25 million (UI: 1.11–1.39 million) deaths in 2010 (4).
36,3,This is equivalent to a decline from 17.9 (UI: 15.7–19.9)
36,4,deaths per 100 000 population to 14.9 (UI: 13.2–16.6)
36,5,"deaths per 100 000 population, and is in spite of the"
36,6,growth in global population and number of vehicles. This
36,7,indicates that while efforts to enhance road safety are
36,8,"making progress, they remain insufficient to achieve the"
36,9,United Nations Decade of Action for Road Safety 2021–
36,10,2030 goal of reducing deaths and injuries by half by 2030
36,11,(6). There was also a universal decline in the CDRs across
36,12,all regions in the period. The slowest progress was seen in
36,13,"the Region of the Americas, although rates still declined"
36,14,"by 8.9%, from 15.6 (UI: 14.5–16.7) per 100 000 population"
36,15,in 2010 to 14.2 (UI: 13.1–15.4) per 100 000 population
36,16,in 2021.
36,17,Suicide
36,18,An estimated 727 000 people died from suicide globally
36,19,"in 2021, corresponding to a crude suicide mortality rates"
36,20,(CDR; SDG indicator 3.4.2) of 9.2 (UI: 6.9–11.6) per 100 000
36,21,population. The rate in males (12.4 (UI: 9.6–15.4) per
36,22,100 000) was more than double that in females (5.9 (UI:
36,23,4.2–7.7) per 100 000). The highest male-to-female ratio
36,24,was found in the European Region (3.4) and the Region of
36,25,"the Americas (3.7), while the lowest was in the South-East"
36,26,Asia Region (1.4) (4).
36,27,Crude suicide mortality rates and their change over
36,28,time exhibited wide variations across WHO regions. The
36,29,European Region had the highest rate among all regions
36,30,"in 2000 (21.5 [UI: 19.9–23.0] per 100 000 population), but"
36,31,"has seen rapid decline, with the rate falling by over two"
36,32,"fifths, to 12.4 (UI: 10.3–14.4) per 100 000 population in"
36,33,2021. A rapid decline was also seen in the Western Pacific
36,34,"Region, where the rate in 2000 (14.7 [UI: 10.1–16.9] per"
36,35,100 000 population) fell by 35% to 9.5 (UI: 7.1–12.3) per
36,36,"100 000 population in 2021. However, a slight increase"
36,37,"was seen in the African Region, where the CDR from"
36,38,suicide in 2021 (7.3 [UI: 4.5–10.7] per 100 000 population)
36,39,was about 5% higher than in 2000 (6.9 [UI: 4.5–10.0]
36,40,per 100 000). The Region of the Americas has seen a
36,41,"concerning trend, with the rate increasing by nearly 30%"
36,42,from 7.6 (UI: 7.1–8.3) per 100 000 population in 2000 to
36,43,9.9 (UI: 8.9–11.0) per 100 000 population in 2021. The
36,44,South-East Asia Region had the second highest rate
36,45,after the European Region in 2021 (10.1 [UI: 7.4–12.6]
36,46,"per 100 000), yet experienced a 20.4% decline from the"
36,47,rate in 2000 (12.7 [UI: 9.4–15.1] per 100 000). The Eastern
36,48,Mediterranean Region continued to have the lowest rate
36,49,"throughout the period, with a 24.3% decline from 4.7 (UI:"
36,50,2.7–7.4) per 100 000 population in 2000 to 3.6 (UI: 2.0–5.9)
36,51,per 100 000 population in 2021 (Fig. 2.4) (4).
36,52,Homicide
36,53,Nearly 484 000 (UI: 360 000–648 000) people were
36,54,victims of intentional homicide (defined as the unlawful
36,55,death inflicted upon a person with the intent to cause
36,56,death or serious injury) in 2021. Despite having a slight
36,57,"increase from 480 000 (UI: 400 000–578 000) in 2000, this"
36,58,"corresponded to a decline in CDR of 27.1%, from 7.8 (UI:"
36,59,6.5–9.4) per 100 000 population (SDG indicator 16.1.1) in
36,60,2000 to 6.1 (UI: 4.5–8.2) per 100 000 population in 2021
36,61,(Fig. 2.4). About 80% of the victims were men (4).
36,62,The WHO Region of the Americas had the highest
36,63,"mortality burden from homicide in 2021, with a total of"
36,64,"198 000 (UI: 169 000–232 000) deaths, equivalent to a"
36,65,CDR of 19.3 (UI: 16.4–22.6) per 100 000 population – triple
36,66,the global average. This region accounted for 40.9% of
36,67,the total global homicide deaths but only 12.9% of the
36,68,"global population. In contrast, the Western Pacific Region"
36,69,"accounted for about a quarter of the global population,"
36,70,"but only 6.1% of global homicide deaths, with a CDR (1.5"
36,71,(UI: 1.1–2.1) per 100 000 population) that was 8% of that
36,72,in the Region of the Americas. The African Region had
36,73,"the second highest CDR in homicide mortality in 2021,"
36,74,with a CDR that was only half of that in the Region of the
36,75,"Americas, at 9.7 (UI: 5.9–15.0) per 100 000 population,"
36,76,accounting for 114 000 deaths. Compared with the
36,77,"Region of the Americas and the African Region, the CDR"
36,78,"of homicide was also relatively low in the European,"
36,79,"South-East Asia and Eastern Mediterranean Regions, at"
36,80,"2.6 (UI: 2.1–3.3) per 100 000 population, 3.7 (UI: 2.7–4.9)"
36,81,per 100 000 population and 5.4 (UI: 3.2–8.5) per 100 000
36,82,"population, respectively (Fig. 2.4) (4)."
36,83,Men face disproportionately higher risk of homicide
36,84,deaths than women and the sex disparity was unevenly
36,85,"distributed across WHO regions. Globally, the male-to-"
36,86,female ratio for CDR for homicide mortality in 2021 was
36,87,"4.0, ranging from 2.9 in the European Region to 7.7 in the"
36,88,Region of the Americas. A strong age pattern was also
36,89,"observed, with young adults aged 20–29 years having the"
36,90,"highest age-specific mortality rate, peaking at over 12"
36,91,deaths per 100 000 population globally and up to nearly
36,92,40 deaths per 100 000 population in the Region of the
36,93,Americas (4).
36,94,Unintentional poisoning
36,95,"Globally, about 59 000 (UI: 32 000–91 000) people"
36,96,"died from unintentional poisoning in 2021, a decline"
36,97,of approximately 4600 from 2000 (64 000 [UI: 47 000–
36,98,92 000]). This represents a decline of a quarter from a
36,99,CDR of 1.0 (UI: 0.8–1.5) to 0.7 (UI: 0.4–1.1) per 100 000
36,100,population (SDG indicator 3.9.3). The highest CDRs in
36,101,"2021 were observed in the WHO African Region, at 1.2"
36,102,"(UI: 0.7–2.1) per 100 000 population, closely followed by"
36,103,the Western Pacific Region at just under 1.2 (UI: 0.5–1.7)
36,104,"World health statistics 2025: monitoring health for the SDGs, Sustainable Development Goals"
36,105,26
37,1,per 100 000 population. The greatest decline in CDR
37,2,"was achieved in the European Region, with a decline of"
37,3,"nearly two thirds between 2000 and 2021, followed by"
37,4,"the South-East Asia and Eastern Mediterranean Regions,"
37,5,"with a 36% and 30% decline, respectively. However, the"
37,6,rate stagnated in the African Region and a slight increase
37,7,was seen in the Region of the Americas and the Western
37,8,Pacific Region (Fig. 2.4) (4).
37,9,Sex and age disparities were observed. Men are at higher
37,10,risk of dying from unintentional poisoning. Men died at a
37,11,"rate 67% higher than women in 2021, primarily"
37,12,due to occupational hazards and higher rates of risky
37,13,behaviours. The Region of the Americas and the European
37,14,"Region saw the highest male-to-female ratios, at 2.2"
37,15,"and 2.6 respectively, whereas the lowest ratio was in"
37,16,"the African Region, at 1.4. Additionally, the youngest"
37,17,and oldest populations were at the highest risk of dying
37,18,"from unintentional poisoning, with those aged under 5"
37,19,years and 65 years and older accounting for just 18% of
37,20,the global population but 38% of the global deaths from
37,21,unintentional poisoning in 2021 (4).
37,22,10
37,23,0
37,24,0
37,25,0
37,26,20
37,27,30
37,28,10
37,29,20
37,30,30
37,31,10
37,32,20
37,33,30
37,34,Interpersonal voilence Poisonings Road injury Self-harm
37,35,Both sexesFemaleMale
37,36,2000
37,37,2021
37,38,Deaths per 100 000 population
37,39,Global
37,40,Global
37,41,Global
37,42,AFR
37,43,AMR
37,44,WPR
37,45,Global
37,46,7.8
37,47,6.1
37,48,3.4
37,49,2.4
37,50,AFR
37,51,13
37,52,9.7
37,53,6.3
37,54,4.5
37,55,19.9
37,56,14.9
37,57,AMR
37,58,19.3
37,59,19.3
37,60,4.7
37,61,4.8
37,62,34.1
37,63,33.9
37,64,SEAR
37,65,5.1
37,66,3.7
37,67,2.9
37,68,1.9
37,69,7.3
37,70,5.3
37,71,EUR
37,72,7.7
37,73,2.6
37,74,3.7
37,75,1.4
37,76,12.1
37,77,3.9
37,78,EMR
37,79,6
37,80,5.4
37,81,3.2
37,82,2.8
37,83,8.8
37,84,7.9
37,85,WPR
37,86,3.1
37,87,1.5
37,88,1.8
37,89,0.7
37,90,4.3
37,91,2.3
37,92,12.2
37,93,9.7
37,94,AFR
37,95,1.3
37,96,1.2
37,97,0.9
37,98,1
37,99,1.6
37,100,1.4
37,101,AMR
37,102,0.4
37,103,0.4
37,104,0.2
37,105,0.2
37,106,0.5
37,107,0.5
37,108,SEAR
37,109,0.3
37,110,0.2
37,111,0.2
37,112,0.1
37,113,0.5
37,114,0.3
37,115,EUR
37,116,2.7
37,117,0.9
37,118,1.2
37,119,0.5
37,120,4.2
37,121,1.4
37,122,EMR
37,123,0.8
37,124,0.6
37,125,0.6
37,126,0.5
37,127,1
37,128,0.7
37,129,WPR
37,130,1.1
37,131,1.2
37,132,0.9
37,133,0.9
37,134,1.4
37,135,1.4
37,136,1
37,137,0.7
37,138,0.7
37,139,0.6
37,140,1.4
37,141,0.9
37,142,AFR
37,143,25.9
37,144,19.5
37,145,16.1
37,146,12
37,147,35.9
37,148,27
37,149,AMR
37,150,15.9
37,151,14.2
37,152,7.9
37,153,6.3
37,154,24.1
37,155,22.3
37,156,SEAR
37,157,18.2
37,158,15.4
37,159,8.7
37,160,6.8
37,161,27.3
37,162,23.7
37,163,EUR
37,164,15.5
37,165,6.8
37,166,7.6
37,167,3.2
37,168,24
37,169,10.5
37,170,EMR
37,171,18.6
37,172,16.4
37,173,9.6
37,174,8.4
37,175,27.3
37,176,23.9
37,177,WPR
37,178,21.3
37,179,15.4
37,180,11.4
37,181,7.9
37,182,31
37,183,22.6
37,184,19.2
37,185,14.9
37,186,10
37,187,7.5
37,188,28.3
37,189,22.2
37,190,6.9
37,191,7.3
37,192,7.6
37,193,9.9
37,194,14.7
37,195,9.5
37,196,12.5
37,197,9.2
37,198,3.3
37,199,3.4
37,200,3.2
37,201,4.2
37,202,13.2
37,203,7.3
37,204,8.8
37,205,5.9
37,206,10.6
37,207,11.1
37,208,12.2
37,209,15.6
37,210,SEAR
37,211,12.7
37,212,10.1
37,213,11.6
37,214,8.4
37,215,13.7
37,216,11.7
37,217,EUR
37,218,21.5
37,219,12.4
37,220,8.4
37,221,5.7
37,222,35.5
37,223,19.5
37,224,EMR
37,225,4.7
37,226,3.6
37,227,3.1
37,228,2.2
37,229,6.3
37,230,4.9
37,231,16.2
37,232,11.7
37,233,16.2
37,234,12.4
37,235,"Figure 2.4 Crude death rates for injuries (per 100 000 population), by type, sex and WHO region, 2000 and 2021"
37,236,2.1.4 Mortality attributable
37,237,to environmental
37,238,risk factors
37,239,Air pollution mortality
37,240,Almost the entire global population is exposed to outdoor
37,241,(ambient) air pollution in both cities and rural areas and
37,242,more than a quarter (2.4 billion) is exposed to dangerous
37,243,levels of household air pollution. Exposure to air pollution
37,244,increases the risk for many negative health outcomes (7).
37,245,"Five health outcomes – acute lower respiratory infections,"
37,246,"lung cancer, cerebrovascular diseases, ischemic heart"
37,247,disease and chronic obstructive pulmonary disease – are
37,248,currently included in SDG indicator 3.9.1 on mortality
37,249,attributed to air pollution from particulate matter. In
37,250,"2019, an estimated 6.7 million deaths worldwide were"
37,251,attributable to indoor and outdoor air pollution from
37,252,particulate matter jointly – corresponding to an age-
37,253,standardized mortality rate of 104 (UI: 81–130) deaths
37,254,"per 100 000 population (8,9). People living in LICs and"
37,255,middle-income countries (MICs) disproportionately bear
37,256,the burden of outdoor air pollution (see also section 2.3.3
37,257,subsection “Air pollution”).
37,258,AFR: African Region; AMR; Region of the Americas; SEAR: South-East Asia Region; EUR: European Region; EMR: Eastern Mediterranean Region; WPR: Western
37,259,Pacific Region.
37,260,Source: WHO (4).
37,261,Health-related Sustainable Development Goals
37,262,27
38,1,WASH mortality
38,2,"Millions of people globally lack access to safe water,"
38,3,sanitation and hygiene (WASH) services and consequently
38,4,suffer from or are exposed to a multitude of preventable
38,5,illnesses.
38,6,"Four health outcomes – diarrhoea, acute respiratory"
38,7,"infections, undernutrition and soil-transmitted"
38,8,helminthiases – are included in the SDG indicator 3.9.2 on
38,9,mortality attributed to unsafe WASH. It is estimated that
38,10,1.4 million deaths in 2019 were attributable to unsafe
38,11,"WASH services, of which the vast majority were"
38,12,attributable to diarrhoea (73.9%) and acute respiratory
38,13,infections (25.4%) (10). The global WASH-attributable
38,14,"mortality rate was 18.3 deaths per 100 000 population,"
38,15,ranging from 3.7 in HICs up to 41.7 in LICs (10). Among the
38,16,"six WHO regions, the highest mortality rate was found in"
38,17,the African Region (46.7 per 100 000 population) and the
38,18,South-East Asia Region (29.6 per 100 000 population) in
38,19,2019 (11). These two regions alone accounted for 79% of
38,20,the total global deaths due to unsafe WASH (Fig. 2.5).
38,21,"Figure 2.5 Mortality rate attributed to exposure to unsafe WASH services (per 100 000 population), 2019"
38,22,Source: WHO (10).
38,23,"World health statistics 2025: monitoring health for the SDGs, Sustainable Development Goals"
38,24,28
39,1,2.2 Infectious diseases
39,2,"In the infectious disease section, the indicators on new"
39,3,"HIV infections, tuberculosis and malaria incidence,"
39,4,hepatitis B and neglected tropical diseases are monitored
39,5,"towards progress within SDG target 3.3. In addition, this"
39,6,section also presents the status of AMR.
39,7,2.2.1 HIV
39,8,"Globally, an estimated 39.9 million (UI: 36.1–44.6 million)"
39,9,"people were living with HIV by the end of 2023, of"
39,10,which 30.7 million (UI: 27.0–31.9 million) were receiving
39,11,"lifesaving antiretroviral therapy (12,13)."
39,12,"In 2023, an estimated 1.3 million (UI: 1.0–1.7 million) HIV"
39,13,"infections occurred, down from 2.8 million (UI: 2.3–"
39,14,3.6 million) in 2000 and 2.1 million (UI: 1.7–2.7 million)
39,15,"in 2010. Globally, the HIV incidence rate (number of new"
39,16,"HIV infections per 1000 uninfected population, SDG"
39,17,"indicator 3.3.1) was 0.17 (UI: 0.13–0.21) in 2023, a 48%"
39,18,reduction from 0.32 (UI: 0.25–0.40) in 2010. Regions
39,19,show different levels of progress since 2010: An 81%
39,20,increase in HIV incidence rate was observed in the Eastern
39,21,"Mediterranean Region, while it is notable that this"
39,22,region had the lowest number of new infections across
39,23,all WHO regions in 2023. The South-East Asian and the
39,24,African Regions recorded a 51% and 69% decrease in
39,25,"HIV incidence rate in the same time period, respectively,"
39,26,while the latter region continued to bear the heaviest HIV
39,27,burden in 2023. Further disaggregation by sex show that
39,28,the biggest reduction in HIV incidence rate between 2010
39,29,and 2023 was among males in the African Region (–72%)
39,30,"(Fig. 2.6) (12,14,15)."
39,31,The HIV pandemic and the global response has made
39,32,"progress over the past decade, with fewer people"
39,33,acquiring HIV in 2023 than at any point since the mid-
39,34,"1990s. However, the number of new infections in 2023"
39,35,was still more than three times the 2025 target of 370 000
39,36,"or fewer new infections. If this trend continues, the target"
39,37,"of ending AIDS as a public health threat by 2030, which"
39,38,requires a 90% reduction in new infections against the
39,39,"2010 baseline, will not be reached (16)."
39,40,"Figure 2.6 Percentage change in the number of new HIV infections per 1000 uninfected population, between 2010"
39,41,"and 2023, and HIV incidence rates, 2023, globally and by WHO region"
39,42,HIV incidence
39,43,"rates, 2023"
39,44,-100
39,45,-80
39,46,-60
39,47,-40
39,48,-20
39,49,0
39,50,20
39,51,40
39,52,60
39,53,80
39,54,100
39,55,Percentage change
39,56,African Region Region of the
39,57,Americas
39,58,Eastern
39,59,Mediterranean
39,60,Region
39,61,European
39,62,Region
39,63,South-East Asia
39,64,Region
39,65,Western Pacific
39,66,Region
39,67,Global
39,68,Both
39,69,sexes
39,70,Females
39,71,Males
39,72,0.17
39,73,(0.13-0.21)
39,74,0.15
39,75,(0.11-0.19)
39,76,0.18
39,77,(0.15-0.23)
39,78,0.55
39,79,(0.41-0.73)
39,80,0.68
39,81,(0.51-0.91)
39,82,0.41
39,83,(0.31-0.56)
39,84,0.16
39,85,(0.13-0.20)
39,86,0.08
39,87,(0.06-0.10)
39,88,0.24
39,89,(0.20-0.31)
39,90,0.09
39,91,(0.07-0.12)
39,92,0.04
39,93,(0.03-0.06)
39,94,0.13
39,95,(0.10-0.18)
39,96,0.18
39,97,(0.15-0.21)
39,98,0.10
39,99,(0.09-0.12)
39,100,0.25
39,101,(0.21-0.30)
39,102,0.06
39,103,(0.04-0.08)
39,104,0.04
39,105,(0.03-0.06)
39,106,0.07
39,107,(0.06-0.10)
39,108,0.07
39,109,(0.07-0.08)
39,110,0.03
39,111,(0.02-0.03)
39,112,0.12
39,113,(0.11-0.13)
39,114,Note: Percentage change in HIV incidence rate was calculated from unrounded incidence rates in the figure and the corresponding text.
39,115,"Source: UNAIDS/WHO estimates, 2024 (14,15)."
39,116,Health-related Sustainable Development Goals
39,117,29
40,1,2.2.2 Tuberculosis
40,2,The global increase in new TB cases that has been
40,3,observed since the start of the COVID-19 pandemic has
40,4,"slowed and is now stabilizing. In 2023, an estimated"
40,5,"10.8 million people (UI: 10.1–11.7 million) developed TB,"
40,6,a slight rise from 10.7 million (UI: 10.0–11.5 million) in
40,7,"2022. However, this remains higher than the 10.4 million"
40,8,(UI: 9.7–11.1 million) cases in 2021 and 10.1 million (UI:
40,9,9.5–10.7 million) in 2020 (18).
40,10,"Among those affected who developed TB in 2023, some"
40,11,"55% were men, 33% were women and 12% were children"
40,12,and young adolescents aged 0–14 years. Most of the
40,13,people who develop TB disease each year are in 30 high
40,14,"TB burden countries, accounting for 87% of the global"
40,15,total in 2023 (18).
40,16,The global TB incidence rate (SDG indicator 3.3.2) in 2023
40,17,"was 134 (UI: 125–145) per 100 000 population, similar to"
40,18,"the rate in 2022, and an increase from 129 (UI: 121–136)"
40,19,per 100 000 population in 2020. The net reduction
40,20,"between 2015 and 2023 was 8.3%, falling short of the"
40,21,WHO End TB Strategy target of an 80% reduction by
40,22,"2030 (17,18). The African and European regions showed"
40,23,"the most progress, with decreases of 24% and 27%,"
40,24,respectively (Fig. 2.7) (18).
40,25,"Figure 2.7 Percentage change in tuberculosis incidence rate between 2015 and 2023, globally and by WHO region"
40,26,Global
40,27,50
40,28,100
40,29,150
40,30,200
40,31,250
40,32,24%
40,33,8.3%
40,34,27%
40,35,3.5%
40,36,2015
40,37,Decrease
40,38,Increase
40,39,2023
40,40,20%
40,41,Tuberculosis incidence (per 100 000 population per year)
40,42,6.7%
40,43,3.4% African
40,44,Region
40,45,Region of
40,46,the Americas
40,47,Eastern
40,48,Mediterranean
40,49,Region
40,50,European
40,51,Region
40,52,South-East
40,53,Asia Region
40,54,Western
40,55,Pacific
40,56,Region
40,57,Note: Percentage change in TB incidence rate was calculated from unrounded incidence rates.
40,58,Source: Global tuberculosis report 2024 (18).
40,59,"World health statistics 2025: monitoring health for the SDGs, Sustainable Development Goals"
40,60,30
41,1,2.2.3 Malaria
41,2,"In 2023, there were an estimated 263 million (UI:"
41,3,"238–294 million) malaria cases globally, an increase"
41,4,of 11 million cases from the previous year. The global
41,5,incidence rate (SDG indicator 3.3.3) in 2023 was 60.4 (UI:
41,6,"54.8–67.5) cases per 1000 population at risk, a rise from"
41,7,58.6 (UI: 53.1–65.6) cases per 1000 population at risk in
41,8,"2022, and a 4.1% increase from 58.0 (UI: 53.8–62.9) cases"
41,9,per 1000 population at risk in 2015 (Fig. 2.8). The WHO
41,10,African Region continues to carry the heaviest burden of
41,11,"the disease, accounting for an estimated 94% of cases"
41,12,and 95% of deaths worldwide in 2023 (19).
41,13,The Global technical strategy for malaria 2016–2030
41,14,(GTS) target for reducing malaria case incidence by 90%
41,15,by 2030 from the 2015 baseline is unlikely to be achieved
41,16,"(20). In 2023, global malaria incidence remained nearly"
41,17,three times higher than the level required to meet the
41,18,"target. However, the WHO South-East Asia Region is on"
41,19,track to meet the GTS 2030 target (19).
41,20,"Despite these challenges, some notable progress towards"
41,21,elimination has been made. The number of malaria-
41,22,"endemic countries declined from 85 in 2022 to 83 in 2023,"
41,23,as two countries maintained zero indigenous cases for
41,24,"three consecutive years. By 2024, a total of 26 countries"
41,25,that were endemic for malaria in 2000 have achieved this
41,26,milestone (19).
41,27,"Figure 2.8 Global incidence rate of malaria (per 1000 population at risk), 2000–2023"
41,28,Source: World malaria report 2024 (19).
41,29,80
41,30,60
41,31,40
41,32,20
41,33,2000
41,34,2015
41,35,2020
41,36,2021
41,37,2022
41,38,2023
41,39,0
41,40,Rate per 1000 population at risk
41,41,79.0
41,42,58.0
41,43,58.6
41,44,58.6
41,45,59.1
41,46,60.4
41,49,2.2.4 Hepatitis B
41,50,"As a major public health challenge of this decade, viral"
41,51,hepatitis B and C lead to chronic disease for hundreds of
41,52,millions of people and can both cause deaths from liver
41,53,cirrhosis and liver cancer.
41,54,"Globally, 1.3 million people died from viral hepatitis-"
41,55,"related causes in 2022, including 1.1 million deaths"
41,56,attributed to hepatitis B alone. This represents an
41,57,increase of deaths attributed to chronic hepatitis B from
41,58,the 820 000 in 2019. The Western Pacific Region bears the
41,59,"greatest mortality burden, with 518 000 deaths (or 47.1 of"
41,60,the global total) related to hepatitis B (21). Rapid scale-up
41,61,of treatment is therefore critical to prevent deaths among
41,62,people living with chronic hepatitis B. Without this
41,63,"expansion in access, the world will face increasing cases"
41,64,"of liver cancer in the next generation, with associated"
41,65,increasing care costs and hepatitis-related deaths.
41,66,"In 2022, an estimated 254 million people were living with"
41,67,hepatitis B globally. About 5% of the general population
41,68,in the WHO African Region and Western Pacific Region
41,69,are living with hepatitis B. Children under the age of
41,70,five are at risk of vertical (mother-to-child) transmission
41,71,"of hepatitis B, notably in settings with high hepatitis B"
41,72,"prevalence. Notably, the African Region is the only region"
41,73,where the hepatitis B prevalence among children younger
41,74,than five years (SDG indicator 3.3.4) exceeded 1% and
41,75,yet only 17% of newborns in the Region receive the
41,76,hepatitis B birth dose vaccination (22).
41,77,Health-related Sustainable Development Goals
41,78,31
42,1,Global new infections of viral hepatitis dropped from
42,2,"3.0 million in 2019 to 2.2 million in 2022, including"
42,3,1.2 million newly infected with hepatitis B. The African
42,4,Region accounted for 63% (or 771 000) of all new
42,5,hepatitis B infections globally in 2022. This underscores
42,6,the importance of a focus on scaling up access to viral
42,7,"hepatitis services in Africa, including the hepatitis B"
42,8,"birth-dose vaccination, expansion of hepatitis B"
42,9,treatment in the general population and specifically
42,10,among pregnant women as recently recommended in the
42,11,2024 WHO guidelines on people with chronic hepatitis B
42,12,infection (23).
42,13,2.2.5 Neglected tropical
42,14,diseases
42,15,Neglected tropical diseases (NTDs) are a diverse group of
42,16,conditions with complex epidemiology.1 They affect some
42,17,"of the world’s most vulnerable people, including those"
42,18,"living in remote or impoverished communities, creating"
42,19,NTD-related generational cycles of poverty. Addressing
42,20,the burden of NTDs can break this cycle and
42,21,1 NTDs include: Buruli ulcer; Chagas disease; dengue and chikungunya; dracunculiasis; echinococcosis; foodborne trematodiases; human African
42,22,"trypanosomiasis; leishmaniasis; leprosy; lymphatic filariasis; mycetoma, chromoblastomycosis and other deep mycoses; noma; onchocerciasis; rabies; scabies"
42,23,and other ectoparasitoses; schistosomiasis; soil-transmitted helminthiases; snakebite envenoming; taeniasis/cysticercosis; trachoma; and yaws.
42,24,"contribute to the health, social and economic well-being"
42,25,"of entire communities. Globally, in 2023, 1.495 billion"
42,26,people required interventions against NTDs (SDG
42,27,"indicator 3.3.5), about 122 million people fewer than in"
42,28,2022. The 2023 number represents a 32% decrease from
42,29,"2010, falling short of the global target of 90% reduction"
42,30,by 2030. The South-East Asia Region and the African
42,31,"Region, home to 41% of the global population, continue"
42,32,"to disproportionately bear the highest burden of NTDs,"
42,33,accounting for 87% of the global number of people
42,34,"needing interventions in 2023 (Fig. 2.9) (24,25)."
42,35,"As of December 2024, 54 countries, areas and territories"
42,36,"worldwide have eliminated at least one NTD, as"
42,37,acknowledged by WHO. This is still only about halfway
42,38,towards the global target of at least 100 countries
42,39,"eliminating at least one NTD by 2030 (24,25)."
42,40,This slow progress reflects the challenges of addressing
42,41,"NTDs on a global scale. Massive efforts, including"
42,42,"through innovative solutions, are needed to accelerate"
42,43,"progress in the global fight against NTDs, especially in"
42,44,"the context of uncertain and evolving health, political and"
42,45,financial landscapes.
42,46,Percentage
42,47,34.7
42,48,15.3
42,49,African Region
42,50,60
42,51,50
42,52,40
42,53,30
42,54,20
42,55,10
42,56,0
42,57,Region's population requiring NTD intervention as percentage
42,58,of global population requiring NTD intervention
42,59,Region's population as percentage
42,60,of global population
42,61,2.1
42,62,12.9
42,63,Region of the
42,64,Americas
42,65,5.2
42,66,10.0
42,67,Eastern
42,68,Mediterranean
42,69,Region
42,70,0.4
42,71,11.6
42,72,European
42,73,Region
42,74,52.7
42,75,26.0
42,76,South-East Asia
42,77,Region
42,78,5.0
42,79,24.0
42,80,Western Pacific
42,81,Region
42,82,"Figure 2.9 Share of people requiring interventions against NTDs and share of population out of global total, by"
42,83,"WHO region, 2023"
42,84,Note: The regions are shown in descending order of the number of people requiring interventions against NTDs.
42,85,Source: Global Health Observatory (24).
42,86,"World health statistics 2025: monitoring health for the SDGs, Sustainable Development Goals"
42,87,32
43,1,2.2.6 Antimicrobial resistance
43,2,SDG indicator 3.d.2 monitors the proportion of
43,3,bloodstream infections caused by antimicrobial-resistant
43,4,"organisms, specifically Escherichia coli resistant to"
43,5,third-generation cephalosporins and methicillin-
43,6,"resistant Staphylococcus aureus (MRSA). In 2022, median"
43,7,resistance proportions were 45.5% (interquartile range
43,8,[IQR]: 18.2–70.6) for E. coli and 32.2% (IQR: 12.5–54.6) for
43,9,"MRSA, up from 26.9% (IQR: 11.1–42.4) and 13.4% (IQR:"
43,10,3.6–36.7) in 2016 (27).
43,11,These figures should be interpreted with caution due to
43,12,"changes in countries reporting data, with progressively"
43,13,more data collected from resource-limited settings
43,14,"over time. In 2016, only 16 countries reported data on"
43,15,"E. coli resistance and 15 on MRSA, compared to 85 and"
43,16,"86 countries, respectively, in 2022 (Fig. 2.10). Many LICs"
43,17,"and MICs have limited testing coverage, often restricted"
43,18,"to tertiary hospitals and research facilities, where patients"
43,19,"are more likely to have received multiple antibiotics,"
43,20,leading to higher and potentially biased resistance rates.
43,21,Countries with better testing coverage reported much
43,22,lower resistance proportions in 2022: 11.4% (IQR: 9.4–
43,23,"16.4) for E. coli and 8.5% (IQR: 3.3–27.9) for MRSA, based"
43,24,on median resistance from 21 and 22 countries with
43,25,"testing coverage above the 75th percentile, respectively"
43,26,(27). The 2024 WHO Bacterial Priority Pathogen List
43,27,(26) classifies E. coli resistant to third-generation
43,28,cephalosporins as a critical priority due to increasing
43,29,"trends, while MRSA is considered as high priority based"
43,30,"on its prevalence and impact in health-care settings, and"
43,31,decreasing trends.
43,32,Current global AMR data reflect the challenges of early-
43,33,"stage surveillance systems. Strengthening these systems,"
43,34,"particularly in LICs and MICs, is essential for improving"
43,35,data accuracy and representativeness to inform
43,36,interventions to prevent and reduce AMR. The Global
43,37,Antimicrobial Resistance and Use Surveillance System
43,38,(GLASS) dashboard (27) provides more information on the
43,39,current AMR situation in the human health sector.
43,40,Figure 2.10 Countries reporting bloodstream infections caused by Escherichia coli resistant to third-generation
43,41,cephalosporins and methicillin-resistant Staphylococcus aureus in 2022
43,42,Source: Data from GLASS dashboard (27).
43,43,Health-related Sustainable Development Goals
43,44,33
44,1,2.3 Risk factors for health
44,2,"A risk factor for health is any attribute, characteristic or"
44,3,exposure of an individual that increases their likelihood
44,4,of developing a disease or injury. This section presents
44,5,progress towards achieving the SDG targets related to
44,6,"nutritional, behavioural and environmental risk factors"
44,7,that may affect individual and population health.
44,8,2.3.1 Nutritional risk factors
44,9,Multisectoral factors affect the nutritional status of
44,10,individuals and populations. Mitigating the risks of
44,11,"malnutrition – manifested as undernutrition (wasting,"
44,12,"stunting, underweight), micronutrient-related conditions,"
44,13,overweight and obesity – requires multifaceted
44,14,"approaches through nutrition-specific (e.g. food,"
44,15,"diet) and nutrition-sensitive strategies (e.g. WASH,"
44,16,"education, gender). In fact, undernutrition and food"
44,17,safety are inextricably linked and comprise the essential
44,18,components of a healthy and sustainable food system.
44,19,The following sections present the latest available
44,20,"estimates for the global SDG indicators for stunting,"
44,21,wasting and overweight among children under 5 years of
44,22,"age, and anaemia in women aged 15–49 years."
44,23,Child malnutrition
44,24,The indicators to monitor progress in reducing child
44,25,malnutrition among children under 5 years of age
44,26,"include the prevalence of stunting (SDG indicator 2.2.1),"
44,27,and the prevalence of wasting and overweight (SDG
44,28,indicator 2.2.2).
44,29,The global prevalence of stunting among children under
44,30,5 years of age had been steadily declining from 33.1%
44,31,(UI: 32.7–33.5%) in 2000 to 22.4% (UI: 22.0–22.8%) in
44,32,2020 but had slightly increased since to reach 23.2% (UI:
44,33,22.6–23.8%) in 2024 (Fig. 2.11) (28).
44,34,The number of children affected by stunting worldwide
44,35,fell from 180 million in 2012 to 150 million in 2024
44,36,(Fig. 2.11) – a net reduction of 17% over the period (28).
44,37,This pace of reduction is insufficient to achieve the global
44,38,target of halving the number of children affected by
44,39,"stunting by 2030 from the 2012 baseline (28,29)."
44,40,"Similarly, the world is off track to reach the target of"
44,41,reducing the prevalence of wasting and overweight to
44,42,"less than 3% each by 2030 (Fig. 2.12) (29). In 2024, the"
44,43,global prevalence of wasting among children under
44,44,"5 years of age stood at 6.6% (UI: 5.3–8.1%), having"
44,45,"declined by 11% since 2012, when the prevalence was"
44,46,7.4% (UI: 6.3–8.7%) (28).
44,47,While there was a sign of slight decline in the global
44,48,prevalence of overweight among children under 5 years
44,49,"of age in the 2010s, it has slightly increased again since"
44,50,2020 to reach 5.5% (UI: 4.9–6.1%) in 2024. Between 2012
44,51,"and 2024, there was a net increase of 3% in the global"
44,52,"prevalence of overweight, necessitating a reversal of"
44,53,trend and an acceleration of progress to meet the 2030
44,54,target (28).
44,55,"World health statistics 2025: monitoring health for the SDGs, Sustainable Development Goals"
44,56,34
45,1,"Figure 2.11 Global prevalence of stunting among children under 5 years of age, 2000–2024, and the 2030 target"
45,2,35
45,3,30
45,4,25
45,5,20
45,6,15
45,7,10
45,8,0
45,9,2000
45,10,2004
45,11,Prevalence (%)
45,12,Number aﬀected (millions)
45,13,Trajectory to reach target
45,14,2008
45,15,2012
45,16,2016
45,17,2020
45,18,2024
45,19,2030
45,20,5
45,21,100
45,22,150
45,23,200
45,24,250
45,25,0
45,26,50
45,27,Prevalence (%)
45,28,Number aﬀected (millions)
45,29,Baseline:
45,30,180 million
45,31,Target:
45,32,90 million
45,33,2000
45,34,2004
45,35,2008
45,36,2012
45,37,2016
45,38,2020
45,39,2024
45,40,2030
45,41,Prevalence (%)
45,42,10
45,43,9
45,44,8
45,45,7
45,46,6
45,47,5
45,48,4
45,49,3
45,50,2
45,51,1
45,52,0
45,53,Target: <3%
45,54,Baseline
45,55,Wasting
45,56,Overweight
45,57,Trajectory to reach target
45,58,"Source: UNICEF/WHO/World Bank Group joint child malnutrition estimates, 2025 (28)."
45,59,"Figure 2.12 Global prevalence of wasting and overweight among children under 5 years of age, 2000–2024, and the"
45,60,2030 target
45,61,"Source: UNICEF/WHO/World Bank Group joint child malnutrition estimates, 2025 (28)."
45,62,Health-related Sustainable Development Goals
45,63,35
46,1,Anaemia among women
46,2,Anaemia is an important global health issue mainly
46,3,"affecting young children, menstruating girls and"
46,4,"women, and pregnant and postpartum women. It can"
46,5,affect school performance and productivity in adult life
46,6,"leading to economic losses. During pregnancy, anaemia"
46,7,has been associated with poor maternal and birth
46,8,outcomes.
46,9,The global prevalence of anaemia among all women
46,10,15–49 years of age (SDG indicator 2.2.3) declined
46,11,marginally from 29.3% (UI: 26.4–32.4%) in 2000 to 27.6%
46,12,(UI: 25.3–29.7%) in 2012 but slightly increased since to
46,13,reach 30.7% (UI: 26.6–34.9%) in 2023 (Fig. 2.13). At this
46,14,"rate, the world is off track to meet the target of 50%"
46,15,"reduction by 2030 (from a 2012 baseline) (29,30)."
46,16,"Among pregnant women globally, the prevalence"
46,17,decreased from 40.3% (UI: 37.7–43.2%) in 2000 to 35.3%
46,18,"(UI: 33.3–37.3%) in 2012, however, it remained stagnant"
46,19,"since. In 2023, the prevalence was 35.5% (UI: 32.1–"
46,20,"39.1%). By contrast, prevalence among non-pregnant"
46,21,women only decreased slightly from 28.7% (UI: 25.7–
46,22,31.9%) in 2000 to 27.1% (UI: 24.9–29.4%) in 2012 and
46,23,increased to 30.5% (UI: 26.2–34.8%) in 2023.
46,24,Regional trends in the prevalence of anaemia among all
46,25,women 15–49 years of age indicate a slight increase in
46,26,all WHO regions since 2012 except in the Western Pacific
46,27,"Region, where it has remained unchanged (Fig. 2.13)."
46,28,The South-East Asia Region shows the highest level of
46,29,"anaemia since 2000. In 2023, anaemia affected almost"
46,30,"half (46.4%, UI: 35.5–56.1%) of all women aged 15–49"
46,31,years in the region.
46,32,2.3.2 Behavioural risk factors
46,33,Among the established risk factors associated with NCDs
46,34,"are modifiable behaviours such as tobacco use, alcohol"
46,35,"consumption, physical inactivity and unhealthy diet."
46,36,This section summarizes the global progress towards
46,37,the reduction of tobacco use and alcohol consumption.
46,38,Tobacco use
46,39,Tobacco use is a major risk factor for cardiovascular and
46,40,"respiratory diseases, different types of cancer and many"
46,41,other debilitating health conditions. There is no safe
46,42,"level of exposure to tobacco, and all forms of tobacco"
46,43,are harmful.
46,44,"In 2022, an estimated 1.25 billion persons aged 15 years"
46,45,and older globally were current tobacco users. This
46,46,corresponds to an age-standardized prevalence (SDG
46,47,"indicator 3.a.1) of 20.9% (UI: 18.8–22.9%), a 21% relative"
46,48,decline from 26.4% in 2010. If this pace of decline is
46,49,"maintained, the global prevalence would be reduced"
46,50,"by 25% by 2025, short of the 30% reduction target."
46,51,"Nevertheless, the African Region and the South-East"
46,52,"Asia Region are currently on track to achieve the target,"
46,53,and other regions have also achieved reductions in
46,54,"average prevalence (31,32)."
46,55,"Figure 2.13 Trends in the prevalence of anaemia among women aged 15–49 years, globally and by WHO"
46,56,"region, 2000–2023"
46,57,Source: WHO (30).
46,58,African Region
46,59,Global
46,60,Prevalence (%)
46,61,50
46,62,45
46,63,40
46,64,35
46,65,30
46,66,25
46,67,15
46,68,20
46,69,10
46,70,5
46,71,0
46,72,2000
46,73,2004
46,74,2008
46,75,2012
46,76,2016
46,77,2020
46,78,2023
46,79,Baseline
46,80,Region of the Americas
46,81,Eastern Mediterranean Region
46,82,European Region
46,83,South-East Asia Region
46,84,Western Pacific Region
46,85,"World health statistics 2025: monitoring health for the SDGs, Sustainable Development Goals"
46,86,36
47,1,Prevalence remained much higher among men than
47,2,"women globally. In 2022, there were four times as many"
47,3,male tobacco users as female users among those aged 15
47,4,years and older. The prevalence among female tobacco
47,5,"users fell by 34% between 2010 and 2022, exceeding even"
47,6,"the 2025 global target. Among male users, prevalence"
47,7,"has so far declined by only 17%. However, the fastest"
47,8,reduction among male tobacco users was seen in the
47,9,"“initiation ages” (age group 15–24 years), a 20% relative"
47,10,"reduction since 2010, which bodes well for continuing"
47,11,reductions in prevalence of tobacco use among men in
47,12,the future (31).
47,13,Alcohol consumption
47,14,Drinking alcohol is associated with risks of developing
47,15,"NCDs such as liver diseases, cardiovascular diseases and"
47,16,"different types of cancers, as well as mental health and"
47,17,"behavioural conditions such as depression, anxiety and"
47,18,alcohol use disorders. Alcohol consumption also causes
47,19,"significant harm to others, as it can lead to injuries"
47,20,such as those caused by road traffic crashes. The Global
47,21,alcohol action plan 2022–2030 includes a target of at least
47,22,a 20% relative reduction in the harmful use of alcohol by
47,23,2030 (in comparison with 2010) (33).
47,24,SDG indicator 3.5.2 is defined as total alcohol per capita
47,25,consumption (APC) in persons aged 15 years and older
47,26,"within a calendar year, measured in litres of pure alcohol."
47,27,"Globally, the total APC declined by 12% from 5.7 litres (UI:"
47,28,5.4–6.2) in 2010 to 5.0 litres (UI: 4.7–5.4) in 2022. If this rate
47,29,"of reduction is maintained, the global total APC will reach"
47,30,"4.6 litres in 2030, reaching the 20% reduction target. This"
47,31,"is remarkable progress, especially given that in the early"
47,32,"2010s the global total APC was increasing, continuing the"
47,33,"upward trend since 2000s, driven mainly by the rise in"
47,34,total APC in the South-East Asia Region and the Western
47,35,Pacific Region (Fig. 2.14) (34).
47,36,The South-East Asia Region has curbed the rise and
47,37,the APC level in 2022 had returned to its 2010 level. The
47,38,Western Pacific Region has reversed the trend and is
47,39,now on track to reach 20% reduction in APC by 2030. The
47,40,Eastern Mediterranean Region has remained the region
47,41,with the lowest APC across all regions. The European
47,42,"Region continues to have the highest total APC, although"
47,43,it has declined by 12% since 2010 (Fig. 2.14) (34).
47,44,Global
47,45,Total APC (litres)
47,46,12
47,47,10
47,48,8
47,49,6
47,50,4
47,51,2
47,52,0
47,53,2022
47,54,2020
47,55,2015
47,56,2010
47,57,2005
47,58,2000
47,59,Baseline
47,60,African Region
47,61,Region of the Americas
47,62,Eastern Mediterranean Region
47,63,European Region
47,64,South-East Asia Region
47,65,Western Pacific Region
47,66,"Figure 2.14 Trends in total alcohol consumption per capita (APC), globally and by WHO region, 2000–2022"
47,67,Source: WHO (34).
47,68,Health-related Sustainable Development Goals
47,69,37
48,1,2.3.3 Environmental
48,2,risk factors
48,3,"Water, sanitation and hygiene"
48,4,"Safe drinking water, sanitation and hygiene (WASH) is"
48,5,crucial to human health and well-being. Contaminated
48,6,water and poor sanitation are linked to transmission
48,7,"of diseases such as cholera, diarrhoea, dysentery,"
48,8,"hepatitis A, typhoid and polio."
48,9,The global coverage of safely managed drinking water
48,10,(SDG indicator 6.1.1) increased from 69% in 2015 to 73%
48,11,"in 2022. During the same period, the global coverage"
48,12,of safely managed sanitation (SDG indicator 6.2.1) rose
48,13,from 49% to 57% and that of basic hygiene services (SDG
48,14,indicator 6.2.1) increased from 67% to 75%. Despite this
48,15,"progress, if current trends continue the world will not"
48,16,achieve universal coverage of safe WASH by 2030 (35).
48,17,"Globally, and in all WHO regions with aggregate data for"
48,18,"2022, coverage of safe WASH is higher in urban areas than"
48,19,"in rural areas, except in the South-East Asia Region, where"
48,20,the coverage of both safely managed drinking water
48,21,and safely managed sanitation was higher in rural areas
48,22,(Fig. 2.15) (35).
48,23,"Figure 2.15 Coverage of safe WASH by location, globally and by WHO region, 2022"
48,24,Note: Absence of bar for some services and locations means no aggregate statistics are available for 2022.
48,25,Source: UNICEF and WHO (35).
48,26,Population with access (%)
48,27,Drinking-water
48,28,Sanitation
48,29,Hygiene
48,30,Drinking-water
48,31,Sanitation
48,32,Hygiene
48,33,Drinking-water
48,34,Sanitation
48,35,Drinking-water
48,36,Sanitation
48,37,Drinking-water
48,38,Sanitation
48,39,Hygiene
48,40,Drinking-water
48,41,Sanitation
48,42,Hygiene
48,43,Drinking-water
48,44,Sanitation
48,45,Hygiene
48,46,0
48,47,10
48,48,20
48,49,30
48,50,40
48,51,50
48,52,60
48,53,70
48,54,80
48,55,100
48,56,90
48,57,Urban
48,58,Location
48,59,Rural
48,60,GlobalAfrican
48,61,Region
48,62,Region
48,63,of the
48,64,Americas
48,65,Eastern
48,66,Mediterranean
48,67,Region
48,68,European
48,69,Region
48,70,South-East
48,71,Asia Region
48,72,Western
48,73,Pacific
48,74,Region
48,75,"World health statistics 2025: monitoring health for the SDGs, Sustainable Development Goals"
48,76,38
49,1,"SDG indicator 6.3.1 monitors the proportion of total,"
49,2,domestic and industrial wastewater flows that are safely
49,3,"treated. Many countries, however, are at an early stage"
49,4,of developing wastewater monitoring systems and
49,5,"there is currently a lack of reporting, especially from"
49,6,industrial sources. Among the 73 countries (representing
49,7,42% of the global population) reporting volumes of
49,8,"total wastewater generated and treated, 76% of total"
49,9,wastewater flows received some level of treatment in
49,10,2022. Among the 42 countries (representing 12% of
49,11,"global population) reporting the type of treatment, 60%"
49,12,of total wastewater flows was “safely” treated (i.e. had at
49,13,"least secondary treatment, or treatment complying with"
49,14,relevant standards) (36). An estimated 56% of household
49,15,"wastewater was safely treated in 2024, based on data"
49,16,from 142 countries and areas (representing 88% of all
49,17,household wastewater flows and 84% of the global
49,18,population) (37). While current data are insufficient to
49,19,accurately assess progress since the start of the SDG
49,20,"era (mainly due to the lack of baseline data for 2015),"
49,21,"data availability has greatly improved. Still, there is"
49,22,little evidence of improvements in the proportion of
49,23,wastewater that is safely treated globally since global
49,24,reporting began in 2021.
49,25,Official development assistance (ODA) disbursements to
49,26,the water sector (SDG indicator 6.a.1) declined slightly
49,27,"from US$ 8.9 billion in 2022 to US$ 8.7 billion in 2023,"
49,28,however they remained higher than disbursements in
49,29,"2020 and 2021, which had the lowest levels since the"
49,30,start of the SDGs in 2015. ODA commitments to the water
49,31,"sector decreased more substantially, from US$ 11.4 billion"
49,32,in 2022 to US$ 10.2 billion in 2023 (38).
49,33,Air pollution
49,34,"Air pollution, both indoor and outdoor (ambient), poses"
49,35,major risks to health. The main pathway of exposure to
49,36,"air pollution is through the respiratory tract. However,"
49,37,"the effects on health extend beyond respiratory diseases,"
49,38,as some air pollutants can penetrate the bloodstream
49,39,via the lungs and circulate throughout the entire body
49,40,leading to systemic inflammation and carcinogenicity.
49,41,"Simple stoves paired with charcoal, coal, crop waste,"
49,42,"dung, kerosene or wood are an important source of"
49,43,household air pollution. The latest estimates reveal that
49,44,2.1 billion (UI: 1.9–2.5 billion) people worldwide were still
49,45,relying on these polluting cooking fuels and technologies
49,46,"in 2023 – equivalent to slightly over a quarter (26%, UI:"
49,47,23–30%) of the global population. The proportion of the
49,48,global population with primary reliance on clean cooking
49,49,fuels and technologies had increased from 49% (UI:
49,50,45–53%) in 2000 to 64% (UI: 60–68%) in 2015 and 74% (UI:
49,51,"70–77%) in 2023 (Fig. 2.16) (39). Under current trends, the"
49,52,world will miss the target of universal access by 2030.
49,53,"Figure 2.16 Global trends in the access to clean cooking fuels and technologies, 2000–2023"
49,54,Source: WHO (39).
49,55,Population (millions)
49,56,Percentage of global population with access to
49,57,clean fuels and technologies for cooking (%)
49,58,Population with access to clean fuels
49,59,and technologies for cooking
49,60,Population without access to clean fuels
49,61,and technologies for cooking
49,62,2000
49,63,2005
49,64,2010
49,65,2015
49,66,2020
49,67,0
49,68,0
49,69,1000
49,70,2000
49,71,3000
49,72,4000
49,73,5000
49,74,6000
49,75,7000
49,76,8000
49,77,10
49,78,20
49,79,30
49,80,40
49,81,50
49,82,60
49,83,70
49,84,80
49,85,100
49,86,90
49,87,Health-related Sustainable Development Goals
49,88,39
50,1,"In terms of ambient air pollution, SDG indicator"
50,2,11.6.2 tracks the annual average concentration of fine
50,3,"particulate matter in urban areas. Globally, air quality"
50,4,levels for particulate matter are still more than six times
50,5,the recommended level for protecting public health
50,6,"according to the WHO air quality guidelines, which is set"
50,7,at the annual mean of 5 μg/m3. Nearly all populations
50,8,"in HICs, LICs and MICs are exposed to unsafe levels of air"
50,9,"pollution. However, the proportion of population in LICs"
50,10,and MICs exposed to levels above the interim target 4
50,11,"(annual mean of 10 μg/m3) is twice that in HICs, at 93.5%"
50,12,"and 47.1%, respectively. The proportion of population in"
50,13,LICs and MICs exposed to levels exceeding interim target
50,14,1 (annual mean of 35 μg/m3) is over 10 times that in
50,15,"HICs (42.0% and 3.7%, respectively). In addition, people"
50,16,living in LICs and MICs are less likely to have air quality
50,17,standards that can protect them. The recent publication
50,18,of the WHO air quality standard database shows that
50,19,only 32% of LICs and MICs (17 countries) have annual fine
50,20,particulate matter (PM2.5) standards while 76% of HICs
50,21,(44 countries) have such protective standards (40).
50,22,2.3.4 Risks to girls’ and
50,23,women’s health
50,24,Adolescent pregnancy
50,25,Adolescent pregnancy is a worldwide issue with
50,26,"significant health, social and economic impacts. Teenage"
50,27,"mothers aged 10–19 years face higher risks of eclampsia,"
50,28,puerperal endometritis and systemic infections than
50,29,"women aged 20–24 years, and babies of teenage mothers"
50,30,"face higher risks of low birth weight, preterm birth and"
50,31,severe neonatal conditions.
50,32,The global adolescent birth rate (ABR; SDG indicator
50,33,"3.7.2) among girls aged 15–19 years declined by 17%,"
50,34,from 45.9 births per 1000 girls in 2015 to 38.3 births per
50,35,1000 girls in 2024. The global ABR among girls aged
50,36,"10–14 years fell at almost double the rate, with a 31%"
50,37,decline from 1.5 births per 1000 girls in 2015 to 1.0 birth
50,38,"per 1000 girls in 2024. While this decline is encouraging,"
50,39,there were still far too many births among adolescent
50,40,"mothers in 2024, accounting for about 9.4% of all births"
50,41,globally (41).
50,42,"Progress is uneven among regions (Fig. 2.17), as well"
50,43,as among and within countries. The African Region
50,44,continued to have the highest ABR in both adolescent age
50,45,"groups (10–14 years and 15–19 years). In 2024, the ABR"
50,46,among girls aged 15–19 years was 90.5 births per 1000
50,47,"girls, over eight times that of the region with the lowest"
50,48,"ABR, the Western Pacific Region. The gaps in ABR among"
50,49,girls aged 10–14 years were even larger: at 3.0 births per
50,50,"1000 girls, it was 35 times that of the regions with the"
50,51,"lowest ABR, the European Region. By region and age"
50,52,"group, the biggest relative reduction in ABR occurred in"
50,53,"the South-East Asia Region, where ABR among girls aged"
50,54,"10–14 years fell by 61%, from 0.8 births per 1000 girls in"
50,55,2015 to 0.3 births per 1000 girls in 2024 (41).
50,56,120
50,57,100
50,58,80
50,59,60
50,60,40
50,61,20
50,62,0
50,63,16%
50,64,AFR
50,65,17% Global
50,66,29% AMR
50,67,19%EMR
50,68,39% EUR
50,69,26%SEAR
50,70,37% WPR AFR AMR
50,71,2015
50,72,2024
50,73,Births per 1000 girls
50,74,4.5
50,75,4
50,76,3.5
50,77,3
50,78,2.5
50,79,2
50,80,1.5
50,81,1
50,82,0.5
50,83,0
50,84,29%
50,85,41%
50,86,EMR
50,87,27% WPR
50,88,12% EUR
50,89,38%SEAR
50,90,61%
50,91,31%Global
50,92,2015
50,93,2024
50,94,Births per 1000 girls
50,95,Births per 1000 girls
50,96,"Figure 2.17 Adolescent birth rate, globally and by WHO region, 2015–2024"
50,97,15–19 years 10–14 years
50,98,AFR: African Region; AMR; Region of the Americas; EMR: Eastern Mediterranean Region; EUR: European region; SEAR: South-East Asia Region; WPR: Western
50,99,Pacific Region.
50,100,Note: The regions are shown in descending order of the adolescent birth rate (ABR) in 2024. Values shown above the 2024 bars denote the relative reduction of ABRs
50,101,between 2015 and 2024.
50,102,Source: World population prospects 2024 (41).
50,103,"World health statistics 2025: monitoring health for the SDGs, Sustainable Development Goals"
50,104,40
51,1,Violence against women
51,2,Violence against women and girls – particularly intimate
51,3,partner violence (IPV) and sexual violence – is a violation
51,4,of human rights and a major public health problem.
51,5,Such violence often has devastating impacts on the lives
51,6,"and well-being of the victims, as well as their children"
51,7,and families.
51,8,"According to the latest available global estimates, in"
51,9,"2018 over a quarter (26%, UI: 22–30%) of ever-partnered"
51,10,women aged 15 years or older had experienced IPV at
51,11,least once in their lifetime (SDG indicator 5.2.1) and 10%
51,12,(UI: 8–12%) in the past 12 months (42). There has been
51,13,insufficient progress in reducing IPV against women and
51,14,girls since 2000 (43).
51,15,"In 2018, an estimated 6% (UI: 4–9%) of all women globally"
51,16,had been subjected to non-partner sexual violence in
51,17,their lifetime since the age of 15 (SDG indicator 5.2.2). The
51,18,true prevalence is likely to be much higher (42).
51,19,Population-based surveys which record survivors’
51,20,responses provide the best information to measure
51,21,"prevalence of IPV and sexual violence. However, even"
51,22,"such surveys often have limitations, such as variations"
51,23,"in case definitions and recall periods, stigma and"
51,24,repercussions associated with the disclosure of violence
51,25,"against women, and limited data collection from women"
51,26,aged 50 years and older.
51,27,2.4 Universal health coverage and
51,28,health systems
51,29,2 Service coverage indicators (scale of 0–100) with a global baseline of 2000 and a latest available of 2019 or later.
51,30,Universal health coverage aims to ensure that all
51,31,individuals and communities have access to the quality
51,32,health services they need without suffering financial
51,33,hardship. When more people have access to affordable
51,34,"quality health services, it leads to better overall public"
51,35,"health and living standards, including, but not limited"
51,36,"to, improved life expectancy, lower rates of preventable"
51,37,diseases and lower rates of poverty due to medical costs.
51,38,2.4.1 Service delivery
51,39,"To achieve UHC and improve health outcomes, health"
51,40,systems need strong service delivery mechanisms that
51,41,"ensure comprehensive service coverage, a capable"
51,42,health workforce and adherence to international
51,43,health regulations (IHRs) to address both routine and
51,44,emergency health needs.
51,45,Service coverage
51,46,While gains in UHC service coverage index (UHC SCI; SDG
51,47,indicator 3.8.1) have been observed globally over the past
51,48,"two decades, progress has slowed in recent years (44)."
51,49,The UHC SCI is composed of 14 tracer indicators selected
51,50,as a manageable subset to represent overall coverage.
51,51,These indicators are organized into four domains:
51,52,"reproductive, maternal, newborn and child health"
51,53,(RMNCH); infectious diseases; NCDs; and service capacity
51,54,and access.
51,55,The progress made in the UHC SCI has not been even
51,56,across domains (44). Figure 2.18 shows the change since
51,57,2000 in UHC SCI and selected tracers or related health
51,58,"SDG service coverage indicators.2 Globally, service"
51,59,coverage tracer indicators improved by a range of 3–75
51,60,percentage points from 2000 to the latest available year
51,61,(2019–2024). There remains significant scope for progress
51,62,"in the area of NCDs, which contribute to the largest"
51,63,proportion of disease burden globally. Hypertension and
51,64,diabetes treatment coverage (age-standardized) remains
51,65,below 50% of the target population globally (42% and
51,66,"40% in 2019 and 2022, respectively) and progress needs"
51,67,"to be accelerated (14,15,18,31,35,44–48)."
51,68,Health-related Sustainable Development Goals
51,69,41
52,1,"Figure 2.18 Universal health coverage service coverage index (UHC SCI) and selected tracers globally, 2000 and"
52,2,latest available year (2019–2024)
52,3,"ART: Antiretroviral therapy; DTP3: diphtheria, tetanus toxoid and pertussis vaccination; TB: tuberculosis."
52,4,"a Diabetes treatment will be a UHC SCI tracer in the next round of reporting, see Box 2.2 for more information."
52,5,"Source: Sanitation (35), UHC SCI (44), ART (14,15), TB (18), hypertension (45), diabetes (46), tobacco (31), family planning (47), DTP3 (48)."
52,6,"In the domain of RMNCH, the proportion of women of"
52,7,reproductive age having their need for family planning
52,8,met with modern methods (SDG indicator 3.7.1) has seen
52,9,a modest improvement of an average of 1.2 percentage
52,10,"points in the each of the last two decades globally, with"
52,11,no WHO region reaching universal coverage (range
52,12,58.1–87.3%) in 2024 (47). The global proportion of births
52,13,attended by skilled health personnel (SDG indicator 3.1.2)
52,14,increased by 26 percentage points between 2000 and
52,15,"2024, to 87%. As of 2024, the WHO Region of the Americas"
52,16,and Western Pacific and European Regions have achieved
52,17,"universal or nearly universal coverage, while only 74% of"
52,18,"births are attended by a medical doctor, nurse or midwife"
52,19,in the WHO African Region (49).
52,20,Vaccination rates of all four childhood vaccines tracked
52,21,within SDG indicator 3.b.13 stagnated or declined
52,22,between 2020 and 2022. For third dose diphtheria-
52,23,"pertussis-tetanus containing vaccine (DTP3), which is"
52,24,"a useful marker of vaccination system functioning, in"
52,25,2023 vaccination rates had still not fully returned to
52,26,"their 2019 pre-pandemic level, suggesting substantial"
52,27,residual dysfunction in global vaccine delivery systems.
52,28,"Vaccination rates for the other three vaccines increased,"
52,29,although this was partially due to new introductions.
52,30,"3 Diphtheria–tetanus–pertussis (DTP3), measles-containing-vaccine second-dose (MCV2), pneumococcal conjugate 3rd dose (PCV3) and human papillomavirus"
52,31,(HPV) vaccine.
52,32,"Globally, DTP3 still has the highest coverage of the four"
52,33,"vaccines, at 84% in 2023."
52,34,The WHO Region of the Americas has the highest
52,35,coverage of the human papillomavirus (HPV) vaccination
52,36,"among girls aged 9–14 years, reaching 55% within"
52,37,"18 years of introduction of the vaccine. However, globally"
52,38,"HPV coverage remains low, meaning millions of girls"
52,39,will remain susceptible to cervical cancer over their
52,40,"lifetimes. Among WHO regions, the European Region"
52,41,has the highest uptake of third dose pneumococcal
52,42,"conjugate vaccine (PCV3), with coverage at 86% in 2023."
52,43,"In 2023, the WHO European and Western Pacific Regions"
52,44,had DTP3 and measles-containing-vaccine second-dose
52,45,"(MCV2) coverage of 90% or higher, and the South-East"
52,46,"Asia Region reached 90% for DTP3 (48). However, the 90%"
52,47,global target set by the Immunization Agenda is unlikely
52,48,to be met for any of these vaccinations if current trends
52,49,continue (50).
52,50,Data collected from about 20 countries between 2015
52,51,and 2018 on treatment for alcohol and drug use disorders
52,52,(SDG indicator 3.5.1) indicate a median contact coverage
52,53,"of 3.2% and 10.0%, respectively. About 40% of the"
52,54,145 countries who responded to Global Survey 2019 on
52,55,Progress on SDG health target 3.5 do not collect any data
52,56,0
52,57,20
52,58,40
52,59,60
52,60,80
52,61,100
52,62,2000
52,63,Latest available year
52,64,(2019–2024)
52,65,Demand for family
52,66,planning satisfied
52,67,DTP3 immunization
52,68,ART coverage among
52,69,people living with HIV
52,70,TB treatment
52,71,Diabetes treatmentᵃ
52,72,Prevalence of
52,73,tobacco non-use
52,74,UHC SCI
52,75,Population using at
52,76,least basic sanitation
52,77,services
52,78,Hypertension
52,79,treatment
52,80,"World health statistics 2025: monitoring health for the SDGs, Sustainable Development Goals"
52,81,42
53,1,on service provision and service utilization for treatment
53,2,of alcohol and drug use disorders (51). Alcohol and
53,3,"drug use are risk factors for multiple health conditions,"
53,4,"such as cardiovascular diseases, liver diseases, cancer,"
53,5,"respiratory diseases, injuries and mental health disorders,"
53,6,all of which contribute to NCD-related morbidity and
53,7,mortality (52).
53,8,Surveys are essential for gathering population health
53,9,"data, including, but not limited to, fertility rates, nutrition,"
53,10,child health and disease prevalence. The data collected
53,11,"by surveys support informing health policy, improving"
53,12,health systems and identifying emerging health issues
53,13,(see Box 2.1).
53,14,Box 2.1 Demographic and Health Surveys in universal health coverage service
53,15,coverage index (UHC SCI)
53,16,Over half of the UHC SCI tracers use surveys such as Demographic and Health Surveys (DHS) as a data source.
53,17,The DHS programme was initiated in the early 1980s by the United States Agency for International Development
53,18,(USAID) with the aim of providing countries with reliable and timely data on critical health and demographic
53,19,"indicators. It aimed to fill a gap in data collection, particularly in developing countries where such information"
53,20,"was often lacking or outdated. The first survey was conducted in El Salvador in 1985. Since 2000, there have been"
53,21,"around 300 DHS conducted (see Fig. 2.19) (53) . The suspension of USAID funding delays crucial public health data,"
53,22,resulting in the short-term in an evidence gap to allocate resources and develop policies. Without immediate
53,23,"actions to replace this data collection, the evidence gap will lead to less effective health interventions and"
53,24,widening health disparities. As statistical offices and ministries of health develop a strategy to mitigate the loss
53,25,"of the DHS, other questionnaires such as the WHO World Health Survey Plus (54) can guide comprehensive data"
53,26,collection to monitor progress towards population health targets and health-related SDGs.
53,27,Figure 2.19 Number of demographic and health surveys conducted by DHS programme by
53,28,"country, 2000–2024"
53,29,Note: Includes all survey types with data available as of 27 March 2025.
53,30,Source: DHS (53).
53,31,Health-related Sustainable Development Goals
53,32,43
54,1,Health workforce
54,2,Health workers are crucial for achieving UHC. Their role
54,3,"goes beyond providing medical care: an ample, well-"
54,4,trained and properly distributed workforce ensures that
54,5,"health services are accessible, effective and of good"
54,6,"quality for all, regardless of income or place of residence."
54,7,The estimated global stock of health workers exceeds
54,8,"70 million in 2023, with the five occupations included"
54,9,"in SDG target 3.c (dentists, medical doctors, midwifery"
54,10,"personnel, nursing personnel and pharmacists)"
54,11,accounting for 52 million (55). Data for 2023 show a 26%
54,12,"increase in the density of dentists, medical doctors,"
54,13,"midwifery personnel, nursing personnel and pharmacists"
54,14,"since 2013, but with significant differences by region and"
54,15,"income group (for instance, on average, 1 for every 64"
54,16,people in HICs versus 1 for every 621 people in LICs) (56).
54,17,The estimated global shortage of 15.4 million health
54,18,workers in 2020 decreased to 14.7 million in 2023. The
54,19,projected 2030 shortage of 11.1 million shows slow
54,20,"progress in closing the gap (Fig. 2.20), with the WHO"
54,21,African and Eastern Mediterranean Regions projected
54,22,to bear nearly 70% of the shortage. HICs and upper-
54,23,"middle-income countries (UMICs), which account for"
54,24,53% of the global population and 80% of workers in the
54,25,"five occupations under SDG target 3.c, have the highest"
54,26,"densities of health workers. Nevertheless, these countries"
54,27,will likely need to recruit 8.4 million additional health
54,28,workers by 2030 to maintain density levels and meet
54,29,"the rising demands of growing and ageing populations,"
54,30,potentially accelerating international migration of
54,31,health workers.
54,32,Health workforce shortage (millions)
54,33,-
54,34,10
54,35,8
54,36,6
54,37,4
54,38,2
54,39,12
54,40,14
54,41,16
54,42,18
54,43,20
54,44,2013
54,45,2020
54,46,2023
54,47,2030
54,48,11%
54,49,42%
54,50,30%
54,51,4%
54,52,35%
54,53,15%
54,54,43%
54,55,4%
54,56,37%
54,57,16%
54,58,3%
54,59,40%
54,60,24%
54,61,18%
54,62,0%
54,63,51%
54,64,African
54,65,Region
54,66,Region
54,67,of the
54,68,Americas
54,69,Eastern
54,70,Mediterranean
54,71,Region
54,72,European
54,73,Region
54,74,South-East
54,75,Asia Region
54,76,Western
54,77,Pacific
54,78,Region
54,79,1%
54,80,1%
54,81,3%
54,82,12%
54,83,4%
54,84,1%
54,85,3%
54,86,4%
54,87,"Figure 2.20 Distribution of the global health workforce shortage by WHO region (for 2013, 2020 and 2023, and"
54,88,projected for 2030)
54,89,Note: Percentages represent the relative share of the global health workforce shortage.
54,90,Source: NHWA (56).
54,91,"World health statistics 2025: monitoring health for the SDGs, Sustainable Development Goals"
54,92,44
55,1,International health regulations
55,2,IHRs are essential to service delivery as they ensure
55,3,countries have the necessary capacities within their
55,4,"health systems to prevent, prepare, detect in a timely"
55,5,manner and respond to public health emergencies.
55,6,IHRs therefore contribute to global health resilience and
55,7,the achievement of sustainable health outcomes for
55,8,all populations.
55,9,IHRs States Parties self-assessment annual reporting tool
55,10,"(SPAR) second edition (57), which assesses 15 capacities,"
55,11,was launched in 2021 and is in its fourth year of reporting.
55,12,"Globally, the capacities average (SDG target 3.d.1) has"
55,13,wavered around 64% between 2021 and 2024. The three
55,14,main achievement and challenges capacities measured
55,15,by SPAR (Fig. 2.21) have changed minimally (1 point)
55,16,"globally, with the exception of challenge C1 (Policy, legal"
55,17,"and normative instruments to implement IHR), which"
55,18,improved by 3 points globally and by 11 in the South-East
55,19,Asia Region. The WHO African Region improved its score
55,20,(from 2 to 6 points) in all three main challenges and two
55,21,of the achievements between 2021 and 2024 (58).
55,22,"Figure 2.21 Global top three challenges and achievements scores in 2024, by WHO region"
55,23,Scores: dark green: > 80; light green: 61–80; orange: 41–60; yellow: 21–40. Change from 2021: bold: increased by more than 1 point; italic: decreased by more than
55,24,1 point; not bold or italic: change is 1 point or less.
55,25,Source: eSPAR (58).
55,26,2.4.2 Health financing
55,27,"Sustainable, efficient and effective health financing"
55,28,"is critical for achieving UHC. By pooling resources,"
55,29,reducing out-of-pocket payments and ensuring financial
55,30,"protection, health financing allows countries to provide"
55,31,equitable access to quality health care for all populations.
55,32,Financial protection
55,33,The financial protection dimension of UHC is achieved
55,34,when there are no financial barriers to accessing needed
55,35,"health services and goods, and out-of-pocket (OOP)"
55,36,health spending is not a source of financial hardship.
55,37,SDG indicator 3.8.2 measures the proportion of people
55,38,experiencing catastrophic OOP health spending. The
55,39,latest data show that the global proportion of the
55,40,population spending more than 10% of their household
55,41,"budget on health OOP increased from 2000 to 2019,"
55,42,"reaching 13.5%, while the global proportion of the"
55,43,population spending more than 25% reached 3.8%.
55,44,It is also important to track how many people are
55,45,impoverished or further impoverished by OOP health
55,46,"spending, as even relatively small OOP payments can"
55,47,threaten the living standards of people living near or in
55,48,"poverty. In 2019, some 344 million people were pushed"
55,49,or further pushed into extreme poverty by OOP health
55,50,"spending, while 13.5% of the global population spent"
55,51,more than 10% of their household budget on OOP
55,52,payments for health. The proportion of people facing
55,53,impoverishing OOP spending at the extreme poverty
55,54,line declined from 22.2% in 2000 to 4.4% in 2019. In
55,55,"contrast, the share at the relative poverty line rose from"
55,56,11.8% in 2000 to 16.7% in 2019 (Fig. 2.22). These trends
55,57,suggest that while OOP health spending was less likely
55,58,"to push people into extreme poverty by 2019, it still"
55,59,disproportionately affected those in the lower income
55,60,brackets (44).
55,61,Top global challenges
55,62,Global
55,63,African
55,64,Region
55,65,Region of
55,66,the Americans
55,67,South-East
55,68,Asia Region
55,69,European
55,70,Region
55,71,Eastern
55,72,Mediterranean
55,73,Region
55,74,Western
55,75,Pacific
55,76,Region
55,77,C14 Chemical events 53 35 51 53 69 55 53
55,78,"C1 Policy, legal and normative instruments to implement IHR 55 38 55 61 64 61 62"
55,79,C15 Radiation emergencies 57 38 53 55 77 67 47
55,80,Top global achievements
55,81,C5 Surveillance 80 73 79 83 85 80 79
55,82,C7 Health emergency management 71 60 74 75 75 69 76
55,83,C8 Health services provision 71 56 73 78 79 75 73
55,84,Health-related Sustainable Development Goals
55,85,45
56,1,Figure 2.22 Trends in the incidence of impoverishing health spending at the extreme and relative poverty lines
56,2,"globally, 2000–2019"
56,3,Source: WHO and World Bank (44).
56,4,% of the global population
56,5,5
56,6,0
56,7,2000
56,8,at 2017 purchasing power parity US$ 2.15 a day poverty line
56,9,at relative poverty line
56,10,2001
56,11,2002
56,12,2003
56,13,2004
56,14,2005
56,15,2006
56,16,2007
56,17,2008
56,18,2009
56,19,2010
56,20,2011
56,21,2012
56,22,2013
56,23,2014
56,24,2015
56,25,2016
56,26,2017
56,27,2018
56,28,2019
56,29,10
56,30,15
56,31,20
56,32,25
56,33,22.2%
56,34,"(1,365 million)"
56,35,"(1,295 million)"
56,36,(344 million)
56,37,(752 million)
56,38,18.0%
56,39,11.9%
56,40,11.8%
56,41,13.7%
56,42,14.3%
56,43,15.6%
56,44,8.3%
56,45,6.2%
56,46,4.4%
56,47,16.7%
56,48,15.8%
56,49,Domestic and international funding
56,50,"Domestic public funds provide long-term sustainability,"
56,51,"equity and a foundation for health systems, while"
56,52,"international funds address funding gaps, support global"
56,53,initiatives and bring innovation to health care delivery.
56,54,The increase in the prioritization of health within general
56,55,government spending seen in 2020 and 2021 (the health
56,56,component of SDG indicator 1.a.2) among middle-
56,57,"and high-income groups was not sustained in 2022,"
56,58,"and even declined slightly in LICs, LMICs and UMICs."
56,59,"However, the share of health expenditure within total"
56,60,government spending remained higher in 2022 than in
56,61,2019 in all income groups (59). Government funding is
56,62,essential to subsidize health services and ensure they
56,63,"are affordable for everyone, including low-income or"
56,64,vulnerable populations.
56,65,Development assistance to medical research is vital for
56,66,addressing both emerging health challenges and
56,67,"ongoing diseases, particularly in LICs and MICs, where the"
56,68,basic health portion addresses fundamental health-care
56,69,"needs that are critical to UHC. In 2023, LICs received the"
56,70,highest weighted average ODA per capita (SDG indicator
56,71,"3.b.2), at US$ 6.04, compared with US$ 0.88 and US$ 0.43"
56,72,"for the LMICs and UMICs, respectively. However, ODA"
56,73,varies significantly by country; the five countries with
56,74,the highest per capita ODA are mostly island states in the
56,75,middle- and high-income groupings (60).
56,76,Since the global indicator framework for SDGs was
56,77,"agreed in 2017 (61), challenges including the rising"
56,78,"burden of NCDs, the impact of global health crises like the"
56,79,"COVID-19 pandemic, workforce shortages and financial"
56,80,"sustainability, have increased. Indicators used to monitor"
56,81,"UHC need to adapt to the changing world, improvements"
56,82,in data availability and understanding of populations
56,83,being left behind (Box 2.2).
56,84,"World health statistics 2025: monitoring health for the SDGs, Sustainable Development Goals"
56,85,46
57,1,Box 2.2 Revising SDGs to improve monitoring of progress towards UHC
57,2,"Together, SDG indicators 3.8.1 and 3.8.2 are essential to monitoring progress towards UHC: 3.8.1 aims to assess"
57,3,"whether needed services are available and used by those in need, while 3.8.2 assesses whether people are"
57,4,financially burdened by the cost of care. The two indicators were revised as part of the Inter-Agency and Expert
57,5,Group on Sustainable Development Goal Indicators 2025 comprehensive review (62) and approved by United
57,6,Nations Statistical Commission in March 2025 (63) .
57,7,The revision of SDG indicator 3.8.1 follows the same principals as its original construction (64) but aims to update
57,8,to indicators with improved data availability for better tracking and alignment with existing SDG indicators. The
57,9,tracers were selected as a subset of overall coverage and all equally contribute to the UHC SCI. The revision will
57,10,apply weights based on the population affected by each tracer to better reflect the service burden on a health
57,11,system; the four domain areas will still equally contribute to the overall SCI.
57,12,The revision of SDG indicator 3.8.2 captures financial hardship caused by both substantial and impoverishing
57,13,"OOP health spending. Initially, the budget share definition was retained for SDG indicator 3.8.2, with a 10%"
57,14,threshold used to identify large OOP spending. This was intended to identify hardship in poorer populations.
57,15,"However, global monitoring reports on UHC have shown that many people living in poverty, who spend less"
57,16,"than 10% of their household budget on health, are still pushed or further pushed into extreme or relative"
57,17,poverty. The revised indicator is defined as the proportion of the population with OOP household expenditure
57,18,on health exceeding 40% of the household discretionary budget. A household’s discretionary budget is defined
57,19,as household total consumption expenditure or income net of the societal poverty line (SPL). The SPL is used to
57,20,assess the cost of basic needs across countries at all income levels. The discretionary budget approach takes
57,21,into account that poorer households allocate most of their resources to necessities and in effect can spend very
57,22,"little on health OOP without struggling financially, while wealthier households can spend much more before OOP"
57,23,spending leads to financial hardship.
57,24,These revisions align with the SDG principle of ensuring no one is left behind and aim to better reflect the
57,25,realities of service coverage and financial hardship across countries. The new definitions will be reflected in the
57,26,next Tracking universal health coverage: global monitoring report (65) to be published at the end of 2025.
57,27,2.5 SDG progress to date
57,28,"As the world moves closer to 2030, progress is insufficient"
57,29,to meet the health-related SDG and other global targets.
57,30,While there have been improvements for most of the
57,31,"indicators reviewed in this chapter, only one – reducing"
57,32,alcohol consumption – is on track to meet the 2030 target
57,33,at the global level. The assessment of progress in selected
57,34,health-related SDG indicators by WHO region is presented
57,35,in Annex 1. Concerted efforts are needed to accelerate
57,36,"progress and reverse regressing trends globally, as well"
57,37,"as at regional, country and community levels."
57,38,Health-related Sustainable Development Goals
57,39,47
58,1,References
58,2,1. Trends in maternal mortality estimates 2000 to 2023:
58,3,"estimates by WHO, UNICEF, UNFPA, World Bank Group"
58,4,and UNDESA/Population Division. Geneva: World Health
58,5,Organization; 2025. Licence CC BY-NC-SA 3.0 IGO.
58,6,2. Work of the Statistical Commission pertaining to the
58,7,2030 Agenda for Sustainable Development: resolution/
58,8,adopted by the General Assembly. New York: United
58,9,Nations; 2017 (A/RES/71/313; https://digitallibrary.un.org/
58,10,record/1291226?v=pdf).
58,11,3. United Nations Inter-agency Group for Child Mortality
58,12,Estimation (UN IGME). Levels & trends in child mortality:
58,13,report 2024 – estimates developed by the United Nations
58,14,Inter-agency Group for Child Mortality Estimation. New York:
58,15,United Nations Children’s Fund; 2025.
58,16,4. Global health estimates 2021. Geneva: World Health
58,17,Organization; 2024 (https://www.who.int/data/global-health-
58,18,"estimates, accessed on 19 February 2025)."
58,19,5. Global status report on road safety 2023. Geneva:
58,20,World Health Organization; 2023 (https://iris.who.int/
58,21,handle/10665/375016). Licence: CC BY-NC-SA 3.0 IGO.
58,22,6. Improving global road safety: resolution/adopted
58,23,by the General Assembly. New York: United Nations;
58,24,2020 (A/RES/74/299; https://digitallibrary.un.org/
58,25,record/3879711?ln=zh_CN&v=pdf).
58,26,7. Air pollution: impact. World Health Organization; 2025
58,27,"(https://www.who.int/health-topics/air-pollution#tab=tab_2,"
58,28,accessed on 2 March 2025).
58,29,8. Ambient (outdoor) air pollution [fact sheet]. World Health
58,30,Organization; 24 October 2024 (https://www.who.int/news-
58,31,room/fact-sheets/detail/ambient-(outdoor)-air-quality-and-
58,32,health).
58,33,9. Household air pollution [fact sheet]. World Health
58,34,Organization; 16 October 2024 (https://www.who.int/news-
58,35,room/fact-sheets/detail/household-air-pollution-and-health).
58,36,"10. Burden of disease attributable to unsafe drinking-water,"
58,37,"sanitation and hygiene, 2019 update. Geneva: World Health"
58,38,Organization; 2023. Licence: CC BY-NC-SA 3.0 IGO.
58,39,11. Mortality rate attributed to exposure to unsafe WASH services
58,40,(per 100 000 population) (SDG 3.9.2). In: The Global Health
58,41,Observatory [website]. World Health Organization; (https://
58,42,www.who.int/data/gho/data/indicators/indicator-details/
58,43,GHO/mortality-rate-attributed-to-exposure-to-unsafe-wash-
58,44,"services-(per-100-000-population)-(sdg-3-9-2), accessed on"
58,45,2 March 2025).
58,46,"12. HIV statistics, globally and by WHO region, 2024 [fact sheet]."
58,47,Geneva: World Health Organization; 2024 (https://www.who.
58,48,int/teams/global-hiv-hepatitis-and-stis-programmes/hiv/
58,49,strategic-information/hiv-data-and-statistics).
58,50,13. The urgency of now: AIDS at a crossroads. 2024 global AIDS
58,51,update. Geneva: Joint United Nations Programme on HIV/
58,52,AIDS; 2024 (https://www.unaids.org/sites/default/files/
58,53,media_asset/2024-unaids-global-aids-update_en.pdf).
58,54,14. HIV. The global health observatory [online database]. Geneva:
58,55,World Health Organization; (https://www.who.int/data/gho/
58,56,"data/themes/hiv-aids, accessed on 26 March 2025)."
58,57,15. AIDSinfo [online database]. Geneva: Joint United Nations
58,58,Programme on HIV/AIDS (UNAIDS); (http://aidsinfo.unaids.
58,59,"org, accessed on 26 March 2025)."
58,60,"16. Global AIDS strategy 2021–2026. End inequalities, end AIDS."
58,61,Geneva: Joint United Nations Programme on HIV/AIDS; 2021
58,62,(https://www.unaids.org/sites/default/files/media_asset/
58,63,global-AIDS-strategy-2021-2026_en.pdf).
58,64,17. The end TB strategy. Geneva: World Health Organization;
58,65,2015 (WHO/HTM/TB/2015.19; https://iris.who.int/
58,66,handle/10665/331326).
58,67,18. Global tuberculosis report 2024. Geneva: World
58,68,Health Organization; 2024 (https://iris.who.int/
58,69,handle/10665/379339). Licence: CC BY-NC-SA 3.0 IGO.
58,70,19. World malaria report 2024: addressing inequity in the global
58,71,malaria response. Geneva: World Health Organization; 2024
58,72,(https://iris.who.int/handle/10665/379751). Licence: CC BY-
58,73,NC-SA 3.0 IGO.
58,74,"20. Global technical strategy for malaria 2016–2030, 2021 update."
58,75,Geneva: World Health Organization; 2021 (https://iris.who.int/
58,76,handle/10665/342995).
58,77,21. Global hepatitis report 2024: action for access in low- and
58,78,middle-income countries. Geneva: World Health Organization;
58,79,2024. Licence: CC BY-NC-SA 3.0 IGO.
58,80,22. WHO. Hepatitis B vaccination coverage [database]. World
58,81,Health Organization; 2022 (https://immunizationdata.
58,82,who.int/global/wiise-detail-page/hepatitis-b-
58,83,vaccination-coverage?CODE=Global&GROUP=WHO_
58,84,"REGIONS&ANTIGEN=HEPB_BD&YEAR=, accessed on 2 March"
58,85,2025).
58,86,"23. Guidelines for the prevention, diagnosis, care and treatment"
58,87,for people with chronic hepatitis B infection. Geneva: World
58,88,Health Organization; 2024. Licence: CC BY-NC-SA 3.0 IGO.
58,89,24. Neglected tropical diseases. The global health observatory
58,90,[online database]. Geneva: World Health Organization;
58,91,(https://www.who.int/data/gho/data/themes/neglected-
58,92,"tropical-diseases, accessed on 26 March 2025)."
58,93,25. Ending the neglect to attain the Sustainable Development
58,94,Goals: a sustainability framework for action against
58,95,neglected tropical diseases 2021–2030. Geneva:
58,96,World Health Organization; 2021 (https://iris.who.int/
58,97,handle/10665/338886). Licence: CC BY-NC-SA 3.0 IGO.
58,98,"26. WHO bacterial priority pathogens list, 2024: bacterial"
58,99,"pathogens of public health importance to guide research,"
58,100,development and strategies to prevent and control
58,101,antimicrobial resistance. Geneva: World Health Organization;
58,102,2024. Licence: CC BY-NC-SA 3.0 IGO.
58,103,27. GLASS dashboard [online database]. Geneva: World Health
58,104,Organization; [in press]; (https://worldhealthorg.shinyapps.
58,105,io/glass-dashboard/_w_ad3df80a/#!/home).
58,106,"28. United Nations Children’s Fund, World Health Organization,"
58,107,International Bank for Reconstruction and Development/
58,108,The World Bank. Levels and trends in child malnutrition: key
58,109,findings of the 2025 edition of the joint child malnutrition
58,110,estimates. Geneva: World Health Organization; 2025 [in
58,111,press]. Licence: CC BY-NC-SA 3.0 SA.
58,112,29. Discussion paper: 2025–2030 World Health Assembly
58,113,"global maternal, infant and young child nutrition targets"
58,114,and proposal for process indicators. Geneva: World Health
58,115,"Organization, 2024 (https://cdn.who.int/media/docs/default-"
58,116,source/nutrition-and-food-safety/discussion-paper-
58,117,2025-2030-wha-nutrition-targets.pdf?sfvrsn=9fe91c03_8).
58,118,"30. WHO global anaemia estimates, 2025 edition. Geneva: World"
58,119,Health Organization; 2025 [in press]. (https://www.who.int/
58,120,data/gho/data/themes/topics/anaemia_in_women_and_
58,121,children).
58,122,"World health statistics 2025: monitoring health for the SDGs, Sustainable Development Goals"
58,123,48
59,1,31. WHO global report on trends in prevalence of tobacco use
59,2,2000–2030. Geneva: World Health Organization; 2024 (https://
59,3,iris.who.int/handle/10665/375711). Licence: CC BY-NC-SA 3.0
59,4,IGO.
59,5,32. Follow-up to the high-level meetings of the United Nations
59,6,General Assembly on health-related issues: prevention and
59,7,control of noncommunicable diseases: report by the Director-
59,8,General. Geneva: World Health Organization; 2019 (A72/19;
59,9,https://iris.who.int/handle/10665/328648).
59,10,33. Global alcohol action plan 2022–2030. Geneva: World
59,11,Health Organization; 2024. (https://iris.who.int/
59,12,handle/10665/376939). Licence: CC BY-NC-SA 3.0 IGO
59,13,34. WHO global information system on alcohol and health. The
59,14,global health observatory [online database]. Geneva: World
59,15,Health Organization; 2025 [in press]. (https://www.who.
59,16,int/data/gho/data/themes/global-information-system-on-
59,17,alcohol-and-health).
59,18,"35. Progress on household drinking water, sanitation and"
59,19,hygiene 2000–2022: special focus on gender. New York: United
59,20,Nations Children’s Fund and World Health Organization; 2023
59,21,(https://washdata.org/reports/jmp-2023-wash-households).
59,22,36. Progress on the proportion of domestic and industrial
59,23,wastewater flows safely treated – mid-term status of SDG
59,24,"indicator 6.3.1 and acceleration needs, with a special"
59,25,"focus on climate change, wastewater reuse and health."
59,26,United Nations Human Settlements Programme and
59,27,World Health Organization; 2024 (https://iris.who.int/
59,28,handle/10665/379601). Licence: CC BY-NC-SA 3.0 IGO.
59,29,37. SDG 6.3.1 proportion of safely treated domestic wastewater
59,30,flows. In: The Global health Observatory [website]. Geneva:
59,31,World Health Organization; 2025 [in press]. (https://www.
59,32,who.int/data/gho/data/indicators/indicator-details/GHO/
59,33,WSH_DOMESTIC_WASTE_SAFELY_TREATED).
59,34,38. CRS: Creditor Reporting System (flows) [cloud replica].
59,35,In: OECD data explorer [website]. Paris: Organisation for
59,36,Economic Co-operation and Development; 2025 (https://
59,37,data-explorer.oecd.org/vis?df[ds]=DisseminateFinalBoost&
59,38,df[id]=DSD_CRS%40DF_CRS&df[ag]=OECD.DCD.FSD&dq=DA
59,39,C..1000.100._T ._T .D.Q._T ..&lom=LASTNPERIODS&lo=5&to[TI
59,40,"ME_PERIOD]=false, accessed on 22 April 2025)."
59,41,39. Air pollution data portal. The global health observatory
59,42,[online database]. Geneva: World Health Organization; 2025
59,43,[in press]. (https://www.who.int/data/gho/data/themes/air-
59,44,pollution).
59,45,"40. Air quality standards, second edition, 12 February 2025. World"
59,46,Health Organization; 2025 (https://www.who.int/tools/air-
59,47,quality-standards).
59,48,"41. World population prospects 2024: special aggregates, UN-"
59,49,related groups. Online edition. New York: United Nations
59,50,"Department of Economic and Social Affairs, Population"
59,51,Division; 2024 (https://population.un.org/wpp/).
59,52,"42. Violence against women prevalence estimates, 2018: global,"
59,53,regional and national prevalence estimates for intimate
59,54,partner violence against women and global and regional
59,55,prevalence estimates for non-partner sexual violence against
59,56,women. Geneva: World Health Organization; 2021 (https://iris.
59,57,who.int/handle/10665/341337). Licence: CC BY-NC-SA 3.0 IGO.
59,58,43. The Sustainable Development Goals report 2023: special
59,59,edition: towards a rescue plan for people and planet. New
59,60,York: United Nations; 2023 (https://unstats.un.org/sdgs/
59,61,report/2023/).
59,62,44. Tracking universal health coverage: 2023 global monitoring
59,63,"report. Geneva: World Health Organization, International"
59,64,Bank for Reconstruction and Development / The World Bank;
59,65,2023 (https://iris.who.int/handle/10665/374059).
59,66,"45. Zhou B, Carrillo-Larco RM, Danaei G, Riley LM, Paciorek"
59,67,"CJ, Stevens GA et al. Worldwide trends in hypertension"
59,68,prevalence and progress in treatment and control from
59,69,1990 to 2019: a pooled analysis of 1201 population-
59,70,representative studies with 104 million participants. Lancet.
59,71,2021;398(10304):957–980 (https://doi.org/10.1016/S0140-
59,72,6736(21)01330-1).
59,73,"46. Zhou B, Rayner AW, Gregg EW, Sheffer KE, Carrillo-Larco RM,"
59,74,Bennett JE et al. Worldwide trends in diabetes prevalence
59,75,and treatment from 1990 to 2022: a pooled analysis of
59,76,1108 population-representative studies with 141 million
59,77,participants. Lancet. 2024;404(10467):2077–2093 (https://doi.
59,78,org/10.1016/S0140-6736(24)02317-1).
59,79,47. Estimates and projections of family planning indicators 2024.
59,80,"New York: United Nations, Department of Economic and"
59,81,"Social Affairs, Population Division; 2024 (https://www.un.org/"
59,82,development/desa/pd/data/family-planning-indicators).
59,83,48. Immunization dashboard: global [WHO/UNICEF estimates
59,84,"of national immunization coverage (WUENIC), 2024 revision]"
59,85,"[website]. Geneva: World Health Organization, United Nations"
59,86,"Children’s Fund; 2024 (https://immunizationdata.who.int/,"
59,87,accessed on 27 March 2025).
59,88,49. Delivery care: UNICEF/WHO joint database on births attended
59,89,by skilled health personnel. New York: United Nations
59,90,Children’s Fund and World Health Organization; 2024.
59,91,50. Immunization agenda 2030: a global strategy to leave no one
59,92,behind. Geneva: World Health Organization; 2020 (https://
59,93,www.who.int/teams/immunization-vaccines-and-biologicals/
59,94,strategies/ia2030).
59,95,51. Global survey on progress on SDG health target 3.5 (2019).
59,96,[No publisher]; (https://cdn.who.int/media/docs/default-
59,97,source/alcohol/monitoring/survey-health3-5-2019.pdf).
59,98,52. Global status report on alcohol and health and treatment
59,99,of substance use disorders. Geneva: World Health
59,100,Organization; 2024 (https://iris.who.int/bitstream/hand
59,101,le/10665/377960/9789240096745-eng.pdf).
59,102,53. Data. In: The DHS Program [website]. (https://dhsprogram.
59,103,"com/data/, accessed on 27 March 2025)."
59,104,54. World health survey plus. World Health Organization; 2025
59,105,(https://www.who.int/data/data-collection-tools/world-
59,106,health-survey-plus).
59,107,"55. 156th Executive Board, provisional agenda item 12,"
59,108,20 December 2024. Health and care workforce: global strategy
59,109,on human resources for health: workforce 2030. Report by the
59,110,Director-General. Geneva: World Health Organization; 2024
59,111,(EB156/15; https://apps.who.int/gb/ebwha/pdf_files/EB156/
59,112,B156_15-en.pdf).
59,113,56. National health workforce accounts data portal [online
59,114,database]. Geneva: World Health Organization; (https://apps.
59,115,who.int/nhwaportal).
59,116,57. International Health Regulations (2005): States Parties self-
59,117,"assessment annual reporting tool, second edition. Geneva:"
59,118,World Health Organization; 2021 (https://cdn.who.int/media/
59,119,docs/default-source/health-security-preparedness/cap/
59,120,spar/9789240040120-eng-new.pdf). Licence: CC BY-NC-SA 3.0
59,121,IGO.
59,122,58. Electronic IHR State Parties self-assessment annual reporting
59,123,tool [online database]. Geneva: World Health Organization;
59,124,"(https://extranet.who.int/e-spar/, accessed on 27 March 2025)."
59,125,Health-related Sustainable Development Goals
59,126,49
60,1,59. Global health expenditure database [online database].
60,2,Geneva: World Health Organization; (https://apps.who.int/
60,3,"nha/database/, accessed on 7 March 2025)."
60,4,60. Official development assistance (ODA) for medical research
60,5,"and basic health sectors per capita, by recipient country."
60,6,Global observatory on health research and development
60,7,[website]. World Health Organization; (https://www.who.int/
60,8,observatories/global-observatory-on-health-research-and-
60,9,development/indicators/official-development-assistance-for-
60,10,medical-research-and-basic-health-sectors-per-capita-by-
60,11,"recipient-country, accessed on 7 March 2025)."
60,12,61. SDG indicators: global indicator framework for the
60,13,Sustainable Development Goals and targets of the 2030
60,14,Agenda for Sustainable Development. New York: United
60,15,"Nations, Department of Economic and Social Affairs; 2025"
60,16,(https://unstats.un.org/sdgs/indicators/indicators-list/).
60,17,62. IAEG-SDGs 2025 comprehensive review process. New
60,18,"York: United Nations, Department of Economic and Social"
60,19,Affairs; 2025 (https://unstats.un.org/sdgs/iaeg-sdgs/2025-
60,20,comprehensive-review).
60,21,"63. Fifty-sixth session United Nations Statistical Commission,"
60,22,Provisional agenda item 3 (e). Inter-Agency and Expert
60,23,Group on Sustainable Development Goal Indicators. Note by
60,24,Secretary-General. New York: United Nations Economic and
60,25,Social Council; 2024 (E/CN.3/2025/6; https://unstats.un.org/
60,26,UNSDWebsite/statcom/session_56/documents/2025-6-SDG-
60,27,IAEG-E.pdf).
60,28,"64. Hogan DR, Stevens GA, Hosseinpoor AR, Boerma T ."
60,29,Monitoring universal health coverage within the Sustainable
60,30,Development Goals: development and baseline data for
60,31,an index of essential health services. Lancet Glob Health.
60,32,2017;6(2):E152–E168 (http://dx.doi.org/10.1016/S2214-
60,33,109X(17)30472-2).
60,34,65. Tracking universal health coverage: 2025 global monitoring
60,35,report. Geneva: World Health Organization and International
60,36,Bank for Reconstruction and Development / The World Bank;
60,37,2025 [in press]. Licence: CC BY-NC-SA 3.0 IGO.
60,38,"World health statistics 2025: monitoring health for the SDGs, Sustainable Development Goals"
60,39,50
61,1,3
61,2,Progress in
61,3,achieving the
61,4,Triple Billion
61,5,targets
61,6,"The Triple Billion targets, a cornerstone of WHO’s Thirteenth General"
61,7,"Programme of Work (GPW13), track the collective progress by WHO"
61,8,"and its Member States in promoting, providing and protecting health"
61,9,worldwide. The latest update illustrates the progress made since
61,10,the start of GPW13 in 2018 and the key challenges particularly in the
61,11,universal health coverage and health emergencies protection billions.
62,1,"Anchored in the health-related SDGs, WHO’s GPW13"
62,2,provides a strategic roadmap to enhance health and well-
62,3,"being for all (1). More importantly, GPW13 championed"
62,4,the results framework with impact measurement at
62,5,its core to reinforce organizational accountability and
62,6,transparency. The foundation of the impact measurement
62,7,is the 46 outcome indicators centred on promoting the
62,8,"overall health and quality of life for the people, providing"
62,9,"essential health services, and protecting people from"
62,10,health emergencies. The Triple Billion targets give
62,11,strategic clarity to the impact measurement of GPW13.
62,12,By summarizing the outcome indicators into three
62,13,"ambitious, but easy to understand and communicate"
62,14,"goals, the Triple Billion targets effectively convey global"
62,15,"health priorities, motivate collective action by the global"
62,16,"community, facilitate transparency and accountability,"
62,17,and complement the strategic priorities set by WHO’s
62,18,GPW13 to address current and emerging global
62,19,health priorities.
62,20,"For GPW13, the WHO Member States aim to enable one"
62,21,billion more people achieve better health and overall
62,22,"well-being, to provide one billion more people with"
62,23,access to essential health services without incurring
62,24,"financial hardship, and to better protect one billion more"
62,25,people from health emergencies worldwide by the end
62,26,"of the GPW13, extended from 2023 to 2025. This chapter"
62,27,provides a summary of the progress made in achieving
62,28,"the Triple Billion targets with projections to 2025,"
62,29,incorporating the latest available data from the outcome
62,30,indicators at the country level.
62,31,3.1 Triple Billion targets progress
62,32,Progress towards achieving the Triple Billion targets
62,33,remains uneven (Fig. 3.1). Growth in providing essential
62,34,"health services is insufficient, with only 431 million"
62,35,more people gaining affordable health-care access by
62,36,2024 relative to the GPW13 baseline year of 2018. This
62,37,is projected to rise to 500 million by 2025 – half the
62,38,"targeted one billion. Furthermore, close to 637 million"
62,39,more individuals will be better protected from health
62,40,"emergencies by 2024. Despite significant progress, this is"
62,41,"expected only to increase to 697 million people by 2025,"
62,42,"around 30% short of the one-billion target. Remarkably,"
62,43,an estimated 1.4 billion more people will experience
62,44,"healthier lives by 2024, with 1.5 billion expected in 2025,"
62,45,"surpassing the original target of one billion. Yet, such"
62,46,progress is not enough to put the world on track to
62,47,"achieve the health-related SDGs by 2030 (2,3). Moreover,"
62,48,recent interruptions in international aid threaten to
62,49,"disrupt health services and systems, disproportionally"
62,50,impacting countries and communities with the greatest
62,51,health-care needs. Safeguarding the gains made in
62,52,achieving the Triple Billion targets is a paramount task for
62,53,the global community in the years ahead.
62,54,Health security
62,55,Prevent
62,56,Time to detect and respond
62,57,Healthier populations
62,58,Adult obesity
62,59,Clean household fuels
62,60,Mean particulates (PM 2.5)
62,61,Safely managed sanitation
62,62,Tobacco use
62,63,Financial hardship
62,64,Health workforce
62,65,HIV treatment
62,66,Water and sanitation
62,67,Net contribution
62,68,All other indicators
62,69,Universal health coverageHealthier populations Health emergencies protection
62,70,Contributions (billions)
62,71,2.0
62,72,2018 2019
62,73,1.5
62,74,1.0
62,75,0.5
62,76,-0.5
62,77,0.0
62,78,1.4
62,79,1.5
62,80,0.500.43
62,81,0.700.64
62,82,2020 2021 2022 2023 2024 2025 2018 2019 2020 2021 2022 2023 2024 2025 2018 2019 2020 2021 2022 2023 2024 2025
62,83,Universal health coverage Health emergencies protection
62,84,Figure 3.1 Progress in achieving the Triple Billion targets and estimated contributions by indicator
62,85,52
63,1,3.2 Progress in
63,2,healthier populations
63,3,Current trends indicate that the world is on track to meet
63,4,the goal of improving health and well-being for one
63,5,more billion people by 2025. Compared with the baseline
63,6,"year of 2018, some 1.5 billion people are projected to be"
63,7,living healthier lives by 2025. Such progress is primarily
63,8,"due to reduced tobacco use, improved air quality,"
63,9,"increased use of clean household fuels, and better access"
63,10,"to water, sanitation and hygiene (Fig. 3.1). Yet, at the"
63,11,"global level, significant challenges persist in the areas of"
63,12,rising rates of adult and childhood obesity.
63,13,Looking at the top contributing indicators by region
63,14,"(Fig. 3.2), the most striking features are worsening"
63,15,rates of adult obesity in the Easter Mediterranean
63,16,Region and Region of the Americas. These account for
63,17,setbacks equal to 32.5% and 62.1% of the respective
63,18,"regional net contributions. Despite these difficulties,"
63,19,substantial progress has been made. Most regions are
63,20,seeing improvements in clean household fuel use as their
63,21,"primary marker of progress, with particularly large effects"
63,22,in the African Region (67.6%) and the South-East Asia
63,23,"Region (53.1%). In both these regions, improvements in"
63,24,clean fuel use represent over half of the additional people
63,25,living healthier lives.
63,26,All regions showed substantial progress in safely
63,27,"managed sanitation, which ranked as the second most"
63,28,important contributor globally (32.7%). The top three
63,29,indicators contributing to the Triple Billion targets in
63,30,the European Region are improvements in air quality
63,31,"(38.4%), safely managed sanitation (26.1%) and tobacco"
63,32,use (22.8%). The African Region is unique in having
63,33,"safely managed water as a top contributor (14.9%),"
63,34,highlighting region-specific priorities and challenges in
63,35,water infrastructure.
63,36,Contribution (%)
63,37,–50
63,38,0
63,39,50
63,40,100
63,41,150
63,42,Universal health coverageHealthier populations Health emergencies protection
63,43,Tobacco use
63,44,Clean household fuels
63,45,Adult obesity
63,46,Safely managed sanitationMean particulates (PM 2.5)
63,47,Health security
63,48,Water and sanitation
63,49,Prevent
63,50,Time to detect and respond
63,51,HIV treatmentHealth securityHealth workforceFinancial hardship
63,52,TB treatment
63,53,Safely managed water
63,54,67.6%
63,55,26.7%
63,56,14.9%
63,57,African Region
63,58,18%
63,59,6.2%
63,60,67.5%
63,61,30.6%
63,62,1.9%
63,63,–62.1%
63,64,56.7%
63,65,33.5%
63,66,Region of the Americas
63,67,70.6%
63,68,–42.2%
63,69,–94.9%
63,70,–60.3%
63,71,55.2%
63,72,35.6%
63,73,33.5%
63,74,–32.5%
63,75,Eastern Mediterranean Region
63,76,25.3%
63,77,7.5%
63,78,151.4%
63,79,–83.8%
63,80,32.5%
63,81,38.4%
63,82,26.1%
63,83,22.8%
63,84,European Region
63,85,66.2%
63,86,–13%
63,87,92%
63,88,7.8%
63,89,0.2%
63,90,53.1%
63,91,28.9%
63,92,14.4%
63,93,South-East Asia Region
63,94,37.5%
63,95,17%
63,96,66.2%
63,97,18.9%
63,98,14.9%
63,99,45.6%
63,100,38.8%
63,101,18.2%
63,102,Western Pacific Region
63,103,65.4%
63,104,–29.7%
63,105,23.1%
63,106,82.7%
63,107,18.7%
63,108,–1.5%
63,109,47.1%
63,110,32.7%
63,111,16.7%
63,112,Global
63,113,42.9%
63,114,11.7%
63,115,49.5%
63,116,43.6%
63,117,6.9%
63,118,"Figure 3.2 Top indicators with most contributions to the Triple Billion targets, 2018–2025a"
63,119,a Percentage is calculated as the ratio of individual indicator contribution over magnitude of the overall contribution.
63,120,Progress in achieving the Triple Billion targets
63,121,53
64,1,3.3 Progress in universal
64,2,health coverage
64,3,"Compared with the baseline year of 2018, about"
64,4,500 million more people worldwide will enjoy access
64,5,to essential health services without undue financial
64,6,burden by 2025. This progress in achieving UHC has
64,7,"been supported by improvements in health workforce,"
64,8,"enhanced coverage of hypertension treatment, and"
64,9,"better access to family planning. However, the most"
64,10,"substantial contributor to achieving UHC, and the"
64,11,"progress made so far during the GPW13 period, is"
64,12,the expanded availability of antiretroviral therapy
64,13,(ART) for HIV and AIDS. Challenges in access to health
64,14,"services continue to hinder faster progress, particularly"
64,15,in diabetes management and mitigating financial
64,16,hardships incurred by utilizing health services.
64,17,The declining coverage of DTP3 immunization is
64,18,especially concerning.
64,19,Nearly all regions have seen progress in expanding
64,20,"access to HIV treatment (Fig. 3.2). However, there"
64,21,have been setbacks in progress in health security and
64,22,"affordability. In the Region of the Americas, the strong"
64,23,progress is substantially offset by deterioration in health
64,24,security (–42.2%). Both the European and Western Pacific
64,25,regions have seen significant increases in financial
64,26,hardship. Rising financial hardship in the Western Pacific
64,27,"Region has significantly offset other UHC improvements,"
64,28,reducing progress by nearly 30%.
64,29,"Most regions show contributions from multiple factors,"
64,30,indicating diverse approaches to managing health-care
64,31,"access. We see smaller, yet still substantial, gains in the"
64,32,"health workforce in the Western Pacific Region (23.1%),"
64,33,as well as better tuberculosis treatment in the South-East
64,34,Asia (17%) and Eastern Mediterranean regions (7.5%).
64,35,3.4 Progress in health
64,36,emergencies protection
64,37,According to updated information for the outcome
64,38,"indicators, substantial advancements have been made"
64,39,towards better safeguarding an additional one billion
64,40,people from health emergencies by 2025. Crucial
64,41,"amendments to the International Health Regulations,"
64,42,"adopted by the World Health Assembly in 2024, represent"
64,43,a major step forward in global health security and
64,44,"pandemic preparedness. In addition, significant strides in"
64,45,"early disease detection, mobilizing emergency response"
64,46,teams and ensuring equitable access to essential
64,47,"medical supplies, are key drivers of global resilience to"
64,48,health emergencies.
64,49,Health emergencies protection shows the greatest
64,50,amount of regional variation in top indicator
64,51,contributions (Fig. 3.2). The Eastern Mediterranean
64,52,Region reported exceptional progress in detection
64,53,and response times (151.4%) but was undermined by
64,54,"worsening health security (–83.8%). Meanwhile, the"
64,55,Region of the Americas faces challenges in both health
64,56,security (–94.9%) and prevention (–60.3%). The European
64,57,"Region made strong gains in detection and response,"
64,58,with a positive profile across indices (92% time to detect
64,59,"and respond, 7.8% health security). These contrasting"
64,60,outcomes highlight regional differences in emergency
64,61,preparedness and response strategies.
64,62,"World health statistics 2025: monitoring health for the SDGs, Sustainable Development Goals"
64,63,54
65,1,3.5 Forecast to 2030 and scenarios
65,2,The Triple Billion target projections through 2030
65,3,showed encouraging trends towards a healthier global
65,4,"population. Under the current trajectory, 2.0 billion more"
65,5,people were expected to live healthier by 2030 compared
65,6,with the 2018 baseline. Figure 3.3 presents an alternative
65,7,scenario in which all countries meet the annualized
65,8,targets set by the 2030 Agenda using the same set of
65,9,"46 outcome indicators (4). In this case, 5.6 billion more"
65,10,people would live healthier lives by 2030 – nearly triple
65,11,the gain of 2.0 billion under the current trajectory.
65,12,"Similarly, achieving the 2030 SDG and other global"
65,13,targets would result in 2.1 billion more people gaining
65,14,"access to UHC without financial hardship, compared with"
65,15,0.8 billion under current trends. The gap is smaller for
65,16,health emergency protection; meeting the 2030 targets
65,17,would still safeguard 1.0 billion more people against
65,18,"health emergencies, compared with 0.8 billion under the"
65,19,current trajectory.
65,20,Figure 3.4 illustrates the potential for additional progress
65,21,if within-region inequalities were to be addressed. It
65,22,shows the gap between forecasted contributions and
65,23,a scenario where all countries are able to match their
65,24,regional top performers by 2030. The large gaps highlight
65,25,significant missed opportunities in progress both now
65,26,and in the future.
65,27,The regional disparities are most striking for health
65,28,"emergencies protection. By 2030, an additional 30.6%"
65,29,of people in the Region of the Americas could be better
65,30,protected if all countries matched their regional leaders –
65,31,"a sharp increase from 10.6% in 2025. Similarly, the African"
65,32,Region could extend protection to an additional 28% of
65,33,"its population, up from 9.6% in 2025."
65,34,"For UHC, closing these gaps would mean an additional"
65,35,13.8% of people in the European Region and over 15.5%
65,36,more people in the Region of the Americas would have
65,37,affordable access to essential health care. These figures
65,38,underscore how reducing within-region disparities
65,39,could dramatically accelerate progress toward the Triple
65,40,Billion targets.
65,41,0.7B overall
65,43,0.5B overall
65,44,1.5B overall
65,45,0
65,46,1
65,47,2
65,48,3
65,49,4
65,50,5
65,51,6
65,52,Health emergencies protection
65,53,Universal health coverage
65,54,Healthier populations
65,55,Health emergencies protection Universal health coverage Healthier populations
65,56,Health security
65,57,Prevent
65,58,Time to detect and respond
65,59,Adult obesity
65,60,All other indicators
65,61,Clean household fuels
65,62,Mean particulates (PM 2.5)
65,63,Safely managed sanitation
65,64,Tobacco use
65,65,Additional contributions needed to achieve SDGs by 2030
65,66,Additional contributions needed to meet 2030 expectations
65,67,All other indicators
65,68,Financial hardship
65,69,Health workforce
65,70,HIV treatment
65,71,Water and sanitation
65,72,Figure 3.3 Progress needed to achieve the Triple Billion and 2030 global targets
65,73,Progress in achieving the Triple Billion targets
65,74,55
66,1,"Figure 3.4 Progress required for all countries to match the top performers in their region, on top of the Triple"
66,2,"Billion target projections,a,b 2025–2030"
66,3,5.9%
66,4,17.3%
66,5,4.5%
66,6,13.5%
66,7,3.5%
66,8,12.0%
66,9,3.1%
66,10,9.7%
66,11,3.0%
66,12,12.0%
66,13,3.4%
66,14,11.1%
66,15,2.7%
66,16,10.1%
66,17,3.0%
66,18,11.5%
66,19,4.2%
66,20,13.8%
66,21,4.6%
66,22,15.5%
66,23,2.9%
66,24,12.9%
66,25,2.5%
66,26,9.9%
66,27,9.6%
66,28,28.0%
66,29,5.0%
66,30,15.9%
66,31,3.7%
66,32,12.2%
66,33,10.6%
66,34,30.6%
66,35,1.6%
66,36,9.7%
66,37,2.6%
66,38,9.6%
66,39,Progress needed to match regional leaders (%)
66,40,2025 2026 2027 2028 2029 2030 2025 2026 2027 2028 2029 2030 2025 2026 2027 2028 2029 2030
66,41,30
66,42,20
66,43,10
66,44,0
66,45,Universal health coverageHealthier populations Health emergencies protection
66,46,African Region
66,47,Region of the Americas
66,48,South-East Asia Region
66,49,European Region
66,50,Western Pacific Region
66,51,Eastern Mediterranean Region
66,52,"a Matching the top performers means achieving the values of the indicators from the 10% best-performing countries in the same WHO region, by 2030."
66,53,b Percentages are calculated as the ratio of additional persons required to match the top performers over the total 2030 population in the region.
66,54,Box 3.1 Transition from GPW13 to GPW14
66,55,"The WHO GPW13 (2019–2023, extended to 2025), strengthened WHO’s effectiveness and accountability in"
66,56,"improving global health outcomes. Triple Billion targets, a key component of GPW13, were designed to enhance"
66,57,accountability and drive measurable health improvements worldwide. By strategically focusing on three target
66,58,"areas and leveraging existing data sources, WHO aimed to deliver tangible health benefits to billions of people."
66,59,"In September 2023, the United Nations Heads of State and Government Meeting called for doubling the"
66,60,"rate of progress on the SDGs to meet the 2030 Agenda (5) . In response, WHO is developing the fourteenth"
66,61,"general programme of work (GPW14, 2025–2028) to address two fundamental challenges: slow progress and"
66,62,insufficient data.
66,63,"Building on GPW13, GPW14 focuses on promoting, providing and protecting health while strengthening"
66,64,"the global health ecosystem to advance the SDGs. Additionally, it seeks to enhance WHO’s organizational"
66,65,"performance across all three levels – global, regional and country."
66,66,The GPW14 results framework translates health goals into measurable targets through a structured results
66,67,"chain. This chain links WHO’s work to broader health and development outcomes. As in GPW13, progress will be"
66,68,"assessed using the Triple Billion indices through outcome indicators in three overarching areas: promote, provide"
66,69,and protect.
66,70,Triple Billion targets recalibration
66,71,"Under GPW13, the Triple Billion targets for 2025 were defined in terms of relative changes – the additional"
66,72,number of people who achieved specific health status compared to 2018:
66,73,• 1 billion more people living healthier lives (promote)
66,74,• 1 billion more people benefitting from universal health coverage (provide)
66,75,• 1 billion more people better protected from health emergencies (protect)
66,76,"World health statistics 2025: monitoring health for the SDGs, Sustainable Development Goals"
66,77,56
67,1,"For GPW14, the targets are recalibrated to reflect absolute population coverage by 2028, accounting for"
67,2,improved measurement methods and setting ambitious yet realistic goals:
67,3,• 6 billion people living healthier lives (promote)
67,4,• 5 billion people benefitting from universal health coverage without financial hardship (provide)
67,5,• 7 billion people protected from health emergencies (protect)
67,6,The revised Triple Billion targets offer several benefits:
67,7,"• Better alignment with global targets, including the SDGs and World Health Assembly (WHA) resolutions"
67,8,• Enable scenario analysis for assessing health interventions at regional and country levels
67,9,• Facilitate direct statistical forecasting using past trends and country-specific data
67,10,• Support benchmarking assessments to identify best practices at regional and global levels
67,11,"• Balance ambition with realism, ensuring achievable yet aspirational goals"
67,12,• Account for uncertainty in observed data and future projections
67,13,"• Promote equity, ensuring that no one is left behind or unprotected."
67,14,3.6 Conclusion
67,15,The WHO Triple Billion framework has served as both
67,16,a strategic guide and a practical tool for accountability
67,17,and accelerating progress in global health. By providing
67,18,a structured approach to tracking advancements in
67,19,"indicators across regions and countries, it offers decision-"
67,20,makers actionable insights on where to focus resources
67,21,"and policy interventions. The 2025 projections, developed"
67,22,"using the most recent available data, reveal both"
67,23,encouraging progress and gaps that require targeted
67,24,action. Regional analysis shows how varied approaches
67,25,"to reaching these targets reflect different priorities,"
67,26,challenges and opportunities across the six WHO regions.
67,27,"Looking ahead, as WHO transitions from GPW13 to"
67,28,"GPW14 in 2025, the core structure of the Triple Billion"
67,29,"targets remains in place. However, the list of outcome"
67,30,indicators has been updated to reflect emerging health
67,31,challenges and strategic priorities set collectively by
67,32,the global community for GPW14 (see Box 3.1). Through
67,33,"GPW14, WHO reaffirms its unwavering commitment to"
67,34,addressing emerging global health priorities and tackling
67,35,"challenges, as mandated by its Member States, despite an"
67,36,evolving global landscape.
67,37,Progress in achieving the Triple Billion targets
67,38,57
68,1,References
68,2,1. Thirteenth general programme of work (GPW13): methods
68,3,"for impact measurement, version 2.1. Geneva: World Health"
68,4,Organization; 2020 (https://iris.who.int/handle/10665/341371).
68,5,Licence: CC BY-NC-SA 3.0 IGO.
68,6,2. Thirteenth general programme of work (GPW13): metadata
68,7,for impact measurement indicators. Geneva: World Health
68,8,Organization; 2020 (https://www.who.int/publications/m/item/
68,9,metadata-for-impact-measurement-indicators).
68,10,"3. Seventieth session United Nations General Assembly,"
68,11,25 September 2015. Transforming our world: the 2030 Agenda
68,12,for Sustainable Development; 2015 (A/RES/70/1; https://docs.
68,13,un.org/en/A/RES/70/1).
68,14,4. WHO results framework: delivering a measurable impact in
68,15,countries. Geneva: World Health Organization; 2024 (https://
68,16,www.who.int/publications/m/item/who-results-framework-
68,17,delivering-a-measurable-impact-in-countries).
68,18,5. Seventy-eighth session High-level Political Forum on
68,19,"Sustainable Development, 18 September 2023. New York, NY:"
68,20,United Nations; 2023 (GA/12529; https://press.un.org/en/2023/
68,21,ga12529.doc.htm).
68,22,"World health statistics 2025: monitoring health for the SDGs, Sustainable Development Goals"
68,23,58
69,1,4
69,2,Inequality in
69,3,immunization
69,4,Ensuring equitable access to immunization is vital for achieving
69,5,"public health goals and ensuring that every person, regardless of"
69,6,"their background and circumstances, fully benefits from vaccines to"
69,7,improve health and well-being. This chapter presents the state of
69,8,inequality in immunization coverage. It shows how inequalities in
69,9,immunization have changed in the last decade and discusses barriers
69,10,to achieving equitable immunization coverage.
70,1,4.1 The importance of
70,2,vaccine equity
70,3,1 Also referred to as the slope index of inequality.
70,4,Vaccines are life-saving interventions that have
70,5,dramatically improved global health outcomes.
70,6,Immunization currently prevents 3.5 million to 5 million
70,7,"deaths every year from diseases such as diphtheria,"
70,8,"tetanus, pertussis, measles and influenza (1). Since"
70,9,the launch of the WHO Expanded Programme on
70,10,"Immunization in the mid-1970s, childhood vaccination"
70,11,"coverage has improved significantly, contributing to a"
70,12,substantial reduction in U5MR (2). This underscores the
70,13,critical role of vaccines in safeguarding public health and
70,14,highlights the importance of continuing efforts to ensure
70,15,equitable access to immunization worldwide.
70,16,Equity in immunization is a cornerstone of the
70,17,"Immunization Agenda 2030 (IA2030), which envisions a"
70,18,"world where everyone, everywhere, at every age fully"
70,19,benefits from vaccines to improve health and well-being
70,20,(3). This global strategy aims to leave no one behind by
70,21,"increasing equitable access to vaccines, ensuring that"
70,22,immunization programmes are integrated into primary
70,23,health care and contributing to achieving universal
70,24,health coverage.
70,25,"Global inequalities persist in vaccine access, financing,"
70,26,availability and distribution – both between countries
70,27,and within countries. Low-income countries often face
70,28,challenges in securing sufficient vaccine supplies due
70,29,"to limited financial resources, disruptions in health-care"
70,30,"services, logistical challenges and inequities in access"
70,31,to services (4).
70,32,"Within countries, inequalities in vaccine access and"
70,33,coverage can be influenced by factors such as geographic
70,34,"location, socioeconomic status and education levels."
70,35,Rural and remote areas may have lower access to
70,36,"vaccination services compared with urban centres, and"
70,37,those affected by social disadvantage may face barriers
70,38,to immunization due to lack of information or logistical
70,39,challenges. Addressing inequalities requires targeted
70,40,"efforts to strengthen health systems, improve vaccine"
70,41,delivery infrastructure and ensure that immunization
70,42,programmes are inclusive and accessible to all segments
70,43,of the population.
70,44,4.2 Inequalities in immunization
70,45,coverage persist within
70,46,countries
70,47,The delivery of three doses of the combined DTP3 vaccine
70,48,among children under the age of 1 year is used as a proxy
70,49,indicator for monitoring the capacity of a health system
70,50,to reliably reach children through routine vaccination
70,51,channels. Measuring inequalities in DTP3 immunization
70,52,coverage within countries reveals where gaps exist
70,53,in a routinely delivered vaccine and helps to inform
70,54,appropriate approaches to reach under-vaccinated
70,55,populations.
70,56,Figure 4.1 shows median inequality in DTP3 immunization
70,57,coverage across LICs and middle-income countries with a
70,58,recent household survey (from 2014–2023) by economic
70,59,"status, education and place of residence. For economic"
70,60,"status and education, inequality is measured as the"
70,61,"difference along the socioeconomic spectrum, while"
70,62,taking the composition of every socioeconomic subgroup
70,63,"into consideration.1 For place of residence, inequality"
70,64,is measured as the difference between urban and rural
70,65,subgroups. Medians are calculated across all countries
70,66,60
71,1,"with data available, as well as by World Bank country"
71,2,income grouping.
71,3,The results indicate inequalities favouring those living in
71,4,richer households (median economic-related inequality
71,5,"of 10.4 percentage points across 88 countries), having"
71,6,more education (median education-related inequality of
71,7,18.7 percentage points across 67 countries) and living in
71,8,urban areas (median difference of 2.3 percentage
71,9,points across 89 countries). Economic-related inequality
71,10,in DTP3 immunization coverage is most pronounced in
71,11,"LICs and LMICs, where there are median inequalities of"
71,12,13.7 and 13.0 percentage points in coverage along the
71,13,"economic status spectrum, respectively. Education-"
71,14,"related inequality was high across UMICs, LMICs and LICs,"
71,15,while differences between urban and rural areas were low
71,16,overall across country income groupings.
71,17,Dimension
71,18,Area
71,19,No. countries
71,20,DTP3 immunization coverage among 1-year-olds (%)
71,21,0
71,22,2
71,23,4
71,24,6
71,25,8
71,26,10
71,27,12
71,28,14
71,29,16
71,30,18
71,31,20
71,32,Median diﬀerence (percentage points)
71,33,Economic
71,34,status
71,35,All
71,36,88 countries
71,37,Upper-middle-income
71,38,28 countries
71,39,Lower-middle-income
71,40,40 countries
71,41,Low-income
71,42,20 countries
71,43,Education
71,44,All
71,45,67 countries
71,46,Upper-middle-income
71,47,15 countries
71,48,Lower-middle-income
71,49,32 countries
71,50,Low-income
71,51,20 countries
71,52,Place of
71,53,residence
71,54,All
71,55,89 countries
71,56,Upper-middle-income
71,57,29 countries
71,58,Lower-middle-income
71,59,40 countries
71,60,Low-income
71,61,20 countries
71,62,10.4
71,63,4.0
71,64,13.0
71,65,13.7
71,66,18.7
71,67,18.2
71,68,19.8
71,69,18.6
71,70,2.3
71,71,0.0
71,72,3.8
71,73,3.0
71,74,"Figure 4.1 Median economic-related, education-related and place of residence inequality in DTP3 immunization"
71,75,"coverage, by World Bank country income group, 2014–2023"
71,76,DTP3: diphtheria–tetanus–pertussis vaccine third dose. The median difference for economic status and education reflects the difference along the whole
71,77,"socioeconomic spectrum, while taking the composition of every socioeconomic subgroup into consideration. The median difference for place of residence reflects"
71,78,the difference between urban and rural subgroups.
71,79,"Source: derived from the WHO Health Inequality Data Repository, Childhood Immunization dataset, with data sourced from the most recent Demographic and Health"
71,80,Survey or Multiple Indicator Cluster Survey between 2014 and 2023 (5).
71,81,The number of children who have not received any
71,82,routine vaccines (referred to as zero-dose children)
71,83,"reflects the accessibility of basic health services,"
71,84,including immunization services. The IA2030 includes an
71,85,objective to extend immunization services to regularly
71,86,"reach zero-dose children, with a target of a 50%"
71,87,reduction in zero-dose children between 2019 and 2030
71,88,(3). An analysis of inequalities in the proportion of 1-year-
71,89,old children who had not received any doses of the DTP
71,90,"vaccine, using household survey data across 88 countries,"
71,91,reveals substantial economic- and education-related
71,92,inequalities (Fig. 4.2). Data from 87 countries showed a
71,93,median economic-related inequality of 6.7 percentage
71,94,"points in zero-dose DTP prevalence, but inequalities"
71,95,"were particularly pronounced across LMICs and LICs,"
71,96,where median economic-related inequality was greater
71,97,"than 9 percentage points. Across 66 countries, median"
71,98,education-related inequality in zero-dose prevalence
71,99,was 10.5 percentage points but inequalities were
71,100,"16 percentage points in LMICs and LICs. Overall, there"
71,101,was low median inequality between rural and urban
71,102,"areas in 88 countries, but zero-dose prevalence was"
71,103,slightly higher in rural than urban areas in LMICs
71,104,and LICs.
71,105,Inequality in immunization
71,106,61
72,1,"Figure 4.2 Median economic-related, education-related and place of residence inequality in zero-dose DTP"
72,2,"prevalence, by World Bank country income group, 2014–2023"
72,3,DTP3: diphtheria–tetanus–pertussis vaccine third dose. The median difference for economic status and education reflects the difference along the whole
72,4,"socioeconomic spectrum, while taking the composition of every socioeconomic subgroup into consideration. The median difference for place of residence reflects"
72,5,the difference between rural and urban subgroups.
72,6,"Source: derived from the WHO Health Inequality Data Repository, Childhood Immunization dataset, with data sourced from the most recent Demographic and Health"
72,7,Survey or Multiple Indicator Cluster Survey between 2014 and 2023 (5).
72,8,Eliminating economic-related inequality in DTP3
72,9,coverage and zero-dose prevalence has the potential
72,10,for many more children to benefit from immunization.
72,11,The potential for improvement in each country is
72,12,premised on all children achieving the same outcome
72,13,as the richest 20% of households. If economic-related
72,14,inequality in DTP3 coverage were eliminated across the
72,15,"88 countries with household survey data from 2014–2023,"
72,16,the weighted national average across these countries
72,17,would improve from 76.0% to 85.5% (Fig. 4.3). If countries
72,18,reduced the prevalence of zero-dose children to that of
72,19,"the richest subgroup, the weighted national average"
72,20,"prevalence would be more than halved, from 13.1%"
72,21,to 6.3%.
72,22,Dimension
72,23,Area
72,24,No. countries
72,25,1-year-old children who did not receive any doses of the DTP vaccine (%)
72,26,0
72,27,2
72,28,4
72,29,6
72,30,8
72,31,10
72,32,12
72,33,14
72,34,16
72,35,Median diﬀerence (percentage points)
72,36,Economic
72,37,status
72,38,All
72,39,87 countries
72,40,Upper-middle-income
72,41,28 countries
72,42,Lower-middle-income
72,43,39 countries
72,44,Low-income
72,45,20 countries
72,46,Education
72,47,All
72,48,66 countries
72,49,Upper-middle-income
72,50,15 countries
72,51,Lower-middle-income
72,52,31 countries
72,53,Low-income
72,54,20 countries
72,55,Place of
72,56,residence
72,57,All
72,58,88 countries
72,59,Upper-middle-income
72,60,29 countries
72,61,Lower-middle-income
72,62,39 countries
72,63,Low-income
72,64,20 countries
72,65,6.7
72,66,3.1
72,67,9.2
72,68,9.2
72,69,10.5
72,70,7.9
72,71,16.0
72,72,16.2
72,73,1.4
72,74,0.7
72,75,2.0
72,76,3.7
72,77,Figure 4.3 Potential improvement in national average DTP3 coverage and zero-dose children by eliminating
72,78,"economic-related inequality, 88 countries, 2014–2023"
72,79,DTP3: three doses of diphtheria–tetanus–pertussis vaccine.
72,80,"The potential for improvement (dark blue vertical line) represents the overall weighted average that would be possible if, in each country, all 1-year-olds had the"
72,81,same level of coverage as the most advantaged subgroup (richest quintile). The current weighted average is indicated by the light blue bar.
72,82,"Source: derived from the WHO Health Inequality Data Repository, Childhood Immunization dataset, with data sourced from the most recent Demographic and Health"
72,83,Survey or Multiple Indicator Cluster Survey between 2014 and 2023 (5).
72,84,1-year-old children who did not receive
72,85,any doses of the DTP vaccine (%)
72,86,DTP3 immunization coverage
72,87,among 1-year olds (%)
72,88,Weighted national average (%)
72,89,0
72,90,10
72,91,20
72,92,30
72,93,40
72,94,50
72,95,60
72,96,70
72,97,80
72,98,90
72,99,"World health statistics 2025: monitoring health for the SDGs, Sustainable Development Goals"
72,100,62
73,1,Of 88 countries with household survey data from
73,2,"2014–2023, only 27 had DTP3 coverage of 90% or more,"
73,3,"while coverage was 80–89% in 20 countries, 70–79% in"
73,4,12 countries and below 70% in 29 countries (Fig. 4.4A).
73,5,After considering the potential improvement in
73,6,national average by eliminating economic-related
73,7,"inequality, 6 additional countries would have coverage"
73,8,greater than 90% and 10 additional countries would
73,9,have coverage of 80–89%. If economic-related
73,10,"inequality in zero-dose prevalence were eliminated,"
73,11,16 additional countries would reduce zero-dose
73,12,prevalence to below 5% (Fig. 4.4B). The link between
73,13,economic status and immunization coverage is
73,14,"complex and, as Box 4.1 shows, inequalities can"
73,15,emerge at various points of contact with the health
73,16,system – underscoring the need for exploration of the
73,17,drivers of inequalities and context-specific strategies
73,18,to address them.
73,19,Current distribution of
73,20,DTP3 coverage
73,21,(no. countries)
73,22,Very high (≥90%)
73,23,27
73,24,High (80–89%)
73,25,20
73,26,Medium (70–79%)
73,27,12
73,28,Low (<70%)
73,29,29
73,30,Very high (≥90%)
73,31,33
73,32,High (80–89%)
73,33,30
73,34,Medium (70–79%)
73,35,12
73,36,Low (<70%)
73,37,13
73,38,Potential distribution of
73,39,DTP3 coverage
73,40,(no. countries)
73,41,Current distribution of
73,42,zero-dose prevalence
73,43,(no. countries)
73,44,Potential distribution of
73,45,zero-dose prevalence
73,46,(no. countries)
73,47,Very high (≥20%)
73,48,16
73,49,High (10–19%)
73,50,16
73,51,Medium (5–9%)
73,52,25
73,53,Low (<5%)
73,54,30
73,55,Very high (≥20%)
73,56,4
73,57,Medium (5–9%)
73,58,27
73,59,High (10–19%)
73,60,10
73,61,Low (<5%)
73,62,46
73,63,"Figure 4.4 Potential improvement in national average by eliminating economic-related inequality, 88 countries,"
73,64,2014–2023
73,65,A) DTP3 immunization coverage
73,66,B) Zero-dose prevalence
73,67,The potential improvement reflects all 1-year-olds having the same outcome as the richest 20% of the population.
73,68,"Source: derived from the WHO Health Inequality Data Repository, Childhood Immunization dataset, with data sourced from the most recent Demographic and Health"
73,69,Survey or Multiple Indicator Cluster Survey between 2014 and 2023 (5).
73,70,Inequality in immunization
73,71,63
74,1,Box 4.1 Inequalities can be introduced through interventions: the example of tetanus
74,2,immunization coverage at birth
74,3,Maternal and neonatal tetanus (MNT) is a form of tetanus that affects women during pregnancy or within six
74,4,"weeks of the end of pregnancy, and infants during their first 28 days of life (6) . MNT constitutes a major public"
74,5,"health concern, as neonatal case-fatality rates are upwards of 80% and approach 100% when untreated (7) ."
74,6,Immunization of pregnant women against tetanus is a key strategy for reducing tetanus morbidity and mortality
74,7,while also achieving the goal of maternal and neonatal tetanus elimination. An infant’s tetanus protection at
74,8,birth (PAB) is comprised of immunization received by the woman during and before her pregnancy (e.g. through
74,9,"childhood vaccination, booster doses or mass vaccination campaigns, or during prior pregnancies)."
74,10,"Global inequalities in tetanus immunization coverage at birth are evident across various dimensions, including"
74,11,"wealth, maternal age, education and place of residence (8) . For instance, poorer households, younger maternal"
74,12,"age, lower education of the mother and residence in rural areas tend to have lower rates of PAB. These"
74,13,"inequalities are particularly pronounced in LICs and LMICs, but they also persist in UMICs, especially concerning"
74,14,education level of the mother and rural residence.
74,15,Findings from a study of 71 LICs and middle-income countries suggest that the majority of tetanus immunization
74,16,PAB for first births is the result of vaccinations received during pregnancy. The extent of economic-related
74,17,"inequality in PAB increases during pregnancy, as more women from richer households than women from poorer"
74,18,households are vaccinated during pregnancy (9) . Economic-related inequality is measured as the difference
74,19,"along the socioeconomic spectrum, while taking the composition of every socioeconomic subgroup into"
74,20,"consideration. Overall, LICs and middle-income countries had similar levels of economic-related inequality"
74,21,"and tetanus immunization coverage before pregnancy. However, increases in tetanus immunization coverage"
74,22,"at birth were coupled with increases in inequality in LICs, overall, in contrast with UMICs (Fig. 4.5). Inequalities"
74,23,"in coverage at birth in this group were introduced during pregnancy, likely driven in part by inequalities in"
74,24,antenatal care access and utilization. Addressing these inequalities requires targeted interventions to improve
74,25,"access to and uptake of tetanus vaccines among women from poorer households, ensuring that all pregnant"
74,26,women and newborns receive adequate protection against this preventable disease.
74,27,Figure 4.5 Economic-related inequality in maternal tetanus immunization coverage and average
74,28,"coverage level before pregnancy and at birth, by World Bank country income group,"
74,29,"71 countries, 2013–2022"
74,30,The start of the arrow indicates the level of economic-related inequality and tetanus immunization coverage before pregnancy and the end of the arrow
74,31,"indicates the level of inequality and coverage at birth. For each country, economic-related inequality is measured as the difference along the whole"
74,32,"socioeconomic spectrum while taking the composition of every socioeconomic subgroup into consideration. For each World Bank income group, the"
74,33,"weighted mean difference is calculated across countries. Based on 18 upper-middle-income, 33 lower-middle-income and 20 low-income countries."
74,34,Source: derived from Johns et al. (9) with data sourced from the most recent Demographic and Health Survey or Multiple Indicator Cluster Survey between
74,35,2013 and 2022.
74,36,0
74,37,10
74,38,20
74,39,30
74,40,40
74,41,50
74,42,60
74,43,70
74,44,80
74,45,90
74,46,100
74,47,Tetanus immunization coverage (%)
74,48,0
74,49,10
74,50,20
74,51,30
74,52,Diﬀerence (percentage points)
74,53,All
74,54,Upper-middle-income
74,55,Lower-middle-income
74,56,Low-income
74,57,"World health statistics 2025: monitoring health for the SDGs, Sustainable Development Goals"
74,58,64
75,1,4.3 How inequalities have changed
75,2,over time
75,3,"Over the past two decades, significant efforts have been"
75,4,made to address inequalities in immunization coverage.
75,5,"IA2030 and its predecessor, the Global Vaccine Action Plan"
75,6,"for 2011–2020, focus on reaching zero-dose children and"
75,7,ensuring equitable access to vaccines. Collaborations
75,8,"between WHO, UNICEF and Gavi, the Vaccine Alliance,"
75,9,have significantly impacted the number of zero-dose
75,10,"children in lower-income countries. For example, these"
75,11,efforts have helped to reduce the number of zero-dose
75,12,children from 15.8 million in 2010 to 12.8 million in
75,13,"2019 (10). However, the COVID-19 pandemic resulted"
75,14,"in setbacks to vaccination programmes, resulting"
75,15,in an increase in the number of zero-dose children
75,16,to 14.5 million in 2023. In response to disruptions
75,17,"caused by the COVID-19 pandemic, WHO and UNICEF"
75,18,launched catch-up and recovery programmes to restore
75,19,immunization services. Targeted vaccination campaigns
75,20,in low-coverage regions aim to close immunization gaps
75,21,and prevent outbreaks.
75,22,The overall change in inequality in DTP3 immunization
75,23,coverage and zero-dose prevalence can be measured
75,24,using the median difference along the socioeconomic
75,25,spectrum (while taking the composition of every
75,26,socioeconomic subgroup into consideration). Between
75,27,"2004–2013 and 2014–2023, overall economic- and"
75,28,education-related inequalities in DTP3 immunization
75,29,"coverage decreased (Fig. 4.6). Across 72 countries,"
75,30,economic-related inequality in DTP3 coverage reduced
75,31,"from a median of 15.4 to 11.0 percentage points, and"
75,32,education-related inequality across 56 countries reduced
75,33,"from a median of 22.1 to 18.7 percentage points. Overall,"
75,34,economic- and education-related inequalities in zero-
75,35,dose prevalence only decreased slightly over this period.
75,36,Dimension
75,37,Area
75,38,No. countries
75,39,DTP3 immunization coverage among 1-year-olds (%)
75,40,1-year-old children who did not receive any doses of
75,41,the DTP vaccine (%)
75,42,0
75,43,5
75,44,10
75,45,15
75,46,20
75,47,25
75,48,Median diﬀerence (percentage points)
75,49,0
75,50,5
75,51,10
75,52,15
75,53,20
75,54,25
75,55,Median diﬀerence (percentage points)
75,56,Economic
75,57,status
75,58,All
75,59,72 countries
75,60,Upper-middle-income
75,61,19 countries
75,62,Lower-middle-income
75,63,34 countries
75,64,Low-income
75,65,19 countries
75,66,Education
75,67,All
75,68,56 countries
75,69,Upper-middle-income
75,70,9 countries
75,71,Lower-middle-income
75,72,28 countries
75,73,Low-income
75,74,19 countries
75,75,Place of
75,76,residence
75,77,All
75,78,73 countries
75,79,Upper-middle-income
75,80,20 countries
75,81,Lower-middle-income
75,82,34 countries
75,83,Low-income
75,84,19 countries
75,85,"Figure 4.6 Change in median economic, education and place of residence inequality in DTP3 immunization"
75,86,"coverage and zero-dose prevalence between 2004–2013 and 2014–2023, by World Bank country"
75,87,income group
75,88,DTP3: three doses of diphtheria–tetanus–pertussis vaccine.
75,89,The start of the arrow indicates the median level of inequality in 2004–2013 and the end of the arrow indicates the median level of inequality in 2014–2023. The
75,90,"median difference for economic status and education reflects the difference along the whole socioeconomic spectrum, while taking the composition of every"
75,91,socioeconomic subgroup into consideration. The median difference for place of residence reflects the difference between urban and rural subgroups for DTP3
75,92,"coverage and between rural and urban subgroups for zero-dose prevalence. Blue indicates a decrease in inequality, while orange indicates an increase in inequality."
75,93,"Source: derived from the WHO Health Inequality Data Repository, Childhood Immunization dataset, with data sourced from the most recent Demographic and Health"
75,94,Survey or Multiple Indicator Cluster Survey between 2014 and 2023 and between 2004 and 2013 (5).
75,95,Inequality in immunization
75,96,65
76,1,Changes in immunization inequality related to economic
76,2,"status, education and place of residence varied across"
76,3,"country income groupings. Broadly, in the last decade"
76,4,there has been a convergence in inequalities across LICs
76,5,"and LMICs, with inequalities diminishing in LICs to the"
76,6,point that their median level of inequality in 2014–2023
76,7,"was similar to (or better than) that of LMICs. In particular,"
76,8,"2 The Equity Reference Group for Immunization is an action-oriented think tank that consists of senior experts in global health working with WHO, Gavi, the"
76,9,"World Bank, Bill & Melinda Gates Foundation and UNICEF; academic experts in metrics, gender, and health systems development; and senior leaders from the"
76,10,"ministries of health in Indonesia, Ethiopia and the United Republic of Tanzania."
76,11,"3 The Gender Inequality Index is a composite metric of gender inequality using three dimensions: reproductive health, empowerment and the labour market. It"
76,12,shows the loss in potential human development due to inequality between female and male achievements in these dimensions.
76,13,"across 19 LICs, economic-related inequality in DTP3"
76,14,coverage and zero-dose prevalence reduced by more
76,15,"than half, from 26.2 to 11.8 percentage points and from"
76,16,"17.2 to 8.0 percentage points, respectively. In UMICs,"
76,17,inequality remained the same for zero-dose prevalence
76,18,but economic- and education-related inequality in DTP3
76,19,coverage increased.
76,20,4.4 Barriers to immunization
76,21,The Equity Reference Group for Immunization2 has
76,22,identified several thematic priorities to address
76,23,"inequities in immunization coverage, including urban"
76,24,"poor areas, remote/rural areas, children affected by"
76,25,"conflict, and gender-related inequities and barriers"
76,26,"(11). In such contexts, different strategies are needed to"
76,27,understand coverage levels and address inequities in
76,28,immunization coverage. Surveys are rarely carried out to
76,29,enable the accurate assessment of coverage rates in the
76,30,"above contexts, and when they are, they generally lack"
76,31,granularity. This results in a scarcity of disaggregated
76,32,data and inadequate monitoring of inequalities.
76,33,"Consequently, it is challenging to identify disadvantaged"
76,34,groups within these contexts and implement
76,35,programmes that prioritize reaching them.
76,36,"In urban poor areas, overcrowding and poverty can"
76,37,significantly hinder vaccine delivery and uptake. These
76,38,areas often lack adequate health-care facilities and
76,39,"resources, making it challenging to maintain consistent"
76,40,immunization services. Remote rural regions face similar
76,41,"issues, with limited health-care infrastructure and difficult"
76,42,terrain further complicating efforts to reach all children.
76,43,"For instance, a study in Malawi found that proximity to"
76,44,a health facility providing vaccination services in rural
76,45,areas was associated with increased likelihood of vaccine
76,46,"receipt, and that remote rural children were more likely to"
76,47,"be under-vaccinated (12). Additionally, children affected"
76,48,by conflict experience unique barriers to immunization.
76,49,"Conflict zones often see disrupted health services,"
76,50,"displacement of populations and heightened insecurity,"
76,51,all of which contribute to lower immunization rates.
76,52,These children may miss out on routine vaccinations due
76,53,to instability and lack of access to health care.
76,54,Gender-related barriers can hinder immunization
76,55,coverage by limiting women’s autonomy and decision-
76,56,"making power, which affects their ability to access health"
76,57,"services for themselves and their children. Additionally,"
76,58,cultural norms and practices may restrict women’s
76,59,"mobility and access to information, further reducing"
76,60,vaccination coverage in communities with high gender
76,61,"inequality. Women with higher social independence, as"
76,62,measured by the Survey-based Women’s Empowerment
76,63,"Global Index, are more likely to ensure their children"
76,64,"receive vaccinations (13). In contrast, DTP3 coverage"
76,65,"tends to be lower, and zero-dose prevalence"
76,66,"higher, among children of women with lower social"
76,67,independence.
76,68,"At the subnational and national levels, areas with higher"
76,69,gender inequality tend to have lower immunization
76,70,"coverage. In a study of 162 countries, those with high"
76,71,"gender inequality (favouring men), as measured using"
76,72,"the Gender Inequality Index,3 had DTP3 immunization"
76,73,coverage that was 13 percentage points lower (median
76,74,value of 81% versus 94%) and zero-dose prevalence
76,75,7 percentage points higher (median value of 10% versus
76,76,3%) than countries with lower inequality (14). A study
76,77,of 702 subnational regions across 57 countries also
76,78,found that regions with greater gender inequality had
76,79,lower DTP3 coverage and higher zero-dose prevalence
76,80,(15). Subnational regions with higher gender inequality
76,81,"(favouring men), as measured by the Subnational"
76,82,"Gender Development Index, had DTP3 immunization"
76,83,"coverage that was 21.6 percentage points lower, while"
76,84,zero-dose prevalence was 13.4 percentage points higher
76,85,(median values).
76,86,"World health statistics 2025: monitoring health for the SDGs, Sustainable Development Goals"
76,87,66
77,1,4.5 Data availability to monitor
77,2,inequalities in immunization
77,3,Monitoring inequalities in immunization relies on
77,4,"various data sources, each with its own advantages"
77,5,and disadvantages (16). Administrative data are
77,6,routinely collected by health facilities and can provide
77,7,"timely, comprehensive information on immunization"
77,8,coverage. These data are cost-effective and cover large
77,9,"populations, making them useful for tracking trends"
77,10,"over time. However, administrative data can suffer from"
77,11,"inaccuracies due to reporting errors, incomplete records,"
77,12,sparse information about dimensions of inequality
77,13,and uncertainty about target population numbers.
77,14,"Household survey data, such as those from DHS and"
77,15,"Multiple Indicator Cluster Surveys (MICS), offer detailed,"
77,16,population-based insights into immunization coverage.
77,17,These surveys are valuable for capturing data on hard-
77,18,to-reach populations and for validating administrative
77,19,"data. They also provide rich contextual information, such"
77,20,"as socioeconomic and demographic factors. However,"
77,21,"household surveys are expensive, time-consuming and"
77,22,"conducted infrequently, which can limit their utility for"
77,23,real-time monitoring.
77,24,"Data availability can be a challenge, particularly in LICs"
77,25,where resources for comprehensive data collection
77,26,and reporting are often limited. These countries may
77,27,face difficulties in maintaining accurate and up-to-
77,28,"date records, which can hinder efforts to monitor"
77,29,and address immunization inequalities effectively.
77,30,"Logistical challenges, such as limited access to remote"
77,31,"areas and insufficient funding for large-scale surveys,"
77,32,further complicate data collection efforts. Inaccurate
77,33,estimates of the target population for vaccination
77,34,"can exacerbate these difficulties, particularly when"
77,35,monitoring subnational inequalities and subpopulations
77,36,of interest. Misestimations can lead to skewed coverage
77,37,"rates, masking inequalities and making it challenging"
77,38,to identify and address areas with the greatest need
77,39,(17). Addressing these challenges requires investment
77,40,in strengthening health information systems to ensure
77,41,reliable data are available for informed decision-making
77,42,and targeted interventions.
77,43,A scoping review of publications in academic journals
77,44,analysing inequalities in immunization coverage among
77,45,children revealed a rise in the use of DHS and MICS data
77,46,between 2014 and 2023 (Fig. 4.7) (18). Across the 10-year
77,47,"period, 129 papers (54%) had utilized DHS and/or MICS"
77,48,"data, demonstrating the utility of these data sources for"
77,49,monitoring inequalities in immunization. The number of
77,50,"publications using administrative, health or surveillance"
77,51,"records remained relatively stable, as did those based"
77,52,"on other sources such as non-routine, study-specific or"
77,53,small-scale surveys.
77,54,0
77,55,5
77,56,10
77,57,15
77,58,20
77,59,25
77,60,30
77,61,35
77,62,40
77,63,45
77,64,Number of publications
77,65,2023
77,66,2022
77,67,2021
77,68,2020
77,69,2019
77,70,2018
77,71,2017
77,72,2016
77,73,2015
77,74,2014
77,75,Source of data about vaccination indicator(s)
77,76,"Administrative, health or surveillance records"
77,77,DHS or MICS survey
77,78,Other sources
77,79,Figure 4.7 Publications of studies of inequalities in childhood vaccination coverage between 2014 and 2023 by
77,80,data source for vaccination indicators
77,81,Source: derived from Lyons et al. (18).
77,82,Inequality in immunization
77,83,67
78,1,References
78,2,1. Vaccines and immunization [website]. World Health
78,3,Organization; 2025 (https://www.who.int/health-topics/
78,4,"vaccines-and-immunization/, accessed on 17 February 2025)."
78,5,"2. Shattock AJ, Johnson HC, Sim SY, Carter A, Lambach P ,"
78,6,Hutubessy RCW et al. Contribution of vaccination to improved
78,7,survival and health: modelling 50 years of the Expanded
78,8,Programme on Immunization. Lancet. 2024;403(10441):2307–
78,9,2316 (https://doi.org/10.1016/S0140-6736(24)00850-X).
78,10,3. Immunization agenda 2030: a global strategy to leave no one
78,11,behind. Geneva: World Health Organization; 2020 (https://
78,12,www.who.int/publications/m/item/immunization-agenda-
78,13,"2030-a-global-strategy-to-leave-no-one-behind, accessed"
78,14,11 March 2025).
78,15,4. Vaccine inequity undermining global economic recovery.
78,16,"Joint news release, 22 July. World Health Organization;"
78,17,2021 (https://www.who.int/news/item/22-07-2021-vaccine-
78,18,inequity-undermining-global-economic-recovery).
78,19,5. Health Inequality Data Repository [database]. World Health
78,20,Organization; 2025 (https://www.who.int/data/inequality-
78,21,"monitor/data, accessed on 17 February 2025)."
78,22,"6. Roper MH, Vandelaer JH, Gasse FL. Maternal and neonatal"
78,23,tetanus. Lancet. 2007;370(9603):1947–1959 (https://doi.
78,24,org/10.1016/S0140-6736(07)61261-6).
78,25,7. World Health Organization. Tetanus vaccines: WHO position
78,26,paper – February 2017. Wkly Epidemiol Rec. 2017;6(92):53–76
78,27,(https://iris.who.int/handle/10665/254583).
78,28,"8. Johns NE, Cata-Preta BO, Kirkby K, Arroyave L, Bergen N,"
78,29,Danovaro-Holliday MC et al. Inequalities in immunization
78,30,against maternal and neonatal tetanus: a cross-sectional
78,31,analysis of protection at birth coverage using household
78,32,health survey data from 76 countries. Vaccines. 2023;11(4):752
78,33,(https://doi.org/10.3390/vaccines11040752).
78,34,"9. Johns NE, Blumenberg C, Kirkby K, Allorant A, Costa FDS,"
78,35,Danovaro-Holliday MC et al. Comparison of wealth-related
78,36,inequality in tetanus vaccination coverage before and during
78,37,pregnancy: a cross-sectional analysis of 72 low- and middle-
78,38,income countries. Vaccines. 2024;12(4):431 (https://doi.
78,39,org/10.3390/vaccines12040431).
78,40,"10. Jones CD, Danovaro-Holliday C, Mwinnyaa G, Gacic-Dobo M,"
78,41,"Francis L, Grevendonk J et al. Routine vaccination coverage–"
78,42,worldwide 2023. Wkly Epidemiol Rec. 2024;99:44 (https://iris.
78,43,who.int/handle/10665/379414).
78,44,11. ERG products [website]. Equity Reference Group for
78,45,Immunization; 2025 (https://sites.google.com/view/
78,46,"erg4immunisation/products, accessed on 17 February 2025)."
78,47,"12. Johns NE, Hosseinpoor AR, Chisema M, Danovaro-Holliday"
78,48,"MC, Kirkby K, Schlotheuber A et al. Association between"
78,49,childhood immunisation coverage and proximity to health
78,50,facilities in rural settings: a cross-sectional analysis of
78,51,Service Provision Assessment 2013–2014 facility data and
78,52,Demographic and Health Survey 2015-2016 individual data
78,53,in Malawi. BMJ Open. 2022;12(7) (https://doi.org/10.1136/
78,54,bmjopen-2022-061346).
78,55,"13. Johns NE, Santos TM, Arroyave L, Cata-Preta BO, Heidari"
78,56,"S, Kirkby K et al. Gender-related inequality in childhood"
78,57,immunization coverage: a cross-sectional analysis of DTP3
78,58,coverage and zero-dose DTP prevalence in 52 countries using
78,59,the SWPER Global Index. Vaccines. 2022;10(7):988 (https://doi.
78,60,org/10.3390/vaccines10070988).
78,61,"14. Fuertes CV, Johns NE, Goodman TS, Heidari S, Munro J,"
78,62,Hosseinpoor AR. The association between childhood
78,63,immunization and gender inequality: a multi-country
78,64,ecological analysis of zero-dose DTP prevalence and DTP3
78,65,immunization coverage. Vaccines. 2022;10(7):1032 (https://
78,66,doi.org/10.3390/vaccines10071032).
78,67,"15. Johns NE, Kirkby K, Goodman TS, Heidari S, Munro J,"
78,68,Shendale S et al. Subnational gender inequality and
78,69,childhood immunization: an ecological analysis of the
78,70,Subnational Gender Development Index and DTP coverage
78,71,outcomes across 57 countries. Vaccines. 2022;10(11):1951
78,72,(https://doi.org/10.3390/vaccines10111951).
78,73,16. Health inequality monitoring: harnessing data to advance
78,74,health equity. Geneva: World Health Organization; 2024
78,75,(https://iris.who.int/handle/10665/379703). Licence: CC BY-
78,76,NC-SA 3.0 IGO.
78,77,"17. Hosseinpoor AR, Bergen N, Barros AJ, Wong KL, Boerma T ,"
78,78,Victora CG. Monitoring subnational regional inequalities in
78,79,health: measurement approaches and challenges. Int J Equity
78,80,Heal. 2016;15(1):1–13 (https://doi.org/10.1186/s12939-016-
78,81,0307-y).
78,82,"18. Lyons C, Nambiar D, Johns NE, Allorant A, Bergen N,"
78,83,Hosseinpoor AR. Inequality in childhood immunization
78,84,"coverage: a scoping review of data sources, analyses, and"
78,85,reporting methods. Vaccines. 2024;12(8):850 (https://doi.
78,86,org/10.3390/vaccines12080850).
78,87,"World health statistics 2025: monitoring health for the SDGs, Sustainable Development Goals"
78,88,68
79,2,Annexes
80,1,Annex 1.
80,2,Progress assessment of selected health-related SDG
80,3,indicators by WHO region
80,4,A summary of progress of selected health-related SDG
80,5,indicators is presented in Table A1.1 for Goal 3 (Health
80,6,and Well-being) indicators and Table A1.2 for those
80,7,outside of Goal 3.
80,8,An indicator is included in the assessment if it meets the
80,9,following criteria:
80,10, There is an explicit numerical SDG or other global
80,11,"framework target to be achieved by a defined year,"
80,12,applicable at both global and regional levels.
80,13, Estimates are available for the baseline year and
80,14,at least one other later year to enable a trend
80,15,assessment.
80,16,"For each indicator, the numbers shown in the global"
80,17,and regional cells are the latest available estimated
80,18,values. The reference year of these values is indicated in
80,19,the corresponding column.
80,20,"Progress is assessed based on the latest available value,"
80,21,and the projected value for the target year based on
80,22,"current trends. Unless otherwise noted, current trends"
80,23,are defined by the average annual rates of change
80,24,between the baseline year and the reference year of the
80,25,latest available value. Progress is described in three
80,26,categories as follows:
80,27, “Target reached”: target is already achieved
80,28, “Progress on track”: target will be achieved by the
80,29,target year based on current trends
80,30, “Acceleration needed”: target will not be met by
80,31,the target year based on current trends
80,32,It is noted that this method of assessment may differ
80,33,from those used by the United Nations Statistics
80,34,Division or by the custodian agencies of individual
80,35,"indicators, leading to different assessment results."
80,36,Tables A1.3 and A1.4 provide the list of health-related
80,37,SDG indicators that are not included in Tables A1.1
80,38,and A1.2.
80,39,70
81,1,"Table A1.1 Latest valuesa and progress assessmentb of selected SDG 3 indicators,c by WHO region"
81,2,Indicator Notes
81,3,Year
81,4,Target
81,5,Global
81,6,African
81,7,Region
81,8,Region of
81,9,the Americas
81,10,South-East
81,11,Asia Region
81,12,European
81,13,Region
81,14,Eastern
81,15,Mediterranean
81,16,Region
81,17,Western
81,18,Pacific Region
81,19,Baseline Target Most recent
81,20,estimate
81,21,3.1.2 Proportion of births attended by skilled health personnel (%) 2015 2025 2024 90 87 74 96 90 99 85 98
81,22,3.3.1 New HIV infections (per 1000 uninfected population) d 2010 2030 2023 Reduce new
81,23,infections by 90%
81,24,0.17 0.55 0.16 0.06 0.18 0.09 0.07
81,25,3.3.2 Tuberculosis incidence (per 100 000 population) 2015 2030 2023 Reduce by 80% 134 206 33 234 24 116 97
81,26,3.3.3 Malaria incidence (per 1000 population at risk) 2015 2030 2023 Reduce by 90% 60.4 226.8 3.6 2.3 0.0 17.9 2.3
81,27,3.3.4 Hepatitis B surface antigen (HBsAg) prevalence among children
81,28,under 5 years (%)
81,29,e 2015 2030 2020 0.1 0.9 2.5 0.1 0.4 0.3 0.8 0.3
81,30,3.3.5 Reported number of people requiring interventions against
81,31,NTDs (millions)
81,32,f 2010 2030 2023 Reduce by 90% 1495 518.6 30.7 787.7 5.9 78.0 74.0
81,33,3.4.1 Probability of dying between exact ages 30 and 70 from any of
81,34,"cardiovascular disease, cancer, diabetes or chronic respiratory illness (%)"
81,35,2015 2030 2019 Reduce by 1/3 18.0 21.0 13.9 22.9 16.3 22.7 15.7
81,36,3.4.2 Suicide mortality rate (per 100 000 population) 2015 2030 2021 Reduce by 1/3 9.2 7.3 9.9 10.1 12.4 3.6 9.5
81,37,3.5.2 Total alcohol per capita (aged 15 years and older) consumption (litres
81,38,of pure alcohol)
81,39,2010 2030 2022 Reduce by 20% 5.0 3.5 8.0 3.6 9.1 0.2 5.2
81,40,3.6.1 Death rate due to road traffic injuries (per 100 000 population) g 2021 2030 2021 Halve the
81,41,number of deaths
81,42,14.9 19.5 14.2 15.4 6.8 16.3 15.4
81,43,3.a.1 Age-standardized prevalence of current tobacco use among persons
81,44,15 years and older (%)
81,45,h 2010 2025 2022 Reduce by 30% 20.9 9.5 16.6 26.5 25.3 17.9 22.5
81,46,3.b.1 Diphtheria–tetanus–pertussis third-dose (DTP3) immunization
81,47,coverage among 1-year-olds (%)
81,48,2019 2030 2023 90 84 74 86 90 95 79 92
81,49,3.b.1 Measles-containing-vaccine second-dose (MCV2) immunization
81,50,coverage by the locally recommended age (%)
81,51,2019 2030 2023 90 74 49 75 85 91 73 90
81,52,3.b.1 Pneumococcal conjugate vaccine third-dose (PCV3) immunization
81,53,coverage among 1-year-olds (%)
81,54,i 2019 2030 2023 90 65 70 76 75 86 52 26
81,55,3.b.1 Human papillomavirus (HPV) immunization coverage estimates
81,56,among 15-year-old girls (%)
81,57,i 2019 2030 2023 90 20 32 55 8 35 2 7
81,58,Target reached
81,59,Progress on track
81,60,Acceleration needed
81,61,NTDs: neglected tropical diseases.
81,62,Notes:
81,63,a The numbers shown in the global and regional cells are the latest available
81,64,estimated values.
81,65,"b Progress is assessed on the basis of the latest available value, and the projected"
81,66,value for the target year based on the average rates of change since the baseline
81,67,"year, unless otherwise stated."
81,68,c An SDG 3 indicator is included if: (1) there is an explicit numerical SDG or other
81,69,"global framework target to be achieved by a defined year, applicable at global and"
81,70,"regional levels, and (2) data are available for the baseline year and at least one other"
81,71,later year.
81,72,d Progress assessment is based on the change in the total number of new infections.
81,73,e Projection takes into account preliminary updates to the estimates.
81,74,f Projection is based on multi-disease country-level data and planned interventions
81,75,in the next years.
81,76,g Projection for the 2030 number of deaths is based on the change in the number
81,77,"of deaths since 2010, which was the baseline of the first United Nations Decade of"
81,78,Action for Road Safety 2010–2020.
81,79,h No region or country will be assessed as “Target reached” before 2025 data are
81,80,available.
81,81,i Projection takes into account recent introduction of the vaccine in several countries.
81,82,"Source: Births attended by skilled health personnel (1), HIV (2,3), tuberculosis (4), malaria"
81,83,"(5), hepatitis (6), NTD (7), noncommunicable disease premature mortality (8), suicide"
81,84,"mortality (8), alcohol (9), road traffic mortality (8,10), tobacco (11), immunization (12)."
81,85,Annexes
81,86,71
82,1,Target reached
82,2,Progress on track
82,3,Acceleration needed
82,4,Insufficient data to
82,5,assess progress
82,6,"Table A1.2 Latest valuesa and progress assessmentb of selected health-related SDG indicators (excluding Goal 3),c by WHO region"
82,7,Indicator Notes
82,8,Year
82,9,Target
82,10,Global
82,11,African
82,12,Region
82,13,Region of
82,14,the Americas
82,15,South-East
82,16,Asia Region
82,17,European
82,18,Region
82,19,Eastern
82,20,Mediterranean
82,21,Region
82,22,Western
82,23,Pacific Region
82,24,Baseline Target Most recent
82,25,estimate
82,26,2.2.1 Prevalence of stunting among children under 5 years of age (%) d 2012 2030 2024 Halve the
82,27,number
82,28,of stunted
82,29,children
82,30,23.2 31.7 9.9 29.7 4.6 26.0 10.2
82,31,2.2.2 Prevalence of wasting among children under 5 years of age (%) d 2012 2030 2024 3 6.6 5.6 0.7 13.9 1.0 6.3 1.9
82,32,2.2.2 Prevalence of overweight among children under 5 years of age
82,33,(%)
82,34,d 2012 2030 2024 3 5.5 4.2 9.1 3.3 7.5 4.5 9.7
82,35,2.2.3 Prevalence of anaemia in women aged 15 to 49 years (%) d 2012 2030 2023 Reduce by
82,36,50%
82,37,30.7 36.5 18.3 46.4 21.3 35.8 16.5
82,38,6.1.1 Proportion of population using safely managed drinking water
82,39,services (%)
82,40,2015 2030 2022 99 73 33 81 92 67
82,41,6.2.1 Proportion of population using safely managed sanitation
82,42,services (%)
82,43,2015 2030 2022 99 57 26 66 49 78 55 68
82,44,6.2.1 Proportion of population using a handwashing facility with soap
82,45,and water (%)
82,46,e 2015 2030 2022 99 75 26 76 72 95
82,47,7.1.2 Proportion of population with primary reliance on clean fuels
82,48,and technology (%)
82,49,2015 2030 2023 99 74 24 93 73 97 74 87
82,50,Notes:
82,51,a The numbers shown in the global and regional cells are the latest available
82,52,estimated values.
82,53,"b Progress is assessed on the basis of the latest available value, and the projected"
82,54,value for the target year based on the average rates of change since the baseline
82,55,"year, unless otherwise stated."
82,56,c An indicator is included if: (1) there is an explicit numerical SDG or other global
82,57,"framework target to be achieved by a defined year, applicable at global and"
82,58,"regional levels, and (2) data are available for the baseline year and at least one"
82,59,other later year.
82,60,d Methodology based on the WHO–UNICEF Methodology for monitoring progress
82,61,towards the 2030 global nutrition targets. Global Nutrition Targets Tracking Tool
82,62,https://www.who.int/tools/global-targets-tracking-tool.
82,63,e Projection for the Western Pacific Region is based on the average annual rate
82,64,"of change since 2017, the earliest year for the which the regional estimate is"
82,65,available.
82,66,"Source: Child malnutrition (13), anaemia (14), water, sanitation and hygiene (15), clean"
82,67,fuels (16).
82,68,"World health statistics 2025: monitoring health for the SDGs, Sustainable Development Goals"
82,69,72
83,1,Table A1.3 List of SDG 3 indicators not included in the assessment
83,2,Indicator Reason for exclusion
83,3,3.1.1 Maternal mortality ratio Target set at the global level; progress not assessed at the regional level
83,4,3.2.1 Under-5 mortality rate Target set at the country level; progress not assessed at the regional level
83,5,3.2.2 Neonatal mortality rate Target set at the country level; progress not assessed at the regional level
83,6,"3.5.1 Coverage of treatment interventions (pharmacological,"
83,7,psychosocial and rehabilitation and aftercare services) for substance use
83,8,disorders
83,9,No explicit numerical target
83,10,3.7.1 Proportion of women of reproductive age (aged 15–49 years) who
83,11,have their need for family planning satisfied with modern methods
83,12,No explicit numerical target
83,13,3.7.2 Adolescent birth rate No explicit numerical target
83,14,3.8.1 Coverage of essential health services No explicit numerical target
83,15,3.8.2 Proportion of population with large household expenditures on
83,16,health as a share of total household expenditure or income
83,17,No explicit numerical target
83,18,3.9.1 Mortality rate attributed to household and ambient air pollution No explicit numerical target
83,19,"3.9.2 Mortality rate attributed to unsafe water, unsafe sanitation and lack"
83,20,of hygiene
83,21,No explicit numerical target
83,22,3.9.3 Mortality rate attributed to unintentional poisoning No explicit numerical target
83,23,3.b.3 Health product access index No explicit numerical target
83,24,3.c.1. Health worker density and distribution No explicit numerical target
83,25,3.d.1 International Health Regulations (IHR) capacity and health
83,26,emergency preparedness
83,27,No explicit numerical target
83,28,3.d.2 Percentage of bloodstream infections due to selected antimicrobial-
83,29,resistant organisms
83,30,No explicit numerical target
83,31,Table A1.4 List of health-related SDG indicators (excluding Goal 3) not included in the assessment
83,32,Indicator Reason for exclusion
83,33,1.a.2 Domestic general government health expenditure (GGHE-D) as
83,34,percentage of general government expenditure (GGE) (%)
83,35,No explicit numerical target
83,36,5.2.1 Proportion of ever-partnered women and girls aged 15 years and
83,37,"older subjected to physical, sexual or psychological violence by a current"
83,38,or former intimate partner in the previous 12 months (%)
83,39,Trend data not available
83,40,5.2.2 Proportion of women and girls aged 15 years and older subjected to
83,41,sexual violence by persons other than an intimate partner in lifetime (%)
83,42,Trend data not available
83,43,6.3.1 Proportion of domestic and industrial wastewater flows safely
83,44,treated (%)
83,45,Baseline data not available
83,46,11.6.2 Annual mean concentrations of fine particulate matter (PM2.5) in
83,47,urban areas (μg/m3)
83,48,No explicit numerical target
83,49,16.1.1 Mortality rate due to homicide (per 100 000 population) No explicit numerical target
83,50,Annexes
83,51,73
84,1,References
84,2,1. Delivery care: UNICEF/WHO joint database on births attended
84,3,by skilled health personnel. New York: United Nations
84,4,Children’s Fund and World Health Organization; 2024.
84,5,2. HIV. The global health observatory [online database]. Geneva:
84,6,World Health Organization; (https://www.who.int/data/gho/
84,7,"data/themes/hiv-aids, accessed on 26 March 2025)."
84,8,3. AIDSinfo [online database]. Geneva: Joint United Nations
84,9,Programme on HIV/AIDS (UNAIDS); (http://aidsinfo.unaids.
84,10,"org, accessed on 26 March 2025)."
84,11,4. Global tuberculosis report 2024. Geneva: World
84,12,Health Organization; 2024 (https://iris.who.int/
84,13,handle/10665/379339). Licence: CC BY-NC-SA 3.0 IGO.
84,14,5. World malaria report 2024: addressing inequity in the global
84,15,malaria response. Geneva: World Health Organization; 2024
84,16,(https://iris.who.int/handle/10665/379751). Licence: CC BY-
84,17,NC-SA 3.0 IGO.
84,18,6. Global hepatitis report 2024: action for access in low- and
84,19,middle-income countries. Geneva: World Health Organization;
84,20,2024 (https://iris.who.int/handle/10665/376461). Licence: CC
84,21,BY-NC-SA 3.0 IGO.
84,22,7. Neglected tropical diseases. The global health observatory
84,23,[online database]. Geneva: World Health Organization;
84,24,(https://www.who.int/data/gho/data/themes/neglected-
84,25,"tropical-diseases, accessed on 26 March 2025)."
84,26,8. Global health estimates 2021. Geneva: World Health
84,27,Organization; 2024 (https://www.who.int/data/global-health-
84,28,"estimates, accessed on 19 February 2025)."
84,29,9. WHO global information system on alcohol and health. The
84,30,global health observatory [online database]. Geneva: World
84,31,Health Organization; 2025 [in press]. (https://www.who.
84,32,int/data/gho/data/themes/global-information-system-on-
84,33,alcohol-and-health).
84,34,10. Global status report on road safety 2023. Geneva:
84,35,World Health Organization; 2023 (https://iris.who.int/
84,36,handle/10665/375016). Licence: CC BY-NC-SA 3.0 IGO.
84,37,11. WHO global report on trends in prevalence of tobacco use
84,38,2000–2030. Geneva: World Health Organization; 2024 (https://
84,39,iris.who.int/handle/10665/375711). Licence: CC BY-NC-SA 3.0
84,40,IGO.
84,41,12. Immunization dashboard: global [WHO/UNICEF estimates
84,42,"of national immunization coverage (WUENIC), 2024 revision]"
84,43,"[website]. Geneva: World Health Organization, United Nations"
84,44,"Children’s Fund; 2024 (https://immunizationdata.who.int/,"
84,45,accessed on 27 March 2025).
84,46,"13. United Nations Children’s Fund (UNICEF), World Health"
84,47,"Organization, International Bank for Reconstruction and"
84,48,Development/The World Bank. Levels and trends in child
84,49,malnutrition: key findings of the 2025 edition of the joint child
84,50,malnutrition estimates. Geneva: World Health Organization;
84,51,2025 [in press]. Licence: CC BY-NC-SA 3.0 IGO.
84,52,"14. WHO global anaemia estimates, 2025 edition. Geneva: World"
84,53,Health Organization; 2025 (https://www.who.int/data/gho/
84,54,data/themes/topics/anaemia_in_women_and_children).
84,55,"15. Progress on household drinking water, sanitation and"
84,56,hygiene 2000–2022: special focus on gender. New York: United
84,57,Nations Children’s Fund and World Health Organization; 2023
84,58,(https://washdata.org/reports/jmp-2023-wash-households).
84,59,16. Air pollution data portal. The global health observatory
84,60,[online database]. Geneva: World Health Organization; 2025
84,61,(https://www.who.int/data/gho/data/themes/air-pollution).
84,62,"World health statistics 2025: monitoring health for the SDGs, Sustainable Development Goals"
84,63,74
85,1,Annex 2.
85,2,Summary of methodology
85,3,Chapter 1
85,4,The analysis presented in Chapter 1 is based on the
85,5,"WHO Global health estimates 2021 (GHE2021), which"
85,6,"included the latest estimates on life expectancy, healthy"
85,7,"life expectancy, causes of deaths and disability globally,"
85,8,"by region and country, and by age and sex. The GHE2021"
85,9,"were produced using data from multiple sources, including"
85,10,"national vital registration data, latest estimates from WHO"
85,11,"technical programmes, United Nations partners and inter-"
85,12,"agency groups, and the Institute for Health Metrics and"
85,13,Evaluation Global Burden of Disease and other scientific
85,14,studies. The GHE2021 was reviewed by WHO Member
85,15,States through consultation with national focal points and
85,16,WHO country and regional offices. The GHE2021 summary
85,17,of methodology can be accessed online (1).
85,18,Secondary analysis was performed using well-established
85,19,demographic methods to decompose the change and
85,20,difference in healthy life expectancy over time or between
85,21,"different populations, by age and cause, using GHE2021"
85,22,"data (2,3)."
85,23,Chapter 2
85,24,The analysis presented in Chapter 2 is based on data
85,25,available from the global monitoring of health-related
85,26,SDG indicators as of April 2025. Data were compiled from
85,27,publications and databases produced and managed by
85,28,WHO or United Nations partner entities. The methodology
85,29,for each indicator is available from the cited references for
85,30,the chapter. The data reference years for each indicator
85,31,differ as data series are updated on different timelines and
85,32,with different lags between the data reference year and the
85,33,"publication year. Unless otherwise stated, the assessment"
85,34,of progress towards reaching a target is determined by
85,35,whether the target will be met if the current average
85,36,annual rate of change applies until the target year.
85,37,Chapter 3
85,38,The Triple Billion estimates in Chapter 3 were calculated
85,39,"following the WHO GPW13 measurement framework,"
85,40,developed through extensive review and consultation
85,41,"with experts, WHO regional offices and Member States (4)."
85,42,"Estimates were derived from 46 outcome indicators (5),"
85,43,using the latest available country-level data as of March
85,44,2025. Indicator-level projections were generated using
85,45,statistical forecasting models that account for historical
85,46,"trends, data sparsity and recent developments, according"
85,47,to methods in Concept and methodologies in estimation
85,48,and forecasting of Triple Billion targets and improving the
85,49,WHO results framework (6).
85,50,"Additionally, two hypothetical scenarios are presented."
85,51,The first shows estimated progress if all countries were
85,52,to achieve the annualized targets set by the 2030 Agenda
85,53,"(5,7). This scenario was constructed by calculating a"
85,54,population-weighted global average of expected 2030
85,55,values for each indicator. Each country’s expected 2030
85,56,value was adjusted by the proportion needed to close
85,57,the gap between the global average and the SDG target/
85,58,indicator. The second scenario shows potential gains in
85,59,progress if countries within each WHO region were to
85,60,match the expected progress of top countries in their
85,61,respective regions by 2030. Region-specific targets are
85,62,defined as the top decile of the regional distribution of
85,63,2030 values for each indicator. Country-specific trajectories
85,64,for the scenario were calculated by finding the annualized
85,65,"rate of change required to meet regional-targets, from a"
85,66,baseline year of 2023.
85,67,Chapter 4
85,68,Economic status is measured using a wealth index and
85,69,"is composed of five subgroups, each accounting for 20%"
85,70,of the population. Education refers to the highest level
85,71,of education attained by the mother and is composed of
85,72,"three subgroups (no education, primary education and"
85,73,secondary or higher education). For economic status and
85,74,"education, inequality was measured as the difference"
85,75,"along the socioeconomic spectrum, while taking the"
85,76,composition of every socioeconomic subgroup into
85,77,consideration. This is also known as the slope index of
85,78,inequality (SII). Subgroups were ranked from the most
85,79,"disadvantaged to the most advantaged, factoring in"
85,80,"their population sizes, and the indicator value regressed"
85,81,against these relative ranks. SII represents the absolute
85,82,difference between the two extremes of this regression
85,83,"line. For place of residence, inequality was measured as"
85,84,the difference between urban and rural subgroups (for
85,85,DTP3 coverage) and the difference between rural and
85,86,urban subgroups (for zero-dose prevalence). Since place
85,87,of residence is categorized into two subgroups (urban
85,88,"and rural), the inequality measured by the difference"
85,89,might be less than when there are more subgroups (as
85,90,is the case with economic status and education). This is
85,91,because a larger number of groupings typically captures
85,92,more heterogeneity. Globally and within World Bank
85,93,"country income groups, inequality was calculated as the"
85,94,median difference across countries. Change in inequality
85,95,over time was measured using countries with two data
85,96,"points, from 2004 to 2013 and from 2014 to 2023 (spanning"
85,97,approximately 10 years).
85,98,Annexes
85,99,75
86,1,References
86,2,1. Global health estimates: life expectancy and leading causes
86,3,of death and disability. In: The Global Health Observatory
86,4,[website]. World Health Organization; (https://www.who.
86,5,int/data/gho/data/themes/mortality-and-global-health-
86,6,estimates).
86,7,"2. Andreev EM, Shkolnikov VM, Begun AZ. Algorithm"
86,8,for decomposition of differences between aggregate
86,9,demographic measures and its application to life
86,10,"expectancies, healthy life expectancies, parity-progression"
86,11,ratios and total fertility rates. Demogr Res. 2002;7:14 (https://
86,12,doi.org/10.4054/demres.2002.7.14).
86,13,"3. Beltrán-Sánchez H, Preston SH, Canudas-Romo V. An"
86,14,integrated approach to cause-of-death analysis: cause-
86,15,deleted life tables and decompositions of life expectancy.
86,16,Demogr Res. 2008;19:1323–1350 (https://doi.org/10.4054/
86,17,DemRes.2008.19.35).
86,18,4. Thirteenth general programme of work (GPW13):
86,19,"methods for impact measurement, version 2.1. Geneva:"
86,20,World Health Organization; 2020 (https://iris.who.int/
86,21,handle/10665/341371). Licence: CC BY-NC-SA 3.0 IGO.
86,22,5. Thirteenth general programme of work (GPW13): metadata
86,23,for impact measurement indicators. Geneva: World Health
86,24,Organization; 2020 (https://www.who.int/publications/m/
86,25,item/metadata-for-impact-measurement-indicators).
86,26,6. Concept and methodologies in estimation and forecasting
86,27,of Triple Billion targets and improving the WHO results
86,28,framework. Geneva: World Health Organization; 2023
86,29,(https://www.who.int/publications/m/item/concept-and-
86,30,methodologies-in-estimation-and-forecasting-of-triple-
86,31,billion-targets-and-improving-the-who-results-framework).
86,32,"7. Seventieth session United Nations General Assembly,"
86,33,25 September 2015. Transforming our world: the 2030 Agenda
86,34,for Sustainable Development; 2015 (A/RES/70/1; https://docs.
86,35,un.org/en/A/RES/70/1).
86,36,"World health statistics 2025: monitoring health for the SDGs, Sustainable Development Goals"
86,37,76
88,1,World Health Organization
88,2,Avenue Appia 20
88,3,1211 Geneva
88,4,Switzerland
88,5,http://www.who.int
