page,line,text
4,1,Tracking universal health coverage: 2025 global monitoring report
4,2,ISBN (WHO) 978-92-4-011780-8 (electronic version)
4,3,ISBN (WHO) 978-92-4-011781-5 (print version)
4,4,"© World Health Organization and the International Bank for Reconstruction and Development / The World Bank, 2025"
4,5,Some rights reserved. This work is available under the Creative Commons Attribution-NonCommercial-ShareAlike 3.0 IGO
4,6,licence (CC BY-NC-SA 3.0 IGO; https://creativecommons.org/licenses/by-nc-sa/3.0/igo).
4,7,"Under the terms of this licence, you may copy, redistribute and adapt the work for non-commercial purposes, provided the"
4,8,"work is appropriately cited, as indicated below. In any use of this work, there should be no suggestion that the World Health"
4,9,Organization (WHO) and/or the International Bank for Reconstruction and Development / The World Bank (The World Bank)
4,10,"endorses any specific organization, products or services. The use of the WHO or The World Bank logo is not permitted. If"
4,11,"you adapt the work, then you must license your work under the same or equivalent Creative Commons licence, and you"
4,12,should add the following disclaimer along with the suggested citation: This is an adaptation of an original work by the World
4,13,Health Organization and The World Bank. WHO and the World Bank are not responsible for the content or accuracy of this
4,14,adaptation. Responsibility for the views and opinions expressed in the adaptation rests solely with the author or authors
4,15,of the adaptation and are not endorsed by the World Health Organization and The World Bank. If you create a translation
4,16,"of this work, you should add the following disclaimer along with the suggested citation: “This translation was not created"
4,17,by the World Health Organization (WHO) or the International Bank for Reconstruction and Development / The World Bank
4,18,(The World Bank). WHO and The World Bank are not responsible for the content or accuracy of this translation. The original
4,19,English edition shall be the binding and authentic edition”.
4,20,Any mediation relating to disputes arising under the licence shall be conducted in accordance with the mediation rules of
4,21,the World Intellectual Property Organization (http://www.wipo.int/amc/en/mediation/rules).
4,22,Suggested citation. Tracking universal health coverage: 2025 global monitoring report. Geneva: World Health Organization
4,23,and the International Bank for Reconstruction and Development / The World Bank; 2025. Licence: CC BY-NC-SA 3.0 IGO.
4,24,Cataloguing-in-Publication (CIP) data. CIP data are available at http://apps.who.int/iris.
4,25,"Sales, rights and licensing. To purchase WHO publications, see https://www.who.int/publications/book-orders. To submit"
4,26,"requests for commercial use and queries on rights and licensing, see http://www.who.int/about/licensing."
4,27,"Third-party materials. If you wish to reuse material from this work that is attributed to a third party, such as tables, figures"
4,28,"or images, it is your responsibility to determine whether permission is needed for that reuse and to obtain permission"
4,29,from the copyright holder. The risk of claims resulting from infringement of any third-party owned component in the work
4,30,rests solely with the user.
4,31,"General disclaimers. The designations employed, colors, denominations, links/footnotes and the presentation of the"
4,32,material in this publication do not imply the expression of any opinion whatsoever on the part of WHO and/or The World
4,33,"Bank concerning the legal status of any country, territory, city or area or of its authorities, or concerning the delimitation"
4,34,of its frontiers or boundaries. Dotted lines on maps represent approximate border lines for which there may not yet be
4,35,full agreement.
4,36,"Terminology used in this publication follows the institutional style and practice of the WHO as lead publishing organization,"
4,37,and may be at variance with those used by The World Bank.
4,38,The citation of works authored by others does not mean the WHO and the World Bank endorses the views expressed by
4,39,those authors or the content of their works.
4,40,The mention of specific companies or of certain manufacturers’ products does not imply that they are endorsed or
4,41,recommended by WHO and The World Bank in preference to others of a similar nature that are not mentioned. Errors and
4,42,"omissions excepted, the names of proprietary products are distinguished by initial capital letters."
4,43,All reasonable precautions have been taken by WHO and/or The World Bank to verify the information contained in this
4,44,"publication. However, the published material is being distributed without warranty of any kind, either expressed or implied."
4,45,The responsibility for the interpretation and use of the material lies with the reader. In no event shall WHO and/or The
4,46,World Bank be liable for damages arising from its use.
4,47,Editing and design by Inis Communication
5,1,iii
5,3,Contents
5,4,Foreword vi
5,5,Acknowledgements vii
5,6,Abbreviations ix
5,7,Glossary of key terms x
5,8,Executive Summary xiv
5,9,Introduction: A revised and improved monitoring framework
5,10,for universal health coverage 1
5,11,Chapter 1: Progress towards UHC 11
5,12,"1.1. The world progressed on both UHC pillars, but progress has slowed in the SDG era 12"
5,13,1.2. Progress on indicator components was uneven 13
5,14,"1.3. Despite global progress, large UHC shortfalls persist 15"
5,15,"1.4. Results across country income groups converged slowly, but important"
5,16,disparities remain 18
5,17,"1.5. All regions raised service coverage, and half reduced financial hardship 19"
5,18,1.6. The revision of indicators influences findings in both UHC dimensions 21
5,19,Chapter 2: Deep dive on service coverage 25
5,20,2.1. Infectious disease indicators drove progress on the UHC service coverage index 26
5,21,"2.2. Between-country inequalities in service coverage narrowed, but more slowly after 2015 28"
5,22,2.3. Inequalities in forgone care and unmet need hamper UHC progress 30
5,23,Chapter 3: Deep dive on financial hardship 35
5,24,"3.1. Poverty reduction drove progress in reducing impoverishing OOP health spending,"
5,25,but gains were uneven 36
5,26,3.2. Socio-demographic factors amplify disparities 41
5,27,"3.3. In most countries, spending on medicines is the largest component"
5,28,of OOP health spending 45
6,1,iv
6,2,Conclusions 49
6,3,References 54
6,4,Annexes
6,5,"Annex 1. Methods to calculate the UHC service coverage index, SDG 3.8.1,"
6,6,additional analyses and data availability 61
6,7,Annex 2. Data availability and global/regional aggregation methods for financial hardship 68
6,8,Annex 3. Sustainable Development Goal (SDG) indicators of universal health
6,9,"coverage (UHC) by location, most recent year available 74"
6,10,Annex references 82
6,11,List of tables
6,12,Table 0.1. Revisions to UHC service coverage index tracer indicator 3
6,13,Table 0.2. Revisions to SDG indicator 3.8.2 and complementary indicators 5
6,14,"Table 1.1. After 2015, 3 out of 4 country-income groups made gains in service coverage and"
6,15,"reduced financial hardship, with the fastest progress in low-income countries 18"
6,16,"Table 1.2. From 2015 to 2022/2023, half of the WHO regions progressed or held steady"
6,17,in all components of the SDG UHC indicators 20
6,18,Table A1.1. Data sources used in the calculation of the UHC SCI (SDG 3.8.1) 61
6,19,"Table A1.2. Availability of primary data by WHO region and globally, 2019–2023 67"
6,20,Table A2.1. Availability of survey-based estimates for financial hardship (SDG 3.8.2) 68
6,21,Table A2.2. Average number and frequency of survey-based estimates
6,22,for financial hardship (SDG 3.8.2) 69
6,23,"Table 1.3. Comparison of trends presented in Global monitoring reports, 2023 and 2025 22"
6,24,List of figures
6,25,"Fig. 1. Global trends in UHC service coverage index (top) and financial hardship (bottom),"
6,26,2000–2022/2023 xv
6,27,"Fig. 2. Global annual rates of progress, 2000–2015 and 2015–2022/2023 xvi"
6,28,Fig. 3. Global estimates and projected values of UHC pillars to 2030 xvi
6,29,Fig. 0.1. Financial hardship and financial barriers to accessing health care 6
6,30,"Fig. 1.1. UHC progress is too slow: at the current pace, service coverage will remain"
6,31,"under 80, and nearly 1 in 4 people will face financial hardship in 2030 12"
6,32,"Fig. 1.2. Since 2000, infectious disease control and lower impoverishing OOP have driven"
6,33,UHC gains – but progress in both slowed after 2015 14
6,34,"Fig. 1.3. Midway through the SDG era, over half of the world was not yet fully covered"
6,35,"by essential health services, and more than a quarter of all people faced"
6,36,financial hardship 16
6,37,"Fig. 1.4. Since 2000, more than half of countries have improved service coverage and"
6,38,"reduced financial hardship – but since 2015, fewer than 4 in 10 have done so 17"
6,39,Fig. 2.1. Three tracer indicators accounted for more than three-quarters of change
6,40,"in the global SCI, 2000 to 2023 27"
7,1,v
7,2,"Fig. 2.2. Progress in basic sanitation led SCI gains in half of WHO regions, 2000 to 2023 28"
7,3,Fig. 2.3. Between-country inequalities in service coverage narrowed globally
7,4,"and across WHO regions, but gains have slowed after 2015 29"
7,5,Fig. 2.4. Change in inequalities in the proportion of women experiencing problems in
7,6,"accessing health care across 38 low- and middle-income countries, 2004–2013"
7,7,and 2014–2023 31
7,8,Fig. 2.5. Inequality in the proportion of people who needed health care in the past 12
7,9,"months but did not have it, 30 European countries, 2019 32"
7,10,Fig. 2.6. Inequality in the proportion of people who needed medical or dental care
7,11,"in the past 12 months but did not have it, 25 European countries, 2021–2024 33"
7,12,Fig. 3.1. The rate of impoverishing OOP health spending is mainly driven by people
7,13,further impoverished due to OOP health spending 37
7,14,"Fig. 3.2. Global poverty and impoverishing OOP health spending rates declined,"
7,15,but the relative contribution of OOP health spending to poverty increased 38
7,16,Fig. 3.3. The share of total OOP health spending contributed by those facing
7,17,"impoverishing OOP health spending is generally low, but it is highest"
7,18,in low-income countries 39
7,19,"Fig. 3.4. Globally, financial hardship rose in the lowest consumption quintile"
7,20,"and fell or changed little in the other quintiles, 2000–2022 41"
7,21,Fig. 3.5. People in multigenerational households face the highest median financial
7,22,"hardship rate, while those living in households of only older adults face"
7,23,higher rates of large OOP spending 43
7,24,"Fig. 3.6. Financial hardship is slightly lower in female-headed households,"
7,25,but markedly higher in rural populations 44
7,26,Fig. 3.7. Medicines account for over 55% of OOP health spending in most countries
7,27,with available data 46
7,28,Fig. A1.1. Schematic of UHC SCI (SDG 3.8.1) components and calculation 65
7,29,List of boxes
7,30,Box 1.1. Implications of indicator revisions for global UHC monitoring 21
7,31,Box 3.1. A health system approach to address financial protection 47
8,1,vi
8,2,Foreword
8,3,"Universal health coverage (UHC) is central to building more resilient, equitable, and"
8,4,"prosperous societies. The promise of UHC is improved health outcomes, greater human"
8,5,"capital accumulation, and protection from financial hardship due to the need to seek"
8,6,health care. But health care also creates jobs and drives inclusive development. Healthy
8,7,people are better equipped to seize opportunities and fuel economic expansion. We can
8,8,"make real progress that improves health, transforms lives, and builds stronger economies."
8,9,But we need to invest much more in health and accelerate progress if we want to turn
8,10,"the vision of universal health coverage into reality—one where everyone, everywhere, can"
8,11,access the care they need without financial hardship.
8,12,The latest data confirm both the progress made and the scale of the challenge ahead.
8,13,A decade after the world committed to achieving UHC by 2030 under the Sustainable
8,14,"Development Goals, this Global Monitoring Report offers the most comprehensive"
8,15,assessment of where we stand today—and what must change to accelerate progress.
8,16,Global progress has been made in expanding access to essential health services and
8,17,"reducing the financial hardship caused by health costs. Yet progress has been uneven and,"
8,18,"amid a global polycrisis, has slowed in recent years. As of 2023, an estimated 4.6 billion"
8,19,"people still lacked coverage for essential health services, and in 2022, 2.1 billion people"
8,20,experienced financial hardship due to out-of-pocket health spending.
8,21,Progress in controlling infectious diseases stands in contrast to slower gains in other areas
8,22,of health. Financial hardship continues to fall disproportionately on the poorest and most
8,23,"vulnerable, with 1.6 billion people pushed into or deeper into poverty in 2022 because of"
8,24,"out-of-pocket health spending. Socio-demographic factors—including where people live,"
8,25,"household composition, sex, and age—further compound these inequities."
8,26,The way forward is clear. Adequate public funding must underpin health coverage—
8,27,especially for the poor—through essential benefit packages with zero or minimal
8,28,cost-sharing. Strengthening health services across the life course and engaging the
8,29,private sector strategically can accelerate equitable progress. Reducing high spending on
8,30,medicines—the largest driver of out-of-pocket costs—alongside promoting cost-effective
8,31,"care, efficient resource use, and stronger public health functions will be critical."
8,32,"Achieving this demands sustained political commitment, smarter investments, and an"
8,33,unwavering focus on those most at risk.
8,34,"With only five years left until 2030, this report highlights both the progress achieved and"
8,35,the urgency to act. What is needed now is leadership—to transform commitment into
8,36,action and make health for all a lived reality.
8,37,Dr Yukiko Nakatani Mamta Murthi
8,38,"Assistant Director-General, Health Systems Vice President, People"
8,39,World Health Organization World Bank Group
9,1,vii
9,2,Acknowledgements
9,3,"The core writing team of the report includes: Gabriela Flores, Jessica Ho, Rouselle Lavado,"
9,4,"Vladimir Sergeevich Gordeev, Asiyeh Abbasi, and Catherine Korachais from the World"
9,5,"Health Organization (WHO); and Gil Shapira, Patrick Hoang-Vu Eozenou, Marc-François"
9,6,"Smitz, Ruchika Bhatia, and Jakob Othman from the World Bank. The team thanks Alexander"
9,7,"Irwin (World Bank), who served as technical writer."
9,8,The extended team – including those who contributed to specific sections – includes:
9,9,"Charlton Callender, Ahmadreza Hosseinpoor, Katherine Kirkby, Anne Schlotheuber and"
9,10,Susan Sparkes from WHO.
9,11,"The report team thanks Kalipso Chalkidou, Matthew Jowett, Alain Labrique and Haidong"
9,12,Wang (from WHO) and Agnès Couffinhal (from World Bank) for guidance and valuable
9,13,inputs during all stages of the report production. WHO would like to thank Yukiko Natakani
9,14,(WHO) for her oversight and suggestions. The World Bank would like to thank Monique
9,15,Vledder and David Wilson (World Bank) for their oversight and suggestions. Technical
9,16,coordination and development of this report were led by Jessica Ho and Gabriela Flores
9,17,(WHO) and Gil Shapira (World Bank).
9,18,The report team would like to thank peer reviewers who provided comments and
9,19,"suggestions to improve the report: Dave Clarke, Alison Commar, Tamas Gyula Evetovits,"
9,20,"Hebe Gouda, Nathalia Houghton, Marjolaine Nicod, Claudia Pescetto, Ruchita Rajbhandary,"
9,21,"Megumi Rosenberg, Amani Siyam, Gretchen Stevens and Sarah Thomson (WHO); and Caryn"
9,22,"Bredenkamp, Alaka Holla, Dean Joliffe, Umar Serajuddin and Ajay Tandon (World Bank)."
9,23,The report team also would like to thank colleagues and consultants who helped to improve
9,24,the quality and completeness of the data that forms the basis of this report: Rocio Garcia-
9,25,"Diaz, Lynn Al Tayara, Marcos Gallardo Martínez, Jorge Alejandro García-Ramírez, María"
9,26,"Serrano Gregori, Vuk Cadjenovic, Vishnu Prasad Sapkota, Vassily Trubetskoy, and David"
9,27,Zombre (WHO); Dee Wang and Sahar Zandinia (United Nations Children’s Fund); Joseph
9,28,Molitoris (United Nations Department of Economic and Social Affairs); as well as colleagues
9,29,from the World Bank Poverty Global Practice and Development Data Group.
9,30,The report team expresses gratitude to WHO regional office colleagues for the support
9,31,"provided during the country consultation process on SDG 3.8 indicators: Keyrellous Adib,"
9,32,"Lynn Al Tayara, Laura Anderson, Ernesto Bascolo, Mathieu Bastard, Serge Marcial Bataliack,"
9,33,"Michel Beusenberg, Annie Chu, Ogochukwu Chukwujekwu, Adrienne Cox, Jenny Cresswell,"
9,34,"Stefania Davia, Henry Doctor, Benson Droti, Laure Dumolard, Tesfaye Bedada Erbeto,"
9,35,"Sophie Faye, James Fitzgerald, Marcos Ignacio Gallardo Martinez, Jorge Alejandro Garcia,"
9,36,"Sebastian Garcia Saiso, Roland Dilipkumar Hensman, Maneeta Jain, Manoj Jhalani, Richard"
10,1,viii
10,2,"Johnston, Teena Kunjumen, Alia Cynthia Luz, Awad Mataria, Ann-Beth Moller, David Novillo"
10,3,"Ortiz, Kidong Park, Arash Rashidian, Maria Serrano Gregori, Jayendra Sharma, Patricia"
10,4,"Soliz, Lluis Vinals Torres, Roland Kimbi Wango and Tomas Zapata."
10,5,The report team also expresses gratitude to all WHO country office colleagues for the
10,6,support provided during the country consultation on SDG 3.8 indicators. WHO also
10,7,expresses appreciation to all ministry of health and national statistical office focal points
10,8,for taking the time to provide feedback during the country consultation process.
10,9,WHO is grateful to the following for their generous funding support: Department of Foreign
10,10,"Affairs, Trade and Development of Canada; the UHC Partnership through funding provided"
10,11,"by Belgium, Canada, the European Union, the French Ministry for Europe and Foreign"
10,12,"Affairs, Germany, the Grand Duchy of Luxembourg, Irish Aid, the Government of Japan"
10,13,"(Ministry of Health, Labour and Welfare), and the United Kingdom of Great Britain and"
10,14,"Northern Ireland (Foreign, Commonwealth & Development Office). WHO and the World"
10,15,Bank would also like to jointly thank the Government of Japan for their funding support.
11,1,ix Abbreviations
11,2,Abbreviations
11,3,DHS demographic and health survey
11,4,"DTP3 diphtheria, tetanus toxoid and pertussis vaccine (3 doses)"
11,5,EHIS European Health Interview Survey
11,6,EU-SILC European Statistics of Income and Living Conditions survey
11,7,HIC high-income country
11,8,IAEG Inter-Agency and Expert Group
11,9,IHR International Health Regulations
11,10,ITN insecticide-treated net
11,11,LIC low-income country
11,12,LMIC lower-middle-income country
11,13,MIC middle-income country
11,14,NCD noncommunicable disease
11,15,OOP out-of-pocket
11,16,PHC primary health care
11,17,"RMNCH reproductive, maternal, newborn, and child health"
11,18,SCI service coverage index
11,19,SDG Sustainable Development Goal
11,20,SPL societal poverty line
11,21,UHC universal health coverage
11,22,UMIC upper-middle-income country
11,23,UNDESA United Nations Department of Economic and Social Affairs
11,24,UNICEF United Nations Children’s Fund
11,25,WHO World Health Organization
12,2,Glossary of key terms
12,3,"This glossary includes technical definitions, when available, and terminology used in the"
12,4,"report. Rather than being presented in alphabetical order, terms are grouped conceptually"
12,5,under the two Sustainable Development Goals (SDG) indicators of universal health
12,6,coverage (UHC).
12,7,Universal health coverage (UHC) means that all people receive the health services they
12,8,need without facing financial hardship (1).
12,9,Related to the service coverage dimension of UHC:
12,10,• Health services: Any good or service delivered in the health system within the full
12,11,"continuum from health promotion to prevention, treatment, rehabilitation and palliative"
12,12,care across the life course (2).
12,13,"• Essential health services: Health services that all countries, regardless of their"
12,14,"demographic, epidemiological or economic profile, are expected to provide. For global"
12,15,"service coverage monitoring, this includes essential services based on selected tracer"
12,16,"interventions that span reproductive, maternal, newborn and child health (RMNCH),"
12,17,"infectious diseases, noncommunicable diseases (NCDs), and service capacity and access,"
12,18,"among the general and the most disadvantaged populations (3,4)."
12,19,• Effective coverage: The proportion of people in need of health services who receive
12,20,"services of sufficient quality to obtain potential health gains (4,5)."
12,21,• SDG indicator 3.8.1 – Service coverage index (SCI): Corresponds to the population-
12,22,weighted geometric means of selected essential services spanning four health domains:
12,23,"RMNCH, infectious diseases, NCDs, and service capacity and access. As an index score,"
12,24,the SCI cannot be directly interpreted as the percentage of the population covered by
12,25,a set of essential services (3).
12,26,• Forgone care: Forgoing services occurs when people recognize a health need but
12,27,"cannot access care, medicines or other products due to barriers at any point in the"
12,28,"care pathway. It is distinct from unmet need, which can exist without awareness of the"
12,29,need. Surveys typically capture forgone care by asking about recent situations where
12,30,needed treatment was not received and the reasons why (6).
12,31,• Unmet need for health care: Unmet health care need ranges from unexpressed
12,32,"demand, where people do not seek care, to expressed demand that is inadequately"
12,33,met due to ineligibility or poor-quality treatment. Some individuals experience both (6).
13,1,xi
13,2,Glossary of key terms
13,3,Related to the financial hardship dimension of UHC:
13,4,"• Out-of-pocket (OOP) health spending is voluntary, paid at point of care without risk"
13,5,"pooling. In effect, it is what people pay directly from their own income, savings or loans"
13,6,"when using health services or buying health products, excluding anything covered by"
13,7,"insurance, taxes or reimbursements. It includes costs such as medicines, doctor visits,"
13,8,"hospital care and diagnostics. It does not include indirect costs such as transportation,"
13,9,nor the opportunity cost of seeking health care (e.g. lost income) or non-medical
13,10,expenses such as gym memberships or nutritional supplements.
13,11,• Financial hardship in health occurs when OOP health spending reduces people’s ability
13,12,to meet basic needs or substantially reduces their ability to afford other goods and
13,13,services. SDG indicator 3.8.2 is used for global tracking of financial hardship in health.
13,14,• Financial hardship due to OOP health spending: see financial hardship in health
13,15,definition. Both terms are used interchangeably.
13,16,• Financial protection in health refers to the absence of financial barriers to accessing
13,17,needed care and lack of financial hardship due to out-of-pocket health spending. Global
13,18,monitoring using SDG indicator 3.8.2 (original or revised) does not capture financial
13,19,barriers to access (7).
13,20,• Basic needs: Reflect sufficient consumption to meet a minimum energy requirement
13,21,based on food consumption patterns within each country plus a small allowance for non-
13,22,food expenditures (8). Poverty lines can represent the cost of meeting basic needs (9).
13,23,• Societal poverty line (SPL) is a hybrid poverty line that combines an absolute level
13,24,of need (the intercept) with a relative component that rises gradually in line with
13,25,consumption or income levels (the gradient) (8). The SPL allows for the poverty threshold
13,26,"to vary across countries, essentially allowing for the cost of meeting basic needs to"
13,27,increase with the economic development of societies. This results in a definition of
13,28,poverty that is more closely aligned with each country’s own assessment of basic
13,29,"needs. As a result, the SPL can be used as a single practical definition of basic needs"
13,30,"across countries. It is more easily referred to for a cross-country comparison exercise,"
13,31,compared to using different absolute or relative poverty-line definitions depending on
13,32,the countries’ level of economic development. Other regional and national methods to
13,33,define household discretionary budget (defined below) and methods to estimate basic
13,34,"needs exist and are relevant to contextualize findings. For SDG indicator 3.8.2, the SPL is"
13,35,defined in 2017 purchasing power parities and corresponds to whichever is greater: US$
13,36,2.15 (the international absolute poverty line) or US$ 1.15 + 50% of median household
13,37,consumption expenditure or income net of OOP health spending. The 2021 purchasing
13,38,power parities will be applied in the 2027 UHC monitoring report (10).
13,39,• Discretionary budget: Total consumption expenditure or income net of the cost of
13,40,"basic needs. People living in poverty have negative discretionary budgets, as their level"
13,41,of consumption expenditure or income is below what is required to meet basic needs.
13,42,"For global monitoring of financial hardship due to out-of-pocket health spending, the"
13,43,revised SDG indicator 3.8.2 relies on the SPL as a measure of the cost of basic needs.
13,44,• Revised SDG 3.8.2 – Financial hardship indicator (discretionary budget approach):
13,45,Proportion of the population with positive out-of-pocket household expenditure on
13,46,health exceeding 40% of household discretionary budget. The financial hardship
13,47,indicator can be decomposed into the proportion of the population with impoverishing
13,48,OOP health spending and the proportion with OOP health spending that is large but
13,49,non-impoverishing (defined below).
14,1,xii
14,2,• Impoverishing OOP health spending reduces people’s ability to meet basic needs.
14,3,"Therefore, it classifies any spending by people who cannot afford basic needs as a"
14,4,"source of financial hardship. In technical terms, impoverishing OOP health spending"
14,5,"is OOP health spending that exceeds 100% of discretionary budget, or spending that"
14,6,leaves people with no discretionary budget once OOP is subtracted from their total
14,7,budget. The population incurring impoverishing health spending can be divided into
14,8,two mutually exclusive groups of those further impoverished by OOP health spending
14,9,and those pushed into poverty (defined below).
14,10,• Large OOP health spending does not impact ability to meet basic needs but substantially
14,11,reduces people’s ability to consume other goods and services. Under the revised SDG
14,12,"3.8.2 indicator, this refers to the share of the population whose OOP health spending"
14,13,exceeds 40% but remains below 100% of their discretionary budget.
14,14,• Further impoverished by OOP health spending: People who are further impoverished
14,15,"are people who would be poor regardless of whether they incur OOP health spending,"
14,16,yet such spending further reduces their ability to meet basic needs. Under the revised
14,17,"SDG 3.8.2 indicator, the proportion further impoverished corresponds to those who live"
14,18,"below the societal poverty line and incur any OOP health spending, as a share of the"
14,19,"total population. These are people with negative discretionary budgets, and therefore"
14,20,any positive OOP health spending is above 40% of the discretionary budget.
14,21,"• Pushed into poverty by OOP health spending: Under the revised SDG 3.8.2 indicator,"
14,22,the proportion pushed into poverty corresponds to the share of the total population
14,23,"who do not live in societal poverty, based on their total consumption (or income), but"
14,24,whose consumption (or income) falls below the SPL when net of OOP health spending.
14,25,"In other words, these are people living in households that have positive discretionary"
14,26,budgets and spend all of their discretionary budget on OOP health spending.
14,27,• Original SDG 3.8.2 – Catastrophic out-of-pocket health spending indicator (budget
14,28,share approach): Proportion of the population with OOP health spending exceeding
14,29,10% and 25% of household total budget (consumption expenditure or income) (11).
15,1,xiii Glossary of key terms
15,2,Glossary references
15,3,1. Tracking universal health coverage: 2023 global monitoring report. Geneva: World Health
15,4,Organization and International Bank for Reconstruction and Development/The World Bank;
15,5,2023 (https://iris.who.int/handle/10665/374059).
15,6,2. Universal health coverage [website]. Geneva: World Health Organization; 2025 (https://www.
15,7,who.int/health-topics/universal-health-coverage).
15,8,"3. SDG indicator metadata, indicator 3.8.1. New York: United Nations; 2025 (https://unstats.un.org/"
15,9,sdgs/metadata/files/Metadata-03-08-01.pdf).
15,10,4. Tanahashi T. Health service coverage and its evaluation. Bull World Health Organ. 1978;56(2):295–
15,11,303 (https://iris.who.int/handle/10665/261736).
15,12,5. Tracking universal health coverage: 2017 global monitoring report. Geneva: World Health
15,13,Organization and the International Bank for Reconstruction and Development/The World Bank;
15,14,2017 (https://iris.who.int/handle/10665/259817).
15,15,6. Handbook for conducting assessments of barriers to effective coverage with health services: in
15,16,support of equity-oriented reforms towards universal health coverage. Geneva: World Health
15,17,Organization; 2024 (https://iris.who.int/handle/10665/377956).
15,18,7. Global monitoring report on financial protection in health 2021. Geneva: World Health
15,19,Organization and International Bank for Reconstruction and Development/The World Bank;
15,20,2021 (https://iris.who.int/handle/10665/350240).
15,21,"8. Jolliffe D, Prydz EB. Societal poverty: a relative and relevant measure. World Bank Econ Rev."
15,22,2021;35(1):180–206 (https://doi.org/10.1093/wber/lhz018).
15,23,"9. Monitoring global poverty: Report of the commission on global poverty. Washington, DC: World"
15,24,Bank; 2017 (http://documents.worldbank.org/curated/en/353781479304286720).
15,25,"10. Foster EM, Jolliffe D, Lara Ibarra G, Lakner C, Tetteh-Baah SK. Global poverty revisited using 2021"
15,26,PPPs and new data on consumption. World Bank Policy Research Working Paper Series No.
15,27,11137. Washington (DC): World Bank; 2025 (https://documents.worldbank.org/en/publication/
15,28,documents-reports/documentdetail/099503206032533226).
15,29,"11. Wagstaff A, Flores G, Hsu J, Smitz M-F, Chepynoga K, Buisman LR, et al. Progress on catastrophic"
15,30,health spending: results for 133 countries. A retrospective observational study. Lancet Global
15,31,Health. 2017;6(2):e169–e179 (https://doi.org/10.1016/s2214-109x(17)30429-1).
16,1,xiv
16,2,Executive Summary
16,3,Universal health coverage (UHC) means that all people can receive the quality health
16,4,"services they need without incurring financial hardship. In 2015, United Nations Member"
16,5,States recognized its importance and committed to reach UHC by 2030 in the context of
16,6,the Sustainable Development Goals (SDGs).
16,7,"Tracking progress towards UHC demands attention to both dimensions, since expanding"
16,8,coverage and reducing financial hardship simultaneously is a complex challenge. Policy-
16,9,makers must often make difficult choices about which populations and services to
16,10,"prioritize, and how much cost-sharing (fees) to introduce."
16,11,The SDG global monitoring framework adopted two relevant indicators (SDG indicators
16,12,"3.8.1 and 3.8.2) in 2015. In 2025, the United Nations Statistical Commission approved"
16,13,"proposals for revisions of the SDG UHC indicators, made jointly by the World Health"
16,14,"Organization and the World Bank, as part of a comprehensive review of all SDG indicators."
16,15,The revised global UHC monitoring framework uses the following two indicators:
16,16,"1. SDG indicator 3.8.1 is the UHC service coverage index, a composite index with a"
16,17,"score from 0 to 100, composed of 14 tracer indicators in the four broad health domains"
16,18,"of reproductive, maternal, newborn and child health (RMNCH); infectious diseases;"
16,19,noncommunicable diseases; and service capacity and access.
16,20,2. SDG indicator 3.8.2 tracks the proportion of the population facing financial
16,21,"hardship in health, reflecting out-of-pocket (OOP) health spending that reduces"
16,22,households’ ability to meet basic needs (impoverishing OOP) or that substantially
16,23,reduces ability to consume other goods and services (large OOP).1
16,24,This Global monitoring report 2025 marks the first round of UHC tracking to use these
16,25,"updated metrics, with reproduction of all country, regional and global results since 2000."
16,26,1 The technical definition of the revised SDG indicator 3.8.2 is “the proportion of the population with positive out-of-pocket
16,27,household expenditure on health exceeding 40% of household discretionary budget (budget net of the cost of basic
16,28,needs)”. The budget corresponds to the total consumption or income and the cost of basic needs is measured with the
16,29,societal poverty line.
17,1,xv Executive Summary
17,2,Slow global progress towards UHC
17,3,"Since 2000, the world has advanced on both pillars of UHC, expanding health service"
17,4,coverage and reducing financial hardship. The global UHC service coverage index
17,5,(SCI) rose from 54 index points in 2000 to 71 in 2023. The share of the global population
17,6,incurring financial hardship due to OOP health spending fell from 34% in 2000 to 26% in
17,7,2022 (Fig. 1).2
17,8,Fig. 1. Global trends in UHC service coverage index (top) and financial
17,9,"hardship (bottom), 2000–2022/2023"
17,10,Note: The peak years of disruption caused by the COVID-19 pandemic are depicted in dotted lines because data from
17,11,this period do not account for the pandemic’s full impact.
17,12,"Source: SDG indicator 3.8.1 and 3.8.2 (2025 definitions), Global service coverage and financial hardship databases"
17,13,"assembled by WHO and the World Bank, 2025 update."
17,14,2 Previous trends compared to the revision are discussed later in this summary as well as section 1.6.
17,15,20
17,16,30
17,17,40
17,18,2000
17,19,2001
17,20,2002
17,21,2003
17,22,2004
17,23,2005
17,24,2006
17,25,2007
17,26,2008
17,27,2009
17,28,2010
17,29,2011
17,30,2012
17,31,2013
17,32,2014
17,33,2015
17,34,2016
17,35,2017
17,36,2018
17,37,2019
17,38,2020
17,39,2021
17,40,2022
17,41,% of the global population
17,42,Year
17,43,40
17,44,50
17,45,60
17,46,70
17,47,80
17,48,2000
17,49,2001
17,50,2002
17,51,2003
17,52,2004
17,53,2005
17,54,2006
17,55,2007
17,56,2008
17,57,2009
17,58,2010
17,59,2011
17,60,2012
17,61,2013
17,62,2014
17,63,2015
17,64,2016
17,65,2017
17,66,2018
17,67,2019
17,68,2020
17,69,2021
17,70,2022
17,71,2023
17,72,Year
17,73,SDG era (2015–2023)
17,74,SDG era (2015–2022)
17,75,"Service coverage index, score"
17,76,More is betterFewer is better
17,77,FIG_ES_1
18,1,xvi
18,2,"During the SDGs era, global progress towards UHC has slowed, highlighting the need"
18,3,for renewed efforts to accelerate gains. Global progress in health service coverage
18,4,"dropped to one-third the annualized rate of the 2000–2015 period, while annual reductions"
18,5,in financial hardship were 23% slower than before 2015 (Fig. 2). Midway through the SDG
18,6,"era, 4.6 billion people worldwide still lacked access to essential health services in 2023,"
18,7,and 2.1 billion faced financial hardship in health in 2022.
18,8,"Fig. 2. Global annual rates of progress, 2000–2015 and 2015–2022/2023"
18,9,"Notes: Authors computations. SCI, service coverage index."
18,10,"Source: SDG indicator 3.8.1 and 3.8.2 (2025 definitions), Global service coverage and financial hardship databases"
18,11,"assembled by WHO and the World Bank, 2025 update."
18,12,"At the current pace of progress, the world is not on track to achieve UHC. The global"
18,13,"UHC service coverage index will remain below 80, and close to 1 in 4 people globally will"
18,14,"continue to face health-related financial hardship in 2030, the endpoint of the SDGs (Fig. 3)."
18,15,Fig. 3. Global estimates and projected values of UHC pillars to 2030
18,16,Notes: Authors computations assuming SDG era pace of progress between 2015–2022 or 2015–2023 continues.
18,17,"Source: SDG indicator 3.8.1 and 3.8.2 (2025 definitions), Global service coverage and financial hardship databases"
18,18,"assembled by WHO and the World Bank, 2025 update."
18,19,"The slowing momentum is also reflected in country-level data, with fewer countries"
18,20,making simultaneous progress on both UHC dimensions. While 53% of countries
18,21,"progressed in both UHC pillars between 2000 and 2022/2023, this share fell to 38% during"
18,22,the SDG period (2015–2022/2023).
18,23,Average annual reduction in financial hardship
18,24,1.5
18,25,0.5
18,26,0.0
18,27,0.2
18,28,0.4
18,29,0.6
18,30,0.8
18,31,1.0
18,32,1.2
18,33,1.4
18,34,1.6
18,35,2000–2015
18,36,2000–2015
18,37,2015–2023
18,38,2015–2022
18,39,Percentage
18,40,SCI annualized rate of change
18,41,-0.37
18,42,-0.28
18,43,-0.4
18,44,-0.3
18,45,-0.2
18,46,-0.1
18,47,0
18,48,Percentage point change
18,49,FIG_ES_2
18,50,68
18,51,71
18,52,74
18,53,65
18,54,70
18,55,75
18,56,2015 2023 2030
18,57,Global Score
18,58,Year
18,59,Service coverage index
18,60,28
18,61,26
18,62,24
18,63,20
18,64,25
18,65,30
18,66,2015 2022 2030
18,67,% of global poulation
18,68,Year
18,69,Financial hardship
18,70,FIG_ES_3
19,1,xvii Executive Summary
19,2,Most country income groups and all regions registered gains in the SDG era. All
19,3,country income groups except high-income countries made progress in service coverage
19,4,and reduced financial hardship between 2015 and 2022/2023. Results in high-income
19,5,"countries have been largely static in the SDG period, but their levels were already relatively"
19,6,"high. As a group, low-income countries posted the fastest gains, although they still have"
19,7,"the largest gaps to close. All WHO regions saw progress in service coverage, while half"
19,8,"(Africa, South-East Asia, and the Western Pacific) also reduced financial hardship."
19,9,Progress in service coverage has been uneven
19,10,Infectious disease indicators have powered the global rise in service coverage since
19,11,"2000, while gains in noncommunicable diseases (NCDs) were slower. The infectious"
19,12,diseases sub-index accounted for 52% of change in the global service coverage index
19,13,between 2000 and 2023. The deceleration of progress is due to stagnation in the RMNCH
19,14,and service capacity and access sub-indices. NCDs sub-index scores rose globally and
19,15,"across WHO regions, but NCDs finished the period with the lowest score among the four"
19,16,coverage sub-indices.
19,17,Service coverage gaps between countries are narrowing. Progress has been fastest
19,18,"in countries that were initially lagging, and the number of countries with low or very low"
19,19,"coverage (coverage index <40) decreased from 55 in 2000 to only 8 in 2023. Globally, the"
19,20,"UHC service coverage index and its sub-indices saw decreasing between-country inequality,"
19,21,with index values converging towards higher levels.
19,22,Within-country inequalities in access to care and unmet need persist. Evidence from
19,23,a subset of low- and middle -income countries suggest notable within-country inequalities
19,24,"in accessing health services. Within countries, women living in poverty, in rural areas and"
19,25,"less educated ones report more difficulties in accessing care, and the gap between women"
19,26,in the richest versus lowest fifth of the population has narrowed little in the past decade
19,27,"(about 5 percentage points). Even within countries in the European region, which has"
19,28,"among the highest UHC results, population sub-groups – such as the disabled or poorest"
19,29,– still report higher unmet needs.
19,30,Global poverty reduction drove progress on financial
19,31,hardship in health
19,32,The downward trend in financial hardship results from a declining share of the
19,33,population facing impoverishing OOP health spending since 2000. 3 The rate of
19,34,impoverishing OOP health spending – meaning either being pushed into poverty or further
19,35,impoverished due to OOP health care payments – reduced from 29% in 2000 to 20% in
19,36,"2022, corresponding to 1.6 billion people facing impoverishing OOP health spending in"
19,37,"that year. At any point in time, most people experiencing financial hardship in health are"
19,38,incurring impoverishing OOP health spending.
19,39,3 The rates of impoverishing OOP health spending are different from the World Bank estimates of the number of people
19,40,pushed into or lifted out of poverty. Impoverishing OOP health spending captures both those who are pushed into
19,41,poverty as well as those that are further impoverished by OOP health spending. It is also not a calculation of the change
19,42,in poverty rates from one year to another but rather an assessment of the extent to which OOP health spending is
19,43,impoverishing within a given year.
20,1,xviii
20,2,"Fewer people live in poverty, but a higher proportion of the poor is further impoverished"
20,3,"by OOP health spending. Global poverty rates declined since 2000 from 43% to 25%, 4"
20,4,reducing the total number of people at risk of being further impoverished by OOP health
20,5,"spending. Over the same period, the proportion of those living in poverty who spend OOP"
20,6,on health has increased from 64% to 76%. This suggests that the decline in impoverishing
20,7,OOP health spending was driven by global poverty reduction rather than by health systems’
20,8,ability to provide better financial protection to the poor.
20,9,Financial hardship in health also affects a smaller but growing proportion of the
20,10,"non-poor worldwide, who face disproportionately large OOP health spending. Such"
20,11,spending represents more than 40% of the household’s discretionary budget (budget net
20,12,of the cost of basic needs) and thus means a substantial reduction in living standards. The
20,13,rate of the population with large but non-impoverishing OOP health spending increased
20,14,"from 5% in 2000, representing almost 290 million people, to 6% in 2022, representing"
20,15,"almost 450 million people. This trend is concentrated in middle-income countries, where"
20,16,service coverage expansion is often achieved with reliance on OOP spending.
20,17,Experience of financial hardship in health also varies with demographic factors.
20,18,Analysis of primary data from a large set of countries shows that rural populations
20,19,experience a 13.7% higher median rate of financial hardship than do urban populations.
20,20,People living in multigenerational households face higher rates of impoverishing OOP
20,21,"health spending relative to those in households with other demographic compositions,"
20,22,while adults over 60 face higher rates of large health spending.
20,23,Spending on medicines accounts for more than a half of people’s OOP health spending
20,24,"in most countries. Across countries, the typical share of OOP health spending devoted"
20,25,"to medicines is 56%. The share is even higher, around 60% – among the poorest fifth of"
20,26,the population.
20,27,Implications of indicator revision for global trends
20,28,The revised service coverage index shows a trend similar to that presented in the
20,29,"previous edition of the report with the original indicator. Relative to the original index,"
20,30,the revision updated the definitions of 3 out of the 14 tracers by replacing a proxy indicator
20,31,with a newly available coverage measure and aligning two indicators with other SDG
20,32,indicators. It also introduced a new weighting of the service coverage indicators to better
20,33,reflect the population affected by each indicator. The revision did not alter the high-level
20,34,"global trend, which shows that most of the increase in the service coverage index occurred"
20,35,"from 2000 to 2015, followed by a slowdown during the SDG era."
20,36,The trends in the original and the revised SDG indicator 3.8.2 are not directly
20,37,comparable. The original indicator measured the incidence of catastrophic OOP health
20,38,"spending, defined as OOP health spending exceeding 10% and 25% of the household"
20,39,"total budget, and presented a continuous deterioration in this partial measure of financial"
20,40,hardship. The revised indicator now measures both impoverishing and large OOP health
20,41,spending.5 Impoverishing OOP health spending classifies any spending by people who
20,42,cannot meet basic needs as financial hardship. The reduction in the revised indicator is
20,43,driven by a reduction in its impoverishing OOP component. The large OOP component
20,44,"of the revised indicator reflects a deterioration, which is aligned with that of the original"
20,45,SDG indicator 3.8.2.
20,46,4 As measured by the societal poverty line.
20,47,5 This is achieved by considering OOP health spending in relation to the discretionary household budget rather than the
20,48,total budget.
21,1,xix Executive Summary
21,2,"Policy implications: protect progress, accelerate change"
21,3,The trends described above highlight specific gaps and challenges for accelerating UHC
21,4,"progress, which translate into the following high-level policy directions relevant for many"
21,5,countries but requiring discussion and adaptation to each country’s context:
21,6,• Ensure essential health care is free at the point of access for the poor to reduce the
21,7,growing share of people living in poverty who spend on health.
21,8,• Strengthen publicly funded compulsory prepaid coverage to accelerate the reduction
21,9,in financial hardship among the whole population and reduce the rate of large OOP .
21,10,"• Address high OOP health spending on medicines, which absorbs on average 56% of"
21,11,OOP spending health spending in most countries.
21,12,• Accelerate expansion of essential NCD services as the NCDs sub-index has the lowest
21,13,"score while burden of NCDs is rising, a trend that does not only increase the health"
21,14,needs of the population but also puts financial strain on people who have to pay OOP
21,15,for chronic care.
21,16,"• Strengthen primary health care, encompassing prevention, early detection and"
21,17,"treatment, to reduce barriers that hinder access to or disrupt the continuity of health"
21,18,services.
21,19,"• Adopt multisectoral UHC approaches, as key determinants of health and drivers of"
21,20,"UHC lie also beyond the health sector. Indeed, global poverty reduction has driven"
21,21,reductions in financial hardship and access to basic sanitation have driven gains in
21,22,service coverage.
21,23,Strong political commitment is required. Evidence to date has shown that countries
21,24,achieving better results on service coverage and financial hardship rely more heavily
21,25,"on public spending, which in turn is predominantly buoyed by growth but also reflects"
21,26,governments’ ability to collect revenues and political will to prioritize health in budgets.
21,27,"As many countries face macro-economic uncertainly and constrained fiscal space, political"
21,28,commitment is more important than ever. Now is the time for bold action to protect
21,29,"progress and accelerate inclusive gains, delivering essential health services without"
21,30,financial hardship to all.
22,1,xx
23,1,1
23,2,Introduction: A revised
23,3,and improved monitoring
23,4,framework for universal health
23,5,coverage
23,6,The goal of universal health coverage (UHC) is for all people to receive the quality health
23,7,"services they need, when and where they need them, without incurring financial hardship."
23,8,"UHC covers the full continuum of essential health services, from health promotion to disease"
23,9,"prevention, treatment, rehabilitation and palliative care across the life course."
23,10,The Sustainable Development Goals (SDGs) incorporate UHC as SDG target 3.8. Two SDG
23,11,indicators measure progress on the core pillars of UHC (1):
23,12,• Indicator 3.8.1 tracks the service coverage dimension of UHC via the UHC service
23,13,coverage index (SCI) (2).
23,14,• Indicator 3.8.2 captures the financial protection dimension of UHC by measuring
23,15,financial hardship due to out-of-pocket (OOP) payments for health services (3).6
23,16,The World Health Organization (WHO) and the World Bank support country monitoring
23,17,for SDG UHC indicators. WHO acts as SDG data custodian for indicator 3.8.1. WHO and
23,18,the World Bank serve as co-custodians for indicator 3.8.2.
23,19,"The window to 2030, the SDG target year, is closing. Without accelerated and sustained"
23,20,"progress, hard-won UHC gains risk being lost, and the pursuit of full service coverage and"
23,21,no financial hardship will remain out of reach. This 2025 UHC Global monitoring report
23,22,demonstrates why. Using revised and improved UHC indicators and fully reproduced time
23,23,"series for both, the report presents the latest available UHC data and concludes with a"
23,24,call to shared action.
23,25,This introductory chapter briefly presents the updated UHC indicators and discusses data
23,26,issues. Online technical appendices provide additional background and technical features.
23,27,"Key terms with technical definitions, when available, and terminology used in the report"
23,28,are defined in the glossary.
23,29,"6 Since 2025, indicator 3.8.2 monitors financial hardship due to out-of-pocket health spending using a discretionary"
23,30,budget approach. The original 3.8.2 indicator tracked catastrophic out-of-pocket health spending using a budget share
23,31,"approach. For definitions of terms, please see glossary of terms."
24,1,2
24,2,A clearer picture of UHC progress
24,3,A comprehensive review of all SDG indicators began in 2024 as part of the scheduled 2025
24,4,"SDG review process ( 4). Of the 68 proposals received during the open call, the United"
24,5,Nations Inter-Agency and Expert Group (IAEG) on SDG indicators retained 15 for global
24,6,"consultation, including revisions to UHC indicators 3.8.1 (5) and 3.8.2 (6). WHO and the"
24,7,World Bank demonstrated the value added of the revision in several expert meetings.7 As
24,8,"a result, in March 2025, the United Nations Statistical Commission approved the revised"
24,9,indicators for UHC’s service coverage and financial hardship pillars in addition to changes
24,10,to 10 other SDG indicators (7).
24,11,The revision of the service coverage indicator reduces the use of proxies and increases
24,12,alignment with other health SDGs. It also introduces a new weighting system for the
24,13,tracer indicators that combine to make up the UHC SCI (5). The revised financial hardship
24,14,indicator addresses previous underestimation of the financial hardship experienced by
24,15,"the poor, a major concern for the objective of leaving no one behind in any country, at"
24,16,any income level (6). Implications of the revisions for findings are discussed in the next
24,17,chapter (see Table 1.3)
24,18,Tracking health service coverage: SDG indicator 3.8.1
24,19,"To represent the coverage of essential health services across the population, WHO"
24,20,"calculates the UHC SCI, a composite measure based on 14 tracer indicators 8 spanning"
24,21,"four domains: reproductive, maternal, newborn and child health (RMNCH); infectious"
24,22,diseases; noncommunicable diseases (NCDs); and service capacity and access. The revision
24,23,of indicator 3.8.1 incorporates modifications in three of the 14 SCI tracers (Table 0.1).
24,24,The initial construction of SDG 3.8.1 in 2017 highlighted the challenge posed by the lack
24,25,of available data on effective service coverage (8). In place of effective service coverage
24,26,"indicators, proxy indicators were provisionally adopted (e.g. mean fasting plasma glucose"
24,27,"as a proxy for the coverage of diabetes treatment). From the outset, the intention was to"
24,28,revise or replace proxy measures as coverage indicators became available.
24,29,Revised SDG indicator 3.8.1 also incorporates a new weighting scheme for all tracer
24,30,"indicators used in calculating the SCI. Previously, each of the SCI’s four sub-indices was a"
24,31,"geometric mean of its constituent tracer indicators, with equal weights for each. Because"
24,32,"of the equal weighting, the change measured in the global SCI from 2000 to 2021 was"
24,33,driven disproportionately (over 75%) by trends in the coverage of infectious disease-
24,34,"specific treatments, especially antiretroviral therapy for people living with the human"
24,35,"immunodeficiency virus (HIV), which alone accounted for over 60% of total change in the"
24,36,UHC SCI over the period. The revised measurement scheme uses a weighted geometric
24,37,mean that is less sensitive to these effects. The new approach considers the number of
24,38,people affected by each tracer indicator and so captures service burden more accurately.
24,39,The overall UHC SCI remains a geometric mean of the four sub-indices.
24,40,"The revision of SDG indicator 3.8.1 offers an improvement, while highlighting areas where"
24,41,the construction of the index could be further improved. Key health areas such as mental
24,42,"health, injuries and emergencies continue to lack robust coverage indicators; many of the"
24,43,7 August 2024: Member State information session on monitoring universal health coverage (Sustainable Development
24,44,"Goals target 3.8): Revision of SDG UHC indicators 3.8.1 and 3.8.2; October 2024: Fifteenth meeting of the IAEG-SDGs,"
24,45,agenda item 5; Nov. 2024: IAEG-SDGs monthly meeting for financial hardship.
24,46,8 See Annex 1 for a list of the 14 tracer indicators.
25,1,3 Introduction: A revised and improved monitoring framework for universal health coverage
25,2,indicators measure contact coverage as opposed to effective coverage (see glossary). The
25,3,continued use of proxy indicators in place of coverage indicators can result in bias towards
25,4,a particular indicator (e.g. the tobacco use reduction indicator in the NCDs sub-index).
25,5,"The 14 tracer indicators continue to be indicative of service coverage, not a complete or"
25,6,"exhaustive list of health services and interventions that are required for UHC. Moreover,"
25,7,"the SCI does not measure the population covered by essential health services, and this is"
25,8,derived using a different method (see section 1.3). Sustained investment in country-owned
25,9,"health information systems including civil registration and vital statistics, routine facility data,"
25,10,"and patient-level reporting, is essential to generate accurate, country-level assessment of"
25,11,effective coverage in the long run.
25,12,Table 0.1. Revisions to UHC service coverage index tracer indicators
25,13,Tracer area Revised indicator Original indicator Rationale for the revision
25,14,Family
25,15,planning
25,16,Proportion of women
25,17,of reproductive age
25,18,(15–49 years) who have
25,19,their need for family
25,20,planning satisfied with
25,21,modern methods.
25,22,Percentage
25,23,of women of
25,24,reproductive age
25,25,(15–49 years)
25,26,who are married
25,27,or in-union who
25,28,have their need
25,29,for family planning
25,30,satisfied with
25,31,modern methods
25,32,Aligns with SDG 3.7.1 on
25,33,contraceptive use (9).
25,34,Health
25,35,workforce
25,36,Health workers (medical
25,37,"doctors, nursing and"
25,38,midwifery personnel).
25,39,Health workers
25,40,"(physicians,"
25,41,"psychiatrists, and"
25,42,surgeons).
25,43,Aligns with SDG 3.c.1
25,44,for health worker
25,45,density (10) and increases
25,46,data availability.
25,47,Diabetes
25,48,management
25,49,Coverage of diabetes
25,50,treatment (taking
25,51,medication) among
25,52,diabetic adults aged
25,53,30+ years (age-
25,54,standardized estimate).
25,55,Age-standardized
25,56,mean fasting
25,57,plasma glucose
25,58,for adults aged
25,59,18 years and older.
25,60,The revised indicator
25,61,captures patient
25,62,"treatment, whereas the"
25,63,earlier indicator was a
25,64,proxy measure.
25,65,Note: Revised language in green type. Replaced language in orange type. Where terms have been replaced with no
25,66,"implication for the indicator, no colour is used. SDG, Sustainable Development Goal; UHC, universal health coverage."
25,67,"Source: Authors, based on (2,5,11)."
25,68,Tracking financial hardship in health: SDG indicator 3.8.2
25,69,The revised SDG indicator 3.8.2 monitors the financial hardship dimension of UHC in a
25,70,more streamlined and comprehensive manner (Table 0.2). The original indicator sought
25,71,to capture financial hardship due to OOP health spending with an exclusive focus on
25,72,"large OOP health spending, referred to as “catastrophic” OOP health spending. This"
25,73,"was done by using a “budget share” approach. Two thresholds, 10% and 25% of total"
25,74,"household income or consumption (budget), were applied to all people. This approach"
25,75,did not sufficiently acknowledge that even relatively small OOP health payments (<10% of
26,1,4
26,2,household total budget) further reduce the ability of people living in poverty to meet basic
26,3,"needs. Meanwhile, wealthier people may still enjoy high living standards after spending"
26,4,10% or 25% of their total budget on health. Catastrophic out-of-pocket health spending
26,5,"based on this total budget share approach, as defined with the original SDG 3.8.2 indicator,"
26,6,tended to be concentrated among the better-off economically (12).9
26,7,"The revised indicator 3.8.2, referred to as the “financial hardship indicator,” better captures"
26,8,the impact of OOP health spending on poorer populations by focusing on households’
26,9,"discretionary budget (total budget minus the societal poverty line (SPL), which represents"
26,10,the cost of basic needs (see glossary)). The new approach registers as financial hardship
26,11,any level of OOP spending by those who live below the SPL and thus have no discretionary
26,12,budget. It still captures financial hardship among the non-poor but in a stricter way. For
26,13,"wealthier people, toward the top of the income/consumption distribution, 40% of their"
26,14,discretionary budget typically amounts to well above 10% of the total budget. The revision
26,15,of indicator 3.8.2 is based on methods developed by the World Bank (13) and the WHO
26,16,"Regional Office for Europe (14), building on “capacity to pay” approaches (15,16)."
26,17,"The revised indicator simplifies the UHC global monitoring framework, which previously"
26,18,supplemented the SDG indicator of catastrophic health spending with additional indicators
26,19,of impoverishing OOP health spending using two different poverty lines to capture financial
26,20,hardship across the whole population (i.e. poor and non-poor). The total population
26,21,facing financial hardship was monitored by adding up those incurring impoverishing and
26,22,catastrophic OOP health spending without double counting. The new financial hardship
26,23,indicator can directly be decomposed into mutually exclusive categories of impoverishing
26,24,"and large (but not impoverishing) OOP health spending and, as such, does not require"
26,25,any additional indicator (Table 0.2).
26,26,The shift to the SPL in calculating SDG 3.8.2 is guided by the global nature of the SDG
26,27,indicators. The SPL was developed by the World Bank (17) following the recommendation
26,28,of the Atkinson Commission on Global Poverty to introduce a “societal” headcount. It is
26,29,a measure of basic needs that adapts to each country’s median living standard and was
26,30,developed as the closest empirical fit to national poverty lines. The SPL includes both
26,31,"absolute and relative components, recognizing that the costs of basic needs and social"
26,32,inclusion increase as a country gets wealthier. The SPL increases as median consumption
26,33,"increases, making poverty measurement relevant across country income groups. The SPL"
26,34,is used for the global tracking of financial hardship. Other thresholds are applied to track
26,35,financial hardship at the national and regional level and to develop evidence-based policy
26,36,recommendations (18–20).
26,37,"9 Other approaches to define catastrophic OOP health spending exist, and those based on capacity to pay approaches"
26,38,tend to produce measurements that are more concentrated among people living in poverty (see UHC Global Monitoring
26,39,"Report 2023 (1), annex 8)."
27,1,5
27,2,Introduction: A revised and improved monitoring framework for universal health coverage
27,3,Table 0.2. Revisions to SDG indicator 3.8.2 and complementary indicators
27,4,Revised indicator Original indicator Rationale for the revision
27,5,SDG 3.8.2
27,6,Proportion of the population
27,7,with positive out-of-pocket (OOP)
27,8,household expenditure on health
27,9,exceeding 40% of household
27,10,"discretionary budget*, referred"
27,11,to as financial hardship.
27,12,The indicator can be
27,13,decomposed into 2 mutually
27,14,exclusive categories: a
27,15,Proportion of the population with
27,16,large household expenditure on
27,17,health exceeding 10% and 25% of
27,18,the household’s total consumption or
27,19,"income, referred to as catastrophic out-"
27,20,of-pocket health spending (budget share
27,21,approach).
27,22,To recognize any
27,23,impoverishing OOP as
27,24,"financial hardship, regardless"
27,25,of its size relative to the
27,26,household budget.
27,27,To have a more stringent
27,28,definition of what constitutes
27,29,financial hardship among the
27,30,economically better-off.
27,31,SDG 3.8.2
27,32,1. Proportion of population
27,33,facing impoverishing OOP health
27,34,spending (OOP that reduces
27,35,households’ ability to meet basic
27,36,needs)b
27,37,2. Proportion of population
27,38,facing large but not
27,39,impoverishing OOP health
27,40,spending.c
27,41,*Discretionary budget is
27,42,defined as the total household
27,43,consumption expenditure or
27,44,income (budget) minus the cost
27,45,"of basic needs, represented by"
27,46,the societal poverty line (SPL).d
27,47,The adoption of the SPL as
27,48,a measure of basic needs
27,49,enables incorporation of
27,50,impoverishing OOP into
27,51,the global tracking in a way
27,52,that is relevant to countries
27,53,"of all income levels, given"
27,54,its alignment with national
27,55,poverty thresholds.
27,56,No changes in data
27,57,requirements.
27,58,Aligns with SDG 1 (21)
27,59,(poverty eradication)
27,60,and SDG 10 (22) (reduce
27,61,inequalities).
27,62,Complementary indicators included in previous UHC global monitoring reports
27,63,None. A. Proportion of the population with
27,64,impoverishing OOP health spending
27,65,using two poverty lines: the international
27,66,absolute poverty line and relative poverty
27,67,lines set at 60% of each country’s median
27,68,per capita consumption or income.
27,69,B. Proportion of the population
27,70,facing financial hardship due to
27,71,"OOP health spending, including"
27,72,those that experienced catastrophic
27,73,"health expenditure (at the 10% level),"
27,74,"impoverishing health expenditure, or"
27,75,both without double counting.
27,76,This is no longer needed
27,77,because the revised indicator
27,78,tracks financial hardship (B)
27,79,"through a unified approach,"
27,80,achieved by applying
27,81,the discretionary budget
27,82,method. This allows it to
27,83,capture impoverishing OOP
27,84,"health spending (A), while"
27,85,also addressing large OOP
27,86,health spending – the focus
27,87,of the original SDG 3.8.2
27,88,indicator.
27,89,Note: Revised language in green type. Replaced or deleted language in orange type. a Not required within the SDG monitoring framework
27,90,"but reported by WHO and the World Bank to understand what drives overall financial hardship. b In technical terms, impoverishing OOP"
27,91,corresponds to positive OOP household expenditure on health exceeding 100% of the household discretionary budget. The proportion of
27,92,the population facing impoverishing OOP health spending can be further decomposed into the proportion of the population pushed into
27,93,poverty and the proportion further impoverished. The proportion pushed into poverty corresponds to the increase in poverty headcount
27,94,ratio due to including or excluding OOP health spending from household total consumption or income (23). The proportion further
27,95,"impoverished corresponds to those who are poor and are spending on health as a share of the total population (24). c In technical terms,"
27,96,large but not impoverishing OOP health spending corresponds to positive OOP household expenditure on health exceeding 40% but
27,97,"below 100% of the household discretionary budget. d In 2017 purchasing power parities, the SPL corresponds to whichever is greater:"
27,98,US$ 2.15 (the international absolute poverty line) or US$ 1.15 + 50% of median household consumption expenditure or income net of OOP
27,99,health spending.
27,100,"Source: Authors, based on (6,25)."
28,1,6
28,3,"SDG indicator 3.8.2 remains limited in scope, even after its revision. SDG 3.8.2 alone is"
28,4,"not sufficient to monitor financial protection in health, as it focuses exclusively on the"
28,5,financial hardship dimension (see glossary) – capturing how OOP health spending affects
28,6,households’ living standards – and does not account for financial barriers that prevent
28,7,"people from accessing needed care (Fig. 0.1). Therefore, the population facing financial"
28,8,hardship is an underestimation of the population without financial protection.
28,9,Fig. 0.1. Financial hardship and financial barriers to accessing health care
28,10,Note: All concepts are defined in the glossary.
28,11,"Source: Authors, based on Tracking universal health coverage: 2023 global monitoring report (1)."
28,12,"In addition, the indicator does not distinguish how OOP health spending is financed –"
28,13,"whether from income, informal support, or distress financing such as borrowing or selling"
28,14,"assets, patterns that have different short- and long-term consequences. Most data sources"
28,15,"generally lack this level of detail. As a result, neither the initial nor the revised definition"
28,16,can fully capture the impact and temporal dynamics of OOP health spending on living
28,17,"standards (26,27). Further methodological limitations, including those related to survey"
28,18,"design and reporting timelines, are noted in the revised metadata (2,3)."
28,19,Impoverishing
28,20,OOP health
28,21,spending
28,22,All people in need of health care
28,23,goods and services
28,24,Forgone care Care received
28,25,Out-of-pocket (OOP)
28,26,health spending
28,27,Large OOP health
28,28,spending but not
28,29,impoverishing
28,30,Non-financial
28,31,barriers
28,32,Financial
28,33,hardship
28,34,Financial
28,35,barriers
28,36,No financial
28,37,hardship
28,38,No
28,39,OOP health
28,40,spending
28,41,Lack of financial protection
28,42,FIG_0.1
29,1,7
29,2,Introduction: A revised and improved monitoring framework for universal health coverage
29,3,Joint limitations of SDG 3.8.1 and 3.8.2 indicators
29,4,"To obtain a comprehensive picture of progress towards UHC, the financial hardship"
29,5,"indicator must be interpreted together with SDG 3.8.1 on service coverage, hence the"
29,6,focus in chapter 1 on progress in both dimensions.
29,7,The UHC SDG indicators 3.8.1 and 3.8.2 are obtained from different data sources and
29,8,"cannot be used to determine, within a given country, who benefits from service coverage"
29,9,without financial hardship. It is not possible to estimate the overlap between the number
29,10,"of people without access to essential health services, which is derived from SDG 3.8.1"
29,11,"(presented in chapter 1), and the number of people facing financial hardship (presented"
29,12,"in chapters 1 and 3).10 Finally, the different types of household surveys used for production"
29,13,of both indicators might not collect information on marginalized and/or vulnerable groups
29,14,(e.g. those living in slum areas or displaced populations).
29,15,Data sources and background for interpretation
29,16,This sub-section discusses data issues related to the report and provides information to
29,17,facilitate interpretation.
29,18,Progress on service coverage is monitored in 195 countries and territories11 with annual
29,19,estimates from 2000–2023. The values of the tracer indicators used to compile the SCI are
29,20,"derived from country reported data (such as administrative and facility data), existing WHO"
29,21,"and United Nations agency modelled estimates, and published results from household"
29,22,"surveys. On average, 50% of data points from 2015 to 2023 had country data for indicators"
29,23,re-reporting household surveys or administrative/facility data. To calculate the annual
29,24,"UHC SCI, missing values of a tracer indicator are imputed by extending existing data or"
29,25,using regional medians in the absence of country data. WHO collated tracer indicators to
29,26,"calculate the UHC SCI in early 2025, with support from the United Nations Children’s Fund"
29,27,(UNICEF) and the United Nations Department of Economic and Social Affairs (UNDESA).
29,28,WHO and the World Bank jointly collated data for the financial hardship indicator. Trends
29,29,in financial hardship due to OOP health spending have been tracked using data drawn
29,30,from 1112 household surveys from 168 countries or territories. WHO and the World
29,31,Bank processed the majority of survey data to obtain country–year estimates of financial
29,32,hardship rates.12 To produce population-weighted global and regional aggregates for the
29,33,"period 2000 to 2022, WHO and World Bank teams used the country data to interpolate or"
29,34,model rates for all missing country–year pairs.
29,35,"Beginning in April 2025, WHO consulted with designated focal points from national"
29,36,governments and national statistical offices in 195 countries on SCI and financial hardship
29,37,"estimates. The consultation period lasted two to three months, depending on countries’"
29,38,"level of engagement. Based on country feedback, data for at least one UHC indicator were"
29,39,revised in 58 countries. Results presented in this report reflect data available to WHO and
29,40,the World Bank as of July 2025.
29,41,"10 The World Health Survey Plus has been designed to collect data at the household level on both areas, enabling joint"
29,42,measurement for global monitoring in the future.
29,43,11 Statistics in this report refer to countries and territories. See Annex 3 for the full list.
29,44,"12 During the country consultation on SDG UHC indicators, WHO received primary estimates on the revised SDG 3.8.2 from"
29,45,15 countries or territories out of the total 168 included in the analysis presented in this report.
30,1,8
30,3,"For a more detailed technical discussion of data sources, data availability, and analytic"
30,4,"methods in service coverage and financial hardship, see Annexes 1 and 2."
30,5,Interpreting results
30,6,A single SCI score from 0 to 100 cannot fully capture all the health services defined in
30,7,UHC. The SCI uses a selection of indicators to represent overall coverage of essential
30,8,"health services. The higher the SCI score, the more comprehensive the service coverage."
30,9,"Importantly, as noted in the previous discussion on limitations, the SCI should not be"
30,10,interpreted in terms of population coverage (see also section 1.3).
30,11,It is often useful to group country SCI findings for interpretation in terms of broad levels:
30,12,"very high service coverage (SCI of 80 or above), high service coverage (SCI between 60 and"
30,13,"79), medium service coverage (SCI between 40 and 59), low service coverage (SCI between"
30,14,20 and 39) and very low service coverage (SCI <20).
30,15,The rate of financial hardship due to OOP health spending is measured at the population
30,16,level and can be interpreted as the share of the population facing financial hardship due
30,17,to either impoverishing OOP health spending or OOP health spending that is large but
30,18,"not impoverishing, simply referred to as large OOP health spending in the remainder of"
30,19,this report. People living in households incurring large OOP health spending can cover
30,20,their basic needs but have a substantially lower ability to pay for other goods and services.
30,21,Impoverishing OOP health spending reduces people’s ability to meet basic needs. The
30,22,revised indicator’s decomposability into these two elements is one of its new main technical
30,23,"advantages, in addition to better capturing the financial hardship faced by people in poorer"
30,24,economic conditions.
30,25,The population experiencing impoverishing OOP health spending can be further divided
30,26,into two groups: (a) people further impoverished who are already living in poverty and
30,27,"spend on health out-of-pocket, further reducing their ability to afford basic needs; (b)"
30,28,"people who are not poor in the absence of OOP health spending, but who cannot afford"
30,29,"basic needs after spending on health out-of-pocket, are referred to as those pushed into"
30,30,poverty (see glossary and Table 0.2).
30,31,Monitoring during COVID-19 pandemic
30,32,The global and regional estimates for 2020 and 2021 presented throughout this report
30,33,do not fully capture the impact of the peak years of disruption caused by the COVID-19
30,34,"pandemic, when the world experienced multiple health and economic shocks (28–34). All"
30,35,figures in this report display a shaded grey area for these two years.
30,36,"For service coverage indicators using reported administrative data and household surveys, no"
30,37,attempt was made to further adjust for the effect of the pandemic. Some indicators show the
30,38,"impact of COVID-19, with noticeable drops in coverage globally during the pandemic’s peak"
30,39,"years. However, the global SCI appears relatively smooth over this period. This is due to its"
30,40,"construction as a weighted geometric mean across 14 tracer indicators, some of which are"
30,41,proxy indicators that do not directly measure service delivery or are less sensitive to short-
30,42,term shocks (see Annex 1 for detailed indicator sources).
30,43,"For financial hardship, trends in 2020/2021 appear smooth because the values are"
30,44,interpolated (based on preceding and subsequent years) or modelled to a larger extent
30,45,due to the interruption of many household surveys. No attempt was made to model the
30,46,"effect of the pandemic, due to insufficient primary country data.13"
30,47,"13 Available data based on surveys conducted in 2020 or 2021, from 26 of the 168 countries, are treated consistently in the"
30,48,"same way as data from other years, without attempting to isolate the pandemic’s specific effects."
31,1,9
31,2,Introduction: A revised and improved monitoring framework for universal health coverage
31,3,Report roadmap
31,4,The core sections of this report are organized as follows. Chapter 1 presents the latest
31,5,data on global progress towards UHC. It describes global trends and levels in the revised
31,6,SDG 3.8 indicators for service coverage and financial hardship for the period from 2000
31,7,to 2022/2023. The chapter also analyses UHC results by country-income groups and WHO
31,8,"regions. Chapter 2 offers a deep dive on service coverage, including the contributions of"
31,9,different tracers to SCI changes over time and an analysis of salient inequalities between
31,10,and within countries. The chapter touches on forgone care and unmet need for health
31,11,services. Chapter 3 offers an in-depth treatment of key topics in financial hardship in
31,12,"health. It analyses relationships between poverty and financial hardship in health, then"
31,13,looks at heterogeneities in financial hardship associated with factors such as individuals’
31,14,"age groups, household age composition, sex of the household head, and rural-urban"
31,15,residence. Chapter 3 also discusses the share of medicines in total OOP health spending.
31,16,A short concluding chapter discusses the implications of the report’s findings.
32,1,10
33,1,11 11
33,2,1
33,3,Chapter 1:
33,4,Progress towards UHC
33,5,Key messages and supporting data
33,6,"• Since 2000, the world has made progress on both pillars of UHC, increasing service"
33,7,coverage and reducing financial hardship.
33,8,– The global UHC service coverage index rose from 54 index points in 2000 to 71 in
33,9,"2023, largely driven by improvements in infectious disease control."
33,10,– The share of the global population facing financial hardship due to out-of-pocket
33,11,"health spending fell from 34% in 2000 to 26% in 2022, driven by declines in the rate"
33,12,of impoverishing out-of-pocket health spending.
33,13,– Large but non-impoverishing OOP health spending increased from 5% to 6% in the
33,14,same period.
33,15,• The rate of progress towards UHC has been slower in the SDG era relative to
33,16,"preceding years. Without faster gains, the world will fall short of its 2030 UHC"
33,17,goals.
33,18,"– Since 2015, progress on both UHC pillars has slowed compared to the rate since"
33,19,"2000. At the current pace, the global service coverage index will only reach 74 points"
33,20,"in 2030, and close to 1 in 4 people globally will still face financial hardship at the"
33,21,SDG endpoint.
33,22,"– In 2023, 4.6 billion people worldwide still lacked access to essential health services."
33,23,"– In 2022, 2.1 billion people faced financial hardship due to out-of-pocket health"
33,24,spending.
33,25,"• Most countries, country income groups and WHO regions have achieved UHC gains."
33,26,"– Since 2000, 53% of countries with at least two data points have achieved progress"
33,27,"in both UHC dimensions, but since 2015, only 38% have done so."
33,28,"– Among country income groups, low-income countries saw the biggest improvements"
33,29,since 2015 but still face the largest gaps to on both UHC pillars.
33,30,"– All WHO regions have increased service coverage since 2015. The African, South-"
33,31,"East Asia, and the Western Pacific regions also reduced the share of the population"
33,32,facing financial hardship.
34,1,12
34,2,This chapter presents the latest available global and regional data on UHC. The chapter’s
34,3,first core section summarizes global trends in the UHC indicators over their respective
34,4,measurement periods: 2000 to 2023 for service coverage and 2000 to 2022 for financial
34,5,hardship. Section 1.2 breaks down the global results by key indicator components. Section
34,6,"1.3 examines the gaps that still stood between the world and its UHC goals in 2022/2023, at"
34,7,the midpoint of the SDG era. The chapter’s last two sections present service coverage and
34,8,financial hardship results by country income groups and WHO regions.14 The implications
34,9,of the revision of indicators for assessing progress towards UHC are discussed in Box 1.1.
34,10,"1.1 The world progressed on both UHC pillars, but progress"
34,11,has slowed in the SDG era
34,12,The world made progress in both the service coverage and financial hardship dimensions
34,13,of UHC in the period from 2000 to 2022/2023. The global UHC SCI rose from 54 index points
34,14,in 2000 to 71 index points in 2023. The percentage of the global population facing financial
34,15,hardship due to OOP health spending fell from 34% in 2000 to 26% in 2022 (Fig. 1.1).
34,16,"Fig. 1.1. UHC progress is too slow: at the current pace, service coverage will"
34,17,"remain under 80, and nearly 1 in 4 people will face financial hardship in 2030"
34,18,"Global trends in UHC SCI and financial hardship, 2000–2022/2023 and projected to 2030"
34,19,Note: Rates of change observed between 2015 and 2022/2023 were used for the projected 2030 values. The peak years
34,20,of disruption caused by the COVID-19 pandemic are marked in grey because data from this period do not account for
34,21,the pandemic’s full impact (see Introduction).
34,22,"Source: SDG indicator 3.8.1 (2025 definition), WHO global service coverage database (35); SDG indicator 3.8.2 (2025"
34,23,"definition), global database on financial protection assembled by WHO and the World Bank, 2025 update (36)."
34,24,"14 In accordance with resolution WHA78.25 (2025), Indonesia was reassigned to the WHO Western Pacific region as of May"
34,25,"27, 2025. Therefore, unless otherwise noted, the regional estimates for the WHO South-East Asia region do not include"
34,26,Indonesia.
34,27,0
34,28,20
34,29,40
34,30,60
34,31,80
34,32,100
34,33,0
34,34,20
34,35,40
34,36,60
34,37,80
34,38,100
34,39,2000
34,40,2001
34,41,2002
34,42,2003
34,43,2004
34,44,2005
34,45,2006
34,46,2007
34,47,2008
34,48,2009
34,49,2010
34,50,2011
34,51,2012
34,52,2013
34,53,2014
34,54,2015
34,55,2016
34,56,2017
34,57,2018
34,58,2019
34,59,2020
34,60,2021
34,61,2022
34,62,2023
34,63,2024
34,64,2025
34,65,2026
34,66,2027
34,67,2028
34,68,2029
34,69,2030
34,70,% of the global population
34,71,"Service coverage index, score"
34,72,Year
34,73,Service coverage (left) Financial hardship (right)
34,74,More health service coverage is better
34,75,Fewer people facing financial hardship is better
34,76,FIG_1.1
35,1,13 Chapter 1: Progress towards UHC
35,2,"The bulk of global progress in both indicators occurred during the period 2000 to 2015,"
35,3,before the launch of the SDGs. The annualized rate of change in the SCI was 1.5% between
35,4,2000 and 2015 and 0.5% between 2015 and 2023. The average annual reduction in the
35,5,proportion of the world’s population facing financial hardship was about 0.37 percentage
35,6,points before 2015 and about 0.28 percentage points thereafter (corresponding to a 23%
35,7,"reduction in rate, without rounding)."
35,8,"If the slower pace of change observed between 2015 and 2022/2023 continues, by 2030,"
35,9,"the close of the SDG era, the global service coverage score would reach about 74, and 24%"
35,10,of the world’s population would still face financial hardship due to OOP health spending
35,11,"(Fig.1.1).15 UHC would remain far out of reach, highlighting the urgency for faster and"
35,12,more ambitious action.16
35,13,1.2 Progress on indicator components was uneven
35,14,"Among SCI sub-indices (Fig. 1.2.a), the infectious diseases sub-index showed the largest"
35,15,gains over the period 2000 to 2023 and led change in the SCI (see section 2.1). In magnitude
35,16,"of gains, NCDs, service capacity and access, and RMNCH followed. In 2000, RMNCH had"
35,17,the highest score (68) among the four sub-indices but ended the period with the next-to-
35,18,lowest rank.
35,19,The recent global slowdown in SCI progress can be attributed to stagnation in service
35,20,"capacity and access and RMNCH. Despite steady improvements, NCDs remain among"
35,21,"the lower sub-index scores globally. Addressing the gaps in NCD service coverage is vital,"
35,22,"as global NCD burdens continue to grow, accounting for 75% of non-pandemic-related"
35,23,deaths in 2021 (compared to about 60% in 2000) (37).
35,24,The overall trend of reduction in financial hardship due to out-of-pocket health spending
35,25,has been mainly driven by a decline in the rate of impoverishing OOP health spending
35,26,"from 28.9% of the global population in 2000 to 20.4% in 2022 (Fig 1.2.b). In contrast, the"
35,27,same period saw a moderate increase in the proportion of the global population with
35,28,"large OOP health spending, from 4.6% to 5.6% (Fig. 1.2.b)."
35,29,15 The projection to 2030 reflects a simple extrapolation based on indicators’ rates of change since 2015.
35,30,"16 SDG 3.8 is without an explicit numeric target in its definition: “Achieve universal health coverage, including financial risk"
35,31,"protection, access to quality essential health-care services and access to safe, effective, quality and affordable essential"
35,32,medicines and vaccines for all.”
36,1,14
36,2,"Fig. 1.2. Since 2000, infectious disease control and lower impoverishing OOP"
36,3,have driven UHC gains – but progress in both slowed after 2015
36,4,"a. Global trends in UHC SCI by sub-index, 2000–2023"
36,5,"b. Global trends in financial hardship components, 2000–2022"
36,6,Note: The peak years of disruption caused by the COVID-19 pandemic are marked in grey because data from this period
36,7,do not account for the pandemic’s full impact (see Introduction).
36,8,"Source: SDG indicator 3.8.1 (2025 definition), WHO global service coverage database (35); SDG 3.8.2 (2025 definition),"
36,9,"global database on financial protection assembled by WHO and the World Bank, 2025 update (36)."
36,10,0
36,11,20
36,12,40
36,13,60
36,14,80
36,15,100
36,16,2000
36,17,2001
36,18,2002
36,19,2003
36,20,2004
36,21,2005
36,22,2006
36,23,2007
36,24,2008
36,25,2009
36,26,2010
36,27,2011
36,28,2012
36,29,2013
36,30,2014
36,31,2015
36,32,2016
36,33,2017
36,34,2018
36,35,2019
36,36,2020
36,37,2021
36,38,2022
36,39,2023
36,40,"Service coverage sub-index, score"
36,41,Year
36,42,RMNCH Infectious diseases NCDs Service capacity and access
36,43,FIG_1.2a
36,44,0
36,45,10
36,46,20
36,47,30
36,48,40
36,49,2000
36,50,2001
36,51,2002
36,52,2003
36,53,2004
36,54,2005
36,55,2006
36,56,2007
36,57,2008
36,58,2009
36,59,2010
36,60,2011
36,61,2012
36,62,2013
36,63,2014
36,64,2015
36,65,2016
36,66,2017
36,67,2018
36,68,2019
36,69,2020
36,70,2021
36,71,2022
36,72,% of the global population
36,73,Year
36,74,Impoverishing OOP Large OOP
36,75,28.9 29.6 28.9 28.0 27.3 27.1 26.7 25.3 25.4 25.3 25.4 25.1 24.0 23.4 23.2 22.8 22.5 22.0 21.5 21.2 21.2 20.8 20.4
36,76,4.6 4.4 5.0 5.1 4.7 4.8 4.7 4.7 4.9 4.9 4.6 4.9 4.9 5.1 5.2 5.2 5.3 5.35.2 5.4 5.4 5.5 5.6
36,77,FIG_1.2b
37,1,15 Chapter 1: Progress towards UHC
37,2,"1.3 Despite global progress, large UHC shortfalls persist"
37,3,4.6 billion people did not have access to essential health services in 2023.
37,4,"As an index score, the SCI cannot be directly interpreted as the percentage of the population"
37,5,"covered by a set of essential services. The SCI is a composite score for a health system,"
37,6,"evaluating access to essential services, derived by aggregating normalized scores for"
37,7,tracer indicators. It summarizes system performance across the population but does not
37,8,track the same individuals or groups across tracers.
37,9,The percentage of the population with access to a set of essential health services provides
37,10,a different perspective on progress toward UHC. A conversion method has been developed
37,11,to translate country-level UHC SCI scores into the corresponding percentages of people
37,12,"receiving essential health services, using 12 tracer indicators which are aligned with SCI"
37,13,health domains. This conversion differs from the SCI and is not affected by the revision
37,14,to the latter. It adjusts the proportion of individuals who are covered by the set of defined
37,15,essential services simultaneously. Since many people receive some services but not the
37,16,"full set, the actual proportion of the population with full coverage can be lower than the"
37,17,average coverage the SCI score suggests (see Annex 1).
37,18,Applying the index conversion suggests that the proportion of the global population not
37,19,"covered by essential health services decreased by 20% between 2000 and 2023. However,"
37,20,"in 2023, some 4.6 billion people worldwide lacked access to essential health services. This"
37,21,represented about 57% of the world’s population (Fig. 1.3).
37,22,More than 2 billion people faced financial hardship due to OOP health spending in 2022.
37,23,"Despite the reduction in the rate of financial hardship, due to population growth, there"
37,24,was a net increase in the number of people experiencing financial hardship (+16.3 million
37,25,"in 22 years, or 739 thousand more people facing financial hardship per year). 17 In 2022,"
37,26,about 2.1 billion people worldwide belonged to households that suffered financial hardship
37,27,"due to OOP health expenditures (Fig. 1.3). Of these 2.1 billion people, 1.6 billion incurred"
37,28,"impoverishing OOP health spending , and about 450 million faced large OOP health"
37,29,spending.
37,30,Different data sources are used for estimating service coverage and financial hardship.
37,31,"Therefore, it is not feasible to assess how much overlap there is between those who face"
37,32,financial hardship and those who lack access to essential health services. Those incurring
37,33,financial hardship due to OOP health spending receive some care but might still lack access
37,34,to some essential services.
37,35,"17 The number of people worldwide facing impoverishing OOP health spending fell by 145 million from 2000 to 2022, while"
37,36,161 million more people lived in households experiencing large OOP health spending.
38,1,16
38,2,"Fig. 1.3. Midway through the SDG era, over half of the world was not yet"
38,3,"fully covered by essential health services, and more than a quarter of all"
38,4,people faced financial hardship
38,5,"Source: SDG indicator 3.8.1 (2025 definition), WHO global service coverage database (35); SDG 3.8.2 (2025 definition),"
38,6,"global database on financial protection assembled by WHO and the World Bank, 2025 update (36)."
38,7,"More than half of countries advanced on both UHC pillars from 2000 to 2022/2023, but"
38,8,joint progress faltered after 2015.
38,9,"Of the 138 countries with available time series data for both UHC indicators,18 97% have"
38,10,"made progress on service coverage since 2000, and 54% have made progress in reducing"
38,11,"financial hardship (Fig. 1.4, left panel). 73 of the 138 countries have at least two available"
38,12,data points on each indicator since 2015. Within this subset of countries and shorter time
38,13,"period (since the start of the SDG era), the rates of progress declined to 71% for service"
38,14,"coverage and 52% for financial hardship (Fig. 1.4, right panel)."
38,15,53% of the countries have achieved simultaneous improvements in both service coverage
38,16,"and financial hardship since 2000. After 2015, concurrent improvement fell to 38%, as there"
38,17,was an increase in the share of countries where service coverage remained unchanged but
38,18,"financial hardship improved (11%), or where both dimensions deteriorated (8%) (Fig. 1.4,"
38,19,"right panel). After 2015, there was a marginal rise in the share of countries that improved"
38,20,on service coverage while financial hardship worsened (30% versus 29% for the full period)
38,21,(Fig. 1.4).
38,22,"18 From 2000 to 2023, data for service coverage are available for 195 countries. For financial hardship, time series exist for"
38,23,"139 countries, while 17% of countries have no data."
38,24,not covered by essential
38,25,health services (2023)
38,26,facing financial hardship
38,27,(2022)
38,28,4.6
38,29,billion
38,30,57%
38,31,2.1
38,32,billion
38,33,26%
38,34,Share and number of the world's population
38,35,FIG_1.3
39,1,17 Chapter 1: Progress towards UHC
39,2,"Overall, since 2000, service coverage gains and financial hardship reductions have been"
39,3,"widespread. However, in recent years, concurrent deterioration has emerged in some"
39,4,"countries, and gains in one dimension do not consistently translate into progress in the"
39,5,"other. For instance, expanded service coverage can also result in higher rates of financial"
39,6,hardship if the expansion is achieved with reliance on OOP health spending.
39,7,"Fig. 1.4. Since 2000, more than half of countries have improved service"
39,8,"coverage and reduced financial hardship – but since 2015, fewer than 4 in"
39,9,10 have done so
39,10,Categories of change in UHC SCI and financial hardship for countries since 2000 and since
39,11,2015
39,12,"Note: *The analysis includes countries or territories with at least two reported data points for SDG 3.8.2: 138 since 2000,"
39,13,"accounting for 92% of the world’s population in 2022; and 73 between 2015 and 2022/2023, accounting for 53% of the"
39,14,world’s population in 2022. Annualized rates of change are based on the available periods for each indicator. For SDG
39,15,"3.8.2, the primary time series of estimates is country-specific for each period, with the median minimum and maximum"
39,16,"year ranging from 2002 to 2018 across the sample of 138 countries, versus 2015 and 2021 in the sub-sample of 73"
39,17,"countries. For SDG 3.8.1, all years 2000 to 2023 were available for all countries. Thresholds to define change are based"
39,18,"on average annualized rate of change, as follows: worsening financial hardship (>0.1 percentage point); no change in"
39,19,financial hardship (-0.1 p.p. to 0.1 p.p.); improving financial hardship (<-0.1 p.p.); worsening service coverage (<-0.1%);
39,20,no change in service coverage (-0.1% to 0.1%); improving service coverage (>0.1%).
39,21,"Source: SDG indicator 3.8.1 (2025 definition), WHO global service coverage database (35); SDG 3.8.2 (2025 definition),"
39,22,"global database on financial protection assembled by WHO and the World Bank, 2025 update (36)."
39,23,Change in service coverage
39,24,Improving 0% 1% 53%
39,25,54% (75) (0) (2) (73)
39,26,No change 0% 0% 15%
39,27,15% (21) (0) (0) (21)
39,28,Worsening 0% 1% 29%
39,29,30% (42) (0) (2) (40)
39,30,Worsening No change Improving
39,31,0% (0) 3% (4) 97% (134)
39,32,since 2000
39,33,(N=138 countries/territories*)
39,34,Improving 3% 11% 38%
39,35,52% (38) (2) (8) (28)
39,36,No change 0% 1% 3%
39,37,4% (3) (0) (1) (2)
39,38,Worsening 8% 5% 30%
39,39,44% (32) (6) (4) (22)
39,40,Worsening No change Improving
39,41,11% (8) 18% (13) 71% (52)
39,42,since 2015
39,43,(N=73 countries/territories*)
39,44,Change in financial hardship
39,45,FIG_1.4
40,1,18
40,3,1.4 Results across country income groups converged
40,4,"slowly, but important disparities remain"
40,5,Table 1.1 summarizes changes in service coverage and financial hardship indicators from
40,6,2015 to 2022/2023 for the four groups of the World Bank country income classification:
40,7,"low-income countries (LICs), lower-middle-income countries (LMICs), upper-middle-income"
40,8,"countries (UMICs), and high-income countries (HICs) (38).19"
40,9,"Table 1.1. After 2015, 3 out of 4 country-income groups made gains in"
40,10,"service coverage and reduced financial hardship, with the fastest progress"
40,11,in low-income countries
40,12,"Note: The table reports numbers (or levels) for 2015 and 2022/2023 in parentheses, and shows type of change"
40,13,"between these two years with the following colour coding: Green means progress, grey no change, purple worsening."
40,14,Unrounded numbers are used to calculate the thresholds: average annualized rate of change in % for service coverage
40,15,and percentage point change for financial hardship. Cut-off values are set at 0.1 to identify a change (i.e. “no change”
40,16,includes values within the range -0.1 to +0.1). Country income groups based on World Bank classification. Numbers in
40,17,parentheses are levels for 2015 and 2023 (service coverage) or 2015 and 2022 (financial hardship).
40,18,"Source: SDG indicator 3.8.1 (2025 definition), WHO global service coverage database (35); SDG 3.8.2 (2025 definition),"
40,19,"global database on financial protection assembled by WHO and the World Bank, 2025 update (36)."
40,20,The levels in UHC indicators are consistently better with higher income-group classification.
40,21,HICs consistently post the highest service coverage scores and the lowest rates of financial
40,22,"hardship, while the opposite is true for LICs. For example, in 2015, the service coverage"
40,23,"score of LICs was about half the score in HICs (43 vs. 85), while LICs’ rate of financial"
40,24,"hardship was four times higher (38.5% vs. 9.5%). It is important to note, however, the"
40,25,substantial variation in outcomes among countries in the same income category.
40,26,The pattern of increasing service coverage scores with higher income levels recurs across
40,27,"service coverage sub-indices, except for the NCD sub-index. On NCDs, LICs scored higher"
40,28,than the middle-income groups and similarly to HICs in 2023 (67 index points). The LICs
40,29,"maintained the lowest rate of tobacco use among country-income groups ( 39). This,"
40,30,coupled with a broad population age spectrum measured in reductions of tobacco use
40,31,19 Country income group classification is year specific. The number of countries in an income group can vary.
40,32,Income group UHC SCI
40,33,(SDG 3.8.1)
40,34,Infectious
40,35,diseases RMNCH NCDs
40,36,Service
40,37,capacity
40,38,and access
40,39,Financial hardship
40,40,(revised SDG 3.8.2)
40,41,Impoverishing
40,42,OOP health
40,43,spending
40,44,Large OOP
40,45,health
40,46,spending
40,47,+1.0 +0.1 +2.9 +0.8 +0.2 -0.5 -0.4 -0.1
40,48,(43 to 47) (51 to 51) (33 to 42) (63 to 67) (33 to 34) (38.5% to 34.7%) (35.7% to 33%) (2.8% to 1.8%)
40,49,+0.7 -0.3 +1.8 +1.3 +0.1 -0.4 -0.6 +0.1
40,50,(59 to 63) (68 to 66) (58 to 67) (51 to 57) (62 to 63) (34.4% to 31.5%) (28.1% to 24.2%) (6.3% to 7.3%)
40,51,+0.5 < |0.1| +1.3 < |0.1| +0.4 -0.2 -0.3 <|0.1|
40,52,(78 to 81) (83 to 83) (84 to 94) (60 to 61) (86 to 89) (26.5% to 24.9%) (20.8% to 19%) (5.7% to 5.9%)
40,53,< |0.1| < |0.1| -0.1 +0.6 -0.2 <|0.1| <|0.1| <|0.1|
40,54,(85 to 85) (84 to 84) (99 to 98) (64 to 67) (97 to 96) (9.5% to 9.8%) (6.9% to 6.8%) (2.6% to 2.9%)
40,55,High-income
40,56,Changes in service coverage and sub-indices
40,57,"Annualized rate of change in %, 2015 to 2023"
40,58,(Levels 2015 to 2023)
40,59,Changes in financial hardship and its components
40,60,"Annual percentage point change, 2015 to 2022"
40,61,(Levels 2015 to 2022)
40,62,Low-income
40,63,Lower-middle-
40,64,income
40,65,Upper-middle-
40,66,income
40,67,Table_1.1
41,1,19 Chapter 1: Progress towards UHC
41,2,(hence a larger population weight in the NCD sub-index computation) results in greater
41,3,contribution from the indicator in driving the level and changes in the sub-index. This
41,4,"enabled LICs to post one of the higher NCD sub-index scores. Of note, no income-group"
41,5,NCD score surpassed 70.
41,6,Another exception to the pattern in which results follow income-group rankings concerns
41,7,large but non-impoverishing OOP health spending. Such spending is relatively low in LICs
41,8,"and in HICs, but higher among the middle-income groups. Overall, as countries advance"
41,9,"up the income ladder, service coverage typically expands and financial hardship declines,"
41,10,partly reflecting reductions in impoverishing health spending alongside broader poverty
41,11,"reduction. However, during the transition from low- to middle-income status, the share"
41,12,"of OOP payments in total health spending often rises, as does the incidence of large"
41,13,"OOP expenditures. At higher income levels, mechanisms for pooling health resources and"
41,14,"protecting households against health-related financial risk generally strengthen, resulting"
41,15,in a declining share of OOP spending in overall health financing and a reduced financial
41,16,"hardship. Taken together, these patterns in service coverage and financial hardship across"
41,17,income groups align with the notion of a “health financing transition” (40).
41,18,"While the levels of UHC indicators are better with higher income-group classification,"
41,19,"the opposite is true for the trends. HICs saw no change in overall SCI, financial hardship,"
41,20,or any financial hardship components. LICs were the only group to make progress in
41,21,"all UHC components, improving in the SCI and all four sub-indices concurrent with a"
41,22,"reduction in overall financial hardship, impoverishing OOP , and large OOP health spending."
41,23,LICs saw the largest reduction in population rates of financial hardship and large OOP
41,24,health spending between 2015 and 2022 and the second-largest drop in impoverishing
41,25,OOP health spending. LMICs posted the largest reduction in impoverishing OOP health
41,26,spending but were the only income group in which large OOP health spending and the
41,27,RMNCH sub-index score worsened between 2015 and 2023. LMICs saw the largest increase
41,28,among income groups in the NCD coverage score (Table 1.1).
41,29,"1.5 All regions raised service coverage, and half reduced"
41,30,financial hardship
41,31,Table 1.2 summarizes changes in service coverage and financial hardship indicators
41,32,from 2015 to 2022/2023 by WHO regions.20 All WHO regions saw progress in the UHC SCI
41,33,"between 2015 and 2023, and half posted a reduction in the proportion of the population"
41,34,incurring financial hardship between 2015 and 2022.
41,35,The African and Western Pacific Regions saw improvements in all UHC SCI components
41,36,while rates of financial hardship reduced as well. These two regions led progress in
41,37,service capacity and access. The African Region (alongside the Region of the Americas)
41,38,led consistently with the highest NCD scores while maintaining average gains over the
41,39,"period. Reductions in tobacco use largely drive the NCD sub-index, and tobacco use in"
41,40,the African Region is estimated at less than half of the global average (39). When rescaled
41,41,"to non-tobacco use this led in a score 1.2 times higher than the global average. However,"
41,42,the African Region continued to face the highest levels of financial hardship and lowest
41,43,SCI score in 2022/2023.
41,44,20 Values with and without Indonesia included in the WHO Western Pacific and South East Asia Regions are available online.
41,45,Corresponding statistics for World Bank regions are reported online.
42,1,20
42,3,"Table 1.2. From 2015 to 2022/2023, half of the WHO regions progressed or"
42,4,held steady in all components of the SDG UHC indicators
42,5,Note: The table reports numbers (or levels) for 2015 and 2022/2023 in parentheses and shows type of change between
42,6,"these two years with the following colour coding: Green means progress, grey no change, purple worsening. Unrounded"
42,7,numbers are used to calculate the thresholds: average annualized rate of change in % for service coverage and
42,8,"percentage point change for financial hardship, with cut-off values at 0.1 to identify a change (i.e. no change includes"
42,9,all values within the range -0.1 to +0.1). Numbers in parentheses are levels for 2015 and 2023 (service coverage) or 2015
42,10,"and 2022 (financial hardship). In accordance with resolution WHA78.25 (2025), Indonesia was reassigned to the WHO"
42,11,Western Pacific Region as of 27 May 2025. Estimation methods to produce regional values are explained in annexes.
42,12,"Source: SDG indicator 3.8.1 (2025 definition), WHO global service coverage database (35); SDG 3.8.2 (2025 definition),"
42,13,"global database on financial protection assembled by WHO and the World Bank, 2025 update (36)."
42,14,Two regions (Region of the Americas and European Region) lost ground in service capacity
42,15,and access while still maintaining very high levels (≥80). The Region of the Americas did
42,16,"not improve in RMNCH but maintained their very high levels, while their other UHC SCI"
42,17,dimensions improved. These regions made no progress in financial hardship or any of its
42,18,"components, but they had among the lowest baseline values at the start of the period,"
42,19,attesting to prior advances.
42,20,The Eastern Mediterranean Region showed modest improvements in most components
42,21,but still registered the third-highest rate of financial hardship in 2022 and the second-
42,22,lowest SCI score in 2023. The South-East Asia Region made the greatest progress across
42,23,"regions in the overall UHC SCI and two of its sub-indices, as well as in reducing financial"
42,24,"hardship and impoverishing OOP health spending. However, it was also the only region"
42,25,with deteriorating RMNCH coverage and the only one with an increase in the proportion
42,26,of the population incurring large OOP health spending.
42,27,"There was substantial variation across regions at baseline. Despite positive overall evolution,"
42,28,"large variations persist as of 2022/2023, with many regions needing to accelerate progress."
42,29,WHO region
42,30,+1.1 +1.0 +1.6 +0.5 +1.1 -0.4 -0.4 <|0.1|
42,31,(47 to 51) (50 to 54) (37 to 42) (66 to 69) (39 to 43) (37.7% to 35%) (34.7% to 31.8%) (3% to 3.2%)
42,32,+0.1 < |0.1| +0.4 +0.7 -0.6 <|0.1| <|0.1| <|0.1|
42,33,(82 to 83) (80 to 81) (91 to 93) (69 to 73) (89 to 85) (15.1% to 15.6%) (12.2% to 12.3%) (2.9% to 3.2%)
42,34,+1.4 -0.5 +3.8 +1.6 +0.5 -0.5 -0.7 +0.1
42,35,(61 to 68) (72 to 70) (59 to 80) (46 to 53) (70 to 73) (34.7% to 30.9%) (27.1% to 22.3%) (7.7% to 8.6%)
42,36,+0.4 <|0.1| +1.4 +0.1 +0.2 <|0.1| <|0.1| -0.1
42,37,(61 to 63) (63 to 63) (70 to 78) (61 to 61) (52 to 53) (28.7% to 28.1%) (22.2% to 22.7%) (6.4% to 5.4%)
42,38,+0.3 +0.2 +0.2 +0.7 -0.1 <|0.1| <|0.1| <|0.1|
42,39,(80 to 82) (80 to 82) (96 to 97) (57 to 61) (94 to 93) (12.6% to 13%) (9.7% to 9.7%) (3% to 3.3%)
42,40,+0.7 +0.1 +1.6 +0.3 +1.1 -0.5 -0.6 <|0.1|
42,41,(76 to 81) (85 to 86) (84 to 95) (57 to 58) (83 to 91) (30.7% to 27%) (24.7% to 20.3%) (6% to 6.7%)
42,42,Region of the
42,43,Americas
42,44,African Region
42,45,South-East Asia
42,46,Region
42,47,European Region
42,48,Western Pacific
42,49,Region
42,50,Eastern
42,51,Mediterranean
42,52,Region
42,53,Financial hardship
42,54,(revised SDG 3.8.2)
42,55,Impoverishing
42,56,OOP health
42,57,spending
42,58,Large OOP
42,59,health
42,60,spending
42,61,UHC SCI
42,62,(SDG 3.8.1)
42,63,Infectious
42,64,diseases RMNCH NCDs
42,65,Service
42,66,capacity
42,67,and access
42,68,Changes in service coverage and sub-indices
42,69,"Annualized rate of change in %, 2015 to 2023"
42,70,(Levels 2015 to 2023)
42,71,Changes in financial hardship and its components
42,72,"Annual percentage point change, 2015 to 2022"
42,73,(Levels 2015 to 2022)
42,74,Table_1.2
43,1,21 Chapter 1: Progress towards UHC
43,2,1.6 The revision of indicators influences findings in both
43,3,UHC dimensions
43,4,"Box 1.1 compares the findings reported above using the revised UHC indicators, based"
43,5,"on the 2025 database, with results calculated using the original indicators applied to"
43,6,the 2023 database that was used to produce the 2023 UHC global monitoring report.
43,7,The 2025 database includes more data points than the 2023 version. The pure effect of
43,8,the change in indicator definition is described in the materials prepared to request the
43,9,indicator revision (41).
43,10,Box 1.1. Implications of indicator revisions for global UHC monitoring
43,11,"Relative to the last edition of this report, from 2023, the 2025 UHC Global monitoring"
43,12,report presents newer data on an expanded time frame with revised SDG indicators.
43,13,"Revisions to SDG indicators 3.8.1 (service coverage) and 3.8.2 (financial hardship),"
43,14,"approved in 2025, affect both levels and trends. The SCI retains the same name"
43,15,"but is calculated differently, with revised tracer indicators and a different approach"
43,16,"for weighting them, resulting in higher levels but a slower improving trend. For"
43,17,"financial hardship, bigger methodological changes were introduced."
43,18,The original SDG 3.8.2 indicator focused only on large OOP health spending
43,19,"relative to total household budget. To provide a more complete picture, previous"
43,20,editions of this report presented complementary trends in impoverishing OOP
43,21,"health spending, using the international poverty line and relative poverty lines. The"
43,22,revised indicator captures both impoverishing and large (but non-impoverishing)
43,23,OOP health spending by considering OOP health spending relative to the
43,24,household discretionary budget. Impoverishing OOP is now measured using the
43,25,societal poverty line. These changes mean that the revised indicator 3.8.2 should
43,26,"not be directly compared with the original indicator, as the two indicators represent"
43,27,different definitions of what constitutes financial hardship. The introduction to this
43,28,report presents more information on the indicator revision.
43,29,"The table below compares the main global trends presented in this report, using the"
43,30,"revised indicators, with those presented in the previous 2023 Global monitoring report (1),"
43,31,which used the original indicators.
44,1,22
44,3,"Table 1.3. Comparison of trends presented in Global monitoring reports,"
44,4,2023 and 2025
44,5,Indicator or
44,6,component 2023 UHC Global monitoring report 2025 UHC Global monitoring report
44,7,SDG 3.8.1-Service
44,8,coverage
44,9,Found progress overall between
44,10,"2000 and 2021 in the UHC SCI,"
44,11,with a slowdown since 2015.
44,12,Finds progress overall between
44,13,"2000 and 2023 in the UHC SCI,"
44,14,with a slowdown since 2015; the
44,15,"values are higher overall, and"
44,16,trends are attenuated.
44,17,Sub-indices Found the largest improvements
44,18,were observed across the
44,19,"infectious disease indicators,"
44,20,while other areas saw gradual
44,21,"increases prior to 2015, followed"
44,22,by minimal or no improvements.
44,23,Finds that infectious diseases
44,24,indicators still had the largest
44,25,"improvements, followed by"
44,26,modest improvement in NCDs.
44,27,RMNCH and service capacity and
44,28,access saw declines or stagnation
44,29,in recent years. The use of
44,30,population at risk as weights
44,31,increases the prominence of
44,32,tobacco use reduction in the NCD
44,33,"sub-index, reducing variation"
44,34,between LIC and HICs.
44,35,SDG 3.8.2 Showed a continued increase
44,36,in the rate of catastrophic OOP
44,37,health spending between 2000
44,38,"and 2019, using the total budget"
44,39,share approach to identify large
44,40,spending (SDG 3.8.2 original
44,41,definition).
44,42,Shows a continued decline in
44,43,the rate of financial hardship
44,44,"between 2000 and 2022,"
44,45,capturing both large and
44,46,impoverishing OOP health
44,47,spending.
44,48,Large OOP Showed an increase in large
44,49,OOP relative to household total
44,50,"budget (SDG 3.8.2, original"
44,51,definition).
44,52,Shows an increase in large
44,53,"OOP , as measured relative to"
44,54,household discretionary budget
44,55,(SDG 3.8.2 subcomponent in 2025
44,56,definition).
44,57,Impoverishing OOP Showed a reduction when using
44,58,the international poverty line but
44,59,an increase when using a relative
44,60,poverty line (complementary
44,61,indicators to SDG 3.8.2).
44,62,Shows a reduction using the
44,63,societal poverty line (SDG 3.8.2
44,64,subcomponent in 2025 definition)
44,65,– the only poverty line used.
45,1,23 Chapter 1: Progress towards UHC
45,2,Indicator or
45,3,component 2023 UHC Global monitoring report 2025 UHC Global monitoring report
45,4,Number of people
45,5,without access to
45,6,essential health
45,7,services
45,8,Number of people
45,9,incurring financial
45,10,hardship
45,11,"Found that in 2021, about"
45,12,4.5 billion people were not
45,13,fully covered by essential
45,14,"health services and in 2019,"
45,15,"2 billion faced catastrophic OOP ,"
45,16,impoverishing OOP (relative
45,17,"poverty line) or both, without"
45,18,double counting.
45,19,Found diverging trajectories
45,20,on number of people facing
45,21,catastrophic and impoverishing
45,22,"OOP without double counting,"
45,23,depending on the poverty line.
45,24,Finds that approximately
45,25,4.6 billion people were not
45,26,fully covered by essential
45,27,"health services in 2023, and"
45,28,about 2.1 billion faced financial
45,29,hardship in 2022.
45,30,Finds diverging trajectory in
45,31,number of people facing large
45,32,and impoverishing OOP health
45,33,spending – the two components
45,34,of the 2025 SDG 3.8.2 definition.
45,35,"Due to population growth, finds"
45,36,that the total number of people
45,37,incurring financial hardship
45,38,increased by 16.3 million
45,39,between 2000 and 2022.
45,40,Country-level
45,41,progress towards
45,42,UHC
45,43,Found that 42/138 countries
45,44,or territories with at least two
45,45,data points over time improved
45,46,service coverage and reduced
45,47,catastrophic OOP health
45,48,spending since 2000.
45,49,"Finds that since 2000, 73/138"
45,50,countries or territories with time
45,51,series improved service coverage
45,52,and reduced financial hardship.
45,53,Note: Comparisons should be interpreted with caution and are not indicative of trends between two points in time from
45,54,"the different reports, as data have been updated and methods changed."
45,55,"Source: Authors, based on this report and Tracking universal health coverage: 2023 Global monitoring report (1)."
45,56,"This chapter has summarized the latest global and regional UHC trends, highlighting"
45,57,progress and remaining gaps. The data show some encouraging developments. Between
45,58,"2000 and 2022/2023, the world advanced on both pillars of UHC, service coverage and"
45,59,"protection from financial hardship. All regions made progress over the period, and the"
45,60,"poorest countries scored the largest gains. Despite these positive trends, the world and"
45,61,"most regions remain far from their UHC goals, with the pace of progress slowing since"
45,62,"2015. Midway through the SDG era, billions of people still did not receive the health"
45,63,services they needed and/or saw OOP health spending reduce their ability to meet basic
45,64,needs. The following two chapters offer deep dives on service coverage and financial
45,65,"hardship, to provide more granular information on both UHC dimensions."
46,1,24
47,1,25
47,2,2
47,3,Chapter 2:
47,4,Deep dive on service coverage
47,5,Key messages and supporting data
47,6,"• Infectious disease control drove global service coverage gains, while other sub-"
47,7,indices improved much more slowly.
47,8,– Gains in the infectious disease sub-index accounted for 52% of the rise in the global
47,9,UHC service coverage index (SCI) from 2000 to 2023.
47,10,"– 3 out of the 14 SCI tracer indicators – basic sanitation, insecticide-treated nets, and"
47,11,tobacco use – together accounted for 78% of the change in the global SCI.
47,12,– The noncommunicable diseases (NCDs) sub-index contributed 27% to global SCI
47,13,gains but finished the period with the lowest coverage score among the four SCI
47,14,sub-indices.
47,15,• Key inequalities in service coverage between countries have narrowed.
47,16,"– Globally, since 2000, the SCI and its sub-indices have seen decreasing between-"
47,17,"country inequality, with SCI values converging."
47,18,"– The number of countries with low or very low coverage fell, from 55 in 2000 to only"
47,19,8 in 2023.
47,20,• Available data suggest that within-country inequalities in access to health care
47,21,have persisted or narrowed only slightly.
47,22,– Data for 38 low- and middle-income countries show inequalities related to economic
47,23,"status, education level and urban-rural place of residence in barriers to accessing"
47,24,health care among women ages 15–49. These inequalities have remained unchanged
47,25,or only decreased slightly over the past decade.
47,26,"– In 30 European countries in 2019, there were inequalities related to economic status,"
47,27,disability status and place of residence in unmet need for health care due to financial
47,28,"barriers, long waiting lists and transport difficulties. Across 25 European countries"
47,29,"in 2024, inequality in unmet need related to economic status was higher for dental"
47,30,care than medical care.
48,1,26
48,3,This chapter explores topics in the service coverage dimension of UHC. Section 2.1 looks
48,4,at how specific sub-indices and tracer indicators contributed to change over time in the
48,5,UHC service coverage index (SCI). Section 2.2 documents global and regional reductions in
48,6,"between-country inequalities on the SCI from 2000 to 2023. Finally, section 2.3 addresses"
48,7,"forgone care and unmet need for health services, including inequalities in unmet need,"
48,8,drawing primarily on data from European countries. The aim of this analysis is to gain
48,9,insights on ways to target services for more inclusive progress towards UHC.
48,10,2.1 Infectious disease indicators drove progress on the UHC
48,11,service coverage index
48,12,Decomposition methods have been developed to understand how summary measures
48,13,"vary due to component factors.21 In the context of the UHC SCI, these methods were used"
48,14,to determine the extent to which individual indicators contribute to overall changes in the
48,15,SCI over time. The contribution is the combined effect of the change in the indicator and
48,16,the population relevant to each indicator.
48,17,"Globally, the infectious diseases sub-index accounted for 52% of the change in the SCI"
48,18,between 2000 and 2023 (Fig. 2.1). This sub-index began the period with the lowest score
48,19,"(44) to end with one of the highest (76). The remaining three sub-indices – NCDs, service"
48,20,"capacity and access, and RMNCH – contributed 27%, 15% and 6% to overall SCI change,"
48,21,"respectively. Although the NCD sub-index made a sizable contribution to overall SCI gains,"
48,22,it continues to report one of the lower scores for the time series and was the only sub-
48,23,index to finish below 70 in 2023.
48,24,Two tracers largely drove the change seen globally in the infectious diseases sub-index:
48,25,coverage of insecticide treated nets (ITN) in malaria-endemic areas and basic sanitation.
48,26,"In the NCD sub-index, the main contributor to global SCI change was reduction in tobacco"
48,27,"use. Together, these three tracer indicators accounted for 78% of the change in the global"
48,28,"SCI. For the period 2015–2023 only, the health workforce contribution grew and replaced"
48,29,ITNs as one of the top three tracers.
48,30,21 See Annex 1 for details.
49,1,27 Chapter 2: Deep dive on service coverage
49,2,Fig. 2.1. Three tracer indicators accounted for more than three-quarters of
49,3,"change in the global SCI, 2000 to 2023"
49,4,Cumulative indicator contributions to change in the UHC SCI
49,5,Note: Black line shows the trend of the global UHC SCI. Coloured bars represent the cumulative contributions of the
49,6,"corresponding tracer indicators to SCI change over time. IHR, International Health Regulations; DTP3, three doses of"
49,7,"the combined diphtheria, tetanus toxoid and pertussis vaccine; ARI, acute respiratory infection."
49,8,Source: WHO global service coverage database (35).
49,9,The highest-contributing indicator in each WHO region accounted for at least 40% of
49,10,regional SCI change between 2000 and 2023. The highest-contributing indicators at
49,11,"regional level were basic sanitation, coverage of ITNs and reductions in tobacco use; their"
49,12,"contributions were positive towards the change in all applicable regions. 22 In addition,"
49,13,health workforce and the International Health Regulations (IHR) core capacity index
49,14,"contributed positively in all WHO regions (Fig. 2.2). Similarly for country income groupings,"
49,15,basic sanitation was the largest contributing indicator (range 42% to 75%) in each group
49,16,except HICs over the period 2015 to 2023. For HICs the dominant driver was reductions
49,17,in tobacco use.
49,18,22 Use of ITNs is not included for regions that are not endemic for malaria.
49,19,Year
49,20,Sub-index
49,21,RMNCH
49,22,Infectious diseases
49,23,Noncommunicable diseases (NCDs)
49,24,Service capacity and access
49,25,Other indicators with less than 1% contribution
49,26,DTP3 immunization
49,27,ARI care-seeking
49,28,TB treatment
49,29,HIV therapy
49,30,Hospital bed density
49,31,54
49,32,57
49,33,63
49,34,68
49,35,70
49,36,71
49,37,Absolute
49,38,UHC SCI
49,39,Absolute
49,40,UHC SCI
49,41,55
49,42,60
49,43,65
49,44,70
49,45,2000
49,46,2010
49,47,2015
49,48,2020
49,49,2023
49,50,Indicator contributions to the change in the
49,51,UHC SCI
49,52,IHR core capacity index
49,53,Health workforce density
49,54,Tobacco non-use
49,55,Hypertension treatment
49,56,Insecticide-treated nets
49,57,"Antenatal care, 4+ visits"
49,58,Family planning
49,59,Diabetes treatment
49,60,Basic sanitation
49,61,(WASH)
49,62,FIG_2.1
50,1,28
50,3,"Fig. 2.2. Progress in basic sanitation led SCI gains in half of WHO regions,"
50,4,2000 to 2023
50,5,Cumulative indicator contributions (%) to change in the UHC SCI
50,6,"Note:.Use of ITNs is not applicable for regions that are not endemic for malaria. IHR, International Health Regulations;"
50,7,"DTP3, three doses of the combined diphtheria, tetanus toxoid and pertussis vaccine; ARI, acute respiratory infection."
50,8,Source: WHO global service coverage database (35).
50,9,2.2 Between-country inequalities in service coverage
50,10,"narrowed, but more slowly after 2015"
50,11,Gini coefficients measure the degree of variation in a group and are used to assess
50,12,"inequality. Gini coefficients vary between 0, indicating no variation or perfect equality, and"
50,13,"a maximum of 1, with increasing values corresponding to greater variation or inequality."
50,14,"Globally, the UHC SCI Gini coefficient fell from 0.21 in 2000 to 0.13 in 2023, signalling"
50,15,"decreasing inequality. Globally and by WHO regions, between-country inequalities in the"
50,16,"UHC SCI and its sub-indices decreased over the same period, except for the service capacity"
50,17,"and access sub-index in the Eastern Mediterranean Region. Globally, the NCD sub-index"
50,18,"showed the lowest Gini coefficient in 2023 (0.09), and the infectious diseases sub-index"
50,19,experienced the highest annualized rate of change in its Gini coefficient over the period
50,20,2000–2023.
50,21,Tracer indicator
50,22,Indicator contribution (percentage)
50,23,African
50,24,Region
50,25,Region of
50,26,the Americas
50,27,South-East
50,28,Asia Region
50,29,European
50,30,Region
50,31,Eastern
50,32,Mediterranean
50,33,Region
50,34,Western
50,35,Pacific Region
50,36,Family planning 6 8 3 16 5 0
50,37,"Antenatal care, 4+ visits 1 1 1 1 3 1"
50,38,DTP3 immunization 2 -1 1 0 2 0
50,39,ARI care-seeking 4 3 -2 5 -2 7
50,40,TB treatment 0 0 0 0 0 0
50,41,HIV therapy 3 0 0 0 0 0
50,42,Insecticide-treated nets 46 - - - 17 -
50,43,Basic sanitation (WASH) 14 20 49 10 40 46
50,44,Hypertension treatment 0 5 2 14 -1 2
50,45,Diabetes treatment -2 0 -1 3 -5 -1
50,46,Tobacco non-use 12 50 32 43 24 14
50,47,Hospital bed density 2 1 0 0 -1 4
50,48,Health workforce density 6 6 11 4 8 25
50,49,IHR core capacity index 7 7 3 3 10 2
50,50,RMNCH
50,51,Infectious
50,52,diseases
50,53,NCDs
50,54,Service
50,55,capacity
50,56,and
50,57,access
50,58,9 4–8 1–3 0 Not applicable
51,1,29 Chapter 2: Deep dive on service coverage
51,2,The South-East Asia Region saw a substantial overall reduction in its UHC SCI Gini coefficient
51,3,"(0.26 to 0.11) from 2000 to 2023. The region’s annualized rate of change was 3.9%, almost"
51,4,"double the global rate. Globally and for all WHO regions, progress in reducing inequalities"
51,5,has slowed in the SDG era (based on annualized rate of change) (Fig. 2.3).
51,6,"When analysing by country income groups, the Gini coefficient in 2023 ranged from 0.04"
51,7,"in HICs to 0.13 in LICs. Between 2015 and 2023, reductions in the Gini coefficient were"
51,8,"seen in the middle-income country groupings only, with the greatest progress in LMICs"
51,9,(annualized rate of reduction of 1.2%). LMICs were the only grouping to see reductions in
51,10,all sub-indices. Both LICs and HICs saw increasing Gini coefficients over the same period.
51,11,"Country SCI estimates have converged since 2000, meaning that countries starting with"
51,12,"lower scores have made greater relative progress, gradually narrowing the gap with higher-"
51,13,"scoring countries. In 2000, 55 countries had low or very low levels of service coverage (SCI"
51,14,"<40) compared to 8 countries in 2023, an impressive shift upwards. Of those with medium"
51,15,"service coverage (SCI 40–59), 25 of 28 countries were able to advance to high coverage"
51,16,"(SCI 60–79). Among the 103 countries with high coverage (SCI 60–79) in 2000, progressing"
51,17,to very high coverage proved challenging. Only 50 countries (49%) managed to reach at
51,18,least 80 index points by 2023. Convergence was slowest in the service capacity and access
51,19,"sub-index, and initial progress has decelerated over time for all areas. This may signal"
51,20,"that some countries have already achieved easier gains, and that continued progress will"
51,21,"require targeting more complex barriers, such as health systems capacity and workforce"
51,22,shortages.
51,23,Fig. 2.3. Between-country inequalities in service coverage narrowed
51,24,"globally and across WHO regions, but gains have slowed after 2015"
51,25,"Annualized rates of decline in the UHC SCI Gini coefficient, 2000–2015 and 2015–2023"
51,26,Source: WHO global service coverage database (35).
51,27,0 0.5 1 1.5 2 2.5 3 3.5 4 4.5
51,28,Global
51,29,African Region
51,30,Region of the Americas
51,31,South-East Asia Region
51,32,European Region
51,33,Eastern Mediterranean Region
51,34,Western Pacific Region
51,35,Annualized rate of decline in the Gini coefficient (%)
51,36,2015–20232000–2015
51,37,FIG_2.3
52,1,30
52,3,2.3 Inequalities in forgone care and unmet need hamper
52,4,UHC progress
52,5,"To continue making progress on service coverage, health leaders want to know how, where"
52,6,and to whom additional services should be targeted. Key evidence to inform these choices
52,7,includes findings on forgone care and unmet need. Forgone care occurs when someone
52,8,realizes that she/he needs health services but is unable to access that care (including
52,9,"services, medications or other health products) due to a range of barriers. Forgone care"
52,10,can emerge prior to establishing initial contact with health services or at any point along
52,11,the patient pathway and continuum of care (42). Unmet need is a broader concept that
52,12,encompasses forgone care and also health services or care that people may not realize
52,13,are needed (42). Researchers have most commonly measured these variables using self-
52,14,reported household or health surveys. Other possible sources include administrative
52,15,health records and patient satisfaction surveys.
52,16,Assessing unmet need provides insight into the extent to which individuals have health
52,17,"needs over their life course, yet do not receive services because of limited availability,"
52,18,quality or affordability. Understanding the reasons individuals do not receive services or
52,19,forgo care highlights the barriers people face when engaging with the health system.
52,20,"While data in this area are limited, comparable data are available from Demographic and"
52,21,Health Surveys (DHS) for women in some low- and middle-income countries globally and
52,22,from the European Statistics of Income and Living Conditions (EU-SILC) survey and the
52,23,European Health Interview Survey (EHIS) for the populations in some countries in the
52,24,European region. The analyses in the following sub-sections are based on these data.
52,25,Inequalities in perceived barriers to health care access among
52,26,women in select low- and middle-income countries
52,27,"Disaggregated data were sourced from DHS in 38 low- and middle-income countries (43,44).23"
52,28,"The analysis assessed within-country inequalities related to economic status, education"
52,29,and place of residence in the proportion of women aged 15–49 years who reported having
52,30,problems in accessing health care for themselves. Problems with health care access could
52,31,include: knowing where to go for treatment; getting permission to go for treatment; getting
52,32,money for treatment; distance to health facility; having to take transport; not wanting to go
52,33,alone; and/or concern there may not be a female provider. Women were asked to consider
52,34,situations when they were sick due to any reason.
52,35,"For each country, the analysis included data from two time points: (1) the latest available"
52,36,data from a survey conducted in 2014–2023 to assess the latest situation of inequality;
52,37,"and (2) an older survey conducted about 10 years prior, in 2004–2013, to assess changes"
52,38,in inequality over time.
52,39,"Across the 38 low- and middle-income countries, a median of 58.6% of women experienced"
52,40,"problems in accessing health care in 2014–2023, compared to 67.8% in 2004–2013. Low-"
52,41,income and middle-income country groups demonstrated a similar reduction in the
52,42,proportion of women experiencing problems in accessing health care (about 10 percentage
52,43,"points), though overall levels remained higher among low-income countries (63.4%) than"
52,44,middle-income countries (56.1%) in 2014–2023.
52,45,23 The data used are publicly available via the DHS Program application programming interface (44).
53,1,31 Chapter 2: Deep dive on service coverage
53,2,"Across the 38 countries, the study found inequalities related to economic status, education"
53,3,and place of residence in the proportion of women experiencing problems in accessing
53,4,health care. Inequalities in women’s perceived barriers to care remained unchanged or
53,5,"narrowed slightly over the study period. For instance, the gap between median estimates"
53,6,among women in the richest and poorest 20% of the population across 38 countries was
53,7,38.4 percentage points in 2004–2013 and 33 percentage points in 2014–2023 (Fig. 2.4).
53,8,Fig. 2.4. Change in inequalities in the proportion of women experiencing
53,9,problems in accessing health care across 38 low- and middle-income
53,10,"countries, 2004–2013 and 2014–2023"
53,11,Source: Authors’ analysis based on DHS.
53,12,Inequalities in unmet need: findings from European countries
53,13,Disaggregated data were sourced from the EU-SILC and EHIS (publicly available via Eurostat)
53,14,"(13,14,18–20,45). Using EHIS data, analysis assessed within-country inequalities related to"
53,15,"economic status, education, place of residence and disability status in the proportion of"
53,16,people who needed health care in the past 12 months but did not have it due to financial
53,17,"barriers, long waiting lists, or distance and transportation problems. Using EU-SILC data,"
53,18,analysis assessed within-county inequalities related to economic status (defined using the
53,19,"risk-of-poverty threshold, which is set at 60% of the national median equalized disposable"
53,20,income after social transfers) in the proportion of people who needed medical or dental
53,21,"care in the past 12 months but did not have it due to financial barriers, long waiting lists,"
53,22,or distance and transportation problems.
53,23,Analysis of inequalities included 30 countries (27 high-income and 3 upper-middle-income)
53,24,"that had conducted an EHIS in 2019, and 25 countries (23 high-income and 2 upper-middle-"
53,25,income) that had conducted EU-SILC surveys in 2021–2024.
53,26,0
53,27,10
53,28,20
53,29,30
53,30,40
53,31,50
53,32,60
53,33,70
53,34,80
53,35,90
53,36,Median (%)
53,37,Economic
53,38,status
53,39,2014–2023
53,40,2004–2013
53,41,Education
53,42,2014–2023
53,43,2004–2013
53,44,Place of
53,45,residence
53,46,2014–2023
53,47,2004–2013
53,48,Quintile 1 (poorest)
53,49,Quintile 2
53,50,Quintile 3
53,51,Quintile 4
53,52,Quintile 5 (richest)
53,53,No or primary education
53,54,Secondary or higher education
53,55,Rural
53,56,Urban
53,57,FIG_2.4
54,1,32
54,3,"Across 30 European countries in 2019, there were inequalities related to economic status,"
54,4,disability status and place of residence in unmet need for health care due to financial
54,5,"barriers, long waiting lists, or distance and transportation problems (Fig. 2.5). There"
54,6,was a difference of 10.3 percentage points in median values between the poorest and
54,7,richest quintiles of the population (32.2% versus 21.9%); a difference of 20.8 percentage
54,8,points in median values between people with severe disability and no disability (42.1%
54,9,versus 21.3%); and a difference of 4.5 percentage points in median values between urban
54,10,"and rural dwellers (27.1% versus 22.6%). However, there was little inequality related to"
54,11,education overall.
54,12,Fig. 2.5. Inequality in the proportion of people who needed health care in
54,13,"the past 12 months but did not have it, 30 European countries, 2019"
54,14,Source: Authors’ analysis based on data from EHIS/Eurostat.
54,15,"Across 25 European countries in 2024, the median proportion of people who reported"
54,16,"needing health care in the past 12 months but not having it due to financial reasons, long"
54,17,"waiting lists, or transportation problems was 2.6% for medical care and 4.5% for dental"
54,18,care. These proportions have not changed substantially over time; in 2021 they were 2.7%
54,19,"and 4.2%, respectively. Across these 25 countries, there was inequality related to economic"
54,20,"status (Fig. 2.6). The analysis found that, in 2024, the median value of unmet need for"
54,21,medical care was 1.8 times higher among people who were below the risk-of-poverty
54,22,"threshold compared to those above it (4.8% versus 2.6%), while the median value of unmet"
54,23,need for dental care was 3.4 times higher for those below the threshold (10.8% versus
54,24,"3.2%). There was a reduction in these inequalities between 2021 and 2023, but a slight"
54,25,"increase in 2024. Levels of unmet need are higher overall for dental care than medical care,"
54,26,and economic-related inequality is also substantially higher for dental care. This reflects
54,27,the coverage of dental care being typically lower than medical care in European health
54,28,"systems, disadvantaging the poorer sub-groups of the population (18,19)."
54,29,Quintile 1 (poorest)
54,30,Quintile 2
54,31,Quintile 3
54,32,Quintile 4
54,33,Quintile 5 (richest)
54,34,"No, primary or lower secondary education"
54,35,Upper secondary education
54,36,Tertiary education
54,37,Rural
54,38,Urban
54,39,No disability
54,40,Some disability
54,41,Severe disability
54,42,0
54,43,10
54,44,20
54,45,30
54,46,40
54,47,50
54,48,Median (%)
54,49,Economic status
54,50,2019
54,51,Education
54,52,2019
54,53,Place of residence
54,54,2019
54,55,Disability
54,56,2019
54,57,FIG_2.5
55,1,33 Chapter 2: Deep dive on service coverage
55,2,Fig. 2.6. Inequality in the proportion of people who needed medical or
55,3,"dental care in the past 12 months but did not have it, 25 European"
55,4,"countries, 2021–2024"
55,5,Source: Authors’ analysis based on data from EU-SILC/Eurostat.
55,6,An analysis of 17 countries in the Region of the Americas yielded similar findings of
55,7,persistent inequalities in access to health care across socioeconomic and demographic
55,8,"groups. Unmet health care needs in these 17 countries due to financial, geographic or"
55,9,organizational barriers were higher among poorer populations compared to the wealthiest
55,10,"groups, with differences between the richest and poorest 20% of the population ranging"
55,11,"from 2 to 15 percentage points. These inequalities, seen even in high-income contexts,"
55,12,underscore the global nature of health inequalities and support the call for countries to
55,13,institutionalize health inequality monitoring and adopt equity-oriented policies that target
55,14,the structural determinants of health (46).
55,15,Data constraints limit monitoring for equity
55,16,Data limitations remain a major barrier to monitoring service coverage with an equity lens.
55,17,"Estimates of SCI tracer indicators are not systematically available for target sub-populations,"
55,18,making it harder to track patterns of exclusion affecting vulnerable groups. The use of
55,19,"proxies means that for some of the tracer indicators, measuring for sub-populations is"
55,20,not applicable (an example is the hospital bed density tracer indicator).
55,21,"Surveys are key to monitoring service coverage, with over half of the tracer indicators"
55,22,using surveys as an underlying data source. Surveys such as DHS provide monitoring of a
55,23,"wide range of indicators, including maternal and child health and family planning, which"
55,24,are essential for tracking UHC progress as well as estimating complementary measures
55,25,"such as unmet need. However, to ensure effective UHC tracking, countries may need to"
55,26,"diversify data sources, integrate proven digital technologies, and build stronger, more"
55,27,resilient health information systems to support decision-making and service delivery.
55,28,Medical care
55,29,Dental care
55,30,2021
55,31,2022
55,32,2023
55,33,2024
55,34,2021
55,35,2022
55,36,2023
55,37,2024
55,38,0
55,39,5
55,40,10
55,41,15
55,42,Median (%)
55,43,Above the 60% poverty threshold
55,44,Below the 60% poverty threshold
55,45,FIG_2.6
56,1,34
56,3,This chapter has explored topics in the service coverage dimension of UHC. The next
56,4,"chapter focuses on the second, complementary dimension of UHC: protection from"
56,5,financial hardship. It explores the magnitude and drivers of financial hardship due to
56,6,"OOP health spending, examining financial hardship’s relationships with poverty and other"
56,7,"socio-demographic factors, along with the types of health goods and services that people"
56,8,purchase out-of-pocket.
57,1,35
57,2,3
57,3,Chapter 3:
57,4,Deep dive on financial hardship
57,5,Key messages and supporting data
57,6,• Most impoverishing out-of-pocket health spending affects people who are already
57,7,poor.
57,8,– Impoverishing OOP health spending mainly includes people already living in poverty
57,9,"who are further impoverished due to OOP health spending. In 2022, OOP health"
57,10,spending further impoverished 19% of the world’s population.
57,11,• Global poverty reduction drove progress in reducing impoverishing out-of-pocket
57,12,health spending and the total rate of financial hardship.
57,13,– The downward trend in the share of the world’s population experiencing
57,14,impoverishing OOP health spending is mainly explained by reduction in the global
57,15,poverty rate.
57,16,"– From 2000 to 2022, the number of people living in poverty reduced, but the share"
57,17,of the poor paying OOP for health increased.
57,18,• The proportion of the population experiencing financial hardship varies with
57,19,"people’s age, where they live (rural or urban areas), and who they live with."
57,20,– Rural populations experience a 14% higher median rate of financial hardship than
57,21,"urban populations, with large variation across countries."
57,22,– People living in multigenerational households face higher rates of financial hardship
57,23,due to OOP health spending relative to those living in households with different age
57,24,structures. Those living with adults over 60 face higher rates of large OOP health
57,25,spending.
57,26,• Spending on medicines accounts for more than half of OOP health spending in
57,27,most countries.
58,1,36
58,3,This chapter examines the financial hardship dimension of UHC. Section 3.1 presents
58,4,global evidence on the relationship between socio-economic status and financial hardship.
58,5,Sections 3.2 and 3.3 draw on multi-country sub-samples (covering 50–80% of the global
58,6,population in 2022)24 to assess socio-demographic inequalities and the role of spending
58,7,on medicines as the main driver of OOP health spending and financial hardship.
58,8,3.1 Poverty reduction drove progress in reducing
58,9,"impoverishing OOP health spending, but gains were"
58,10,uneven
58,11,"This sub-section explores several facets of the relationship between poverty, consumption/"
58,12,"income quintiles, and financial hardship in health. It starts by unpacking the concept"
58,13,"of impoverishing OOP health spending, then estimates the share of total OOP health"
58,14,spending borne by people who experience impoverishing OOP . The results of these
58,15,analyses are important for crafting fiscally realistic policies to reduce financial hardship
58,16,"in health. Finally, the sub-section presents data on differential rates of financial hardship"
58,17,across country consumption quintiles.
58,18,Impoverishing OOP health spending is heavily concentrated among people who are
58,19,already living in poverty
58,20,The financial hardship indicator can be decomposed into mutually exclusive rates of
58,21,impoverishing and large OOP spending (see glossary). Chapter 1 established that financial
58,22,hardship is mostly made up of impoverishing OOP health spending and that the declining
58,23,trend in the global rate of financial hardship is driven by a reduction in impoverishing OOP
58,24,"health spending, which outweighed the increase in the share of the population facing"
58,25,large OOP health spending.
58,26,The rate of impoverishing OOP health spending itself can be further decomposed. At any
58,27,"point in time, most of the rate of impoverishing OOP health spending comes from people"
58,28,living below the societal poverty line who incur OOP health spending. In the remainder of
58,29,"the chapter, we refer to this group as “further impoverished.” In other words, these people"
58,30,"would be classified as poor whether or not they have had OOP health spending. A second,"
58,31,smaller component of the rate of impoverishing health spending stems from people who
58,32,are not in societal poverty based on total consumption but whose consumption falls below
58,33,"the poverty line once OOP spending is deducted. For brevity, we refer to this group as"
58,34,“pushed into poverty” (Fig. 3.1).
58,35,"24 For more details, see the notes to figures and tables in this chapter, along with Annex 2 on data availability."
59,1,37 Chapter 3: Deep dive on financial hardship
59,2,Fig. 3.1. The rate of impoverishing OOP health spending is mainly driven by
59,3,people further impoverished due to OOP health spending
59,4,Proportion of the global population pushed into poverty and further impoverished by OOP
59,5,"health spending, 2000–2022"
59,6,Note: Background data prepared for the 2025 update to the global database on financial protection.
59,7,"Source: Global database on financial protection assembled by WHO and the World Bank, 2025 update (36)."
59,8,The decline in impoverishing OOP health spending has been driven by a reduction in the
59,9,"global share of people further impoverished, which fell from 26.6% to 18.6% between 2000"
59,10,and 2022.25 The share of those pushed into poverty has changed little over time – ranging
59,11,between 1.9% and 2.8% from 2000 to 2022.
59,12,While global poverty reduction has lowered rates of impoverishing OOP health
59,13,"spending, a larger proportion of the poor are being further impoverished because of"
59,14,health payments.
59,15,The reduction in impoverishing OOP from 2000 to 2022 was concurrent with a reduction in
59,16,"the global poverty rate (Fig. 3.2a). However, the rate of reduction in impoverishing OOP health"
59,17,"spending has been slower than the rate of poverty reduction. As a result, the concentration"
59,18,of those pushed into poverty and further impoverished due to OOP health spending among
59,19,the global population living in poverty increased over the period (Fig. 3.2b).
59,20,"This suggests, first, that the overall downward trend in impoverishing OOP health spending"
59,21,was driven by reductions in poverty rates – rather than by how health systems provide
59,22,"financial protection in health to the poor. Second, it highlights that OOP health spending"
59,23,had an increasing relative role in deepening poverty among those already poor between
59,24,"2000 and 2022. A larger share of the poor spent out-of-pocket on health, which may"
59,25,reflect higher use of health care by the poor. It is nevertheless worrying from the financial
59,26,"protection perspective, as any OOP spending by the poor further reduces their ability to"
59,27,afford basic needs.
59,28,"25 For reference, 25.1% of the world’s population lived in societal poverty in 2022 (47)."
59,29,26. 6 26. 9 26. 4 25. 4 24. 7 24. 5 24. 0 22. 9 23. 0 22. 7 22. 7 22. 3 21. 5 20. 8 20. 7 20. 4 20. 0 19. 7 19. 1 19. 0 19. 0 18. 6 18. 6
59,30,2.3 2.7 2.5 2.6 2.6 2.6 2.7 2.4 2.4 2.6 2.7 2.8 2.5 2.6 2.5 2.4 2.4 2.3 2.4 2.3 2.3 2.2 1.90
59,31,10
59,32,20
59,33,30
59,34,2000
59,35,2001
59,36,2002
59,37,2003
59,38,2004
59,39,2005
59,40,2006
59,41,2007
59,42,2008
59,43,2009
59,44,2010
59,45,2011
59,46,2012
59,47,2013
59,48,2014
59,49,2015
59,50,2016
59,51,2017
59,52,2018
59,53,2019
59,54,2020
59,55,2021
59,56,2022
59,57,Year
59,58,Further impoverished Pushed into poverty
59,59,FIG_3.1
59,60,% of global population
60,1,38
60,3,Fig. 3.2. Global poverty and impoverishing OOP health spending rates
60,4,"declined, but the relative contribution of OOP health spending to poverty"
60,5,increased
60,6,a. Trends in global poverty rate at the societal poverty line and global impoverishing OOP
60,7,"health spending rate, 2000–2022"
60,8,b. Trends in the percentage of the global poor pushed into poverty and further impoverished
60,9,"by OOP health spending, 2000–2022"
60,10,"Source: Global database on financial protection assembled by WHO and the World Bank, 2025 update (36)."
60,11,0
60,12,5
60,13,10
60,14,15
60,15,20
60,16,25
60,17,30
60,18,35
60,19,40
60,20,45
60,21,2000
60,22,2001
60,23,2002
60,24,2003
60,25,2004
60,26,2005
60,27,2006
60,28,2007
60,29,2008
60,30,2009
60,31,2010
60,32,2011
60,33,2012
60,34,2013
60,35,2014
60,36,2015
60,37,2016
60,38,2017
60,39,2018
60,40,2019
60,41,2020
60,42,2021
60,43,2022
60,44,% of the global population
60,45,Year
60,46,Poverty headcount (SPL) Impoverishing OOP
60,47,FIG_3.2a
60,48,0
60,49,10
60,50,20
60,51,30
60,52,40
60,53,50
60,54,60
60,55,70
60,56,80
60,57,2000
60,58,2001
60,59,2002
60,60,2003
60,61,2004
60,62,2005
60,63,2006
60,64,2007
60,65,2008
60,66,2009
60,67,2010
60,68,2011
60,69,2012
60,70,2013
60,71,2014
60,72,2015
60,73,2016
60,74,2017
60,75,2018
60,76,2019
60,77,2020
60,78,2021
60,79,2022
60,80,% of the respective population
60,81,Year
60,82,Pushed into poverty by OOP among the global poor Further impoverished by OOP among the global poor
60,83,FIG_3.2b
61,1,39 Chapter 3: Deep dive on financial hardship
61,2,The median share of total OOP health spending borne by those incurring impoverishing
61,3,OOP health spending accounts for 4% to 22% of total OOP health spending in the
61,4,"different income groups, but with large variation across countries."
61,5,The latest evidence from 137 countries across all income groups and regions shows that
61,6,the median share of OOP health spending borne by those facing impoverishing OOP
61,7,health spending (the further impoverished and those pushed into poverty) ranges from
61,8,"about 4% in HICs to 22% in LICs (Fig. 3.3). The data reveal a clear income gradient, with"
61,9,LICs displaying the widest variation across countries.
61,10,"From a health-financing policy perspective, this evidence is critical. On the one hand, it"
61,11,"indicates that spending by the poor and those further impoverished is not negligible,"
61,12,"raising serious equity concerns. On the other hand, it shows that while the burden is"
61,13,"significant for this group, it is not so large that fully subsidizing the poor and limiting OOP"
61,14,payments for the near poor would be unattainable. Prioritizing these measures through
61,15,pooled public resources appears feasible. These estimates do not capture the full cost of
61,16,"prioritization, as there are larger service coverage gaps for the poor. Nevertheless, they"
61,17,"provide insights for designing financing strategies that are both equitable, because they"
61,18,"protect the most vulnerable, and fiscally realistic, thereby advancing progress towards"
61,19,UHC.
61,20,Fig. 3.3. The share of total OOP health spending contributed by those facing
61,21,"impoverishing OOP health spending is generally low, but it is highest in"
61,22,low-income countries
61,23,Share of total OOP contributed by those with impoverishing OOP health spending
61,24,"Note: Data from 137 countries. For each country, the most recent year with available survey is used. The median year"
61,25,is 2016.
61,26,"Source: Global database on financial protection assembled by WHO and the World Bank, 2025 update (36)."
61,27,0
61,28,10
61,29,20
61,30,30
61,31,40
61,32,50
61,33,60
61,34,70
61,35,80
61,36,90
61,37,100
61,38,% of total OOP spent by those facing impoverishing OOP
61,39,LIC LMIC UMIC HIC
61,40,FIG_3.3
62,1,40
62,3,Financial hardship affects all consumption/income quintiles but hits the lowest
62,4,hardest.
62,5,The preceding analysis focused on the relationship between poverty and financial hardship.
62,6,Another way to assess the relationship between financial hardship and socioeconomic
62,7,status is to look at trends across different consumption/income quintiles. Dividing the
62,8,population into five equal groups (quintiles) based on the consumption or income per
62,9,capita distribution in each country allows us to identify those in the lowest 20% – who
62,10,are in relatively worse economic conditions even if they are not all officially below the
62,11,"poverty line – and those in the highest 20%, who are better off even if not all among the"
62,12,"very richest. In countries with poverty rates above 20%, as measured with the societal"
62,13,"poverty line, people living in poverty are not just concentrated in the lowest consumption"
62,14,"quintile. The higher the poverty rate, the greater the number of quintiles classified as"
62,15,living in societal poverty.
62,16,"Throughout the period 2000 to 2022, those living in the lowest consumption quintile"
62,17,"consistently had the highest financial hardship rate. Moreover, their rate increased over"
62,18,"the period, from 64% to 76% (Fig. 3.4). This trend is consistent with the upward trend in"
62,19,financial hardship among the poor (Fig. 3.2b).
62,20,Rates decreased or remained largely unchanged for other quintiles (Fig. 3.4). The overall
62,21,global decline in impoverishing OOP health spending (Fig. 3.1) was driven by large
62,22,improvements for those living in the second-lowest and the third (middle) consumption
62,23,"quintiles, from 59% to 33% and from 35% to 10%, respectively. The rate for those living"
62,24,"in the fourth consumption quintile reduced more moderately (from 10% to 5%), while in"
62,25,"the highest consumption quintile, financial hardship remained at around 3.3% to 3.7%."
62,26,These trends reflect the overall decrease in impoverishing OOP health spending as a
62,27,"smaller share of the population lived in poverty, as well as the moderate increase in large"
62,28,"OOP health spending. At the same time, they demonstrate that financial hardship can be"
62,29,a concern for people anywhere along the consumption/income distribution.
63,1,41 Chapter 3: Deep dive on financial hardship
63,2,"Fig. 3.4. Globally, financial hardship rose in the lowest consumption quintile"
63,3,"and fell or changed little in the other quintiles, 2000–2022"
63,4,"Trends in the global proportion of the population facing financial hardship, by consumption/"
63,5,"income quintile, 2000–2022"
63,6,"Note: Quintiles are country specific, and the global rate of financial hardship is computed as the population-weighted"
63,7,average rate across quintiles (see annexes for methods). Calculations are based on the methods used to obtain the
63,8,global aggregated rates presented in Fig. 1.1.
63,9,"Source: Global database on financial protection assembled by WHO and the World Bank, 2025 update (36)."
63,10,3.2 Socio-demographic factors amplify disparities
63,11,"Beyond poverty and economic status, other factors are associated with differential"
63,12,vulnerability to financial hardship from OOP health spending. This sub-section considers
63,13,several of these factors. The data analysed in this and the following sub-section are not
63,14,drawn from the global financial hardship database but are primary data from different
63,15,groups of countries.26
63,16,All financial hardship rates discussed in the following pages are reported at the
63,17,"sub-population level, not the household level. These rates always correspond to the"
63,18,"proportion of the sub-population group facing financial hardship, impoverishing OOP"
63,19,"health spending or large OOP health spending, even if heterogeneity is explored along"
63,20,"household characteristics. For example, the financial hardship rate reported under"
63,21,multigenerational households corresponds to the proportion of the population living in
63,22,multigenerational households facing financial hardship.
63,23,26 Details on the respective sets of countries analysed appear in the figure notes in sections 3.2 and 3.3.
63,24,0
63,25,10
63,26,20
63,27,30
63,28,40
63,29,50
63,30,60
63,31,70
63,32,80
63,33,2000
63,34,2001
63,35,2002
63,36,2003
63,37,2004
63,38,2005
63,39,2006
63,40,2007
63,41,2008
63,42,2009
63,43,2010
63,44,2011
63,45,2012
63,46,2013
63,47,2014
63,48,2015
63,49,2016
63,50,2017
63,51,2018
63,52,2019
63,53,2020
63,54,2021
63,55,2022
63,56,Year
63,57,1st − Lowest quintile 2nd − Low quintile 3rd − Middle quintile
63,58,4th − High quintile 5th − Highest quintile
63,59,% of the respective population
63,60,FIG_3.4
64,1,42
64,3,Age groups and household age structure
64,4,"Age is associated with financial hardship in health, as both people’s needs and ability to pay"
64,5,change over the life course (Fig 3.5). A first analysis compares rates of financial hardship
64,6,"in health across the following age categories: child (ages 0–9 years), adolescent (ages"
64,7,"10–19 years), adult (ages 20–59 years), and older adults (60 years and above). Children"
64,8,have the highest median rate of living in a household incurring financial hardship due to
64,9,"OOP spending (28.9%), followed by adolescents (26.9%) and older adults (25.1%), while"
64,10,adults ages 20–59 have the lowest rate (20.9%).
64,11,Household age composition further amplifies these differences (48–50) (Fig 3.5a). It is
64,12,"important to keep in mind that individuals rarely live alone, especially not children, and that"
64,13,"budgets and OOP health spending are measured at the household level, although rates of"
64,14,financial hardship and its components are calculated at the (sub-group) population level
64,15,"in this report. The median financial hardship rate is highest, at 30.9%, for people living in"
64,16,"multigenerational households (those that include children/adolescents, adults and older"
64,17,"adults) and is lowest, at 5.7%, for those in adults-only households. For large OOP spending"
64,18,"(Fig. 3.5b), older adults are most affected: the median rate is 4.5% overall, rising to 6.1%"
64,19,for those living in older-adult-only households and falling to 4.4% when older adults live
64,20,with adults aged 20–59.
64,21,"These results should be interpreted with caution, as people and households with"
64,22,different age structures may also differ in their socioeconomic status in ways that vary
64,23,"across countries. In some contexts, for example, reaching older age could be correlated with"
64,24,wealth. That might reduce the likelihood that older adults live in households experiencing
64,25,"impoverishing OOP health spending. In other contexts, there could be a relationship"
64,26,between fertility rate and socio-economic status. The higher rate of impoverishing OOP
64,27,for children could be explained by children’s higher likelihood of living in poor households
64,28,rather than patterns of OOP health spending for children.
65,1,43 Chapter 3: Deep dive on financial hardship
65,2,Fig. 3.5. People in multigenerational households face the highest median
65,3,"financial hardship rate, while those living in households of only older"
65,4,adults face higher rates of large OOP spending
65,5,a. Proportion of the population facing financial
65,6,"hardship, by age group and the age structure"
65,7,of respondents’ households
65,8,b. Proportion of the population facing
65,9,large but not impoverishing OOP health
65,10,"spending, by age group and the age"
65,11,structure of respondents’ households
65,12,"Note: Sample of 83 countries with survey data from 2015 onwards. Together, countries represented 52% of the world’s"
65,13,"population in 2022. For each country, only the most recent year with available data was used. The median year was"
65,14,2019. Country–year observations were included only if data on both financial hardship and large OOP were available.
65,15,The rates indicated in bold in the figure are medians across the country surveys analysed.
65,16,Household age structures are defined as follows: Multigenerational – a household that includes at least one child/
65,17,"adolescent, one adult, and one older adult (0–19, 20–59, ≥60). This type also includes “skipped generation” households"
65,18,"comprising only older person(s) and child(ren)/adolescent(s); Younger – all household members are <60 years, with"
65,19,at least one adult and at least one child or adolescent (0–19 and 20–59); Older – household includes only adults and
65,20,older person(s) (20–59 and ≥60); Adult only – all household members are aged 20–59 years; Only older – all household
65,21,members are older persons (≥60).
65,22,"Source: Global database on financial protection assembled by WHO and the World Bank, 2025 update (36)."
65,23,i. Age group
65,24,Child
65,25,Adolescent
65,26,Adult
65,27,Older
65,28,ii. Age structureAdult only
65,29,Younger
65,30,Multigeneration
65,31,Multigeneration
65,32,Older
65,33,Only older
65,34,i. Age group
65,35,Child
65,36,Adolescent
65,37,Adult
65,38,Older
65,39,ii. Age structureAdult only
65,40,Younger
65,41,Older
65,42,Only older
65,43,0
65,44,10
65,45,20
65,46,30
65,47,40
65,48,50
65,49,60
65,50,% of the respective population
65,51,28.9
65,52,26.9
65,53,20.9
65,54,25.1
65,55,5.7
65,56,21.4
65,57,30.9
65,58,13.3
65,59,13.8
65,60,3.1
65,61,3.1
65,62,2.7
65,63,4.5
65,64,1.9
65,65,2.7
65,66,4.2
65,67,4.4
65,68,6.1
65,69,1. Financial hardship 2. Large OOP
65,70,1. Financial hardship
65,71,i. Age Group
65,72,Child (0-9)
65,73,Adolescent
65,74,(10-19)
65,75,Adult (20-59)Older (60+)
65,76,ii. Age Structure
65,77,Adult only Younger
65,78,Multigenerati
65,79,onal Older
65,80,Only older
65,81,2. Large OOP
65,82,i. Age Group
65,83,Child (0-9)Adolescent
65,84,(10-19)
65,85,Adult (20-59)Older (60+)
65,86,ii. Age Structure
65,87,Adult only Younger
65,88,Multigenerati
65,89,onal Older
65,90,Only older
65,91,0
65,92,10
65,93,20
65,94,30
65,95,40
65,96,50
65,97,60
65,98,% of population
65,99,28.9
65,100,26.9
65,101,20.9
65,102,25.1
65,103,5.7
65,104,21.4
65,105,30.9
65,106,13.3
65,107,13.8
65,108,3.1
65,109,3.1
65,110,2.7
65,111,4.5
65,112,1.9
65,113,2.7
65,114,4.2
65,115,4.4
65,116,6.1
65,117,FIG_3.5
66,1,44
66,3,Sex of household head and rural-urban residence
66,4,"Beyond age and household composition, both the sex of the household head and"
66,5,"people’s place of residence are associated with financial hardship. Across 97 countries,"
66,6,the median share of the population facing financial hardship is slightly lower in female-
66,7,headed households than in male-headed households – 18.1% vs. 18.0% – driven by lower
66,8,"impoverishing OOP in female-headed households (13.4% vs. 14.4%), while large OOP rates"
66,9,are similar (Fig. 3.6a).27
66,10,"Fig. 3.6. Financial hardship is slightly lower in female-headed households,"
66,11,but markedly higher in rural populations
66,12,a. Variability in financial hardship in
66,13,female-headed households across
66,14,countries is large
66,15,b. Impoverishing OOP health
66,16,spending drives rural/urban
66,17,inequalities in financial hardship
66,18,Notes: Panel (a): Data from 97 countries comprising 58.5% of the global population in 2022. Panel (b): Data from 98
66,19,"countries comprising 77.9% of the global population in 2022. For each country, only the most recent year with available"
66,20,"data was used. The median year was 2019. Country-year observations were included only if data on financial hardship,"
66,21,impoverishing and large OOP were available. The rates indicated in bold in the figure are medians across the surveys
66,22,analysed.
66,23,"Source: Global database on financial protection assembled by WHO and the World Bank, 2025 update (36)."
66,24,"27 Interpretation should be cautious: surveys record the sex of the reference person (not gender identity), HHF are"
66,25,"heterogeneous (e.g. widows, single mothers, partnered women recognized as head), and structural barriers affecting"
66,26,women’s economic opportunities vary across contexts (51).
66,27,1. Sex of household head
66,28,i. Female
66,29,Financial hardship
66,30,Large
66,31,Impoverishing
66,32,Impoverishing
66,33,Impoverishing
66,34,ii. Male
66,35,Financial hardship
66,36,Large
66,37,2. Area of residence
66,38,I. Rural
66,39,Financial hardship
66,40,Large
66,41,Impoverishing
66,42,II. Urban
66,43,Financial hardship
66,44,Large
66,45,0
66,46,10
66,47,20
66,48,30
66,49,40
66,50,50
66,51,60
66,52,70
66,53,% of the respective population
66,54,18.1
66,55,3.0
66,56,13.4
66,57,18.0
66,58,3.1
66,59,14.4
66,60,27.3
66,61,3.2
66,62,23.1
66,63,13.6
66,64,2.8
66,65,9.8
66,66,FIG_3.6
67,1,45 Chapter 3: Deep dive on financial hardship
67,2,"There is a bigger difference when comparing rural vs. urban residence: Across 98 countries,"
67,3,rural populations have a 27.3% median financial-hardship rate versus 13.6% in urban
67,4,populations – a 13.7 percentage-point gap – driven mainly by higher impoverishing OOP
67,5,in rural areas (Fig. 3.6b). Variation is also wider in rural settings. Rates fall below 12%
67,6,"in a quarter of countries but exceed 34.9% in the highest-burden contexts. By contrast,"
67,7,median rates of large but non-impoverishing OOP are more similar between rural and
67,8,urban populations.
67,9,"Taken together, these patterns indicate that OOP health spending compounds structural"
67,10,inequities and that country context matters. The rural–urban disparities underscore the
67,11,structural disadvantages many rural communities face and the need for targeted financial-
67,12,"protection measures, in line with the 2030 SDG Agenda to eradicate rural poverty. Substantial"
67,13,cross-country variation cautions against treating differences in isolation. Simultaneously
67,14,considering inequalities along different dimensions helps identify populations at greatest
67,15,"risk and informs targeted, equity-oriented financial-protection policies."
67,16,"3.3 In most countries, spending on medicines is the largest"
67,17,component of OOP health spending
67,18,"The evidence in this chapter makes clear that poorer populations, together with people"
67,19,"in rural areas, children, adolescents and older adults, are the most affected by financial"
67,20,hardship due to OOP health spending. In this section the share of OOP spending on
67,21,medicines is analysed among spenders (not just those facing financial hardship).
67,22,"Previous global reports on universal health coverage, drawing on region-specific analysis"
67,23,"from around 70 countries, have consistently shown that medicines – often alongside"
67,24,outpatient care – represent the largest share of OOP health spending for those paying
67,25,"for health at point of care (24,52). In Latin America and the Caribbean (53,54), South-East"
67,26,"Asia (55), Africa ( 56), and the Western Pacific (57), medicines account for the majority"
67,27,of OOP spending and absorb a particularly high share among poorer households. In
67,28,"Europe and central Asia, medicines are also the leading driver of financial hardship (18,19),"
67,29,"followed by dental care, medical products and inpatient care. Across regions, the burden"
67,30,of OOP spending on medicines is consistently greater for the poorest quintiles. The focus
67,31,"on medicines, however, does not imply that other spending categories do not have an"
67,32,important role in explaining financial hardship. High spending on inpatient care that is
67,33,associated with acute health shocks can lead to large OOP health spending if health
67,34,coverage schemes do not sufficiently protect against such shocks.
67,35,"Given this body of evidence on the predominance of spending on medicines, the following"
67,36,analysis collates and expands the data from previous reports to compare the share of OOP
67,37,spending on medicines among all people with OOP spending (the “spenders”); between
67,38,spenders in the lowest and highest quintiles; and among those facing financial hardship or
67,39,impoverishing OOP health spending (Fig. 3.7). The analysis is based on household surveys
67,40,"conducted between 2015 and 2023 in 83 countries, representing all income groups (the"
67,41,"latest available survey for each country is used).28 Together, these countries represented"
67,42,about 48.25% of world’s population in 2022.
67,43,"28 The year-specific income classification of the 83 countries is as follows: 17 LICs, 26 LMICs, 18 UMICs, 21 HICs, 1 country/"
67,44,territory unclassified.
68,1,46
68,3,Fig. 3.7. Medicines account for over 55% of OOP health spending in most
68,4,countries with available data
68,5,"Medicines as a percentage of household total OOP health spending, average among OOP"
68,6,"health spenders and by type of financial hardship, evidence from 82–83 countries"
68,7,Note: “All spenders” corresponds to the population in each country spending OOP on health. “Spenders in Q1” and
68,8,“Spenders in Q5” correspond to the population in the lowest and highest consumption quintiles spending on health
68,9,OOP . “With financial hardship” and “with impoverishing OOP” correspond to the population in each country facing
68,10,"financial hardship or impoverishing OOP health spending, respectively, among spenders. Total number of countries/"
68,11,"territories is 83 except for spenders in the first quintile, which is based on 82 countries/territories."
68,12,"Source: Global database on financial protection assembled by WHO and the World Bank, 2025 update (36)."
68,13,Spending on medicines accounted for at least 40% of all OOP health spending among
68,14,those with any OOP health spending in 75% of the countries. The median rate of OOP
68,15,"spent on medicines among those facing financial hardship, 56.3%, is similar to the rate"
68,16,of OOP spent by the broader set of households with positive OOP . Among those facing
68,17,"impoverishing OOP health spending, the median rate is higher by three percentage points."
68,18,The share might be lower for spenders who are facing neither financial hardship nor
68,19,impoverishing OOP health spending.
68,20,Spending on medicines represents a higher share of total OOP among the first consumption/
68,21,"income quintile, with a median of 60.3%, relative to the highest quintile, with a median"
68,22,of 55.4%.
68,23,These results highlight that most countries will struggle to reduce rates of financial hardship
68,24,"without addressing the drivers of OOP spending on medicines. The potential drivers,"
68,25,"however, are multiple (Box 3.1). The household surveys used for this analysis typically provide"
68,26,limited information on the nature of spending on medicines. Additional data sources would
68,27,be required to inform the design of national policies to address this issue.
68,28,All spenders Spenders in Q1 Spenders in Q5 With financial
68,29,hardship
68,30,With impoverishing
68,31,OOP
68,32,56.3
68,33,60.3
68,34,55.4 56.3
68,35,59.6
68,36,0
68,37,20
68,38,40
68,39,60
68,40,80
68,41,100
68,42,% spent on Medicines
68,43,Out-of-pocket health spenders
68,44,FIG_3.7
69,1,47 Chapter 3: Deep dive on financial hardship
69,2,"This chapter has analysed issues related to financial hardship in health, in particular the"
69,3,complex associations between poverty and financial hardship. Global poverty reduction
69,4,"has powered lower rates of financial hardship, even as OOP health payments spell further"
69,5,impoverishment for a larger share of the poor. The chapter presented evidence on
69,6,"differences in financial hardship rates associated with socio-demographic factors, such as"
69,7,household age composition and rural vs. urban residence. It highlighted the contribution
69,8,of OOP payments for medicines to total OOP spending and financial hardship. The report’s
69,9,conclusions now draw the threads of this and the preceding chapters together and discuss
69,10,their implications for global action to deliver UHC.
69,11,Box 3.1. A health system approach to address financial protection
69,12,The policy dialogue on financial protection in health often focuses on health
69,13,"financing levers, especially prepaid coverage mechanisms. Indeed, the most direct"
69,14,determinants of financial protection outcomes relate to how much individuals must
69,15,spend OOP for a given health service or product – mainly driven by prices and fees.
69,16,The design of publicly financed coverage programmes provides policy-makers with
69,17,"different avenues to affect financial protection outcomes, such as defining who"
69,18,"is entitled, designing benefit packages and purchasing arrangements, and use of"
69,19,"co-payments, among others (18,19). In addition to the recognized importance of"
69,20,"these policies, there are many additional factors that can influence whether people"
69,21,incur financial hardship from OOP spending or forgo care altogether.
69,22,Even when individuals are covered by prepaid schemes such as social health
69,23,"insurance or free health care policies, they may still face OOP payments if they seek"
69,24,care not eligible for coverage. This could occur if the services they need fall outside
69,25,"what is included in the benefit package, but quality, availability and accessibility of"
69,26,"care also play an important role. For example, individuals turn to private pharmacies"
69,27,"when medicines are out of stock in public facilities, or if waiting times are long"
69,28,"and hours of operation are limited. In other cases, individuals bypass primary care"
69,29,facilities to seek care at a higher level or with private providers whom they perceive
69,30,"as more competent, resulting in higher costs. Thus, financial protection depends"
69,31,not only on how much people need to pay OOP for a given form of care (service or
69,32,"product), and whether they choose to seek care at all, but also on the type of care"
69,33,"they receive. This in turn depends on the different care options available to them,"
69,34,"which option they choose, and on their interaction with providers who can suggest"
69,35,different medical interventions or further refer them.
69,36,The care needed and related coverage policies that determine financial protection
69,37,outcomes are also shaped by the underlying health needs of the population. Many
69,38,countries are working to reorient their health systems towards the primary health
69,39,"care approach that highlights the role of health promotion, disease prevention,"
69,40,and strong public health functions in shaping health needs and outcomes of a
69,41,population. While these interventions may not directly improve financial protection
69,42,"outcomes in the short term, they can have significant long-term impacts and"
69,43,form the basis for care needs and related coverage policies. Linking prevention
69,44,and promotion to financial protection outcomes can also strengthen the case for
69,45,greater investment in these areas (58).
70,1,48
70,3,Box 3.1. A health system approach to address financial protection (cont.)
70,4,"Together, these examples point to the need for a broader health system approach to"
70,5,improving financial protection and advancing UHC. This means identifying not only
70,6,the direct drivers of high OOP spending but also the wider entry points for policy
70,7,"dialogue, and action around improving financial protection with service coverage."
70,8,"Drivers of financial hardship exist even beyond the health system. Critically, financial"
70,9,hardship is determined by both the level of OOP payments and households’ ability
70,10,"to pay. As this report shows, reductions in impoverishing health spending have"
70,11,been driven more by poverty reduction than by reduction in OOP health spending
70,12,"by the poor. This underscores the importance of cross-sectoral action. For instance,"
70,13,high spending among households with older adults could be addressed not only by
70,14,expanding health coverage but also by strengthening pensions and broader social
70,15,"protection systems. Ultimately, sustainable progress on UHC requires coordinated"
70,16,policies that address its multidimensional drivers through engagement across
70,17,"health, social protection, and other sectors."
70,18,"While specific policies to improve financial protection are context specific, there are"
70,19,"several important entry points that have wide relevance, particularly around OOP"
70,20,"spending on medicines. For instance, spending on medicines could be reduced"
70,21,"by changes to prepaid coverage schemes, in terms of benefit package and cost-"
70,22,"sharing rules, but also by policies to reduce self-medication and reforms to promote"
70,23,use of cheaper generic and biosimilar drugs. Affordability of medicines could also
70,24,"be addressed though changes in procurement and importation, as well as local"
70,25,production (59). Proper diagnosis of the multi-dimensional drivers of financial
70,26,protection can serve as the basis for effective and concrete policies that expand
70,27,coverage and address the health-system and broader factors that drive financial
70,28,"hardship and forgone care. In this way, policies can work concurrently to improve"
70,29,both financial protection and service coverage.
71,1,49
71,2,Conclusions
71,3,This edition of the UHC Global monitoring report has presented the most recent data on
71,4,progress toward UHC in the context of the SDGs. The report reflects the first round of
71,5,UHC tracking to incorporate revised SDG indicators for health service coverage (SDG 3.8.1)
71,6,"and financial hardship (SDG 3.8.2), introduced in 2025. Using the revised indicators, and"
71,7,"reproduction of the full time series, the report has presented global and regional trends"
71,8,"in service coverage from 2000 to 2023, based on time series data for 195 countries or"
71,9,"territories, and global and regional trends in financial hardship from 2000 to 2022, based"
71,10,on primary country time series for 168 countries.
71,11,"Relative to the tracking period covered in the last edition published in 2023 (1), this report"
71,12,adds data on the years 2022–2023 for service coverage and on the years 2020–2022 for
71,13,"financial hardship. During these years, the world experienced the COVID-19 pandemic"
71,14,and entered a phase of recovery that was uneven and multifaceted – marked by efforts to
71,15,"restore disrupted health services, rebuild fiscal and economic capacity, and address the"
71,16,"social and human capital losses created by the crisis (28–30,60). This period was shaped"
71,17,"by health, economic and geopolitical shocks (61,62) with different short- and long-term"
71,18,"implications (34,63). While it is important to keep this context in mind, the analysis in the"
71,19,"report does not attempt to measure the impacts of COVID-19 and other shocks, and the"
71,20,evidence in this report does not fully capture the impact of the pandemic’s peak years on
71,21,UHC outcomes.
71,22,Slow progress towards UHC
71,23,"The report has documented meaningful global progress in advancing UHC, with service"
71,24,coverage expanding and financial hardship due to OOP health spending declining.
71,25,"However, during the SDG era that started in 2015, progress has slowed, particularly in"
71,26,"service coverage. UHC remains out of reach. In 2023, the global SCI stood at 71 out of"
71,27,"100, and 4.6 billion people lacked access to essential health services, while in 2022, 26%"
71,28,"of the world’s population – 2.1 billion people – still faced financial hardship in health, with"
71,29,"20.5% and 5.6% incurring impoverishing and large OOP health spending, respectively."
71,30,"Unless progress accelerates, the global SCI will remain under 80, and close to 1 in 4 people"
71,31,"globally will continue to face financial hardship in 2030, the end of the SDG era."
71,32,It is important to understand how the new trends presented in this report are impacted
71,33,"by the revision of the SDG indicators tracking UHC. With respect to SDG indicator 3.8.1,"
71,34,"the service coverage index, the revision did not change the overall trend. The new results"
71,35,"are similar to those presented in the 2023 edition of the report ( 1), using the original"
71,36,"indicator, showing the bulk of the increase in the SCI from 2000 to 2015, with a slowdown"
71,37,"in the SDG era. For SDG indicator 3.8.2, on the other hand, the original and revised"
71,38,indicators show different trends. The 2023 UHC Global monitoring report tracked the
71,39,"incidence of catastrophic health spending and showed a continuous increase, in contrast"
71,40,to the downward trend now seen in the revised indicator tracking financial hardship. The
71,41,change in trend is because the earlier catastrophic health spending indicator only captured
71,42,large spending (defined as OOP health spending exceeding 10% and 25% of household
71,43,"total budget), while the revised indicator captures both impoverishing and large spending"
71,44,"(identified as OOP health spending exceeding 40% of household discretionary budget),"
72,1,50
72,3,providing a fuller picture of financial hardship. When only focusing on large but non-
72,4,"impoverishing OOP health spending, as captured by the revised indicator, the increasing"
72,5,trend is consistent with the rising trend in catastrophic OOP health spending observed in
72,6,previous reports (see Box 1.1).
72,7,"Since 2000, 53% of the countries have both improved service coverage and reduced"
72,8,"financial hardship. However, fewer than 4 in 10 countries have made joint progress on"
72,9,"both UHC pillars since 2015, with the largest number of countries achieving progress on"
72,10,only one of the two. This highlights the challenge and importance of sustaining progress
72,11,"in both dimensions simultaneously, as higher service coverage could lead to higher OOP"
72,12,spending on health when there is cost-sharing or use of care that is not eligible for prepaid
72,13,"coverage. Conversely, lower incidence of financial hardship per se is not sufficient to"
72,14,"guarantee progress, as it can be driven by a rise in the share of people forgoing health"
72,15,"care, due for example to greater financial barriers to access. A global survey conducted"
72,16,in 141 economies in 2024 showed that medical costs are the second most prevalent
72,17,"cause of financial worry, including for 26% of adults in low- and middle-income countries,"
72,18,highlighting the importance of health payments as a source of financial stress (64).
72,19,Uneven progress towards UHC
72,20,"Although progress has been made, persistent gaps and inequalities remain and demand"
72,21,stronger action to ensure no one is left behind. The global increase in the SCI has
72,22,largely been driven by advances in infectious disease control. Service coverage for NCDs
72,23,"experienced consistent gains, while improvements in service capacity and access and"
72,24,"RMNCH have been modest, with recent deteriorations. The recent slowdown of progress"
72,25,"in the UHC SCI is mirrored in certain key health outcomes across RMNCH (65), infectious"
72,26,"diseases (66) and NCDs (37), underscoring the importance for renewed efforts to strengthen"
72,27,comprehensive service delivery. Inequalities between countries in UHC SCI scores have
72,28,"narrowed since 2000, but service coverage in low- and lower-middle-income countries"
72,29,remains substantially lower than in the higher income groups.
72,30,The reduction in the rate of financial hardship has been driven by fewer people facing
72,31,impoverishing OOP health spending since 2000. This trend in turn is explained by a
72,32,reduction in global poverty (using the societal poverty line) and not by the ability of health
72,33,systems to provide better financial protection for the poor. While the overall number of
72,34,"poor reduced, a growing share of the poor is spending OOP on health. The latter trend"
72,35,"might reflect, at least to some extent, higher health care utilization among the poor"
72,36,"(67,68). It nevertheless shows that financial protection for the economically worse-off"
72,37,"remains far from assured, underscoring the need for policy-makers to prioritize policies"
72,38,that specifically protect and support these vulnerable groups. Another less encouraging
72,39,trend is the increasing rate of large OOP spending among the non-poor. This pattern
72,40,"is concentrated in middle-income countries, where use of health services and goods is"
72,41,"growing, but reliance on OOP payments is high."
72,42,National-level results mask additional inequalities within countries. Among the poorest
72,43,"fifth of the population in each country, which includes most people living in poverty, 76%"
72,44,experience financial hardship versus 3.7% among the top consumption quintile. Rural
72,45,"populations face significantly higher financial hardship than urban populations, largely"
72,46,due to higher rates of impoverishing OOP health spending. Data on women from a set of
72,47,"low- and middle-income countries found inequalities related to economic status, education"
72,48,"level, and urban/rural place of residence in reported barriers to accessing health care. For"
72,49,"instance, a higher proportion of women living in rural areas reported barriers to accessing"
73,1,51 Conclusions
73,2,health care compared to those living in urban settings. These inequalities have remained
73,3,unchanged or only decreased slightly over the past decade. In 17 countries in the Region
73,4,"of the Americas, unmet health care needs due to financial, geographic or organizational"
73,5,"barriers were higher among poorer populations (46). Even in European countries, which"
73,6,"have the highest UHC SCI scores, rates of unmet need for health care due to financial"
73,7,"reasons, waiting list or distance or transportation vary by economic status and disability"
73,8,"status, with higher economic-related inequalities in unmet need for dental care compared"
73,9,"to medical care (18,19)."
73,10,Many health systems face stark challenges in the years ahead
73,11,"Beyond the gaps described above, health systems also face major challenges that will"
73,12,shape progress towards UHC in the years ahead. Among the many existing and emerging
73,13,"challenges are macro-economic uncertainty and constrained fiscal space, increasing"
73,14,"burdens of NCDs and mental health conditions, and population ageing."
73,15,"It will be challenging to maintain UHC progress, let alone accelerate it, in the coming years."
73,16,"Governments’ ability to invest in health largely depends on their macro-fiscal conditions,"
73,17,with external aid providing an important supplement in poorer countries. Increasing global
73,18,"economic uncertainty poses mounting fiscal risks, limiting countries’ capacity to sustain"
73,19,public investment and social spending. This puts further pressure on governments already
73,20,"struggling to finance and deliver on UHC owing to weak economic growth, high public"
73,21,"debt burdens, and stagnant revenue collection efforts. Further, sharp cuts to external aid"
73,22,"will drastically alter the health financing landscape, especially in LICs (69). It will require"
73,23,strong political commitment to prioritize health in this context.
73,24,A critical challenge that health systems at all income levels are facing is the rising burden
73,25,"of NCDs, including mental health conditions. In 2021, NCDs were responsible for over"
73,26,"43 million deaths globally (37), and the progress in reducing premature mortality from"
73,27,NCDs has slowed in recent years (SDG indicator 3.4.1). More people are living with chronic
73,28,"conditions that require sustained care, often complicated by co-morbidities. This places"
73,29,additional service-delivery burdens on health systems and greater financial pressure on
73,30,"people who must pay out of pocket for chronic care (70,71). Of the four SCI sub-indices,"
73,31,NCD coverage has the lowest global score and ranks lowest among the four sub-indices
73,32,"in four out of six WHO regions, despite the gains achieved. Health systems need to be"
73,33,reshaped to prevent and address NCDs and mental health conditions (72) with emphasis
73,34,on integrated service delivery and continuity of care. Yet achieving the goals of person-
73,35,"centered integrated care for chronic diseases has proven difficult historically, even in many"
73,36,well-resourced systems (73–75).
73,37,"Population ageing, while reflecting historic development gains, will increasingly test"
73,38,health-system service delivery and financing capacities worldwide (76–78). This challenge
73,39,will be most acute in middle-income countries that are ageing faster than they are getting
73,40,"wealthier. As shown in chapter 3, households with older adults have higher rates of large"
73,41,"OOP health spending, reflecting older adults’ typically greater needs for health care and"
73,42,"often lower ability to generate income. In such contexts, current pensions and other social"
73,43,protection systems are unlikely to be sufficient to financially protect households with
73,44,increasing health expenses for older members (79).
74,1,52
74,3,Action is needed to accelerate UHC gains
74,4,"While a global monitoring report cannot provide prescriptive solutions, the findings"
74,5,indicate potential directions for policy action that health leaders and stakeholders may
74,6,consider to accelerate sustainable progress towards UHC. Chapter 1 showed that around
74,7,half of countries at all income levels and across all regions have achieved progress in
74,8,both UHC dimensions since 2000 and more than one-third have done so since 2015.
74,9,Other countries can learn from these experiences and accelerate progress by building
74,10,"on what already works (20,46,56,57). UHC monitoring at the regional and country level,"
74,11,"with analyses more attuned to specific contexts, is crucial to identify gaps and drivers to"
74,12,"inform national policies on the path to UHC. An example is UHC Watch, an online platform"
74,13,"tracking affordable access to health care in Europe and central Asia (80). Data-driven,"
74,14,evidence-based policy-making requires commitment to strengthen data systems and data
74,15,analysis capacities.
74,16,Strengthening primary health care (PHC) is a pivotal strategy as it addresses the broader
74,17,determinants of health and promotes equity (81). Country experiences suggest that policies
74,18,"that expand PHC infrastructure can reduce access barriers and improve health outcomes,"
74,19,particularly for disadvantaged populations ( 82). Reshaping health systems to be more
74,20,"integrated and people-centred can address the unmet need discussed in chapter 2 (83,84)."
74,21,"Building on these foundations, it is essential to ensure that PHC systems are equipped"
74,22,to consistently deliver a comprehensive range of NCD services. Countries may leverage
74,23,the recommended NCD service packages – such as standardized hypertension and
74,24,diabetes care linked to clinical targets; early detection and timely referral for major NCDs;
74,25,dependable access to essential diagnostics and medicines; and prevention strategies for
74,26,tobacco control – while systematically extending coverage to groups that are currently
74,27,underserved. Anchoring delivery in first-contact care co-designed with communities can
74,28,help address practical barriers and promote continuity ( 74). Prioritization of evidence-
74,29,based prevention and promotion interventions can slow rising NCD burdens and reduce
74,30,OOP in the longer term.
74,31,Governments should ensure free access to essential care by the poor. This report shows
74,32,"that the share of the poor paying OOP for health services is rising, but that the median"
74,33,contribution of the poor to total OOP spending is relatively low. This suggests that many
74,34,"countries, including LICs, can take action to address rising OOP spending among the poor,"
74,35,"even under tight budget constraints (19). Reliance on OOP health spending, rather than"
74,36,"public financing, means that the poor must divert resources from their budgets, already"
74,37,"insufficient for meeting basic needs, when they cope with a health shock."
74,38,"More broadly, governments should enhance mandatory and prepaid coverage for health"
74,39,"care by pooling funds – including revenues from taxes, levies and mandatory health"
74,40,insurance contributions – to enhance financial protection in health for the whole population
74,41,"and to reduce fragmentation (85). While there is a need to prioritize the poor, the report also"
74,42,"shows an increase in the rate of large but non-impoverishing OOP , particularly in middle-"
74,43,income countries. Coverage should be strengthened in terms of the populations and care
74,44,covered and of lower cost-sharing. The efficacy of such policies would be compromised if
74,45,rules are not enforced and if the population is not aware of their entitlements and benefits.
74,46,While health coverage policies are most directly linked to financial barriers and levels of
74,47,"OOP , achieving better results in reducing financial hardship requires adopting a broader"
74,48,health system approach that considers the multidimensional factors contributing to
74,49,poor financial protection. People nominally entitled to coverage may end up paying OOP
74,50,"to seek care outside it, due to access barriers, quality shortfalls or other health system"
75,1,53 Conclusions
75,2,constraints. This means that prepayment mechanisms by themselves will not eliminate
75,3,financial hardship if service delivery platforms are not ready to provide the care eligible
75,4,for coverage under such mechanisms. The choice of policy interventions should be guided
75,5,"by careful diagnosis of the drivers of lack of financial protection, to inform policy-making"
75,6,and implementation (86).
75,7,Reducing financial hardship due to OOP health spending will require measures to better
75,8,"address out-of-pocket spending on medicines, which accounts for most of OOP health"
75,9,spending in most settings. This is another area where a range of policy solutions need to
75,10,be considered based on careful analysis of the drivers of OOP health spending. Policies
75,11,"can cover a wide span, from modification of coverage schemes to pro-generic reforms or"
75,12,"regulations related to intellectual property rights and trade, among others (87)."
75,13,"Policy-makers should also look beyond the health sector to advance UHC, as factors outside"
75,14,the sector can spur substantial improvements. Chapter 2 underscored the contribution
75,15,of basic sanitation to global progress against infectious diseases. Chapter 3 showed that
75,16,the decline in impoverishing OOP health spending has been driven by reductions in the
75,17,"global societal poverty rate, not by changes in OOP health spending patterns among the"
75,18,"poor. Poverty reduction and social protection policies are critical, since whether a given"
75,19,level of OOP spending causes financial hardship depends on people’s ability to pay. These
75,20,"are mutually reinforcing issues, however, as reducing OOP health spending in low-income"
75,21,households will also contribute to poverty reduction.
75,22,"Now is the time for bold action to protect UHC progress and accelerate inclusive gains,"
75,23,"delivering essential health services with financial protection to all. Faster progress,"
75,24,"especially given the mounting challenges economies and health systems face, cannot be"
75,25,"made without strong political commitment, prioritization of the UHC agenda in government"
75,26,"budgets, and multi-sectoral mobilization to advance it."
76,1,54
76,3,References
76,4,1. Tracking universal health coverage: 2023 global monitoring report. Geneva: World Health
76,5,Organization and International Bank for Reconstruction and Development/The World Bank;
76,6,2023 (https://iris.who.int/handle/10665/374059).
76,7,"2. SDG indicator metadata, revised indicator 3.8.1. New York: United Nations Statistical Division;"
76,8,2025 (https://unstats.un.org/sdgs/metadata/files/Metadata-03-08-01.pdf).
76,9,"3. SDG indicator metadata, revised indicator 3.8.2. New York: United Nations Statistical Division;"
76,10,2025 (https://unstats.un.org/sdgs/metadata/files/Metadata-03-08-02_NEW.pdf).
76,11,4. IAEG-SDGs 2025 Comprehensive Review Process [website]. New York: United Nations
76,12,Department of Economic and Social Affairs Statistics Division; 2025 (https://unstats.un.org/
76,13,sdgs/iaeg-sdgs/2025-comprehensive-review).
76,14,5. SDG Target 3.8 revision proposal from WHO (proposal 1). New York: United Nations Statistical
76,15,Division; 2025 (https://unstats.un.org/sdgs/files/2025-comprehensive-review/Target_3.8_
76,16,revision_proposal_from_WHO_(proposal_1).pdf).
76,17,6. SDG Target 3.8 revision proposal from WHO (proposal 2). New York: United Nations Statistical
76,18,Division; 2025 (https://unstats.un.org/sdgs/files/2025-comprehensive-review/Target_3.8_
76,19,revision_proposal_from_WHO_(proposal_2).pdf).
76,20,"7. [17] Report of the Inter-Agency and Expert Group on Sustainable Development Goal Indicators,"
76,21,"E/CN.3/2025/6. Fifty-sixth session, New York, 4–7 March 2025 [online publication]. New York:"
76,22,United Nations Economic and Social Council; 2025 ( https://unstats.un.org/UNSDWebsite/
76,23,statcom/session_56/documents/2025-6-SDG-IAEG-E.pdf).
76,24,"8. Hogan DR, Stevens GA, Hosseinpoor AR, Boerma T. Monitoring universal health coverage"
76,25,within the Sustainable Development Goals: development and baseline data for an index of
76,26,essential health services. Lancet Glob Health. 2018;6(2 ):e152–68 (https://doi.org/10.1016/
76,27,s2214-109x(17)30472-2).
76,28,"9. SDG indicator metadata, indicator 3.7.1. New York: United Nations Statistical Division; 2025"
76,29,(https://unstats.un.org/sdgs/metadata/files/Metadata-03-07-01.pdf).
76,30,"10. SDG indicator metadata, indicator 3.c.1. New York: United Nations Statistical Division; 2023"
76,31,(https://unstats.un.org/sdgs/metadata/files/Metadata-03-0C-01.pdf).
76,32,11. Proposed draft revisions to SDG indicator 3.8.1 metadata. New York: United Nations Statistical
76,33,Division; 2025 (https://unstats.un.org/sdgs/files/2025-comprehensive-review/Target_3.8_
76,34,revision_proposal_from_WHO_(proposal_1)-metadata.pdf).
76,35,12. Tracking universal health coverage: 2017 global monitoring report. Geneva: World Health
76,36,Organization and the International Bank for Reconstruction and Development/the World Bank;
76,37,2017 (https://iris.who.int/handle/10665/259817).
77,1,55 References
77,2,"13. Wagstaff A, Eozenou P . CATA meets IMPOV: a unified approach to measuring financial protection"
77,3,"in health [Policy Research Working Paper No. 6861]. Washington, DC: World Bank; 2014 (https://"
77,4,documents1.worldbank.org/curated/en/114091468149393397/pdf/WPS6861.pdf).
77,5,"14. Cylus J, Thomson S, Evetovits T. Catastrophic health spending in Europe: equity and policy"
77,6,implications of different calculation methods. Bull World Health Organ. 2018;96(9 ):599–609
77,7,(https://iris.who.int/handle/10665/275085).
77,8,"15. Xu K, Evans DB, Kawabata K, Zeramdini R, Klavus J, Murray CJ. Household catastrophic health"
77,9,expenditure: a multicountry analysis. Lancet. 2003;362(9378):111–7 (https://doi.org/10.1016/
77,10,s0140-6736(03)13861-5).
77,11,"16. Wagstaff A, van Doorslaer E. Catastrophe and impoverishment in paying for health care: with"
77,12,applications to Vietnam 1993–1998. Health Econ. 2003;12(11):921–34 (https://doi.org/10.1002/
77,13,hec.776).
77,14,"17. Jolliffe D, Prydz EB. Societal poverty: a relative and relevant measure. World Bank Econ Rev."
77,15,2021;35(1):180–206 (https://doi.org/10.1093/wber/lhz018).
77,16,"18. Thomson S, Cylus J, Evetovits T. Can people afford to pay for health care? New evidence on"
77,17,"financial protection in Europe. Copenhagen: World Health Organization, Regional Office for"
77,18,Europe; 2019 (https://iris.who.int/handle/10665/311654).
77,19,19. Can people afford to pay for health care? Evidence on financial protection in 40 countries in
77,20,"Europe. Copenhagen: World Health Organization, Regional Office for Europe; 2023 (https://iris."
77,21,who.int/handle/10665/374504).
77,22,"20. Thomson S, Cylus J, Al Tayara L, Martínez MG, García-Ramírez JA, Gregori MS, et al. Monitoring"
77,23,progress towards universal health coverage in Europe: a descriptive analysis of financial
77,24,protection in 40 countries. Lancet Reg Health Eur. 2023;37:100826 (https://doi.org/10.1016/j.
77,25,lanepe.2023.100826).
77,26,21. Sustainable Development Goals. Goal 1 [webpage]. New York: United Nations Department of
77,27,Economic and Social Affairs; 2025 (https://sdgs.un.org/goals/goal1).
77,28,22. Sustainable Development Goals. Goal 10 [webpage]. New York: United Nations Department of
77,29,Economic and Social Affairs; 2025 (https://sdgs.un.org/goals/goal10).
77,30,"23. Wagstaff A, Flores G, Smitz M-F, Hsu J, Chepynoga K, Eozenou P . Progress on impoverishing"
77,31,health spending: results for 122 countries. A retrospective observational study. Lancet Glob
77,32,Health. 2018;6(2):e180–92 (https://doi.org/10.1016/s2214=109x(17)30486=2).
77,33,24. Global monitoring report on financial protection in health 2021. Geneva: World Health
77,34,Organization and International Bank for Reconstruction and Development/The World Bank;
77,35,2021 (https://iris.who.int/handle/10665/350240).
77,36,25. Proposed draft revisions to SDG indicator 3.8.2 metadata. New York: United Nations Statistical
77,37,Division; 2025 (https://unstats.un.org/sdgs/files/2025-comprehensive-review/Target_3.8_
77,38,revision_proposal_from_WHO_(proposal_2)-metadata.pdf).
77,39,"26. Flores G, Krishnakumar J, O’Donnell O, van Doorslaer E. Coping with health-care costs:"
77,40,implications for the measurement of catastrophic expenditures and poverty. Health Econ 2008;
77,41,17: 1393–412 (https://doi.org/10.1002/hec.1338).
78,1,56
78,3,"27. Garcia-Diaz R, Sapkota VP , Flores G. Persistency of catastrophic out-of-pocket health expenditures:"
78,4,"measurement with evidence from three African countries – Malawi, Tanzania, and Uganda. Soc"
78,5,Sci Med. 2024;357:117156 (https://doi.org/10.1016/j.socscimed.2024.117156).
78,6,28. Sustaining the recovery. In: IMF Annual Report 2024. Washington (DC): International Monetary
78,7,Fund; 2024 (https://www.imf.org/external/pubs/ft/ar/2024/in-focus/sustaining-the-recovery/).
78,8,"29. World development report 2022: Finance for an equitable recovery. Washington,"
78,9,DC: World Bank; 2022 (https://www.worldbank.org/en/publication/wdr2022/brief/
78,10,chapter-1-introduction-the-economic-impacts-of-the-covid-19-crisis).
78,11,30. Health systems recovery and sustained resilience [website]. Geneva: World Health
78,12,Organization; 2024 (https://www.who.int/teams/primary-health-care/health-systems-resilience/
78,13,health-systems-recovery).
78,14,"31. Mahler D, Yonzan N, Lakner C. The impact of COVID-19 on global inequality and poverty. World"
78,15,"Bank Policy Research Working Papers 10198. Washington, DC: World Bank; 2022 (https://hdl."
78,16,handle.net/10986/38114).
78,17,"32. World Bank. Poverty and Shared Prosperity 2022: Correcting Course. Washington, DC: World"
78,18,Bank; 2022. doi:10.1596/9781-464818936.
78,19,33. Global excess deaths associated with COVID-19 (modelled estimates) [website].
78,20,Geneva: World Health Organization; 2023 (https://www.who.int/data/sets/
78,21,global-excess-deaths-associated-with-covid-19-modelled-estimates).
78,22,34. Global pulse survey on continuity of essential health services during the COVID-19 pandemic
78,23,[website]. Geneva: World Health Organization; 2025 (https://www.who.int/teams/integrated-
78,24,health-services/health-services-performance-assessment/monitoring-health-services/
78,25,global-pulse-survey-on-continuity-of-essential-health-services-during-the-covid-19-pandemic).
78,26,35. WHO global service coverage database [website]. Global Health Observatory. Geneva:
78,27,World Health Organization; 2025 (https://www.who.int/data/gho/data/themes/topics/
78,28,service-coverage).
78,29,"36. Global database on financial protection assembled by WHO and the World Bank, 2025 update"
78,30,[website]. Global Health Observatory. Geneva: World Health Organization; 2025 (https://www.
78,31,who.int/data/gho/data/themes/topics/financial-protection).
78,32,"37. Global Health Estimates 2021: Deaths by cause, age, sex, by country and by region, 2000–2021."
78,33,Geneva: World Health Organization; 2024.
78,34,"38. World Development Indicators (WDI) [website]. Historical classification by income. Washington,"
78,35,DC: World Bank; 2025 (https://datacatalog.worldbank.org/search/dataset/0037712/
78,36,world-development-indicators).
78,37,39. WHO global report on trends in prevalence of tobacco use 2000–2024 and projections
78,38,2025–2030. Geneva: World Health Organization; 2025 (https://iris.who.int/server/api/core/
78,39,bitstreams/2eca3aea-b772-4272-a2ae-6fa26f3f9cd5/content).
78,40,"40. Fan VY, Savedoff WD. The health financing transition: a conceptual framework and empirical"
78,41,evidence. Soc Sci Med. 2014;105:112–21 (https://doi.org/10.1016/j.socscimed.2014.01.014).
79,1,57 References
79,2,41. Member State Information session on Monitoring universal health coverage (Sustainable
79,3,Development Goals target 3.8): Revision of SDG UHC indicators 3.8.1 & 3.8.2 [PowerPoint
79,4,presentation]. Geneva: World Health Organization (https://cdn.who.int/media/
79,5,docs/default-source/health-system-governance/20240815_whomsbriefingsession_
79,6,uhcindicatorsrevision_gbs.pdf?sfvrsn=cb8755c_2).
79,7,42. Handbook for conducting assessments of barriers to effective coverage with health services: in
79,8,support of equity-oriented reforms towards universal health coverage. Geneva: World Health
79,9,Organization; 2024 (https://iris.who.int/handle/10665/377956).
79,10,"43. The Demographic and Health Surveys (DHS) Program [website]. Rockville, MD: Demographic"
79,11,and Health Surveys (DHS) Program; 2025 (https://www.dhsprogram.com/).
79,12,"44. DHS Indicator Data API [Application Programming Interface]. Rockville, MD: Demographic and"
79,13,Health Surveys (DHS) Program; 2025 (https://api.dhsprogram.com/#/index.html).
79,14,45. Eurostat [website]. Luxembourg: Eurostat; 2025 (https://ec.europa.eu/eurostat).
79,15,46. Pan American Health Organization. Progress in universal health in the Americas: addressing
79,16,"unmet healthcare needs, gaps in coverage, and lack of financial protection through primary"
79,17,"health care. Washington, DC: PAHO; 2024 (https://doi.org/10.37774/9789275129470, accessed"
79,18,11 October 2025).
79,19,47. Poverty and Inequality Platform (version 20250930_2021_01_02_PROD) [online data set].
79,20,"Washington, DC: World Bank; 2025 (https://pip.worldbank.org/)."
79,21,"48. Household size and composition around the world 2017: data booklet. New York: United Nations,"
79,22,Department of Economic and Social Affairs; 2017 (https://digitallibrary.un.org/record/3799696/
79,23,files/household_size_and_composition_around_the_world_2017_data_booklet.pdf).
79,24,"49. Living arrangements of older persons around the world. Popfacts, no. 2019/2. New York:"
79,25,"United Nations, Department of Economic and Social Affairs; 2019 (https://www.un.org/en/"
79,26,development/desa/population/publications/pdf/popfacts/PopFacts_2019-2.pdf).
79,27,"50. Household size and composition 2022 [website]. New York: United Nations, Department"
79,28,of Economic and Social Affairs ( https://www.un.org/development/desa/pd/data/
79,29,household-size-and-composition).
79,30,"51. Trias-Prats R, Esteve, A. Rising Female-Headed Households: Shifts in Living Arrangements or"
79,31,Heightened Gender Symmetry? Population and Development Review 51; 2025: 889–917 (https://
79,32,doi.org/10.1111/padr.12692).
79,33,52. Primary health care on the road to universal health coverage: 2019 monitoring report. Geneva:
79,34,World Health Organization; 2020 (https://iris.who.int/handle/10665/344057).
79,35,"53. Cid C, Flores G, Del Riego A, Fitzgerald J. Objetivos de Desarrollo Sostenible: impacto de la falta"
79,36,de protección financiera en salud en países de América Latina y el Caribe. Rev Panam Salud
79,37,Publica. 2021;45:e95 (https://doi.org/10.26633/RPSP .2021.95).
79,38,54. The cost of staying healthy. Semiannual Report of the Latin America and Caribbean Region.
79,39,Washington DC: World Bank; 2020 (https://www.worldbank.org/en/region/lac/publication/
79,40,el-costo-de-mantenerse-sano).
80,1,58
80,3,"55. Wang H, Vinyals Torres L, Travis P . Financial protection analysis in eight countries in the WHO"
80,4,South-East Asia Region. Bull World Health Organ. 2018;96( 9):610–20E ( https://iris.who.int/
80,5,handle/10665/275078).
80,6,56. Towards universal health coverage in the WHO African Region: tracking financial protection.
80,7,Brazzaville: WHO African Region; 2024 (https://iris.who.int/handle/10665/379719).
80,8,57. Progress towards universal health coverage: monitoring financial protection in the Western
80,9,Pacific Region. Manila: World Health Organization Regional Office for the Western Pacific; 2023
80,10,(https://iris.who.int/handle/10665/373520).
80,11,"58. Verguet S, Norheim O. Estimating and comparing health and financial risk protection"
80,12,outcomes in economic evaluations. Value Health. 2022;25(2):238–46 (https://doi.org/10.1016/j.
80,13,jval.2021.08.013).
80,14,"59. Seiter A. A practical approach to pharmaceutical policy. Washington, DC: World Bank;"
80,15,2010 (http://hdl.handle.net/10986/2468).
80,16,60. WHO publishes new guidance to help country health systems recover from shocks [website].
80,17,Geneva: World Health Organization; 2024 (https://www.who.int/news/item/18-09-2024-who-
80,18,publishes-new-guidance-to-help-country-health-systems-recover-from-shocks).
80,19,"61. Kurowski C, Evans DB, Tandon A, Eozenou PHV, Schmidt M, Irwin A, et al. From double shock"
80,20,to double recovery: implications and options for health financing in the time of COVID-19.
80,21,"Washington, DC: World Bank; 2021 ( https://openknowledge.worldbank.org/server/api/core/"
80,22,bitstreams/9909d5eb-6e30-537c-9632-a6ed62e846c7/content).
80,23,"62. Kurowski C, Kumar A, Mieses Ramirez JC, Schmidt M, Silfverberg DV. Health financing in a time"
80,24,"of global shocks: strong advance, early retreat. Washington, DC: World Bank; 2023 (http://hdl."
80,25,handle.net/10986/39864).
80,26,63. Fourth round of the global pulse survey on continuity of essential health services during the
80,27,COVID-19 pandemic: November 2022–January 2023. Geneva: World Health Organization; 2023
80,28,(https://iris.who.int/handle/10665/367352).
80,29,"64. Klapper L, Singer D, Starita L, Norris A. The Global Findex Database 2025: connectivity and"
80,30,"financial inclusion in the digital economy. Washington, DC: World Bank; 2025 (https://doi."
80,31,org/10.1596/978-1-4648-220-9).
80,32,"65. Trends in maternal mortality 2000 to 2023: estimates by WHO, UNICEF, UNFPA, World Bank"
80,33,"Group and UNDESA/Population Division. Geneva: WHO, UNICEF, UNFPA, World Bank Group and"
80,34,UNDESA/Population Division; 2025 (https://www.who.int/publications/i/item/9789240108462).
80,35,66. World malaria report 2024: addressing inequity in the global malaria response. Geneva: World
80,36,Health Organization; 2024 (https://iris.who.int/handle/10665/379751).
80,37,"67. Victora CG, Barros AJ, França GV, da Silva IC, Carvajal-Velez L, Amouzou A. The contribution of"
80,38,"poor and rural populations to national trends in reproductive, maternal, newborn, and child"
80,39,health coverage: analyses of cross-sectional surveys from 64 countries. Lancet Glob Health.
80,40,2017;5(4):e402–7 (https://doi.org/10.1016/S2214-109X(17)30077-3).
80,41,"68. Wagstaff A, Bredenkamp C, Buisman LR. Progress on global health goals: are the poor being"
80,42,left behind? World Bank Res Obs. 2014;29(2):137–62 (https://doi.org/10.1093/wbro/lku008).
81,1,59 References
81,2,"69. Kumar A, Gabani J, Marino A, Ramirez JCM, and Eozenou PH-V. At a crossroads: Prospects for"
81,3,government health financing amidst declining aid. Government Resources and Projections for
81,4,"Health (GRPH) Series. Washington, DC: World Bank; 2025 (https://hdl.handle.net/10986/43745)."
81,5,70. Responding to the challenge of non-communicable diseases. Washington (DC):
81,6,World Bank; 2022 (https://www.worldbank.org/en/topic/health/publication/
81,7,responding-to-the-challenge-of-noncommunicable-diseases).
81,8,"71. Avoidable mortality, risk factors and policies for tackling noncommunicable diseases –"
81,9,leveraging data for impact: monitoring commitments in the WHO European Region ahead of
81,10,the Fourth United Nations High-Level Meeting. Copenhagen: WHO Regional Office for Europe;
81,11,2025 (https://iris.who.int/handle/10665/381744).
81,12,72. International Dialogue on Sustainable Financing for Noncommunicable Diseases
81,13,"and Mental Health. Meeting report. Washington, DC: World Bank and World"
81,14,Health Organization; 2024 (https://www.worldbank.org/en/events/2024/06/20/
81,15,financing-non-communicable-diseases-ncds-mental-health).
81,16,73. Realising the potential of primary health care. Paris: Organisation for Economic Co-operation
81,17,and Development (OECD) Publishing; 2020 (https://doi.org/10.1787/a92adee4-en).
81,18,"74. Barış E, Silverman R, Wang H, Zhao F, Pate MA. Walking the talk: reimagining primary health"
81,19,"care after COVID-19. Washington, DC: World Bank; 2021 (http://hdl.handle.net/10986/35842)."
81,20,75. Noncommunicable diseases progress monitor 2025. Geneva: World Health Organization; 2025
81,21,(https://iris.who.int/handle/10665/381602).
81,22,"76. Cylus J, Thomson S, Serrano Gregori M, Gallardo Martínez M, García-Ramírez JA, Evetovits T."
81,23,How does population ageing affect health system financial sustainability and affordable access
81,24,to health care in Europe? Copenhagen: WHO Regional Office for Europe; 2025 (https://iris.who.
81,25,int/handle/10665/380710).
81,26,77. Unlocking the power of healthy longevity: final report of the Healthy Longevity Initiative (HLI).
81,27,"Washington, DC: World Bank; 2024 (https://www.worldbank.org/en/topic/health/publication/"
81,28,unlocking-power-healthy-longevity).
81,29,78. WKC completes innovative research brief series on financing long-term care (LTC) [online news
81,30,brief]. Geneva: World Health Organization; 2024 (https://wkc.who.int/resources/news/item/14-
81,31,06-2024-wkc-completes-innovative-research-brief-series-on-financing-long-term-care-(ltc).
81,32,"79. Mariere UI, Ogaji DS, Adesina AD, Obikeze OO, Babatunde S. Drivers and predictors of catastrophic"
81,33,health expenditure associated with long-term medical conditions for outpatient visits at public
81,34,health facilities in Bayelsa State. J Community Med Prim Health Care. 2025;37(2):81–93 (https://
81,35,doi.org/10.4314/jcmphc.v37i2.7).
81,36,80. UHC Watch: tracking affordable access to health care in Europe and Central Asia [website].
81,37,Copenhagen: WHO Regional Office for Europe; 2025 (https://apps.who.int/dhis2/uhcwatch/).
81,38,81. Primary health care measurement framework and indicators: monitoring health systems
81,39,through a primary health care lens. Geneva: World Health Organization and UNICEF; 2022
81,40,(https://iris.who.int/handle/10665/352205).
81,41,82. Primary health care country case studies compendium [website]. Geneva: World Health
81,42,Organization; 2024 (https://www.who.int/teams/primary-health-care/evidence-and-innovation/
81,43,primary-health-care-case-study-compendium).
82,1,60
82,3,83. World Health Assembly Resolution WHA78.12: Strengthening health financing globally. 27 May
82,4,2025. Geneva: World Health Organization; 2025 (https://apps.who.int/gb/ebwha/pdf_files/
82,5,WHA78/A78_R12-en.pdf).
82,6,84. Financing comprehensive primary health care: background note for the Annual Health
82,7,"Financing Forum. Washington, DC: World Bank; 2022 (https://thedocs.worldbank.org/en/doc/"
82,8,a900ebb6b3caa6b3823d75724e0673ed-0200022022/related/AHFF-Background-note-Financing-
82,9,Comprehensive-PHC-Final-2.pdf).
82,10,85. Raising revenues for health in support of UHC: strategic issues for policy makers. Geneva: World
82,11,Health Organization; 2015 (https://iris.who.int/handle/10665/192280).
82,12,86. World Health Assembly Resolution WHA77.13: Economics of Health for All. 1 June 2024. Geneva:
82,13,World Health Organization; 2024 (https://apps.who.int/gb/ebwha/pdf_files/WHA77/A77_R13-en.
82,14,pdf).
82,15,"87. Wirtz VJ, Hogerzeil HV, Gray AL, Bigdeli M, de Joncheere CP , Ewen MA, et al. Essential"
82,16,medicines for universal health coverage. Lancet. 2017;389:403–76 (https://doi.org/10.1016/
82,17,S0140-6736(16)31599-9).
82,18,(All references were accessed on 28 October 2025).
83,1,61
83,2,Annex 1. Methods to calculate the
83,3,"UHC service coverage index, SDG"
83,4,"3.8.1, additional analyses and data"
83,5,availability
83,6,1. Calculation of UHC SCI (SDG 3.8.1)
83,7,Input data
83,8,Fourteen indicators are used to calculate SDG 3.8.1. The indicators are drawn from four key
83,9,"areas related to health service coverage: reproductive, maternal, newborn, and child health"
83,10,"(RMNCH), infectious diseases, noncommunicable diseases (NCDs), and service capacity"
83,11,and access. Details about the indicators are shown in Table A1.1.29
83,12,Table A1.1. Data sources used in the calculation of the UHC SCI (SDG 3.8.1)
83,13,Tracer
83,14,indicator Data source Denominator
83,15,Denominator
83,16,data source
83,17,"Reproductive, maternal, newborn, and child health (RMNCH)"
83,18,Demand for
83,19,family planning
83,20,satisfied
83,21,with modern
83,22,methods in
83,23,women of
83,24,reproductive
83,25,age (15–49
83,26,years) (%)
83,27,Estimates and
83,28,projections of family
83,29,planning indicators
83,30,2024. United Nations
83,31,Population Division
83,32,(https://population.
83,33,un.org/dataportal/)
83,34,Number of women
83,35,aged 15–49 with
83,36,a need for family
83,37,planning
83,38,Estimates and
83,39,Projections of Family
83,40,Planning Indicators
83,41,2024. United Nations
83,42,Population Division
83,43,(https://population.
83,44,un.org/dataportal)
83,45,Antenatal
83,46,"care coverage,"
83,47,+4 visits (%)
83,48,Global Health
83,49,Observatory. Antenatal
83,50,care coverage – at least
83,51,four visits (%) (https://
83,52,www.who.int/data/
83,53,gho/data/indicators/
83,54,indicator-details/GHO/
83,55,antenatal-care-coverage-
83,56,at-least-four-visits)
83,57,Number of women
83,58,aged 15–49 with a
83,59,live birth in the same
83,60,period
83,61,"United Nations,"
83,62,Department of
83,63,Economic and Social
83,64,"Affairs, Population"
83,65,Division (2024). World
83,66,Population Prospects
83,67,2024 (https://population.
83,68,un.org/wpp/)
83,69,29 Indicator definitions are available within Annex 1 of source (2) in the main report.
84,1,62
84,3,Tracer
84,4,indicator Data source Denominator
84,5,Denominator
84,6,data source
84,7,DTP3
84,8,immunization
84,9,coverage in
84,10,children aged
84,11,1 (%)
84,12,WHO/UNICEF
84,13,Estimates of National
84,14,"Immunization Coverage,"
84,15,2024 revision (https://
84,16,www.who.int/teams/
84,17,immunization-vaccines-
84,18,and-biologicals/
84,19,immunization-
84,20,analysis-and-insights/
84,21,global-monitoring/
84,22,immunization-coverage/
84,23,who-unicef-estimates-of-
84,24,national-immunization-
84,25,coverage)
84,26,Children 1 year of
84,27,age
84,28,"United Nations,"
84,29,Department of
84,30,Economic and Social
84,31,"Affairs, Population"
84,32,Division (2024). World
84,33,Population Prospects
84,34,2024 (https://population.
84,35,un.org/wpp/)
84,36,Care seeking
84,37,for children
84,38,<5 with acute
84,39,respiratory
84,40,infection (%)
84,41,UNICEF global database
84,42,"(November 2024 update,"
84,43,https://data.unicef.org/)
84,44,Number of children
84,45,younger than 5 years
84,46,with symptoms of
84,47,acute respiratory
84,48,infection in the two
84,49,weeks preceding the
84,50,surveya
84,51,Infectious diseases
84,52,TB treatment
84,53,coverage (%)
84,54,WHO Global
84,55,Tuberculosis
84,56,Programme (2024
84,57,revision) (https://
84,58,www.who.int/teams/
84,59,global-tuberculosis-
84,60,programme/
84,61,data)
84,62,Estimated number of
84,63,incident TB cases
84,64,WHO Global
84,65,Tuberculosis
84,66,Programme (2024
84,67,revision) (https://
84,68,www.who.int/teams/
84,69,global-tuberculosis-
84,70,programme/
84,71,data)
84,72,HIV ART
84,73,coverage (%)
84,74,UNAIDS/WHO Global
84,75,Health Observatory data
84,76,"repository, 2024 revision"
84,77,(https://www.who.int/
84,78,data/gho/data/themes/
84,79,hiv-aids)
84,80,Number of adults
84,81,and children living
84,82,with HIV during the
84,83,same period
84,84,UNAIDS/WHO Global
84,85,Health Observatory data
84,86,"repository, 2024 revision"
84,87,(https://www.who.int/
84,88,data/gho/data/themes/
84,89,hiv-aids)
84,90,Insecticide
84,91,treated net
84,92,(ITN) use
84,93,World malaria
84,94,report 2024 (https://
84,95,iris.who.int/
84,96,handle/10665/379751)
84,97,Population living in
84,98,malaria endemic
84,99,areas
84,100,World malaria
84,101,report 2024 (https://
84,102,iris.who.int/
84,103,handle/10665/379751)
84,104,Population
84,105,using at least
84,106,basic sanitation
84,107,services (%)
84,108,WHO/UNICEF Joint
84,109,Monitoring Programme
84,110,"for Water Supply,"
84,111,Sanitation and Hygiene
84,112,"(JMP), 2025 revision"
84,113,(https://washdata.org/)
84,114,"Total population United Nations,"
84,115,Department of
84,116,Economic and Social
84,117,"Affairs, Population"
84,118,Division (2024). World
84,119,Population Prospects
84,120,2024 (https://population.
84,121,un.org/wpp/)
85,1,"63 Annex 1. Methods to calculate the UHC service coverage index, SDG 3.8.1, additional analyses and data availability"
85,2,Tracer
85,3,indicator Data source Denominator
85,4,Denominator
85,5,data source
85,6,Noncommunicable diseases
85,7,Coverage of
85,8,hypertension
85,9,treatment in
85,10,adults aged
85,11,30–79 (%)
85,12,WHO/NCD-RisC
85,13,estimates (2021
85,14,"revision), published in"
85,15,the WHO Global Health
85,16,Observatory (https://
85,17,www.who.int/data/gho/
85,18,data/themes/topics/
85,19,noncommunicable-
85,20,diseases-risk-factors)
85,21,Number of adults
85,22,aged 30–79 years
85,23,with hypertension
85,24,(defined as having
85,25,systolic blood
85,26,pressure ≥ 140
85,27,"mmHg, diastolic"
85,28,blood pressure ≥ 90
85,29,"mmHg, or taking"
85,30,medication for
85,31,hypertension)
85,32,WHO/NCD-RisC
85,33,estimates (2021
85,34,"revision), published in"
85,35,the WHO Global Health
85,36,Observatory
85,37,(https://www.who.
85,38,int/data/gho/data/
85,39,themes/topics/
85,40,noncommunicable-
85,41,diseases-risk-factors)
85,42,Coverage of
85,43,treatment
85,44,for diabetes
85,45,among adults
85,46,aged 30 years
85,47,and over with
85,48,diabetes (%)
85,49,WHO/NCD-RisC
85,50,estimates (2024
85,51,"revision), published in"
85,52,the WHO Global Health
85,53,Observatory (https://
85,54,www.who.int/data/gho/
85,55,data/themes/topics/
85,56,noncommunicable-
85,57,diseases-risk-factors)
85,58,Total number
85,59,of adults aged
85,60,≥ 30 years with
85,61,"diabetes, defined"
85,62,as fasting plasma
85,63,glucose (FPG) ≥7.0
85,64,"mmol/L, glycated"
85,65,haemoglobin (HbA1c)
85,66,"≥6.5%, or taking"
85,67,medication for
85,68,diabetes
85,69,WHO/NCD-RisC
85,70,estimates (2024
85,71,"revision), published in"
85,72,the WHO Global Health
85,73,Observatory (https://
85,74,www.who.int/data/gho/
85,75,data/themes/topics/
85,76,noncommunicable-
85,77,diseases-risk-factors)
85,78,Current
85,79,tobacco use
85,80,in adults aged
85,81,15+ (%)
85,82,WHO global report on
85,83,trends in prevalence of
85,84,tobacco use 2000–2024
85,85,and projections 2025–
85,86,2030 (https://www.
85,87,who.int/publications/i/
85,88,item/9789240116276)
85,89,Adults aged 15 or
85,90,older
85,91,"United Nations,"
85,92,Department of
85,93,Economic and Social
85,94,"Affairs, Population"
85,95,Division (2024). World
85,96,Population Prospects
85,97,2024 (https://population.
85,98,un.org/wpp/)
85,99,Service capacity and access
85,100,Hospital beds
85,101,per 10 000
85,102,population
85,103,Global Health
85,104,Observatory. hospital
85,105,beds (per 10 000
85,106,population) (https://
85,107,www.who.int/data/
85,108,gho/data/indicators/
85,109,indicator-details/GHO/
85,110,hospital-beds-%28per-
85,111,10-000-population%29)
85,112,"Total population United Nations,"
85,113,Department of
85,114,Economic and Social
85,115,"Affairs, Population"
85,116,Division (2024). World
85,117,Population Prospects
85,118,2024 (https://population.
85,119,un.org/wpp/)
86,1,64
86,3,Tracer
86,4,indicator Data source Denominator
86,5,Denominator
86,6,data source
86,7,Health
86,8,workforce:
86,9,density of
86,10,medical
86,11,"doctors,"
86,12,nursing and
86,13,midwifery
86,14,personnel
86,15,per 1000
86,16,population
86,17,WHO National Health
86,18,Workforce Accounts
86,19,Database (https://apps.
86,20,who.int/nhwaportal/)
86,21,Total population
86,22,"United Nations,"
86,23,Department of
86,24,Economic and Social
86,25,"Affairs, Population"
86,26,Division (2024). World
86,27,Population Prospects
86,28,2024 (https://population.
86,29,un.org/wpp/)International
86,30,Health
86,31,Regulations
86,32,core capacity
86,33,index
86,34,Electronic State Parties
86,35,Self-Assessment Annual
86,36,"Reporting Tool (e-SPAR),"
86,37,2024 revision (https://
86,38,extranet.who.int/e-spar)
86,39,Total number of
86,40,attributes b
86,41,Notes: Data sources were accessed on 30 May 2025. Some indicators may include data validated as part of the country
86,42,"consultation process, which were not publicly available. a Children under 5 years of age is used in the index calculation."
86,43,b Total population is used in the index calculation.
86,44,Computation of the index
86,45,"To compute annual UHC SCI, data is necessary for each country or territory, for each"
86,46,"calendar year and for each indicator, hence imputation of missing values is often necessary."
86,47,"In addition, to build an index, all tracer indicators need to be placed on the same scale, with"
86,48,"0 being the lowest value and 100 being the optimal value. For a few indicators, conversion"
86,49,and/or rescaling are required to obtain appropriate values on this scale.30 Once all tracer
86,50,"indicator values are on a scale of 0 to 100, weighted geometric means (where the weight"
86,51,is the denominator population presented in Table A1.1) are computed within each of the
86,52,"four health domains, and then a geometric mean is calculated from those four values"
86,53,(see Fig. A1.1)
86,54,30 See section 4c of source (2) in the main report.
87,1,"65 Annex 1. Methods to calculate the UHC service coverage index, SDG 3.8.1, additional analyses and data availability"
87,2,Fig. A1.1. Schematic of UHC SCI (SDG 3.8.1) components and calculation
87,3,"Using the country-level tracer indicators and corresponding denominators, an aggregate"
87,4,at the tracer level and summed denominator population is computed and used to calculate
87,5,the UHC SCI as outlined in Figure A1.1 for regional and global aggregates.
87,6,"As presented in chapters 1 and 2, for service coverage, the annualized rate of change of"
87,7,"the UHC SCI is defined as: ln(UHC SCIt2/UHC SCIt1) / (t2–t1), where t1 and t2 refer to different"
87,8,years with t1 < t2. This is also used for projecting global progress to 2030.
87,9,2. Population not covered by essential health services
87,10,The UHC SCI is first calculated as the weighted geometric mean of 14 tracer indicators on
87,11,"an annual basis for each country,31 as described at the beginning of this annex. As an index"
87,12,"score, the SCI is not the percentage of the population covered by a set of essential services"
87,13,"within a country. However, building on previous conceptual approaches to estimating"
87,14,"the population covered by essential health services, 32 the index score was assumed to"
87,15,be an indication of the average coverage of the indicators within a country. This average
87,16,coverage was then converted to the percentage of people with full coverage (defined as
87,17,31 Country refers to country or territory.
87,18,"32 This analysis combined two previously published methods, which had been presented in: Tracking universal health"
87,19,coverage: 2017 global monitoring report (5) and the WHO Thirteenth General Programme of Work: methods for impact
87,20,"measurement, version 2.1 (6)."
87,21,"Reproductive, maternal, newborn"
87,22,and child health (RMNCH)
87,23,1. Family planning (FP)
87,24,"2. Antenatal care, 4+ visits (ANC)"
87,25,3. DTP3 immunization (DTP3)
87,26,4. Care seeking for suspected
87,27,pneumonia (Pneumonia)
87,28,Infectious diseases (ID)
87,29,5. TB treatment (TB)
87,30,6. HIV therapy (ART)
87,31,7. Insecticide-treated nets (ITN)
87,32,8. Basic sanitation (WASH)
87,33,Noncommunicable diseases (NCD)
87,34,9. Hypertension treatment (HP)
87,35,10. Diabetes treatment (Diab)
87,36,11. Tobacco non-use (Tobacco)
87,37,Service capacity and access
87,38,(Capacity)
87,39,12. Hospital bed density (Hospital)
87,40,13. Health worker density (HWF)
87,41,14. IHR core capacity index (IHR)
87,42,RMNCH = (FPPopFP · ANCPopANC · DTP3PopDTP3 ·
87,43,PneumoniaPopPneumonia)1/(PopFP+PopANC+PopDTP3+PopPneumonia)
87,44,ID = (TBPopTB · ARTPopART · ITNPopI7TN ·
87,45,WASHPopWASH)1/(PopTB+PopART+PopITN+PopWASH)
87,46,if high malaria risk
87,47,ID = (TBPopTB · ARTPopART ·
87,48,WASHPopWASH)1/(PopTB+PopART+PopWASH)
87,49,if low malaria risk
87,50,NCD = (HPPopHP · DiabPopDiab ·
87,51,TobaccoPopTobacco)1/(Pop_HP+Pop_Diab+Pop_Tobacco)
87,52,Capacity = (HospitalPopHospital · HWFPopHWF ·
87,53,IHRPopIHR)1/(Pop_Hospital+Pop_HWF+Pop_IHR)
87,54,Schematic of UHC SCI (SDG 3.8.1) components and calculation
87,55,FIG_A1.1
88,1,66
88,3,"receiving most needed services) in each country, region and globally. The conversion uses"
88,4,a regression model based on co-coverage data from household surveys in low- and lower-
88,5,middle-income countries to capture the relationship between average coverage across
88,6,a set of essential services and the likelihood that individuals receive most or all needed
88,7,"services. By applying this equation to national average coverage values, the proportion"
88,8,"of the population with full coverage is estimated. Finally, for each location, 100% minus"
88,9,the percentage of population with full coverage (i.e. the percentage of population without
88,10,full coverage) was multiplied by the total population to obtain the number of people not
88,11,covered by essential services in each country. The estimated global population not covered
88,12,by essential services was divided by the global population for each year to determine the
88,13,percentage of the population not covered by essential services.
88,14,3. Decomposition of service coverage index
88,15,Decomposition methods have been developed to understand how summary measures
88,16,"vary due to component factors (1–3). In the context of the UHC SCI, these methods were"
88,17,used to determine the extent to which individual indicators contribute to overall changes
88,18,in the SCI over time.
88,19,The calculation of the SCI at time t can be represented by the function F which takes as
88,20,input the 14 tracer indicators 𝑖t
88,21,"1, ... 𝑖t"
88,22,"1 4, and the tracer indicators’ corresponding populations"
88,23,𝑝t
88,24,"1 , ... 𝑝t"
88,25,1 4.
88,26,𝑆𝐶𝐼𝑡 = 𝐹 (𝑖 t
88,27,"1, ... 𝑖t"
88,28,"1 4 , 𝑝t"
88,29,"1 , ... 𝑝t"
88,30,1 4)
88,31,"The pseudo-continuous decomposition method by Horiuchi, et al (3) as implemented in"
88,32,the DemoDecomp R package (4) is used to attribute changes in the overall SCI between
88,33,"two time points to changes in each of the 14 tracer indicators δ𝑖 1, ... δ𝑖 14, and to changes in"
88,34,"each indicator’s population δp 1, ... δp 14. A property of this algorithm is that the decomposed"
88,35,contributions sum to the overall change in time 𝑡1 and time 𝑡2
88,36,"𝑆𝐶𝐼𝑡1 _ 𝑆𝐶𝐼𝑡2 = δ𝑖 1, + ... + δ𝑖 14 + δp 1 + δp 14"
88,37,"To simplify interpretation, the total contribution attributed to each indicator via changes"
88,38,in the indicator estimate and the corresponding indicator population is presented.
88,39,δ 1
88,40,= δ𝑖 1 + δp 1
88,41,𝑆𝐶𝐼𝑡1 _ 𝑆𝐶𝐼𝑡2 = δ 1+ ... + δ14
88,42,The decomposition was run separately for each country and aggregate location. The
88,43,change between each successive year was decomposed before summing to the total
88,44,change between 2000 and 2023 for each location.
89,1,"67 Annex 1. Methods to calculate the UHC service coverage index, SDG 3.8.1, additional analyses and data availability"
89,2,4. Data availability
89,3,The availability of timely primary data impacts the extent to which the SCI can provide
89,4,an accurate measurement of service coverage within a country. Primary data include
89,5,data gathered through routine reporting systems or household surveys. Primary data are
89,6,either used directly for indicator values or as inputs for models to estimate the indicators.
89,7,Regular data collection ensures that the estimates reflect the most recent situation. It is
89,8,recommended that administrative data be reported on an annual basis and that household
89,9,surveys be conducted at least every five years to ensure that up-to-date measurements
89,10,are included in the SCI.
89,11,Primary data availability varied across countries (23% to 100%) for the latest five-year
89,12,period (2019 to 2023). 29 countries had primary data for less than 50% of indicators. The
89,13,"WHO African and South-East Asia regions had the highest coverage (69/70%), and the"
89,14,"remaining four had similar, slightly lower coverage (61% to 65%)."
89,15,"Table A1.2. Availability of primary data by WHO region and globally,"
89,16,2019–2023
89,17,WHO region
89,18,Percentage of UHC SCI tracer indicators
89,19,for which primary data were available
89,20,(2019–2023)
89,21,African Region 69%
89,22,Region of the Americas 65%
89,23,South-East Asia Region 70%
89,24,Eastern Mediterranean Region 62%
89,25,European Region 62%
89,26,Western Pacific Region 61%
89,27,Global 64%
89,28,Source: Authors analysis based on data sources listed in Table A1.1.
90,1,68
90,3,Annex 2. Data availability and global/
90,4,regional aggregation methods for
90,5,financial hardship
90,6,1. Country-level data availability
90,7,The available dataset used to produce this report and to calculate the global and regional
90,8,estimates of financial hardship has expanded since the 2023 report. It relies on 1112
90,9,primary estimates for 168 countries or territories on financial hardship (compared to
90,10,987 primary estimates in 2023 on catastrophic payments (budget share approach)) and
90,11,1071 primary estimates for 166 countries or territories on impoverishment (compared to
90,12,856 primary estimates in 2023) (see Tables A2.1 and A2.2 below). Primary estimates are
90,13,"based on household surveys collected by countries’ national statistical offices, including"
90,14,information on household OOP health expenditures and household total consumption
90,15,expenditures or income. They are used to produce annual regional and global estimates
90,16,"for 22 years since 2000, versus seven reference years in the 2023 report (see methods"
90,17,"section for further details). Altogether, the countries with validated primary estimates"
90,18,represent about 95% of the world’s population in 2022 and more than 91% of the regional
90,19,populations in 2022 (Table A2.1).
90,20,"Half of the data points were collected after 2011, with the median most recent year ranging"
90,21,"between 2016 and 2019 (Table A2.1). Globally, on average, there were 6.6 estimates (survey-"
90,22,years) per country available (see Table A2.2). The WHO Western Pacific Region has the
90,23,"highest number of countries with just one estimate (survey–year), followed by the WHO"
90,24,"Region of the Americas. On average, globally, the frequency of estimates was every 4.5"
90,25,"years, with the highest frequency in the WHO European Region (every 2.6 years) and the"
90,26,lowest frequency in the WHO African Region (every 6.5 years).
90,27,Table A2.1. Availability of survey-based estimates for financial hardship
90,28,(SDG 3.8.2)
90,29,Number of
90,30,observations
90,31,Number of
90,32,countries
90,33,Median
90,34,year
90,35,Median most
90,36,recent year
90,37,2022 Population
90,38,coverage (%)
90,39,Global 1112 168 2011 2018 95.2
90,40,African Region 173 43 2011 2018 95.3
90,41,Region of the Americas 149 27 2012 2018 91.8
90,42,Eastern Mediterranean Region 68 16 2010 2017 92.6
90,43,European Region 550 49 2010 2019 92.1
90,44,South-East Asia Region
90,45,With Indonesia 71 10 2011 2020 98.7
90,46,Without Indonesia 48 9 2010 2019 98.5
90,47,Western Pacific Region
90,48,With Indonesia 117 23 2014 2019 97.8
90,49,Without Indonesia 94 22 2014 2018 97.4
90,50,Non-Member States 7 1 2009 2016 5.2
90,51,"Note: Data availability for global monitoring, which may not necessarily align with the availability of data at national or"
90,52,regional levels.
90,53,Source: Based on an analysis of the microdata from the Global database on financial protection assembled by WHO and
90,54,the World Bank (2025 update) (7).
91,1,69 Annex 2. Data availability and global/regional aggregation methods for financial hardship
91,2,Table A2.2. Average number and frequency of survey-based estimates for
91,3,financial hardship (SDG 3.8.2)
91,4,Financial hardship (SDG 3.8.2 indicator)
91,6,Average number of
91,7,estimates per country
91,8,% countries with
91,9,just one estimate
91,10,Average frequency of
91,11,"estimates, in years"
91,12,Global 6.6 17.2 4.5
91,13,African Region 4.0 4.7 6.5
91,14,Region of the
91,15,Americas
91,16,5.5 25.9 5.2
91,17,Eastern Mediterranean
91,18,Region
91,19,4.3 12.5 4.3
91,20,European Region 11.2 12.2 2.6
91,21,South-East Asia Region
91,22,With Indonesia 7.1 0.0 3.9
91,23,Without Indonesia 5.3 0.0 4.3
91,24,Western Pacific Region
91,25,With Indonesia 5.1 52.2 4.0
91,26,Without Indonesia 4.3 54.5 4.3
91,27,Non-Member States 7.0 0.0 2.2
91,28,Source: Based on an analysis of the microdata from the Global database on financial protection assembled by WHO and
91,29,the World Bank (2025 update) (7).
91,30,2. Data availability by socio-demographic characteristics
91,31,Three disaggregation characteristics were considered to compare financial hardship across
91,32,"different types of households: residence, household head’s sex, and the household’s age"
91,33,structure.
91,34,Household age structure is described in chapter 3. A Sample of 83 countries with survey
91,35,"data from 2015 onwards was used in chapter 3. Together, countries represented 52% of"
91,36,"the world’s population in 2022. For each country, only the most recent year with available"
91,37,data was used. The median year was 2019. Country–year observations were included only
91,38,if data on both financial hardship and large OOP were available.
91,39,"For the sex of the household head, data were available from 97 countries, with the most"
91,40,"recent estimate available for the 2015–2024 period. The median most recent year is 2019,"
91,41,representing 58.5% of the world population in 2022.
91,42,Information on household residence (urban or rural) was recorded in each survey. For
91,43,"surveys using the standardized methodology adopted by the UN Statistical Commission,"
91,44,"which classifies local administrative units into three types – cities, towns and suburbs,"
91,45,"and rural areas – cities, towns and suburbs were reclassified as “urban.” Households"
91,46,were further classified as female- or male-headed according to the sex of the individual
91,47,identified as head in the roster.
92,1,70
92,3,"For analyses by household residence, data were available from 98 countries, with the most"
92,4,"recent estimate available for the 2015–2024 period. The median most recent year is 2020,"
92,5,representing 77.9% of the world population in 2022.
92,6,3. Global and regional aggregation for the financial
92,7,hardship indicator
92,8,Country-specific survey estimates are used to produce estimated global and regional
92,9,"annual rates of financial hardship, which are population weighted, for the years 2000–"
92,10,"2022, while previous global monitoring reports reported estimates for selected reference"
92,11,"years. The approach for generating the estimates, however, is identical to that used in the"
92,12,previous global monitoring report from 2023.
92,13,"To produce the aggregated estimates, rates are required for each country and territory"
92,14,for all reference years (2000–2022). Since household surveys with information on total
92,15,consumption or income and OOP health expenditure are not available for every country
92,16,"and every year, rates in each reference year need to be projected for each country and"
92,17,territory with missing primary data points. The projection depends on the data availability
92,18,for each country and uses the following steps:
92,19,1. Case 1: If a primary data point (estimate generated from a survey conducted in the
92,20,"country in the reference year) is available for the reference year, the survey estimate"
92,21,of the financial protection indicator is directly used.
92,22,"2. Case 2: If a data point is not available for the reference year, but two data points exist"
92,23,before and after the reference year within a window of +/– 5 years around the reference
92,24,"year, the country’s rate for the reference year is projected by a linear interpolation"
92,25,between the two years with available data.
92,26,"3. Case 3: If the conditions above are not met, but there are at least two data points for"
92,27,"the country at any time since 2000, the reference year rate is predicted based on an"
92,28,"estimated fixed effects regression model. In the regression model, a logarithm of the"
92,29,financial protection indicator is regressed on a logarithm of gross domestic product
92,30,"(GDP) per capita, the logarithm of the aggregate share of OOP health spending over"
92,31,"final household consumption (OOP/C), a logarithm of the poverty headcount ratio at"
92,32,"the societal poverty line, year, and country fixed effects. The time trend (year coefficient)"
92,33,is interacted with the World Bank’s income group classification for the corresponding
92,34,"year. In addition to the availability of at least two data points, the implementation of"
92,35,this approach also requires available data on all the model’s dependent variables.
92,36,"4. Case 4: If all the conditions listed above are unmet, the financial protection indicator"
92,37,is projected as the median among countries in the same World Bank income group for
92,38,which reference year values are produced in one of the three approaches listed above
92,39,(cases 1–3). If a World Bank income group classification is not available for the country
92,40,"or territory, a regional reference group is used based on the United Nations Statistical"
92,41,Division M49 classification.
92,42,Table A2.3 below provides a country-level breakdown across the categories just described
92,43,and the population coverage of these groups of countries for all reference years.
93,1,71 Annex 2. Data availability and global/regional aggregation methods for financial hardship
93,2,"For the reference year 2018, for example, actual data points on financial hardship are used"
93,3,"for 50 countries representing 47% of the world’s population (Case 1), and for an additional"
93,4,"30 countries, there are data points within the 2013–2023 window (Case 2). Although the"
93,5,"reference group median (Case 4) is used to project rates in 102 countries and territories,"
93,6,"they represent only 9% of the global population. For Case 3, using the fixed effects model,"
93,7,the table reports separately countries for which there exists at least one survey point within
93,8,a window of +/– 5 years around the reference year.
93,9,"For all years, estimates for more than 80% of the global population are based on data"
93,10,"points within the +/– 5 years window (Case 1, Case 2, or Case 3 with at least one point"
93,11,within the window).
93,12,Table A2.3. Categories of data points used to construct global estimates of financial
93,13,hardship
93,14,(1) Reference
93,15,year point
93,16,(Case 1)
93,17,(2) At least
93,18,two points
93,19,within
93,20,+/– 5 years
93,21,band (Case 2)
93,22,(3) Prediction based
93,23,on fixed effects
93,24,"model, with at least"
93,25,one point within
93,26,+/– 5 years band
93,27,(Case 3)
93,28,(3) Prediction
93,29,based on fixed
93,30,"effects model,"
93,31,without any point
93,32,within +/- 5 years
93,33,band (Case 3)
93,34,(4) Projection
93,35,as median
93,36,of reference
93,37,group
93,38,(Case 4)
93,39,2000 N 30 20 52 25 109
93,40,% 37% 26% 22% 6% 10%
93,41,2001 N 25 30 52 19 110
93,42,% 34% 13% 39% 5% 10%
93,43,2002 N 37 26 47 17 109
93,44,% 39% 30% 14% 8% 10%
93,45,2003 N 35 32 48 14 107
93,46,% 33% 38% 15% 5% 9%
93,47,2004 N 38 31 49 11 107
93,48,% 40% 33% 14% 4% 9%
93,49,2005 N 46 35 44 7 104
93,50,% 20% 55% 14% 2% 9%
93,51,2006 N 43 44 36 7 106
93,52,% 38% 39% 12% 2% 9%
93,53,2007 N 43 49 35 6 103
93,54,% 56% 22% 12% 2% 9%
93,55,2008 N 40 51 35 6 104
93,56,% 20% 43% 26% 2% 9%
93,57,2009 N 50 45 34 6 101
93,58,% 40% 21% 29% 2% 8%
93,59,2010 N 54 46 30 4 102
93,60,% 33% 30% 28% 1% 7%
94,1,72
94,3,(1) Reference
94,4,year point
94,5,(Case 1)
94,6,(2) At least
94,7,two points
94,8,within
94,9,+/– 5 years
94,10,band (Case 2)
94,11,(3) Prediction based
94,12,on fixed effects
94,13,"model, with at least"
94,14,one point within
94,15,+/– 5 years band
94,16,(Case 3)
94,17,(3) Prediction
94,18,based on fixed
94,19,"effects model,"
94,20,without any point
94,21,within +/- 5 years
94,22,band (Case 3)
94,23,(4) Projection
94,24,as median
94,25,of reference
94,26,group
94,27,(Case 4)
94,28,2011 N 48 49 32 4 103
94,29,% 43% 19% 29% 1% 9%
94,30,2012 N 51 46 35 4 100
94,31,% 27% 20% 43% 1% 9%
94,32,2013 N 43 59 27 6 101
94,33,% 24% 24% 41% 2% 9%
94,34,2014 N 48 50 33 5 100
94,35,% 24% 21% 46% 1% 8%
94,36,2015 N 57 39 36 6 98
94,37,% 28% 14% 48% 1% 9%
94,38,2016 N 55 33 40 9 99
94,39,% 26% 15% 49% 2% 9%
94,40,2017 N 40 40 45 11 100
94,41,% 22% 20% 48% 2% 8%
94,42,2018 N 51 29 42 12 102
94,43,% 48% 8% 31% 3% 9%
94,44,2019 N 39 34 45 17 101
94,45,% 19% 16% 52% 4% 9%
94,46,2020 N 24 32 54 23 103
94,47,% 18% 12% 54% 8% 9%
94,48,2021 N 42 9 50 31 104
94,49,% 21% 7% 54% 9% 9%
94,50,2022 N 30 3 59 38 106
94,51,% 38% 2% 40% 11% 10%
94,52,"Notes: N, number of countries; %, percentage of world population. Data availability for global monitoring may not"
94,53,necessarily align with the availability of data at national or regional levels.
94,54,Source: Based on an analysis of the microdata from the Global database on financial protection assembled by WHO and
94,55,the World Bank (2025 update) (7).
95,1,73 Annex 2. Data availability and global/regional aggregation methods for financial hardship
95,2,4. Other data sources
95,3,"In chapter 1 and chapter 3, some of the graphs and/or discussion are based on data"
95,4,that were not produced for this report but were obtained from external sources.
95,5,Poverty rates and societal poverty lines are taken from the World Bank’s Poverty and
95,6,"Inequality Platform (PIP) ( 8) and World Development Indicators (WDI) (9), both from"
95,7,"their respective June 2024 updates, and the International Monetary Fund’s (IMF) World"
95,8,Economic Outlook (WEO) October 2024 update (10). Purchasing power parities and values
95,9,of average daily per capita income or consumption are taken from PIP and WDI. WHO’s
95,10,"country classifications are based on the WHO reference database (July 2025 update) (11),"
95,11,"World Population Prospects October 2024 update (12), and World Urbanisation Prospects"
95,12,(13). Values for current health expenditure and domestic general government health
95,13,"expenditure are taken from WHO’s Global Health Expenditure (GHO) Database, December"
95,14,2024 update (14).
96,1,74
96,2,Annex 3. Sustainable Development
96,3,Goal (SDG) indicators of universal
96,4,"health coverage (UHC) by location,"
96,5,most recent year available
96,6,"Country, area,"
96,7,or territory
96,8,SDG UHC
96,9,indicator 3.8.1 SDG UHC indicator 3.8.2
96,10,Service coverage
96,11,index (2023)
96,12,Financial hardship
96,13,(% of the population)
96,14,Latest
96,15,year SPLa value in 2017 PPP
96,16,Afghanistan** 42 34.6 2020 PPP2017$1.15+50%med_net
96,17,Albania 71 14.8 2017 PPP2017$1.15+50%med_net
96,18,Algeria 70 NA NA NA
96,19,Andorra** 75 5.6 2023 PPP2017$1.15+50%med_net
96,20,Angola 44 39.5 2018 PPP2017$1.15+50%med_net
96,21,Antigua and
96,22,Barbuda
96,23,81 NA NA NA
96,24,Argentina 80 35.9 2017 PPP2017$2.15
96,25,Armenia 69 23.5 2020 PPP2017$1.15+50%med_net
96,26,Australia 89 NA NA NA
96,27,Austria 84 8.6 1999 PPP2017$1.15+50%med_net
96,28,Azerbaijan 67 9.1 2005 PPP2017$1.15+50%med_net
96,29,Bahamas 80 NA NA NA
96,30,Bahrain 78 NA NA NA
96,31,Bangladesh* 54 41.7 2022 PPP2017$1.15+50%med_net
96,32,Barbados 82 15.9 2016 PPP2017$1.15+50%med_net
96,33,Belarus 80 12.2 2020 PPP2017$1.15+50%med_net
96,34,Belgium 86 12.3 2009 PPP2017$1.15+50%med_net
96,35,Belize 70 17.1 2018 PPP2017$1.15+50%med_net
96,36,Benin 38 35.6 2021 PPP2017$1.15+50%med_net
96,37,Bhutan** 69 9.0 2022 PPP2017$1.15+50%med_net
96,38,Bolivia
96,39,(Plurinational
96,40,State of)
96,41,67 13.4 2021 PPP2017$1.15+50%med_net
96,42,Bosnia and
96,43,Herzegovina
96,44,64 8.6 2022 PPP2017$1.15+50%med_net
97,1,75
97,2,"Annex 3. SDG indicators of UHC by location, most recent year available"
97,3,"Country, area,"
97,4,or territory
97,5,SDG UHC
97,6,indicator 3.8.1 SDG UHC indicator 3.8.2
97,7,Service coverage
97,8,index (2023)
97,9,Financial hardship
97,10,(% of the population)
97,11,Latest
97,12,year SPLa value in 2017 PPP
97,13,Botswana 60 11.8 2015 PPP2017$1.15+50%med_net
97,14,Brazil 84 24.0 2017 PPP2017$1.15+50%med_net
97,15,Brunei
97,16,Darussalam
97,17,84 NA NA NA
97,18,Bulgaria 73 18.7 2023 PPP2017$1.15+50%med_net
97,19,Burkina Faso 47 38.6 2021 PPP2017$1.15+50%med_net
97,20,Burundi 48 56.6 2013 PPP2017$2.15
97,21,Cabo Verde 71 23.3 2015 PPP2017$1.15+50%med_net
97,22,Cambodia** 62 22.1 2023 PPP2017$1.15+50%med_net
97,23,Cameroon 48 38.8 2022 PPP2017$1.15+50%med_net
97,24,Canada 92 NA NA NA
97,25,Central African
97,26,Republic
97,27,39 53.0 2021 PPP2017$2.15
97,28,Chad 26 33.6 2018 PPP2017$1.15+50%med_net
97,29,Chile 84 17.4 2021 PPP2017$1.15+50%med_net
97,30,China 85 33.6 2018 PPP2017$1.15+50%med_net
97,31,Colombia 82 12.5 2021 PPP2017$1.15+50%med_net
97,32,Comoros 52 32.4 2014 PPP2017$1.15+50%med_net
97,33,Congo 45 36.1 2011 PPP2017$1.15+50%med_net
97,34,Cook Islands 75 5.4 2015 PPP2017$1.15+50%med_net
97,35,Costa Rica 84 13.4 2018 PPP2017$1.15+50%med_net
97,36,Croatia 76 8.4 2010 PPP2017$1.15+50%med_net
97,37,Cuba 86 NA NA NA
97,38,Cyprus** 76 11.7 2023 PPP2017$1.15+50%med_net
97,39,Czechia 83 10.0 2023 PPP2017$1.15+50%med_net
97,40,Côte d’Ivoire 46 28.9 2021 PPP2017$1.15+50%med_net
97,41,Democratic
97,42,People's
97,43,Republic of
97,44,Korea
97,45,77 NA NA NA
97,46,Democratic
97,47,Republic of the
97,48,Congo
97,49,41 60.0 2012 PPP2017$2.15
98,1,76
98,2,"Country, area,"
98,3,or territory
98,4,SDG UHC
98,5,indicator 3.8.1 SDG UHC indicator 3.8.2
98,6,Service coverage
98,7,index (2023)
98,8,Financial hardship
98,9,(% of the population)
98,10,Latest
98,11,year SPLa value in 2017 PPP
98,12,Denmark 85 7.4 2010 PPP2017$1.15+50%med_net
98,13,Djibouti 47 6.5 2017 PPP2017$1.15+50%med_net
98,14,Dominica 75 NA NA NA
98,15,Dominican
98,16,Republic**
98,17,73 15.5 2018 PPP2017$1.15+50%med_net
98,18,Ecuador 78 22.6 2013 PPP2017$1.15+50%med_net
98,19,Egypt 71 36.9 2019 PPP2017$1.15+50%med_net
98,20,El Salvador 79 10.5 2019 PPP2017$1.15+50%med_net
98,21,Equatorial
98,22,Guinea
98,23,49 NA NA NA
98,24,Eritrea 40 NA NA NA
98,25,Estonia 79 8.9 2011 PPP2017$1.15+50%med_net
98,26,Eswatini 72 25.5 2016 PPP2017$1.15+50%med_net
98,27,Ethiopia 33 24.2 2021 PPP2017$1.15+50%med_net
98,28,Fiji 69 NA NA NA
98,29,Finland 86 10.1 2016 PPP2017$1.15+50%med_net
98,30,France 82 NA NA NA
98,31,Gabon 48 20.6 2017 PPP2017$1.15+50%med_net
98,32,Gambia 53 25.6 2015 PPP2017$1.15+50%med_net
98,33,Georgia** 71 27.9 2024 PPP2017$1.15+50%med_net
98,34,Germany 87 4.8 2010 PPP2017$1.15+50%med_net
98,35,Ghana 56 21.1 2016 PPP2017$1.15+50%med_net
98,36,Greece 77 18.8 2023 PPP2017$1.15+50%med_net
98,37,Grenada** 78 3.4 2008 PPP2017$1.15+50%med_net
98,38,Guatemala 58 20.6 2023 PPP2017$1.15+50%med_net
98,39,Guinea 43 37.0 2018 PPP2017$1.15+50%med_net
98,40,Guinea-Bissau 43 38.2 2021 PPP2017$1.15+50%med_net
98,41,Guyana 73 NA NA NA
98,42,Haiti 44 24.5 2013 PPP2017$1.15+50%med_net
98,43,Honduras 64 26.0 2004 PPP2017$1.15+50%med_net
98,44,Hungary 80 17.1 2007 PPP2017$1.15+50%med_net
99,1,77
99,2,"Annex 3. SDG indicators of UHC by location, most recent year available"
99,3,"Country, area,"
99,4,or territory
99,5,SDG UHC
99,6,indicator 3.8.1 SDG UHC indicator 3.8.2
99,7,Service coverage
99,8,index (2023)
99,9,Financial hardship
99,10,(% of the population)
99,11,Latest
99,12,year SPLa value in 2017 PPP
99,13,Iceland 90 10.4 1995 PPP2017$1.15+50%med_net
99,14,India 69 30.9 2022 PPP2017$1.15+50%med_net
99,15,Indonesia 67 26.6 2023 PPP2017$1.15+50%med_net
99,16,Iran (Islamic
99,17,Republic of)
99,18,81 15.6 2022 PPP2017$1.15+50%med_net
99,19,Iraq 64 33.2 2017 PPP2017$1.15+50%med_net
99,20,Ireland 82 7.8 2009 PPP2017$1.15+50%med_net
99,21,Israel 85 16.6 2021 PPP2017$1.15+50%med_net
99,22,Italy 82 9.7 2010 PPP2017$1.15+50%med_net
99,23,Jamaica 74 21.5 2021 PPP2017$1.15+50%med_net
99,24,Japan* 86 10.9 2024 PPP2017$1.15+50%med_net
99,25,Jordan 74 14.7 2010 PPP2017$1.15+50%med_net
99,26,Kazakhstan 83 9.8 2018 PPP2017$1.15+50%med_net
99,27,Kenya 57 26.4 2015 PPP2017$1.15+50%med_net
99,28,Kiribati** 51 2.1 2019 PPP2017$1.15+50%med_net
99,29,Kuwait 84 NA NA NA
99,30,Kyrgyzstan 74 9.6 2022 PPP2017$1.15+50%med_net
99,31,Lao People's
99,32,Democratic
99,33,Republic
99,34,64 13.2 2018 PPP2017$1.15+50%med_net
99,35,Latvia 77 18.6 2019 PPP2017$1.15+50%med_net
99,36,Lebanon 67 33.3 1999 PPP2017$1.15+50%med_net
99,37,Lesotho 55 29.2 2017 PPP2017$1.15+50%med_net
99,38,Liberia 49 43.3 2016 PPP2017$1.15+50%med_net
99,39,Libya 71 NA NA NA
99,40,Lithuania 78 10.6 2021 PPP2017$1.15+50%med_net
99,41,Luxembourg 83 14.1 2023 PPP2017$1.15+50%med_net
99,42,Madagascar 33 8.4 2021 PPP2017$1.15+50%med_net
99,43,Malawi 52 43.0 2019 PPP2017$2.15
99,44,Malaysia* 80 17.8 2022 PPP2017$1.15+50%med_net
99,45,Maldives 71 14.2 2019 PPP2017$1.15+50%med_net
100,1,78
100,2,"Country, area,"
100,3,or territory
100,4,SDG UHC
100,5,indicator 3.8.1 SDG UHC indicator 3.8.2
100,6,Service coverage
100,7,index (2023)
100,8,Financial hardship
100,9,(% of the population)
100,10,Latest
100,11,year SPLa value in 2017 PPP
100,12,Mali 41 40.1 2022 PPP2017$1.15+50%med_net
100,13,Malta 82 17.1 2015 PPP2017$1.15+50%med_net
100,14,Marshall
100,15,Islands**
100,16,66 13.0 2019 PPP2017$1.15+50%med_net
100,17,Mauritania 40 NA NA NA
100,18,Mauritius 75 12.6 2023 PPP2017$1.15+50%med_net
100,19,Mexico 79 15.9 2022 PPP2017$1.15+50%med_net
100,20,Micronesia
100,21,(Federated
100,22,States of)**
100,23,65 4.8 2013 PPP2017$1.15+50%med_net
100,24,Monaco 85 NA NA NA
100,25,Mongolia 70 29.0 2023 PPP2017$1.15+50%med_net
100,26,Montenegro 70 12.1 2015 PPP2017$1.15+50%med_net
100,27,Morocco 65 27.1 2013 PPP2017$1.15+50%med_net
100,28,Mozambique 50 29.9 2019 PPP2017$2.15
100,29,Myanmar 52 26.7 2017 PPP2017$1.15+50%med_net
100,30,Namibia 66 27.0 2015 PPP2017$1.15+50%med_net
100,31,Nauru** 62 1.0 2012 PPP2017$1.15+50%med_net
100,32,Nepal** 58 24.9 2022 PPP2017$1.15+50%med_net
100,33,Netherlands
100,34,(Kingdom of
100,35,the)
100,36,85 3.2 2015 PPP2017$1.15+50%med_net
100,37,New Zealand 89 NA NA NA
100,38,Nicaragua 70 34.7 2014 PPP2017$1.15+50%med_net
100,39,Niger 39 38.6 2021 PPP2017$1.15+50%med_net
100,40,Nigeria 47 47.4 2022 PPP2017$1.15+50%med_net
100,41,Niue** 67 0.0 2015 PPP2017$1.15+50%med_net
100,42,North
100,43,Macedonia**
100,44,69 10.0 2024 PPP2017$1.15+50%med_net
100,45,Norway 89 9.0 1998 PPP2017$1.15+50%med_net
100,46,occupied
100,47,Palestinian
100,48,"territory,"
100,49,including east
100,50,Jerusalem**
100,51,65 22.3 2023 PPP2017$1.15+50%med_net
101,1,79
101,2,"Annex 3. SDG indicators of UHC by location, most recent year available"
101,3,"Country, area,"
101,4,or territory
101,5,SDG UHC
101,6,indicator 3.8.1 SDG UHC indicator 3.8.2
101,7,Service coverage
101,8,index (2023)
101,9,Financial hardship
101,10,(% of the population)
101,11,Latest
101,12,year SPLa value in 2017 PPP
101,13,Oman 73 8.5 1999 PPP2017$1.15+50%med_net
101,14,Pakistan 56 33.9 2018 PPP2017$1.15+50%med_net
101,15,Palau 75 NA NA NA
101,16,Panama** 82 18.0 2017 PPP2017$1.15+50%med_net
101,17,Papua New
101,18,Guinea
101,19,32 NA NA NA
101,20,Paraguay* 79 21.1 2023 PPP2017$1.15+50%med_net
101,21,Peru 68 28.5 2022 PPP2017$1.15+50%med_net
101,22,Philippines* 69 31.0 2023 PPP2017$1.15+50%med_net
101,23,Poland 82 14.1 2019 PPP2017$1.15+50%med_net
101,24,Portugal 83 14.6 2022 PPP2017$1.15+50%med_net
101,25,Qatar 84 NA NA NA
101,26,Republic of
101,27,Korea*
101,28,88 9.7 2021 PPP2017$1.15+50%med_net
101,29,Republic of
101,30,Moldova**
101,31,71 9.8 2023 PPP2017$1.15+50%med_net
101,32,Romania 77 15.6 2016 PPP2017$1.15+50%med_net
101,33,Russian
101,34,Federation
101,35,81 15.4 2014 PPP2017$1.15+50%med_net
101,36,Rwanda 59 33.4 2016 PPP2017$1.15+50%med_net
101,37,Saint Kitts and
101,38,Nevis**
101,39,80 10.6 2007 PPP2017$1.15+50%med_net
101,40,Saint Lucia 75 14.3 2016 PPP2017$1.15+50%med_net
101,41,Saint Vincent
101,42,and the
101,43,Grenadines
101,44,80 NA NA NA
101,45,Samoa** 62 11.7 2018 PPP2017$1.15+50%med_net
101,46,San Marino 74 NA NA NA
101,47,Sao Tome and
101,48,Principe
101,49,60 18.1 2017 PPP2017$1.15+50%med_net
101,50,Saudi Arabia 83 NA NA NA
101,51,Senegal 48 30.9 2021 PPP2017$1.15+50%med_net
101,52,Serbia** 73 11.0 2022 PPP2017$1.15+50%med_net
101,53,Seychelles 80 11.4 2013 PPP2017$1.15+50%med_net
102,1,80
102,2,"Country, area,"
102,3,or territory
102,4,SDG UHC
102,5,indicator 3.8.1 SDG UHC indicator 3.8.2
102,6,Service coverage
102,7,index (2023)
102,8,Financial hardship
102,9,(% of the population)
102,10,Latest
102,11,year SPLa value in 2017 PPP
102,12,Sierra Leone 48 47.9 2018 PPP2017$1.15+50%med_net
102,13,Singapore 88 NA NA NA
102,14,Slovakia 78 10.0 2022 PPP2017$1.15+50%med_net
102,15,Slovenia 84 6.0 2022 PPP2017$1.15+50%med_net
102,16,Solomon
102,17,Islands**
102,18,47 7.0 2012 PPP2017$1.15+50%med_net
102,19,Somalia 30 35.9 2017 PPP2017$2.15
102,20,South Africa 74 21.1 2014 PPP2017$1.15+50%med_net
102,21,South Sudan 41 34.3 2016 PPP2017$2.15
102,22,Spain 84 12.7 2023 PPP2017$1.15+50%med_net
102,23,Sri Lanka* 72 11.3 2019 PPP2017$1.15+50%med_net
102,24,Sudan 48 39.9 2014 PPP2017$1.15+50%med_net
102,25,Suriname 74 10.7 2022 PPP2017$1.15+50%med_net
102,26,Sweden 85 8.6 1996 PPP2017$1.15+50%med_net
102,27,Switzerland** 87 10.3 2017 PPP2017$1.15+50%med_net
102,28,Syrian Arab
102,29,Republic
102,30,70 16.0 2007 PPP2017$1.15+50%med_net
102,31,Tajikistan** 72 30.8 2019 PPP2017$1.15+50%med_net
102,32,Thailand* 82 11.9 2017 PPP2017$1.15+50%med_net
102,33,Timor-Leste 48 11.6 2014 PPP2017$1.15+50%med_net
102,34,Togo 42 31.3 2021 PPP2017$1.15+50%med_net
102,35,Tokelau* NA 1.3 2015 PPP2017$1.15+50%med_net
102,36,Tonga** 71 6.7 2021 PPP2017$1.15+50%med_net
102,37,Trinidad and
102,38,Tobago
102,39,75 4.5 2014 PPP2017$1.15+50%med_net
102,40,Tunisia 76 31.2 2021 PPP2017$1.15+50%med_net
102,41,Turkmenistan 81 NA NA NA
102,42,Tuvalu** 65 0.5 2015 PPP2017$1.15+50%med_net
102,43,Türkiye 77 12.7 2016 PPP2017$1.15+50%med_net
102,44,Uganda 54 36.1 2019 PPP2017$1.15+50%med_net
102,45,Ukraine 80 14.6 2019 PPP2017$1.15+50%med_net
103,1,81
103,2,"Annex 3. SDG indicators of UHC by location, most recent year available"
103,3,"Country, area,"
103,4,or territory
103,5,SDG UHC
103,6,indicator 3.8.1 SDG UHC indicator 3.8.2
103,7,Service coverage
103,8,index (2023)
103,9,Financial hardship
103,10,(% of the population)
103,11,Latest
103,12,year SPLa value in 2017 PPP
103,13,United Arab
103,14,Emirates
103,15,84 NA NA NA
103,16,United
103,17,Kingdom of
103,18,Great Britain
103,19,and Northern
103,20,Ireland
103,21,88 7.5 2021 PPP2017$1.15+50%med_net
103,22,United
103,23,Republic of
103,24,Tanzania
103,25,49 37.5 2020 PPP2017$1.15+50%med_net
103,26,United States
103,27,of America
103,28,88 6.8 2023 PPP2017$1.15+50%med_net
103,29,Uruguay* 85 13.4 2016 PPP2017$1.15+50%med_net
103,30,Uzbekistan 79 22.7 2003 PPP2017$2.15
103,31,Vanuatu 52 13.3 2019 PPP2017$1.15+50%med_net
103,32,Venezuela
103,33,(Bolivarian
103,34,Republic of)
103,35,75 NA NA NA
103,36,Viet Nam 71 23.6 2020 PPP2017$1.15+50%med_net
103,37,Wallis and
103,38,Futuna*
103,39,NA 0.1 2005 PPP2017$1.15+50%med_net
103,40,Yemen 43 30.1 2014 PPP2017$1.15+50%med_net
103,41,Zambia 62 14.1 2015 PPP2017$2.15
103,42,Zimbabwe 59 13.4 2017 PPP2017$1.15+50%med_net
103,43,Kosovob NA 13.9 2016 PPP2017$1.15+50%med_net
103,44,"Notes: For SDG UHC indicator 3.8.2 only: *Produced by the country, territory or area. **Produced in collaboration with"
103,45,"the country, territory or area. a SPL=max (2.15, 1.15+50% med net). b All references to Kosovo should be understood"
103,46,"to be in the context of the United Nations Security Council resolution 1244 (1999). SPL, societal poverty line; PPP ,"
103,47,purchasing power parity.
103,48,"Source: SDG indicator 3.8.1 (2025 definition), WHO global service coverage database (15); SDG indicator 3.8.2 (2025"
103,49,"definition), global database on financial protection assembled by WHO and the World Bank, 2025 update (7)."
104,1,82
104,2,Annex references
104,3,"1. Gupta PD. Standardization and decomposition of rates: A user’s manual (No. 186). Washington,"
104,4,"DC: US Department of Commerce, Economics and Statistics Administration, Bureau of the"
104,5,Census; 1993 (https://searchworks.stanford.edu/view/2846345).
104,6,"2. Andreev EM, Shkolnikov VM, Begun AZ. Algorithm for decomposition of differences between"
104,7,"aggregate demographic measures and its application to life expectancies, healthy life"
104,8,"expectancies, parity-progression ratios and total fertility rates. Demogr. Res. 2002;7:499–522"
104,9,(https://doi.org/10.4054/DemRes.2002.7.14).
104,10,"3. Horiuchi S, Wilmoth JR, Pletcher SD. A decomposition method based on a model of continuous"
104,11,change. Demography 2008;45:785–801 (https://doi.org/10.1353/dem.0.0033).
104,12,4. Riffe T. DemoDecomp: Decompose Demographic Functions (1.0.1) [Computer software]. Vienna:
104,13,R Foundation; 2018 (https://cran.r-project.org/web/packages/DemoDecomp/index.html).
104,14,5. Tracking universal health coverage: 2017 global monitoring report. Geneva: World Health
104,15,Organization and the International Bank for Reconstruction and Development/the World Bank;
104,16,2017 (https://iris.who.int/handle/10665/259817).
104,17,"6. Thirteenth general programme of work (GPW13): methods for impact measurement, version"
104,18,2.1. Geneva: World Health Organization; 2020 (https://iris.who.int/handle/10665/341371).
104,19,"7. Global database on financial protection assembled by WHO and the World Bank, 2025 update"
104,20,[website]. Global Health Observatory. Geneva: World Health Organization; 2025 (https://www.
104,21,who.int/data/gho/data/themes/topics/financial-protection).
104,22,"8. World Bank. Poverty and Inequality Platform [website]. Washington, DC: World Bank; 2025"
104,23,(https://pip.worldbank.org/home).
104,24,"9. World Bank. World Development Indicators [website]. Washington, DC: World Bank; 2025"
104,25,(https://datatopics.worldbank.org/world-development-indicators/).
104,26,"10. International Monetary Fund. World Economic Outlook Database, October 2024 Edition [online"
104,27,"database]. Washington, DC: International Monetary Fund; 2024 ( https://www.imf.org/en/"
104,28,Publications/WEO/weo-database/2024/October).
104,29,11. WHO RefMart reference database [website]. Geneva: World Health Organization; 2025 (https://
104,30,smart.who.int/trust/CodeSystem-RefMartCountryList.html).
104,31,"12. United Nations Department of Economic and Social Affairs, Population Division. World Population"
104,32,Prospects 2024 [website]. New York: United Nations; 2024 (https://population.un.org/wpp/).
104,33,13. World Urbanisation Prospects [website]. New York: United Nations Department of Economic
104,34,"and Social Affairs, Population Division; 2018 (https://population.un.org/wup/)."
104,35,14. Global Health Expenditure Database [website]. Geneva: World Health Organization; 2025
104,36,(https://apps.who.int/nha/database).
104,37,15. WHO global service coverage database [website]. Global Health Observatory. Geneva:
104,38,World Health Organization; 2025 (https://www.who.int/data/gho/data/themes/topics/
104,39,service-coverage).
104,40,(All references were accessed on 28 October 2025).
